filename,fen,side_to_move,source_pdf,source_page,source_diagram,detection_source,created_at,corrected_by,illegal_ok
board_20260225_220736_268077.png,r3qr1k/pp3pbp/2pn4/7Q/3pP3/2NB3P/PPP3P1/R4RK1 w - - 0 1,w,,,,,,,
board_20260225_220830_563858.png,r2qk3/pp1n1pp1/2pbp3/3p3n/2P3bP/1PNP4/PB2PPBP/R3QRK1 w q - 0 1,w,,,,,,,
board_20260225_220928_580562.png,8/8/8/8/5pk1/r4p2/p4K1P/R7 w - - 0 1,w,,,,,,,
board_20260225_221547_414412.png,3k4/3P4/8/7K/P6p/5p1P/1p1R4/1r6 w - - 0 1,w,,,,,,,
board_20260225_221648_814164.png,8/p2k1ppp/3p4/1Pp5/P3K3/5P2/6PP/8 w - - 0 1,w,,,,,,,
board_20260225_221807_137303.png,8/8/6kp/1p6/5P2/1P6/P6K/8 w - - 0 1,w,,,,,,,
board_20260225_221829_963761.png,8/8/6kp/1p6/5P2/1P6/P6K/8 w - - 0 1,w,,,,,,,
board_20260225_222027_411963.png,8/8/6kp/1p6/5P2/1P6/P6K/8 w - - 0 1,w,,,,,,,
board_20260225_222321_653530.png,8/1r3pk1/4p1p1/2RpP2p/2qP3P/Pp4P1/1Q3P1K/8 w - - 0 1,w,,,,,,,
board_20260225_222418_197258.png,8/8/1p2k3/p6p/P1P4P/1P1K4/8/8,,,,,,,,
board_20260225_222518_326688.png,8/8/1pk5/7p/PKP4P/8/8/8,,,,,,,,
board_20260225_222638_026751.png,8/8/1pk5/7p/PKP4P/8/8/8,,,,,,,,
board_20260225_222638_059609.png,8/2K1n3/1p5B/pPp5/2P5/1k6/8/8 w - - 0 1,w,,,,,,,
board_20260225_222734_705194.png,3k4/4b1N1/p7/1p6/8/8/2K5/8 w - - 0 1,w,,,,,,,
board_20260225_222821_416952.png,8/7p/7K/3k4/8/3b2P1/7P/8 w - - 0 1,w,,,,,,,
board_20260225_223051_185127.png,8/3BK2p/5Rp1/8/5r1k/7P/8/8,,,,,,,,
board_20260225_223145_881339.png,8/5B2/5n2/4k1P1/7P/5K2/8/8,,,,,,,,
board_20260225_223255_265154.png,8/5p2/4p3/4P1k1/K5P1/8/5N2/8,,,,,,,,
board_20260225_223450_052819.png,8/1p3p2/p7/8/1PP2k2/4p3/P3K2P/8,,,,,,,,
board_20260225_223611_105100.png,8/8/6p1/1pk2p1p/2n2P2/P5P1/6KP/5B2 w - - 0 1,w,,,,,,,
board_20260225_223931_630268.png,8/8/6p1/3p1k1p/p1pP1P1b/2P2K1P/1P6/2B5 w - - 0 1,w,,,,,,,
board_20260225_224022_820353.png,8/6p1/8/p2kbp1p/Pp6/1P2P2P/4K1P1/2B5 w - - 0 1,w,,,,,,,
board_20260225_224242_545980.png,8/7p/8/6p1/3Kp1B1/7P/5kP1/8,,,,,,,,
board_20260225_224448_437214.png,8/8/8/p1b2p1p/Pp2k1pP/1P2P1P1/4K3/6B1,,,,,,,,
board_20260225_224448_472224.png,8/7p/8/6p1/3Kp1B1/7P/5kP1/8,,,,,,,,
board_20260225_224521_351432.png,8/8/8/p1K4B/p3p3/8/1P3k2/8,,,,,,,,
board_20260225_224634_518407.png,8/8/8/1B6/p7/4p3/1P1k4/1K6 w - - 0 1,w,,,,,,,
board_20260225_224802_150986.png,8/1p1k4/pBP5/PP3pK1/7p/7P/8/4b3 b - - 0 1,b,,,,,,,
board_20260225_225413_044123.png,2kr4/pb3p1p/1p1p4/2P5/2P1q1r1/2Q2r2/P4BPP/2R4K w - - 0 1,w,,,,,,,
board_20260225_225719_489767.png,2kr2r1/pb3p1p/1p1p2q1/2P1n3/2P1P3/2Q1BP2/P3B2P/2R3RK w - - 0 1,w,,,,,,,
board_20260225_230035_698176.png,4r1k1/ppr1qpp1/3bp1p1/8/3PR1Q1/1B3RP1/PP3PKP/8,,,,,,,,
board_20260225_230123_415627.png,4r1k1/pp1Qbqp1/8/6p1/2rP4/1B2R1P1/PP3PKP/8,,,,,,,,
board_20260225_230319_962595.png,6k1/1b3p1p/1p2p1p1/pP2Pnq1/P1P5/2B5/r4PPP/R3NQK1,,,,,,,,
board_20260225_230356_568872.png,6k1/1b3p1p/1p2p1p1/pP2P1q1/P1P5/2BQn3/r4PPP/R3N1K1,,,,,,,,
board_20260225_230416_769697.png,2r3k1/pp2ppbp/3p1np1/3P4/4P3/4BP2/PP1K2PP/5B1R,,,,,,,,
board_20260225_230456_969339.png,2B3k1/2n1pp1p/pB1p2p1/1p1P4/4P3/1P3PP1/Pb1K3P/8,,,,,,,,
board_20260225_230606_047175.png,r2q1rk1/1b1n1pbn/p2p2p1/1p1Pp2p/PPp1P3/2P1BNNP/2BQ1PP1/R3R1K1,,,,,,,,
board_20260225_230729_446043.png,r2q1rk1/1b1n1pbn/p2p2p1/1p1Pp2p/PPp1P3/2P1BNNP/2BQ1PP1/R3R1K1,,,,,,,,
board_20260225_230922_175182.png,r1r1q3/1b2bpkn/p2p1np1/1p1Pp2p/PPp1P3/R1P1BN1P/R1B2PP1/QN4K1,,,,,,,,
board_20260225_231551_081929.png,8/8/4Bk2/pPp2P2/6Kp/6bP/2P5/8,,,,,,,,
board_20260225_231607_471596.png,8/p7/1p1b4/1B6/P1Pk4/6p1/6K1/8,,,,,,,,
board_20260225_231621_868171.png,8/1B6/pp1b4/8/PkP5/6p1/6K1/8,,,,,,,,
board_20260225_233115_437797.png,8/8/3k4/6P1/1p2BPK1/2b5/8/8,,,,,,,,
board_20260225_233539_349892.png,8/1p1k1Bp1/2p2b1p/p6P/P4P2/1P2P1P1/4K3/8,,,,,,,,
board_20260225_233616_677174.png,8/4k1p1/8/p1p1PKpP/P1B2P2/8/3b4/8,,,,,,,,
board_20260225_233630_526747.png,8/p7/5k2/pPp1p3/2P3Kb/8/8/3B4,,,,,,,,
board_20260225_233707_327257.png,8/p7/8/pPp1p3/2P1K3/1B6/3k4/b7,,,,,,,,
board_20260225_234611_790130.png,8/8/1p6/p1p1pk2/B1P5/5K2/3b4/8,,,,,,,,
board_20260225_234821_733637.png,8/8/1p6/pBp1p3/2Pb4/8/4K3/6k1,,,,,,,,
board_20260225_234841_859226.png,8/8/2p3k1/1p1p1p2/1B1PbK2/8/8/8,,,,,,,,
board_20260225_235150_767958.png,8/8/3p1k2/b1pP3B/P1P1KP2/8/8/8,,,,,,,,
board_20260225_235304_010323.png,8/6k1/3p4/2pPp2p/PbP1B3/6P1/5PK1/8,,,,,,,,
board_20260225_235332_872144.png,8/1p3k1p/p1bPp3/P3B1K1/8/5P2/1P4P1/8,,,,,,,,
board_20260225_235400_696286.png,6k1/1p4Bp/p1bPp2K/P5P1/5P2/8/1P6/8,,,,,,,,
board_20260225_235447_497205.png,8/P7/4k1p1/2B4p/5K2/6P1/1P4bP/8,,,,,,,,
board_20260225_235529_035316.png,b7/P7/6p1/1P3k2/3K3P/8/5B2/8,,,,,,,,
board_20260225_235644_857020.png,1K6/8/2k1b1pB/1p2Pp1p/3P3P/2P3P1/8/8,,,,,,,,
board_20260225_235745_241498.png,8/4K3/2k3p1/1p2Pp1p/2b2B1P/2P3P1/8/8,,,,,,,,
board_20260225_235832_470426.png,8/pbR1r1kp/6p1/1p6/4PB2/P2P4/6PP/6K1,,,,,,,,
board_20260225_235902_595675.png,2B5/8/3kp3/1P3pp1/3b4/7P/6K1/8,,,,,,,,
board_20260225_235936_330292.png,2B5/8/1b3k2/3K1pp1/4p3/7P/8/8,,,,,,,,
board_20260226_000014_731746.png,8/8/4kpp1/3p1b2/p6P/2B5/6P1/6K1,,,,,,,,
board_20260226_000034_046431.png,8/p7/5k2/pPp1p3/2P3KP/8/8/3Bb3,,,,,,,,
board_20260226_000046_337935.png,8/5kp1/7p/1bP5/1P1B2P1/7P/8/6K1,,,,,,,,
board_20260226_000103_366749.png,8/6p1/7p/1bP5/1P4PP/3k4/3B1K2/8,,,,,,,,
board_20260226_000132_875847.png,8/3b2p1/7p/2P5/1P4PP/3k1K2/3B4/8,,,,,,,,
board_20260226_000306_176866.png,8/1b6/1p2k3/p1p3K1/P1P5/1P6/5B2/8,,,,,,,,
board_20260226_000341_309113.png,5b2/1p3k1p/p5p1/P2pP3/2p3B1/2P5/1P4PP/7K,,,,,,,,
board_20260226_000424_770910.png,5b2/1p3k1p/p5p1/P2pP3/2p3B1/2P5/1P4PP/7K,,,,,,,,
board_20260226_000516_685439.png,8/5k1p/B5p1/3pP3/2p5/2P3P1/1P5P/2b4K,,,,,,,,
board_20260226_000601_605879.png,8/5k1p/B5p1/3pP3/2p5/2P3P1/1P5P/2b4K,,,,,,,,
board_20260226_000648_217807.png,8/8/4k3/3nP3/3PK3/8/3B4/8,,,,,,,,
board_20260226_000648_253840.png,8/1p6/p7/8/3nB1k1/P7/5PPK/8,,,,,,,,
board_20260226_000711_162750.png,8/8/8/6k1/4BnP1/5P2/1K6/8,,,,,,,,
board_20260226_000711_194781.png,8/4n3/6k1/2K4p/3B3P/5PP1/8/8,,,,,,,,
board_20260226_000721_636180.png,8/8/6k1/3K1nP1/7P/8/5B2/8,,,,,,,,
board_20260226_001008_653222.png,6k1/1b6/pp3p2/1p5p/4p3/P1P1N2P/1P3PP1/6K1,,,,,,,,
board_20260226_001029_320001.png,8/3b4/1p4k1/pp2Kp1p/3Np2P/P1P5/1P3PP1/8,,,,,,,,
board_20260226_001112_730685.png,8/1p3p2/3b4/3k4/3p4/1P1N1P2/3K4/8,,,,,,,,
board_20260226_001112_763732.png,6k1/1pb4p/6p1/p2p4/8/3N3P/PP3PK1/8,,,,,,,,
board_20260226_001150_862242.png,8/8/1p6/p7/3p2k1/1P1Nb3/P3K3/8,,,,,,,,
board_20260226_001150_898564.png,8/8/1p6/p2k2p1/3p3p/1P1N1PbP/P7/5K2,,,,,,,,
board_20260226_001208_641973.png,8/8/1p6/p2k4/3p3p/1P1N1PbK/P7/8,,,,,,,,
board_20260226_001342_476844.png,8/2p3p1/3bk2p/p1pp4/2P5/1P1N1P1P/P7/4K3,,,,,,,,
board_20260226_001342_512875.png,6k1/5ppp/p2bp3/8/8/4P1P1/1P3PKP/2N5,,,,,,,,
board_20260226_001402_918685.png,8/4k2p/p2bp1p1/5p2/4P3/1P1N1PP1/6KP/8,,,,,,,,
board_20260226_001457_084930.png,4r3/pp5p/6k1/2P1Rppn/5p2/2B2P2/PPK3PP/8,,,,,,,,
board_20260226_002006_986685.png,4n3/pp5p/6k1/2P1Bpp1/5p2/5P2/PPK3PP/8,,,,,,,,
board_20260226_002027_871541.png,6k1/5p2/p7/5P1p/P7/3N2b1/8/7K,,,,,,,,
board_20260226_002027_906237.png,8/5pk1/p2b4/5P1p/P3N3/8/8/7K,,,,,,,,
board_20260226_003238_523654.png,1q3rbk/Q5pp/8/3P4/1r3n2/R3N3/2B2PPP/5RK1,,,,,,,,
board_20260226_003238_547011.png,6k1/p4p1p/3p1p2/2p1r3/2PnrqN1/P6P/1P1Q1PP1/3R1RK1,,,,,,,,
board_20260226_003238_579137.png,6k1/5pp1/8/5P2/R6p/1P3N1P/3rnrPK/6R1,,,,,,,,
board_20260226_003351_412608.png,6k1/5pp1/8/5P2/R6p/1P3n1P/3r4/6QK,,,,,,,,
board_20260226_003351_475064.png,r4rk1/1pb2ppp/p2qbnn1/3pp3/1P6/1BP2N1P/PBN2PP1/R2Q1RK1,,,,,,,,
board_20260226_003524_841234.png,rb2r1k1/1p1b1ppp/p1nq4/3p4/3Nn3/1QB1PN2/PP2BPPP/2R2RK1,,,,,,,,
board_20260226_003524_874491.png,5rk1/pp1nqrp1/2p3p1/4p3/4P1P1/1BP2P2/PP2Q3/3RK2R,,,,,,,,
board_20260226_004644_367083.png,2k1rb1r/ppp3pp/2np1q2/5b2/2B2P2/2P1BQ2/PP1N1P1P/2KR3R,,,,,,,,
board_20260226_004644_401092.png,2kr1bnr/pp1nqppp/2p1b3/8/4PB2/2N2NP1/PPB1Q2P/2KR1B1R,,,,,,,,
board_20260226_005241_108684.png,3r1rk1/pp3ppp/3pn3/1qpN4/5PP1/P5PQ/1PP5/1K1R4,,,,,,,,
board_20260226_005241_141702.png,5r2/p3Qnkp/1p3Np1/2p3P1/3q4/5P2/PP3R1r/4R1K1,,,,,,,,
board_20260226_005241_168729.png,6R1/2p1qr1k/1p1p1r1p/p3p3/2P1P3/2P3Q1/PP3P2/2K3R1,,,,,,,,
board_20260226_005241_196713.png,r1b2r1k/ppb2ppB/3q4/8/2PN1n1Q/PP6/1B3PPP/R4RK1,,,,,,,,
board_20260226_005241_225791.png,2kr2nr/pp1n1ppp/2p1p3/8/1P1P1B2/2N2Q1P/1PPKBPP1/7q,,,,,,,,
board_20260226_005241_254728.png,5r1k/6p1/p2p1rRp/2pPpq1Q/8/PPp1P3/5P1R/K7,,,,,,,,
board_20260226_005942_193001.png,r1n3k1/pp2q2p/2ppr1pQ/4p3/8/2N4R/PPP3PP/5RK1,,,,,,,,
board_20260226_005942_225657.png,k1r5/1p4pq/p7/5n2/3nQ3/P7/RPP2PPP/2B2RK1,,,,,,,,
board_20260226_005942_256664.png,4rr1k/p4pb1/5R1p/1p2q3/3p4/3P2R1/PP1Q2BP/7K,,,,,,,,
board_20260226_005942_284670.png,5r1k/1p1br2p/pqnbpp2/3p4/3P4/P1NQ1N2/1PB2PPP/R3R1K1,,,,,,,,
board_20260226_005942_313676.png,r4r1k/ppn4p/2p2N2/4P3/2pP1N2/5K2/PPP5/6R1,,,,,,,,
board_20260226_005942_341683.png,2kr1r2/pp1n3p/2p1bp2/8/5B2/8/PP2BP1P/2R1K1R1,,,,,,,,
board_20260226_011740_524973.png,r2qkbnr/ppp2ppp/2np4/4p2b/2B1P3/2N2N1P/PPPP1PP1/R1BQK2R w KQkq - 0 1,w,,,,,,,
board_20260226_011908_080824.png,r2qkb1r/ppp1pppp/1n6/3Pn3/4P1b1/2N2N2/PP3PPP/R1BQKB1R w KQkq - 0 1,w,,,,,,,
board_20260226_012405_318706.png,q1r1k2r/1b3pp1/p3pn2/P1b5/1pN1P2p/3B1P2/1P2Q1PP/R1B2R1K,,,,,,,,
board_20260226_012453_345179.png,q1r1k2r/1b3pp1/p3p3/P1b4n/1pN1P2p/3BBP2/1P2Q1PP/R4R1K,,,,,,,,
board_20260226_012555_249193.png,q1r4r/1b2kpp1/p3p3/P1b5/1pN1P3/3BBPp1/1P4P1/R3QRK1,,,,,,,,
board_20260226_012629_314539.png,2r2k1r/pB3pp1/4p3/Q1p1P3/3P2p1/2P1q3/PP3RP1/R5K1,,,,,,,,
board_20260226_012702_371897.png,r1b2rk1/pppp1ppp/8/2b1P3/2B3nq/5N2/PP3PPP/RNBQR1K1,,,,,,,,
board_20260226_012739_504447.png,r1bqk2r/ppp2ppp/2n5/3p4/2BPn3/2P2N2/P4PPP/R1BQR1K1,,,,,,,,
board_20260226_012801_681355.png,r1bq1rk1/ppp2ppp/2n5/6NQ/2BPp3/2P5/P4PPP/R1B3K1,,,,,,,,
board_20260226_012824_393598.png,r1b2r1k/pp3p1p/4pPp1/3q4/3N1Q2/8/P4PPP/2R3KR,,,,,,,,
board_20260226_012912_720265.png,6rk/1b3pnp/ppqp1BpQ/n4P2/P1p1r3/3P1R2/BPP3PP/R6K,,,,,,,,
board_20260226_012952_672138.png,2r2rk1/1b1qbp1n/p3p1p1/1p1p2Np/7Q/1P1BP3/PBP2PPP/3R1RK1,,,,,,,,
board_20260226_013013_060750.png,3b1rk1/p1q2p1p/bp2pnp1/4NnN1/2P5/7Q/PB3PPP/1BR3K1,,,,,,,,
board_20260226_013036_203687.png,r4rk1/p1pn1p1p/1p3p1B/8/3P4/4P3/PP3PqP/R2QK2R,,,,,,,,
board_20260226_013101_576304.png,r4rk1/2p1qpp1/p1p5/2Ppn2b/2PQ1N1p/4P3/PB3PPP/R4RK1,,,,,,,,
board_20260226_013131_542970.png,r1b2rk1/p1p2p1p/2p1pB2/8/3P4/P7/1PP2PqP/R2QK2R,,,,,,,,
board_20260226_013150_955570.png,r4r1k/5p1p/p2p1Pp1/2p3Q1/q1P1P3/7P/1P4P1/1R3R1K,,,,,,,,
board_20260226_013213_125677.png,rn3r1k/ppp3pp/8/4bP1Q/2BqN3/8/PP3p1P/2R2K1R,,,,,,,,
board_20260226_013244_482964.png,1rb1nrk1/5p1p/p1q1p1p1/1pbp2N1/2P2P2/PP1BP3/1B4PP/1B1QK2R,,,,,,,,
board_20260226_013318_653565.png,1q1r1r2/1bb2pk1/pN1pp3/4n1p1/1PPQP3/1N2BPp1/P5P1/2RR1B1K,,,,,,,,
board_20260226_013339_795132.png,r1bq1rk1/pp1pb1p1/2n1p3/4P1P1/3P4/2P5/P4PP1/R1BQK2R,,,,,,,,
board_20260226_013403_416235.png,r1bqk2r/ppp1nppp/2np4/2b1p3/2B1P3/2NP1N2/PPP2PPP/R1BQK2R,,,,,,,,
board_20260226_013422_135974.png,r2qkb1r/pp2nppp/3p4/2pNp1B1/2BnP1b1/3P1N2/PPP2PPP/R2QK2R,,,,,,,,
board_20260226_013446_126960.png,6k1/1b5p/pp1pPqp1/2p1r3/8/8/PPQ2PPP/3R1RK1,,,,,,,,
board_20260226_013506_321917.png,r1bq2rk/5p1p/2np1PpQ/pnp1p3/1p2P2N/2PP2P1/PP4BP/R2N1RK1,,,,,,,,
board_20260226_013527_762996.png,r1bq1rk1/ppn3bp/2p1p1p1/3pN1Nn/P2P1P1P/3B4/1PP3P1/R1BQK2R,,,,,,,,
board_20260226_013618_773780.png,r1bn1rk1/ppp1q1pp/1b1p1n2/3Pp1B1/4N2N/2P4P/PP2BPP1/R2QK2R,,,,,,,,
board_20260226_013658_710202.png,r1bqk1nr/pppp1ppp/2n5/2b3N1/2BpP3/8/PPP2PPP/RNBQK2R,,,,,,,,
board_20260226_013723_180837.png,r1bq2nr/pppp1k1p/6p1/2Q5/3pP3/8/PPP2PPP/RNB1K2R,,,,,,,,
board_20260226_013740_540133.png,r1bq3r/pppp1k1p/2n3p1/2Q5/3pP3/8/PPP2PPP/RNB1K2R,,,,,,,,
board_20260226_013805_718158.png,r1bqr3/ppp2k1p/2np2p1/8/3pP3/1Q6/PPP2PPP/RNB1K2R b - - 0 1,b,,,,,,,
board_20260226_013825_708994.png,r1bqr3/ppp2k1p/6p1/n2p4/3pP3/1Q3P2/PPP3PP/RNB1K2R,,,,,,,,
board_20260226_013846_992869.png,r1b5/pp2qk1p/2p3p1/n7/3p4/4r1P1/PPPN1K1P/R1B2Q1R,,,,,,,,
board_20260226_013910_442662.png,rn1qkbnr/ppp1pppp/8/3p3b/5PP1/1P5P/P1PPP3/RNBQKBNR,,,,,,,,
board_20260226_013937_777947.png,rn1qk1nr/ppp2pp1/3b4/1Q1p2p1/4pPP1/1P2P2P/P1PP4/RNB1KB1R b - - 0 1,b,,,,,,,
board_20260226_014326_152096.png,4rk1r/ppp2pp1/3b1n2/4n3/6Pq/1P2p2P/PBPPB1Q1/RN1K3R,,,,,,,,
board_20260226_014420_589626.png,rnbqk1nr/ppp2ppp/3b4/8/8/2N5/PPPPP1PP/R1BQKBNR,,,,,,,,
board_20260226_014442_641088.png,r3k1nr/pppq1ppp/1b2b3/n7/3P4/B1NB1N2/P4PPP/R2Q1RK1,,,,,,,,
board_20260226_014505_443466.png,r1bqk2r/pppp1ppp/1bn2n2/8/2BPP3/5N2/PP3PPP/RNBQK2R,,,,,,,,
board_20260226_014527_336304.png,rnb1k2r/ppp2p1p/3p4/8/3PqB2/8/PPP2KP1/R2Q1B1R,,,,,,,,
board_20260226_014551_545370.png,r2qk2r/pp1nbppp/5n2/1BpPp1B1/4P3/2N2Q2/PPP3PP/R3K2R,,,,,,,,
board_20260226_014618_391488.png,r2qkb1r/5p1p/p1np4/1p1Npb2/8/N4Q2/PPP2PPP/R3KB1R,,,,,,,,
board_20260226_014638_984971.png,r5k1/1b2qpbp/3p4/1B2p3/1N6/2P2P2/1P4PP/3QK2R,,,,,,,,
board_20260226_014711_499916.png,r1b1qrk1/p2n2pp/1ppbpn2/3p1p2/2PP4/3N1NP1/PPQ1PPBP/R1B2RK1,,,,,,,,
board_20260226_014736_482835.png,r2qk2r/2nbpp1p/p2p1bp1/2pP4/P1p5/2N5/1PP1BPPP/R1BQ1RK1,,,,,,,,
board_20260226_014755_992713.png,r1b1k2r/pp2qppp/2np1n2/2pPp3/2P5/P1PBPN2/2Q2PPP/R1B1K2R,,,,,,,,
board_20260226_014816_358343.png,rn2kb1r/p3qppp/2p2n2/1p2p1B1/2B1P3/1QN5/PPP2PPP/R3K2R,,,,,,,,
board_20260226_014834_988123.png,rnb2k1r/pppp1ppp/5n2/8/5N1q/2P2B2/PPP1QP1P/R1B1K2R,,,,,,,,
board_20260226_014957_853527.png,6k1/8/p7/r1r2Pp1/3R2Pp/1p6/1P4P1/3R2K1 w - - 0 1,w,,,,,,,
board_20260226_015046_150518.png,r2r2k1/pb6/1p2pQ2/n1qP4/2P5/8/P4PPP/3RR1K1 w - - 0 1,w,,,,,,,
board_20260226_015340_354385.png,r2r2k1/pb6/1p2pQ2/n1qP4/2P5/8/P4PPP/3RR1K1 w - - 0 1,w,,,,,,,
board_20260226_015404_035670.png,1q3rbk/Q5pp/8/3P4/1r3n2/R3N3/2B2PPP/5RK1,,,,,,,,
board_20260226_015431_425372.png,6k1/p4p1p/3p1p2/2p1r3/2PnrqN1/P6P/1P1Q1PP1/3R1RK1,,,,,,,,
board_20260226_015450_468360.png,6k1/5pp1/8/5P2/R6p/1P3N1P/3rnrPK/6R1,,,,,,,,
board_20260226_015552_417871.png,6k1/5pp1/8/5P2/R6p/1P3n1P/3r4/6QK,,,,,,,,
board_20260226_015610_484338.png,r2q2rk/ppp4p/3p4/2b2Q2/3pPPR1/2P2n2/PP3P1P/RNB4K,,,,,,,,
board_20260226_015630_632355.png,r4rk1/1pb2ppp/p2qbnn1/3pp3/1P6/1BP2N1P/PBN2PP1/R2Q1RK1,,,,,,,,
board_20260226_015657_052780.png,rb2r1k1/1p1b1ppp/p1nq4/3p4/3Nn3/1QB1PN2/PP2BPPP/2R2RK1,,,,,,,,
board_20260226_015748_692900.png,5rk1/pp1nqrp1/2p3p1/4p3/4P1P1/1BP2P2/PP2Q3/3RK2R,,,,,,,,
board_20260226_015809_894312.png,5rk1/qp1r2pp/1bpp1p1B/p1nPpP1Q/P1P1P3/2N4P/1P3P1K/1R4R1,,,,,,,,
board_20260226_015829_953596.png,2k1rb1r/ppp3pp/2np1q2/5b2/2B2P2/2P1BQ2/PP1N1P1P/2KR3R,,,,,,,,
board_20260226_015847_424304.png,2kr1bnr/pp1nqppp/2p1b3/8/4PB2/2N2NP1/PPP1Q2P/2KR1B1R,,,,,,,,
board_20260226_015918_046738.png,3r1rk1/pp3ppp/3pn3/1qpN4/5PP1/P5PQ/1PP5/1K1R4,,,,,,,,
board_20260226_015932_015293.png,5r2/p3Qnkp/1p3Np1/2p3P1/3q4/5P2/PP3R1r/4R1K1,,,,,,,,
board_20260226_020031_919605.png,6R1/2p1qr1k/1p1p1r1p/p3p3/2P1P3/2P3Q1/PP3P2/2K3R1,,,,,,,,
board_20260226_020052_060432.png,r1b2r1k/ppb2ppB/3q4/8/2PN1n1Q/PP6/1B3PPP/R4RK1,,,,,,,,
board_20260226_020110_683196.png,2kr2nr/pp1n1ppp/2p1p3/8/1P1P1B2/2N2Q1P/1PPKBPP1/7q,,,,,,,,
board_20260226_020137_275260.png,5r1k/6p1/p2p1rRp/2pPpq1Q/8/PPp1P3/5P1R/K7,,,,,,,,
board_20260226_020205_491449.png,r1n3k1/pp2q2p/2ppr1pQ/4p3/8/2N4R/PPP3PP/5RK1,,,,,,,,
board_20260226_020242_938025.png,r1n3k1/pp2q2p/2ppr1pQ/4p3/8/2N4R/PPP3PP/5RK1,,,,,,,,
board_20260226_020256_216247.png,k1r5/1p4pq/p7/5n2/3nQ3/P7/RPP2PPP/2B2RK1,,,,,,,,
board_20260226_020313_748114.png,4rr1k/p4pb1/5R1p/1p2q3/3p4/3P2R1/PP1Q2BP/7K,,,,,,,,
board_20260226_020330_693446.png,5r1k/1p1br2p/pqnbpp2/3p4/3P4/P1NQ1N2/1PB2PPP/R3R1K1,,,,,,,,
board_20260226_020429_117354.png,5r1k/1p1br2p/pqnbpp2/3p4/3P4/P1NQ1N2/1PB2PPP/R3R1K1,,,,,,,,
board_20260226_020445_703006.png,r4r1k/ppn4p/2p2N2/4P3/2pP1N2/5K2/PPP5/6R1,,,,,,,,
board_20260226_020505_302843.png,2kr1r2/pp1n3p/2p1bp2/8/5B2/8/PP2BP1P/2R1K1R1,,,,,,,,
board_20260226_020809_316415.png,8/3k4/8/3K4/3P4/8/8/8,,,,,,,,
board_20260226_020903_258636.png,8/8/8/6p1/7k/8/6K1/8,,,,,,,,
board_20260226_020917_468222.png,8/8/3k4/8/3K4/8/3P4/8,,,,,,,,
board_20260226_021106_180701.png,8/8/8/8/8/7p/7k/5K2,,,,,,,,
board_20260226_021119_916113.png,8/7K/5k2/7P/8/8/8/8,,,,,,,,
board_20260226_021152_898625.png,8/8/8/8/1k6/7K/7P/8,,,,,,,,
board_20260226_021227_061034.png,8/2k5/3p4/1K1P4/8/8/8/8,,,,,,,,
board_20260226_021552_947916.png,8/2k5/3p4/1K1P4/8/8/8/8,,,,,,,,
board_20260226_021604_232285.png,8/8/8/3p4/3P1k2/1K6/8/8,,,,,,,,
board_20260226_021622_992089.png,8/8/8/8/1P6/6k1/8/6K1,,,,,,,,
board_20260226_021635_696290.png,8/5p2/4p3/8/3P4/5k2/P7/5K2,,,,,,,,
board_20260226_021650_356355.png,8/8/8/1p6/8/1Pk5/8/1K6,,,,,,,,
board_20260226_021700_822106.png,8/7p/4K2P/8/5k2/8/8/8,,,,,,,,
board_20260226_021712_685030.png,8/8/8/3kp3/8/8/8/3K4,,,,,,,,
board_20260226_021723_541263.png,8/8/8/1k6/8/K7/6P1/8,,,,,,,,
board_20260226_021738_382620.png,5k2/8/8/8/1P6/8/8/3K4,,,,,,,,
board_20260226_021749_959351.png,k7/8/1p6/8/1P6/5K2/8/8,,,,,,,,
board_20260226_021805_778003.png,8/7p/8/4kpPP/8/8/8/5K2,,,,,,,,
board_20260226_021822_957192.png,8/7k/5Pp1/8/5K2/8/8/8,,,,,,,,
board_20260226_021836_565005.png,8/8/3p4/k7/P1P5/p7/2K5/8,,,,,,,,
board_20260226_021848_097747.png,1k6/1p1K4/1P6/2P5/8/8/8/8,,,,,,,,
board_20260226_021856_962062.png,8/8/3p4/2k5/4P3/8/8/1K6,,,,,,,,
board_20260226_021907_042734.png,8/8/8/7p/2K5/8/6kP/8,,,,,,,,
board_20260226_022048_666660.png,rn1qkbnr/ppp2ppp/8/8/4Np2/5b2/PPPPQ1PP/R1B1KB1R w KQkq - 0 1,w,,,,,,,
board_20260226_022205_441702.png,r1b1q1kr/ppNnb1pp/5n2/8/3P4/8/PPP2PPP/R1BQKB1R w KQ - 0 1,w,,,,,,,
board_20260226_022241_468281.png,r1b1k2r/ppp2ppp/2p5/8/3Qn1q1/8/PPPB2PP/2KR1B1R,,,,,,,,
board_20260226_022323_321660.png,r2q3k/pp3rp1/1np4p/3pBb2/3P4/4PP1P/PPQ4K/1B2R1R1,,,,,,,,
board_20260226_022350_200072.png,2r1b1k1/p1q1brp1/1p2p1QB/4p3/4N3/2PBR3/P4PPP/6K1,,,,,,,,
board_20260226_022522_093699.png,8/5k2/2R1bnpp/2q2p2/5P2/4PB2/3R1KPP/8,,,,,,,,
board_20260226_022538_438504.png,r4r1k/1bp4p/p3Pp1B/1pb2P1Q/7N/1P2p1PK/P6P/r7,,,,,,,,
board_20260226_022629_351400.png,r1b1kr1r/pp2nppp/2pQ4/6B1/2B1P3/2N5/PqP2PPP/R3K2R,,,,,,,,
board_20260226_022654_107694.png,2r4k/4Q1pp/3P4/8/3q4/1B6/P4nPP/5RK1,,,,,,,,
board_20260226_022709_835888.png,r5k1/pb1p2pp/1p2p3/1N1nn3/P2N4/5qP1/1P3P1P/R2Q1RK1,,,,,,,,
board_20260226_022730_029064.png,3r1n1k/3P3p/pp3q2/2pQp3/P1P3B1/3b2R1/1P5P/6K1,,,,,,,,
board_20260226_022745_592505.png,6r1/p4rkp/3RQ1n1/1pp1p1B1/2p1P3/2P3R1/P4qPK/8,,,,,,,,
board_20260226_022800_433102.png,r4rk1/8/p5n1/1p3b2/2q5/P1N1B1Q1/1PPR2PP/5RK1,,,,,,,,
board_20260226_022919_795569.png,rnb1k2r/pp2ppbp/2p5/3Q4/8/5N2/P1qB1PPP/3RKB1R,,,,,,,,
board_20260226_022936_665895.png,r4nkr/p3b2p/1pp1p1qB/5Q2/2BP4/2P3P1/P4P1P/4R1K1,,,,,,,,
board_20260226_022956_259067.png,r2r2k1/5p2/3p2p1/1N2p1q1/2P2n1p/4N1n1/5RPP/3RQBK1,,,,,,,,
board_20260226_181309_314729.png,r1b2r1k/pp3p1p/2n2NpB/q2pQ3/8/7P/PPP3P1/2K4R,,,,,,,,
board_20260226_181331_098323.png,3rk2r/pp3p1p/6n1/2Qnp3/8/P1Pq4/R3NPPP/2B1K2R,,,,,,,,
board_20260226_181417_842037.png,3r3k/6p1/3b4/2pb2qp/8/1P2Pr1P/PB1pQPP1/R2N1NK1,,,,,,,,
board_20260226_182450_474117.png,rnb1kb1r/pp3ppp/2p5/4q3/4n3/3Q4/PPPB1PPP/2KR1BNR,,,,,,,,
board_20260226_182518_009086.png,r2q1rk1/pb3pbp/np4pQ/3p4/1P1N4/P2BP3/1B3PPP/R3K2R,,,,,,,,
board_20260226_182539_017792.png,r1b1k2r/ppp3pp/1qp5/2b1Pp2/3Qn3/5N2/PPPBNPPP/3RK2R,,,,,,,,
board_20260226_182600_553087.png,3r3k/6p1/3b4/2pb2qp/8/1P2Pr1P/PB1pQPP1/R2N1NK1,,,,,,,,
board_20260226_182644_689076.png,6b1/5p2/2B2K2/7k/8/6P1/8/8,,,,,,,,
board_20260226_182722_698057.png,n1r1n1k1/1pr1q1pp/p3p3/P1NpNp2/3P1P2/1QR1P3/1P3P1P/2R2K2,,,,,,,,
board_20260226_182736_298075.png,8/pp6/2p2q2/6k1/3bQ2p/3B4/PP4PP/7K,,,,,,,,
board_20260226_182751_393060.png,4r1k1/4bpp1/1r2qn1p/p4N2/1pp1PQ2/1P3N1P/P4PP1/R3R1K1,,,,,,,,
board_20260226_182753_609187.png,n1r1n1k1/1pr1q1pp/p3p3/P1NpNp2/3P1P2/1QR1P3/1P3P1P/2R2K2,,,,,,,,
board_20260226_182753_640196.png,8/pp6/2p2q2/6k1/3bQ2p/3B4/PP4PP/7K,,,,,,,,
board_20260226_182753_669202.png,4r1k1/4bpp1/1r2qn1p/p4N2/1pp1PQ2/1P3N1P/P4PP1/R3R1K1,,,,,,,,
board_20260226_182819_273053.png,8/4r1k1/6r1/5Q1K/4p3/4P3/8/8,,,,,,,,
board_20260226_182833_618060.png,8/5pp1/4n1k1/5r1p/8/3Q4/5P1K/8,,,,,,,,
board_20260226_183049_081861.png,2bbr3/6kp/1p1q1pp1/r1p5/2BpPN2/3N4/2Q3PP/4RRK1,,,,,,,,
board_20260226_183114_617487.png,4rrk1/ppp2pq1/7p/2P3p1/8/P4PPB/2QB2KP/4R3,,,,,,,,
board_20260226_183239_112987.png,8/4bkp1/8/2r2p2/Kp4p1/1P1Q4/8/8,,,,,,,,
board_20260226_183239_144041.png,r2q1r2/p4pkp/1p2p1p1/2p3N1/2BP4/2N1P3/PP4PP/3R1RK1,,,,,,,,
board_20260226_183239_172038.png,2r5/p3qrk1/4pp1p/np1p2p1/2pP2NP/1PP2NP1/P4P2/R1BQ2K1,,,,,,,,
board_20260226_183239_201045.png,8/8/8/1Q6/5pkp/4pr2/8/6K1,,,,,,,,
board_20260226_183239_230052.png,7k/p1p2r1p/bpn1ppRQ/8/3P4/q1P1PP2/P1PK3P/R7,,,,,,,,
board_20260226_183239_258058.png,8/8/5Nb1/3p4/3k4/3P4/2PK4/8,,,,,,,,
board_20260226_183337_241735.png,7r/P1pq4/2p5/1k5p/5p2/3P1P2/Q5PK/8,,,,,,,,
board_20260226_183337_273742.png,6k1/2p3pp/p7/1p1q4/3N4/1P2K3/PB1N2PP/8,,,,,,,,
board_20260226_183337_304750.png,8/8/8/8/7p/1b3N1P/8/Qrk3K1,,,,,,,,
board_20260226_183337_335758.png,8/2K1nk2/7P/5P2/8/8/8/8,,,,,,,,
board_20260226_183337_365764.png,k2r4/1p5q/p1n5/4p3/2Q5/P3P1P1/1P3PP1/2R1K3,,,,,,,,
board_20260226_183337_396771.png,8/p2p2k1/3P2pp/2PN1p2/r4P1P/2K5/6P1/8,,,,,,,,
board_20260226_183444_393947.png,r1b1kb1r/pp1n1ppp/2p1p3/q2p2N1/2PP4/2NBP3/PPQ2PPP/R3K2R,,,,,,,,
board_20260226_183636_089186.png,r1bqr1k1/p1p2ppp/3b1n2/2p3B1/3P4/2NQ1N2/PP3PPP/R4RK1,,,,,,,,
board_20260226_183656_385406.png,5k2/pb2q3/1p6/2rPB3/4Q3/1P2R3/P1r3PP/6K1,,,,,,,,
board_20260226_183744_937378.png,6rk/p5bp/1p1Q4/2p1B3/2P5/1P2R2P/q5PK/8,,,,,,,,
board_20260226_183744_969384.png,rn2kb1r/ppq2ppp/4pn2/4N3/3p1B2/8/PPP2PPP/RN1Q1RK1,,,,,,,,
board_20260226_183744_999391.png,r1br2kb/pp2pp1p/3p1npB/q7/2P1P3/2N5/PP1QBPPP/R4RK1,,,,,,,,
board_20260226_183818_881560.png,7k/1b1r2p1/p6p/1p2qN2/3bP3/3Q4/P5PP/1B1R3K,,,,,,,,
board_20260226_183818_914591.png,rn1q1rk1/pb2bppp/1p1pp3/2p5/2PP4/5NP1/PPQ1PPBP/R1B2RK1,,,,,,,,
board_20260226_184022_904871.png,1r4k1/3nppbp/p2p2p1/q7/2b5/2N3P1/P2QPPBP/2RR2K1,,,,,,,,
board_20260226_184022_935903.png,r3k2r/pp1n1ppp/2p1b3/3pP3/3P1N2/q2BQ3/P1P3PP/R4RK1,,,,,,,,
board_20260226_184022_964909.png,3kr1r1/ppp2p1p/2bp4/2nNPB2/2P2P2/1P6/P1QB1qPP/R6K,,,,,,,,
board_20260226_184022_994915.png,3rn2k/ppb2rpp/2ppqp2/5N2/2P1P3/1P5Q/PB3PPP/3RR1K1,,,,,,,,
board_20260226_184023_024922.png,8/2p1kp2/1p6/2r5/4r1PK/P2R3P/4n3/4Q3,,,,,,,,
board_20260226_184023_052929.png,r1b2rk1/ppp2ppp/1b1p1q2/3P4/BPPp4/8/PB1PQPPP/R4RK1,,,,,,,,
board_20260226_184145_841863.png,r1b2rk1/2q2ppp/p1pppn2/8/Q1P5/B1PB4/P4PPP/R2R2K1,,,,,,,,
board_20260226_184145_872870.png,r4rk1/ppqn1pbp/2n1b1p1/3pN3/N2P1B2/P7/1P2BPPP/R2Q1RK1,,,,,,,,
board_20260226_184145_903868.png,Q1bk4/p4p2/6r1/3p4/8/2P5/2PK1P1P/R4B1q,,,,,,,,
board_20260226_184145_932874.png,2rr2k1/1b3ppp/ppqppb2/2n5/2P1P1Q1/1PN3P1/PB3PBP/3RR1K1,,,,,,,,
board_20260226_184145_961881.png,4r1k1/pb4p1/1pq2nQp/8/2PB1P1R/3R4/P5PP/6K1,,,,,,,,
board_20260226_184145_992888.png,3r1q1k/p5b1/1r3p1p/1ppBpQpP/4P3/2P3P1/PP1R1PK1/3R4,,,,,,,,
board_20260226_184310_217591.png,3r4/1r3kp1/b4p2/p2p4/3b1P2/3P1BP1/P1R2NK1/3R4,,,,,,,,
board_20260226_184325_041660.png,8/6p1/b4p2/p2p1P2/3k2P1/3PbK1N/P1B5/8,,,,,,,,
board_20260226_184345_281369.png,8/p2B3k/1p6/1P6/7K/6Q1/6p1/5q2,,,,,,,,
board_20260226_184345_312376.png,4r2k/7p/2q5/2p1pQ2/8/P7/6PP/2R4K,,,,,,,,
board_20260226_185139_745714.png,4r2k/7p/2q5/2p1pQ2/8/P7/6PP/2R4K,,,,,,,,
board_20260226_185155_265240.png,8/4r1kp/6q1/2pQp3/8/P7/6PP/3R3K,,,,,,,,
board_20260226_185216_841016.png,rn1q1rk1/pbp1bppp/1p3n2/3pN1B1/3P4/2NBP3/PP3PPP/R2QK2R,,,,,,,,
board_20260226_185255_041770.png,r2q1rk1/1b1nbp1p/p4np1/1p1pN1B1/2pP1P2/2N1P2Q/PPB3PP/R4RK1,,,,,,,,
board_20260226_185255_071776.png,5rk1/1b1qbp2/r4Rp1/p2p2B1/2pP3Q/2p1P3/PPB3PP/5RK1,,,,,,,,
board_20260226_185406_712655.png,5r1k/pp2b1rp/8/6q1/3QR3/2pN4/P1P2RP1/6K1,,,,,,,,
board_20260226_185406_743664.png,r2q1rk1/pb1nbppp/1pp3n1/3pN3/3P4/2NBP1B1/PP3PPP/R2Q1RK1,,,,,,,,
board_20260226_185406_772670.png,1k1r3r/pp2b1p1/1q2p1p1/3pP3/bP6/8/P1NQ1PPP/R1B2RK1,,,,,,,,
board_20260226_185406_801677.png,4rbk1/1R3pp1/2Q5/6p1/3rn3/q2N2P1/5PBP/5RK1,,,,,,,,
board_20260226_185406_831581.png,r1b1kb1r/4p2p/pqp1pnp1/3pB3/3N4/5N2/PPP2PPP/R2Q1RK1,,,,,,,,
board_20260226_185406_860588.png,1n1r1rk1/R5p1/5q1p/4p3/8/4P1P1/4Q1BP/R5K1,,,,,,,,
board_20260226_185550_968641.png,r2b1rk1/2pn3p/1p1pq3/5pp1/1PP5/4NPP1/2Q1PB1P/2RR2K1,,,,,,,,
board_20260226_185550_999658.png,2kr1b1r/pp3pp1/2p1pn1p/8/2PPnq1P/2B2NN1/PPQ2PP1/1K1R3R,,,,,,,,
board_20260226_185551_028656.png,R2b4/2pr1q1k/1p1p2n1/1P1N1p1p/2P2Pp1/2Q3P1/1B2P2P/6K1,,,,,,,,
board_20260226_185551_058891.png,3r3r/kpp3pp/p1pqbpn1/2N5/Q2PP3/5NPP/PP4P1/2R2RK1,,,,,,,,
board_20260226_185551_087898.png,2rq1rk1/4bppp/pn1p4/1p2p1P1/4P2P/2N1BP1R/PPPQ4/1K1R4,,,,,,,,
board_20260226_185551_116904.png,r3k3/1b4pp/p3B3/2b1p1B1/2p5/3q4/P5PP/4QR1K,,,,,,,,
board_20260226_192911_248130.png,2brrb2/p7/p7/7Q/1p1kpPp1/1P1pN1P1/3K4/8,,,,,,,,
board_20260226_192942_952134.png,8/7B/5Q2/6p1/6k1/8/5K2/8,,,,,,,,
board_20260226_192942_983165.png,8/8/8/4Q3/8/6R1/2n1pkBK/8,,,,,,,,
board_20260226_192943_012171.png,7R/K7/8/k7/Pp6/1r6/8/8,,,,,,,,
board_20260226_193008_649089.png,8/8/8/8/8/3n1N2/8/3Q1K1k,,,,,,,,
board_20260226_193008_680086.png,8/8/7p/4K1kb/8/7R/7Q/8,,,,,,,,
board_20260226_193008_711094.png,8/1Q6/8/1p6/Np6/Nk6/8/1K6,,,,,,,,
board_20260226_193024_736326.png,8/8/8/k1P5/N6Q/8/2n1B3/7K,,,,,,,,
board_20260226_193220_928582.png,7Q/1b5P/8/8/6R1/8/8/K6k,,,,,,,,
board_20260226_193220_961590.png,8/8/8/8/8/5K2/1QBk4/8,,,,,,,,
board_20260226_193220_991597.png,8/8/3B4/8/8/3Pk1p1/2K3Q1/8,,,,,,,,
board_20260226_193221_021604.png,B1n5/5RK1/4k3/4p3/8/8/8/3R4,,,,,,,,
board_20260226_193221_050610.png,2nR4/Q3b3/8/1Pppk3/8/2P2K1B/8/8,,,,,,,,
board_20260226_193221_079617.png,8/8/8/8/8/2N1p1K1/6B1/2B1r1k1,,,,,,,,
board_20260226_193317_864846.png,k7/P7/1P1NpP2/1p2q3/4NR2/5B2/4K3/8,,,,,,,,
board_20260226_193317_894852.png,4Q3/8/8/6rR/4N1k1/4K1p1/8/8,,,,,,,,
board_20260226_193317_925859.png,br1n4/BkP2n2/2R5/3R4/8/K2B4/8/8,,,,,,,,
board_20260226_193317_954865.png,5Q2/5B1k/6r1/6p1/6N1/6K1/8/8,,,,,,,,
board_20260226_193317_984242.png,5Q2/3N4/2K1k2r/7b/4P3/8/8/8,,,,,,,,
board_20260226_193318_013248.png,2K4Q/8/2N5/1k6/3B4/8/P5P1/8,,,,,,,,
board_20260226_193356_072071.png,8/1k6/1p6/1K6/2P5/8/P7/8,,,,,,,,
board_20260226_193356_116115.png,8/K1k5/1p6/8/P1P5/8/8/8,,,,,,,,
board_20260226_193435_456061.png,8/8/Kpk5/8/P1P5/8/8/8,,,,,,,,
board_20260226_193435_487102.png,4k3/8/8/1p5p/1P5P/8/8/4K3,,,,,,,,
board_20260226_193454_800056.png,8/8/4k3/1p5p/1P2K2P/8/8/8,,,,,,,,
board_20260226_193454_831136.png,8/8/8/4p1p1/8/5P2/6K1/3k4,,,,,,,,
board_20260226_193538_944527.png,8/8/3k4/8/Pp6/1P6/6K1/8,,,,,,,,
board_20260226_193614_328691.png,8/3k2p1/8/5P2/8/8/8/1K6,,,,,,,,
board_20260226_193614_358698.png,8/6k1/3K1p2/4p1p1/4P1P1/5P2/8/8,,,,,,,,
board_20260226_193614_387704.png,8/5p2/8/6Pk/5P2/8/8/7K,,,,,,,,
board_20260226_193614_417710.png,8/3k4/6p1/5pPp/3K1P1P/8/8/8,,,,,,,,
board_20260226_193614_447718.png,8/5k2/3p4/3P4/2P5/6K1/8/8,,,,,,,,
board_20260226_193614_477724.png,8/2K3k1/6p1/5p1p/5P1P/6P1/8/8,,,,,,,,
board_20260226_193702_112013.png,8/3k4/4p3/4K3/3P1P2/8/8/8,,,,,,,,
board_20260226_193702_143021.png,5k2/8/3P4/8/6K1/8/8/8,,,,,,,,
board_20260226_193702_171028.png,8/8/8/3p2k1/6q1/3R4/8/7K,,,,,,,,
board_20260226_193702_201035.png,8/8/5Kpk/5p2/5P2/6P1/8/8,,,,,,,,
board_20260226_193702_232041.png,8/k1K5/p7/8/1P6/8/8/8,,,,,,,,
board_20260226_193702_262049.png,8/8/8/1p6/1Pk5/1p6/1K6/8,,,,,,,,
board_20260226_193828_920530.png,7k/pb5q/1p3p2/2p1p1p1/6P1/QP5R/P4PPK/1B1r4,,,,,,,,
board_20260226_193828_965553.png,4r1k1/5ppp/p1q3b1/1ppNr3/2P1P3/1P4qP/P4PP1/4RRK1,,,,,,,,
board_20260226_194117_071962.png,8/1r3kpp/pn2p3/5pPP/8/P3P3/4KP2/B2R4,,,,,,,,
board_20260226_194117_103135.png,8/2r2kpp/2N1p3/5p2/4n3/1b2PB1P/1R3PP1/6K1,,,,,,,,
board_20260226_194157_920522.png,r2qnr2/6bk/p2p3p/2pPnp2/Pp6/4NP2/1P1QBBPP/R4RK1,,,,,,,,
board_20260226_194157_951520.png,1r4k1/3r2p1/1p1p2p1/1R2p1p1/P1P5/1P5P/5PP1/3R2K1,,,,,,,,
board_20260226_194157_982527.png,8/p4rk1/5b2/P7/8/1P3R2/1B6/7K,,,,,,,,
board_20260226_194332_215915.png,6k1/pp1b2pp/1b4r1/8/5P2/3p1K2/PP1B3P/R3R3,,,,,,,,
board_20260226_194332_239922.png,5rk1/pq2b1pp/3pprn1/8/Np3PQ1/1P4P1/2P1RB1P/5RK1,,,,,,,,
board_20260226_194332_269952.png,rnb1r1k1/4qppp/3p1n2/p1p5/2P1p3/PPQ1P3/1B1NBPPP/R3K2R,,,,,,,,
board_20260226_194358_440078.png,r2q1rk1/ppp2ppp/2np1n2/4p1B1/4P3/2NP4/PPP2PPP/R2Q1RK1,,,,,,,,
board_20260226_194358_472087.png,rn4k1/p5pp/1p3p2/4p3/8/5N2/PP2KPPP/2R5,,,,,,,,
board_20260226_194531_920762.png,4r1k1/pp1q1ppp/2p1rnn1/8/2PP4/P2QPR2/6PP/1N2BRK1,,,,,,,,
board_20260226_194531_952771.png,7b/8/8/3k4/3q4/2R5/K2P4/8,,,,,,,,
board_20260226_194531_982776.png,8/8/3r4/4k3/1B1r4/4K3/8/8,,,,,,,,
board_20260226_194532_012775.png,4r3/1p4pk/2b2pq1/7p/3B1P2/7P/4RQP1/7K,,,,,,,,
board_20260226_194532_043782.png,2r3k1/5ppp/4p3/5q2/8/Pp1Q4/1P4PP/1K1R4,,,,,,,,
board_20260226_194532_074788.png,3q3k/5p1p/3B4/8/1p6/6Q1/1K6/8,,,,,,,,
board_20260226_194639_783881.png,8/5B2/6r1/7k/8/3pB2K/8/8,,,,,,,,
board_20260226_194639_816926.png,r1b2rk1/pp2ppbp/6p1/q7/1n1PP3/5N2/P1R1BPPP/2BQ1RK1,,,,,,,,
board_20260226_194639_846943.png,2r5/pp1bkp2/3q1p2/3Pp3/7Q/1B6/P1P3PP/1K3R2,,,,,,,,
board_20260226_194639_876939.png,r3r1k1/ppp2ppp/3b4/3p1q2/1n1P1N2/1Q2B3/PPP2PPP/2R1R1K1,,,,,,,,
board_20260226_194639_907490.png,4r1k1/8/3R1Qpp/2p5/2P1p1q1/P3P3/1P2PK2/8,,,,,,,,
board_20260226_194639_937497.png,2r3k1/q5pp/4p3/2rp1p2/1p1B1P2/1P1QP3/P1R3PP/6K1,,,,,,,,
board_20260226_194749_504223.png,5k2/p4r1p/3q4/2p1p1N1/P1P5/8/6QB/7K,,,,,,,,
board_20260226_194749_549243.png,7Q/p4rkp/8/2p1q1N1/P1P5/8/8/7K b - - 0 1,b,,,,,,,
board_20260226_194818_735844.png,6q1/6p1/2k4p/R6B/p7/8/2P3P1/2K5,,,,,,,,
board_20260226_194818_767852.png,8/8/2k5/8/6K1/8/6pP/4b3,,,,,,,,
board_20260226_194818_798860.png,r4rk1/1p1qnpp1/p2bbn1p/3p4/3P4/P1N1B1NP/1PBQ1PP1/R4RK1,,,,,,,,
board_20260226_195216_509801.png,r4rk1/1p1q1p2/p2bbnnQ/3p4/3P1P2/P1N3NP/1PB3P1/R4RK1,,,,,,,,
board_20260226_195216_541834.png,r3r1k1/1pq2p2/p2bbnnQ/3p1P2/3P4/P1N4P/1PB1N1P1/R4RK1,,,,,,,,
board_20260226_195216_569841.png,8/1p6/1k1P4/8/3N4/1P6/8/1b1K4,,,,,,,,
board_20260226_195241_614279.png,3r2k1/p1b2ppp/bp3q2/3pN3/P2P1P2/1Q6/1P3RPP/1B4K1,,,,,,,,
board_20260226_195444_143392.png,4B1k1/5p1p/5pp1/p2Pn3/3QP3/7P/5PPK/1q6,,,,,,,,
board_20260226_195444_174649.png,1n1q2k1/5p1p/1p4p1/1B1PN3/2QP1r2/r7/P4PP1/5RK1,,,,,,,,
board_20260226_195444_212223.png,8/B3kppp/4p3/3nP3/4RPK1/P1r5/7P/8,,,,,,,,
board_20260226_195444_227849.png,r1b1r1k1/pp2qppp/2n2n2/4p1B1/2Pp4/P3PN2/1PQ1BPPP/3RK2R,,,,,,,,
board_20260226_195444_259101.png,6k1/p4p2/1p1bq1p1/2p5/4n3/2BQ2PP/PP1N1PK1/8,,,,,,,,
board_20260226_195444_296867.png,5rk1/6pp/8/p1qp1N2/1p4n1/1P4P1/P3P2P/3Q1R1K,,,,,,,,
board_20260226_200242_895641.png,8/1P3k2/1r5p/N3pp1p/P6P/3K4/5PP1/8,,,,,,,,
board_20260226_200242_927659.png,1n6/2qb1kp1/1p2pp1p/1P1p4/1Q1P1N2/4P1PB/5P1P/6K1,,,,,,,,
board_20260226_200242_955665.png,3R4/pp3pkp/2p1rpq1/5b2/8/2Q3N1/PPP3PP/6K1,,,,,,,,
board_20260226_200242_985672.png,r1bq1rk1/p1p1bppp/1p2pn2/6B1/3P4/3B1N2/PPP1QPPP/R3K2R,,,,,,,,
board_20260226_200243_015670.png,6k1/1b4pp/1B3p2/4p3/1Pr5/5P2/5QPP/R4BK1,,,,,,,,
board_20260226_200243_045686.png,6k1/5r1p/p2N4/nppP2q1/2P5/1P2N3/PQ5P/7K,,,,,,,,
board_20260226_200308_520645.png,1r2r1k1/p4pp1/2p4p/2R1P3/4N2q/7P/P5P1/1B3QK1,,,,,,,,
board_20260226_201042_991520.png,r3r1k1/Bbp2ppn/3b3p/7q/Q3P3/P1N2N1P/1P3PP1/R3R1K1,,,,,,,,
board_20260226_201043_023551.png,5k2/r1p2pp1/4b2p/8/8/P4N1P/1P3PP1/2R3K1,,,,,,,,
board_20260226_201133_143508.png,8/2R2pk1/6p1/8/2B1K1P1/8/5r2/8,,,,,,,,
board_20260226_201133_175540.png,4Q3/5p1k/p2p2pb/5r1N/2P1B3/7P/P3RPK1/1r2n3,w,,,,,,,
board_20260226_201453_647458.png,2r2rk1/p4ppp/1p2pn2/4p3/2P1P3/1PN3P1/P2R1PK1/R7,,,,,,,,
board_20260226_201453_679512.png,2r5/p3kppp/1p2pn2/4p3/2P1P3/1PN2PP1/P2R1K2/8,,,,,,,,
board_20260226_201453_708519.png,8/p3kp2/1p2p3/4p2p/2PrP1n1/1PN3P1/P3K3/5R2,,,,,,,,
board_20260226_201526_984242.png,8/p4pk1/1p2p3/4p2p/2PrP1n1/1PNR2P1/P3K3/8,,,,,,,,
board_20260226_201638_815669.png,8/2pb1p2/r2k2pp/8/1P1K1P2/P3R2P/4N1P1/8,,,,,,,,
board_20260226_201638_846711.png,3r3k/7p/1pr2b2/p2p4/8/P6Q/1P5P/5R1K,,,,,,,,
board_20260226_201638_877709.png,8/8/6p1/pp1k1p1p/3p3P/1P4P1/P1R1KP2/3r4,,,,,,,,
board_20260226_201638_907716.png,7k/1b5p/2q3p1/5p2/2P4P/8/1P3Q2/2R3K1,,,,,,,,
board_20260226_201638_936722.png,7k/6p1/7p/4RN1r/5K2/6P1/8/8,,,,,,,,
board_20260226_201638_966728.png,r5b1/8/2k3pp/1N3p2/1K3P2/P3R2P/6P1/8,,,,,,,,
board_20260226_201737_656408.png,8/k1q2p1p/8/1QN5/8/8/P4PPP/4b1K1,,,,,,,,
board_20260226_201737_687430.png,4Q3/4p1k1/4Pb2/5Pp1/8/5qNK/5P2/8,,,,,,,,
board_20260226_201737_717436.png,8/5p2/4p1p1/3nP1Nk/pr3P2/R2K2P1/8/8,,,,,,,,
board_20260226_201737_747443.png,4b1k1/1p3p1p/2r1pp2/p7/1P6/P7/B1n2PPP/2R1R1K1,,,,,,,,
board_20260226_201737_777450.png,8/5Rbk/4p3/3pP2P/1P5p/3r4/3n4/6RK,,,,,,,,
board_20260226_201737_807457.png,8/8/8/8/1R1P4/2P2kb1/7r/6K1,,,,,,,,
board_20260226_202226_752047.png,rn1qk2r/pbpn1ppp/1p1bp3/3pN3/3P1B2/3BP3/PPPN1PPP/R2QK2R,,,,,,,,
board_20260226_202226_783271.png,r3r1k1/pbpn2p1/1p1qpp1p/3p4/3P1P2/2PB1NP1/PPQ2P1P/R3R1K1,,,,,,,,
board_20260226_202226_814278.png,r2r1n1k/p1p3p1/1pbq1pBp/3p1P2/3Pp2N/2P1R1P1/PPQ2P1P/4R1K1,,,,,,,,
board_20260226_202338_007681.png,r2r3k/p1p3pn/1pbq1pBp/3p1P2/3P3N/2P1RpP1/PP3Q1P/4R1K1,,,,,,,,
board_20260226_202338_038703.png,r3r3/p1p3pk/1pbq1p1p/3p1P2/3P3N/2P1RQP1/PP5P/4R1K1,,,,,,,,
board_20260226_202338_068709.png,r7/p1pq2pk/1pb2p1p/3p1P1Q/3P3N/2P1R1P1/PP5P/6K1,,,,,,,,
board_20260226_202507_896317.png,2rr1bk1/p4ppp/1p2p3/3q4/1P6/P3P1P1/1B2QP1P/1R2R1K1,,,,,,,,
board_20260226_202507_927347.png,3r1bk1/p4ppp/Qp2p3/8/1P1B4/Pq2P1P1/2r2P1P/R3R1K1,,,,,,,,
board_20260226_202507_956353.png,5bk1/pQ3ppp/1p2q3/8/1P4P1/P3P1B1/2r2r1P/R3R1K1,,,,,,,,
board_20260226_202647_639281.png,3q1rk1/3r1p1p/1p2p1pQ/2p1P3/2P1b3/4P3/1B3PPP/R2R2K1,,,,,,,,
board_20260226_202647_671323.png,r1b2rk1/1p1nqpp1/p3p2p/7n/P1B5/2N1PN2/1P2QPPP/R2R2K1,,,,,,,,
board_20260226_202647_701320.png,rnbqrnk1/5p2/p2p1bp1/2pPp3/Q1P1P3/P4NPP/3B4/1R1NRBK1,,,,,,,,
board_20260226_202647_732327.png,3k2rr/1bq2pp1/pn1b4/2pPpPP1/1pP1P1B1/4B3/P2N1K2/2R3QR,,,,,,,,
board_20260226_202647_762334.png,2r2rk1/p3bppp/bq2pn2/3p4/1p1P4/4P1P1/PP1N1P1P/R1BQRBK1,,,,,,,,
board_20260226_202647_791341.png,r3n1k1/5ppp/1p2p3/p7/1Pr1P3/2P2P2/1B4PP/R2R1K2,,,,,,,,
board_20260226_202807_743352.png,1r4k1/p4pp1/3q1n1p/2pp1B2/8/1P4P1/P1P2PP1/1R2Q1K1,,,,,,,,
board_20260226_202807_776367.png,2rq1rk1/pb1n1p1p/1p2pbp1/8/3PPB2/3B1N2/P3QPPP/2RR2K1,,,,,,,,
board_20260226_202807_807365.png,3qr3/r2n1pk1/p2p2p1/2pPp1P1/b1P1P3/P4QPB/1R3N2/1R4K1,,,,,,,,
board_20260226_202807_838372.png,3r2k1/p1Rn1pbp/Qp1Bp1p1/4P3/3q4/8/P2N1PPP/6K1,,,,,,,,
board_20260226_202807_868379.png,r1rq1bk1/1n1b1p1p/3p1np1/1p1Pp3/1Pp1P3/2P1BNNP/R2Q1PP1/1B2R1K1,,,,,,,,
board_20260226_202807_899386.png,r1r1nb2/p4pk1/1p1p1qp1/1P1Pp2p/PQ2P3/4N1P1/4BP1P/R1R3K1,,,,,,,,
board_20260226_202838_415253.png,3b1kr1/3p1p1R/q1rP4/3R2P1/4QP2/PK6/1P6/8,,,,,,,,
board_20260226_202931_232253.png,1r1q1r2/pbpnbpk1/1p2p1p1/6P1/3PBQP1/5N2/PPP2P2/2KR3R,,,,,,,,
board_20260226_202931_263257.png,1r4k1/R5p1/6Pp/5p2/5P2/3pnP1q/5Q2/6K1,,,,,,,,
board_20260226_203032_423226.png,2rr2k1/1p2ppbp/6p1/pP1nPb2/4N1q1/P4NP1/1B2QP1P/R3R2K,,,,,,,,
board_20260226_203032_455242.png,6k1/2r1q1n1/4pR1Q/p2pP1Pp/7P/1r6/1P6/1K3R2,,,,,,,,
board_20260226_203032_486242.png,7r/p1rbpk2/3q1p2/3P4/1p2QNPp/1P5P/P1P2R1K/4R3,,,,,,,,
board_20260226_203056_759831.png,1R6/4qp1k/1p4p1/2p1r3/P2p3P/3Q2P1/1P3P2/6K1,,,,,,,,
board_20260226_203056_790839.png,2r3k1/1q3p1p/p2R2p1/bp6/6P1/P6P/1PP2QP1/5BK1,,,,,,,,
board_20260226_203215_759200.png,8/p5kp/1p3p2/6p1/8/1P3QPK/P2N4/6q1,,,,,,,,
board_20260226_203215_790792.png,k5r1/p4b2/2P5/5p2/3P1P2/4QBrq/P5P1/4R1K1,,,,,,,,
board_20260226_203215_819449.png,6k1/pr3ppp/1p3qn1/5NQ1/2p5/8/P4PPP/4R1K1,,,,,,,,
board_20260226_203215_849446.png,2k2r2/2p5/1pq5/p1p1n3/P1P4B/1R4Pp/2Q1R3/6K1,,,,,,,,
board_20260226_203215_878462.png,2k1r3/2p2pp1/1n6/N1q3Pp/Pn6/4B3/4QP1P/1K1R4,,,,,,,,
board_20260226_203215_909460.png,6k1/ppp3pp/8/8/8/2Nqn1QP/PP4PK/5r1R,,,,,,,,
board_20260226_204056_343069.png,8/4bk1p/pQ4p1/1N1pB3/5PP1/4P1KP/2q5/8,,,,,,,,
board_20260226_204056_375112.png,2r1r3/1b1n2kp/1p2q1pN/p7/P1pPp1PB/2P1P2P/2Q5/2R2RK1,,,,,,,,
board_20260226_204056_405109.png,6nr/pQ4pp/2Bk4/2b5/3r1pbq/2N5/PPP3PP/R1B2K1R,,,,,,,,
board_20260226_204056_436116.png,4r1k1/5ppn/6q1/pp2pN2/4P3/P6Q/1PP2P2/4K2R,,,,,,,,
board_20260226_204056_467123.png,5b1k/6np/pq1p2p1/1pr1p3/4P1N1/PQ1P4/1P4PP/2R3K1,,,,,,,,
board_20260226_204056_498749.png,1k1q1b2/pp4p1/8/Q4b2/7r/4Pn2/PP1B1P1P/2RK3R,,,,,,,,
board_20260226_204117_207065.png,K2Q4/8/8/8/8/8/3pk3/8,,,,,,,,
board_20260226_204156_175042.png,8/8/8/8/3Q4/8/3pk3/7K,,,,,,,,
board_20260226_204156_207052.png,8/KQ6/8/8/8/8/p7/k7,,,,,,,,
board_20260226_204156_237058.png,8/8/8/8/8/1K6/6Q1/qk6,,,,,,,,
board_20260226_204220_247048.png,8/8/8/2QK4/8/8/1kp5/8,,,,,,,,
board_20260226_204220_281080.png,8/8/8/2QK4/8/8/2pk4/8,,,,,,,,
board_20260226_204220_312087.png,8/8/8/2Q5/8/8/2pk4/6K1,,,,,,,,
board_20260226_204233_816472.png,8/6K1/7Q/8/8/2p5/1k6/8,,,,,,,,
board_20260226_204344_159714.png,8/4K3/8/8/3Q4/8/1pk5/8,,,,,,,,
board_20260226_204344_191722.png,6K1/8/8/8/2Q5/7p/p7/1k6,,,,,,,,
board_20260226_204344_222729.png,6K1/7P/6q1/8/8/8/8/1k6,w,,,,,,,
board_20260226_204344_252736.png,8/8/8/5K2/8/8/Q1p5/3k4,,,,,,,,
board_20260226_204344_283743.png,1K6/2P5/1q6/8/4k3/8/8/8,w,,,,,,,
board_20260226_204344_314749.png,8/8/8/3QK3/8/2k5/2p5/8,,,,,,,,
board_20260226_204417_351019.png,8/8/8/8/3K4/8/1kp1Q3/8,,,,,,,,
board_20260226_204417_383596.png,8/5K2/8/p7/P7/2Q5/kp6/8,,,,,,,,
board_20260226_204417_412601.png,8/8/8/3QK3/8/4k3/2p5/8,,,,,,,,
board_20260226_204417_442608.png,8/8/8/1K6/8/Q7/p7/1k6,,,,,,,,
board_20260226_204417_473615.png,8/8/8/4K3/8/8/Q1pk4/8,,,,,,,,
board_20260226_204417_503622.png,8/3K4/2P5/8/8/5k2/8/3q4,w,,,,,,,
board_20260226_204540_030999.png,3KQ3/8/1k2b3/4q3/8/8/8/8,,,,,,,,
board_20260226_204540_076056.png,8/8/8/8/8/k2q4/1R6/2K5,,,,,,,,
board_20260226_204600_879652.png,8/6pp/5p2/5PP1/4k1KP/8/8/8,,,,,,,,
board_20260226_204600_910659.png,8/p7/8/Pp6/4k3/2K5/8/8,,,,,,,,
board_20260226_204600_941665.png,8/p7/1p3k2/1P4RK/7p/2r4P/8/8,,,,,,,,
board_20260226_204623_790987.png,8/8/8/8/1P4p1/r3k1P1/7P/1R4K1,,,,,,,,
board_20260226_204623_823017.png,8/8/8/B1p5/2K5/k1N5/1p6/8,,,,,,,,
board_20260226_204623_852024.png,8/8/1k6/pP6/K7/Pn6/3B4/2b5,,,,,,,,
board_20260226_204653_630981.png,8/1Q6/4kpn1/5N2/3PP3/6P1/5PKP/4q3,,,,,,,,
board_20260226_204653_664013.png,1Qq5/7k/3p1p1p/2rPpNpP/4P1P1/5P2/8/1R4K1,,,,,,,,
board_20260226_204746_231192.png,6K1/3nkP2/8/5P2/8/2b5/8/8,,,,,,,,
board_20260226_204746_263222.png,8/r4KP1/6Pk/8/8/8/8/8,w,,,,,,,
board_20260226_204746_292228.png,5k2/3B2bK/6P1/4n3/8/6P1/8/8,,,,,,,,
board_20260226_204746_322235.png,8/8/3p4/7p/6pP/6K1/4P3/7k,,,,,,,,
board_20260226_204746_352242.png,6bB/3P4/5K2/7k/8/8/8/7q,,,,,,,,
board_20260226_204746_382249.png,8/R4p2/3K3k/4PPp1/6P1/8/8/4r3,,,,,,,,
board_20260226_205354_278874.png,1k6/2q2p2/1Q3p2/KP3P1p/P6P/8/8/8 b - - 0 1,b,,,,,,,
board_20260226_205354_310928.png,8/4R3/8/3k1p2/3np3/4K3/r5B1/8,,,,,,,,
board_20260226_205354_340935.png,1R6/4Q1pk/2p5/5p1p/4pPqP/8/3r4/1R5K,,,,,,,,
board_20260226_205354_370932.png,6k1/8/2q1n3/2p1BK1Q/p1Pp4/P2P4/1P6/8,,,,,,,,
board_20260226_205354_401939.png,2Q5/8/p3R3/P5pP/3p2P1/3k4/3q4/6K1,,,,,,,,
board_20260226_205354_433401.png,8/8/2PQ4/4p2k/4P1qP/4Bp1n/8/5B1K,,,,,,,,
board_20260226_220457_215747.png,8/p2p4/8/8/8/k7/5P1P/7K,,,,,,,,
board_20260226_223719_221675.png,8/p2p4/8/8/8/k7/5P1P/7K,,,,,,,,
board_20260226_223719_259947.png,8/p7/8/2k2P1P/3p4/8/8/7K,,,,,,,,
board_20260226_223750_614266.png,8/3b2kp/4p1p1/pr1n4/N1N4P/1P4P1/1K3P2/3R4,,,,,,,,
board_20260226_223750_645503.png,r1b2rk1/2p1nppp/pp1q1n2/3p4/3P4/P1NBP3/1PQ1NPPP/R3K2R,,,,,,,,
board_20260226_223823_277570.png,3rr1k1/5p1p/1p4p1/8/1Pbp4/5BP1/4PP2/3RR1K1,,,,,,,,
board_20260226_223823_309843.png,6k1/6p1/1p2q2p/4P3/P2Qp3/1P2r2P/6P1/1KR5,,,,,,,,
board_20260226_223906_917310.png,1r3k2/2q2b1p/5Qp1/1p2n3/p3P3/8/PPP3PP/1K1R1R2,,,,,,,,
board_20260226_223906_949664.png,5r1k/pp4pp/5r2/2b5/3qp3/1B4Q1/P3RPPP/5RK1,,,,,,,,
board_20260226_223930_925303.png,r4rk1/1q3ppp/p1b1p1n1/1p6/3BP2P/1BP1Q1P1/P4P2/R2R2K1,,,,,,,,
board_20260226_224057_758308.png,5rk1/1b3p1p/pp3p2/3n1N2/1P6/P1qB1PP1/3Q3P/4R1K1,,,,,,,,
board_20260226_224057_788764.png,4rr2/1ppb2k1/2q3p1/p7/3n4/1BP1B3/PP3PP1/2K4Q,,,,,,,,
board_20260226_224057_817141.png,2r1nrk1/p4p1p/1p2p1pQ/nPqbRN2/8/P2B4/1BP2PPP/3R2K1,,,,,,,,
board_20260226_224057_847561.png,r3r1kb/5p1p/p1q3pB/1p1bP3/4N2Q/5N1P/PP3PP1/3R2K1,,,,,,,,
board_20260226_224057_877757.png,1k1q1Q1r/1pp1n1pp/1P6/4p3/3p4/7P/6P1/R4RK1,,,,,,,,
board_20260226_224057_907025.png,r5k1/pppb1rpp/3p4/3P3q/3QN3/5P2/PB3P1P/R5RK,,,,,,,,
board_20260226_224258_798131.png,r1b1Q3/1p4pk/p3pr1p/8/P3pPB1/2b4R/1qP4P/6RK,,,,,,,,
board_20260226_224258_829476.png,1q4r1/p5pk/1p2r2p/3pNp1P/P2P4/1P4Q1/2P5/K5R1,,,,,,,,
board_20260226_224258_857713.png,8/5k2/4N3/8/8/2p2p1p/7P/7K,,,,,,,,
board_20260226_224258_888972.png,7k/1p3p2/1p4pp/r3P3/PQ4P1/3B1b1K/1P5P/6q1,,,,,,,,
board_20260226_224258_919226.png,8/8/8/p2Pkp2/2K5/8/8/8,,,,,,,,
board_20260226_224258_949381.png,1n1r1r1k/4qp1p/p3p1pb/2p1Pn2/2P3NN/2B3P1/P1Q2PBP/4R1K1,,,,,,,,
board_20260226_224317_957247.png,8/ppp5/8/PPP5/8/6k1/8/6K1,,,,,,,,
board_20260227_002326_072099.png,8/8/1pp5/8/P1P5/5k2/8/5K2,,,,,,,,
board_20260227_002326_181122.png,2n5/p4ppp/P1Nkp3/1P6/1K6/8/5PPP/8,,,,,,,,
board_20260227_002326_222131.png,8/p1q2pkp/2Pr2p1/8/P3Q3/6P1/5P1P/2R3K1,,,,,,,,
board_20260227_002425_629813.png,rnb1k1nr/ppp2p1p/3b4/8/4P2q/2N3p1/PPPPK1PP/R1BQ1BNR,,,,,,,,
board_20260227_002425_675823.png,rn2kbnr/pp2pppp/2p5/3P4/3P4/1P3N2/1P2PPPP/RbB1KB1R,,,,,,,,
board_20260227_002507_011963.png,4r3/pp6/3P2n1/3Q1bk1/4r3/2P5/P1P2PP1/5K1R,,,,,,,,
board_20260227_002507_053974.png,4r1k1/3qP2p/p5p1/1p2Q3/2p5/8/6PP/5R1K,,,,,,,,
board_20260227_002507_105985.png,8/pp3p2/5p2/5p1P/1P1bk3/P5B1/2K5/8,,,,,,,,
board_20260227_002533_436149.png,7k/pp2n3/4PP1r/2p3R1/3p4/P7/1PP4P/7K,,,,,,,,
board_20260227_002533_480159.png,6k1/1p1b1pp1/p2N4/PPnP4/8/7P/6BK/8,,,,,,,,
board_20260227_002652_676631.png,6k1/1p3p2/p2prPq1/8/7p/2Q5/PP3RP1/6K1,,,,,,,,
board_20260227_002652_724641.png,2r2rk1/p1N2p1p/2P1p1p1/1Pp3q1/3b4/5Q2/P1P3PP/4RR1K,,,,,,,,
board_20260227_002652_767651.png,4r2k/8/p6p/2P5/PR6/3N1p2/1p5P/1n5K,,,,,,,,
board_20260227_002652_814662.png,7r/1pR5/6k1/3p4/p5n1/4P1p1/PPP3P1/5RK1,,,,,,,,
board_20260227_002652_857671.png,1r3k2/3p1ppp/RP2p3/8/1PR5/6P1/3rPP1P/6K1,,,,,,,,
board_20260227_002652_891678.png,8/2n5/3p4/2kPp3/4Pp2/N1K2Pp1/6P1/8,,,,,,,,
board_20260227_003058_868890.png,6k1/1p3p2/p2prPq1/8/7p/2Q5/PP3RP1/6K1,,,,,,,,
board_20260227_003058_911900.png,2r2rk1/p1N2p1p/2P1p1p1/1Pp3q1/3b4/5Q2/P1P3PP/4RR1K,,,,,,,,
board_20260227_003058_955909.png,4r2k/8/p6p/2P5/PR6/3N1p2/1p5P/1n5K,,,,,,,,
board_20260227_003059_001920.png,7r/1pR5/6k1/3p4/p5n1/4P1p1/PPP3P1/5RK1,,,,,,,,
board_20260227_003059_045930.png,1r3k2/3p1ppp/RP2p3/8/1PR5/6P1/3rPP1P/6K1,,,,,,,,
board_20260227_003059_088940.png,8/2n5/3p4/2kPp3/4Pp2/N1K2Pp1/6P1/8,,,,,,,,
board_20260227_003151_475847.png,1n6/R7/P1r2pk1/7p/8/5P2/7P/6K1,,,,,,,,
board_20260227_003151_524858.png,8/8/3K1k2/5p1p/4p1p1/4P1P1/5PP1/8,,,,,,,,
board_20260227_003151_592873.png,6k1/5pp1/8/B2n4/5P2/P4QPp/4K3/7q,,,,,,,,
board_20260227_003151_640884.png,8/2k5/6p1/3P1q2/6Bp/7P/5PN1/4K3,,,,,,,,
board_20260227_003151_686895.png,rkb4r/4Rp1p/p1PR1p1b/8/8/5N2/P4PPP/6K1,,,,,,,,
board_20260227_003151_730904.png,5rk1/p5pp/8/8/2Pbp3/1P4P1/7P/4RN1K,,,,,,,,
board_20260227_003233_006636.png,4r1k1/pp1rq1pp/2p1p3/4Ppb1/P1PP4/1PNR1QP1/6KP/3R4,,,,,,,,
board_20260227_003233_060648.png,4rqk1/1pbr2pp/2pNp3/p1P1Pp2/P2P4/1P1R1QP1/6KP/3R4,,,,,,,,
board_20260227_003551_253282.png,q3r3/1p1r1kpp/2pPp3/2P2p2/PR1P4/4R1P1/4Q1KP/8,,,,,,,,
board_20260227_003551_306294.png,1n3q2/p2p2kp/1p3pp1/3Pp3/4P1NP/1P3QP1/P4P2/6K1,,,,,,,,
board_20260227_003628_668744.png,3r2k1/p2r1pp1/7p/1p6/1P2qP2/PQ1n2P1/2R2B1P/5RK1,,,,,,,,
board_20260227_003628_706752.png,r1bqk2r/pp2npb1/3p2p1/2pP4/2P1BP1p/2N5/PP4PP/R1BQ1RK1,,,,,,,,
board_20260227_003822_555921.png,r3r3/pp3pk1/3p1bp1/2pP1q2/2P2P2/1PN2bPp/P4B1P/2R1RQK1,,,,,,,,
board_20260227_003822_602931.png,r2q1rk1/pb1nbppp/1p2pn2/8/1P6/P4NP1/1B1NPPBP/R2Q1RK1,,,,,,,,
board_20260227_003851_236394.png,r1r3k1/pq1nbppp/1p2pn2/1P6/3NP3/P4QP1/1B1N1PKP/R1R5,,,,,,,,
board_20260227_003851_279404.png,r4bk1/1q1n1ppp/1pN1pn2/1P6/4P3/5QP1/1B1N1PKP/R7,,,,,,,,
board_20260227_004014_853011.png,3k4/1b1nppbp/pp4p1/3N4/P1BPP1P1/3KB3/5P1P/8,,,,,,,,
board_20260227_004014_892019.png,r1b1r1k1/1pqn1pbp/p1p2np1/4p3/2P1P3/1NN1BP2/PP1Q2PP/1K1R1B1R,,,,,,,,
board_20260227_004014_939029.png,r5k1/pppb3p/2nqp1p1/1B1p4/3P1r2/2P2N1P/PP2QPPK/R4R2,,,,,,,,
board_20260227_004014_992041.png,r2qr1k1/p3np1p/4bBp1/2pp4/7Q/2PB4/P1P2PPP/4RRK1,,,,,,,,
board_20260227_004015_048054.png,r2r2k1/1q1nbppp/pp1pbn2/4p3/P3P3/2N1BP2/1PPQB1PP/R1NR2K1,,,,,,,,
board_20260227_004015_118070.png,6k1/2q2pp1/2p2n1p/p3p3/1pN1P3/1P1Q1P2/P1P3PP/6K1,,,,,,,,
board_20260227_004136_660836.png,r2r2k1/p2nqppp/1p2p3/3b4/1P6/2Q2NP1/P3PPBP/2RR2K1,,,,,,,,
board_20260227_004136_699844.png,3n4/6pp/1p1k1p2/1p6/p2PPN1P/P2K4/1P4P1/8,,,,,,,,
board_20260227_004136_739853.png,2kr3r/pp1bbpp1/1q2p2p/n2pP3/2pP4/P1P2NP1/1P3PBP/R1BQR1K1,,,,,,,,
board_20260227_004136_773861.png,1r6/p1r1k1p1/4p2p/N2p1p2/nPp5/2P1PP2/P1R2KPP/4R3,,,,,,,,
board_20260227_004136_818870.png,r6r/pp1bkppp/n3p3/1Nb1P2n/P1B2B2/2N5/1P3PPP/R4RK1,,,,,,,,
board_20260227_004136_855880.png,3B2k1/1p1b1p2/r5p1/1NpP1n1p/P1P3n1/R7/6PP/5BK1,,,,,,,,
board_20260227_004209_092160.png,1k1r4/pP2q3/8/Q7/8/6bP/6P1/2R4K,,,,,,,,
board_20260227_004209_153176.png,r1bn4/pp2k3/4P3/7K/3N4/PB6/1PP3r1/4R3,,,,,,,,
board_20260227_004233_845966.png,7k/8/8/8/1p6/r1p5/P1R5/5K2,,,,,,,,
board_20260227_004233_886975.png,2b5/1r6/2kBp1p1/p2pP1P1/2pP4/1pP3K1/1R3P2/8,,,,,,,,
board_20260227_004307_132839.png,r2q1rk1/ppp1bppp/2bp1n2/8/2BQPP2/2N1B2P/PPP3P1/R4RK1,,,,,,,,
board_20260227_004307_174928.png,r1bqkb1r/pppp1ppp/2n2n2/4p3/2B1P3/2N2N2/PPPP1PPP/R1BQK2R,,,,,,,,
board_20260227_004336_692049.png,8/5p2/8/5pPp/6kB/7p/5K1P/8,,,,,,,,
board_20260227_004336_732060.png,8/8/R7/pp5p/2bK3k/2P5/6P1/8,,,,,,,,
board_20260227_004439_203918.png,6r1/5p1p/5Kpk/6R1/7P/p7/6P1/8,,,,,,,,
board_20260227_004439_243927.png,2r3k1/5pp1/7p/b2q1p2/3P4/pRPQ2B1/P5PP/6K1,,,,,,,,
board_20260227_004439_282935.png,8/8/8/6K1/2kp3P/2p5/2Pr4/2R5,,,,,,,,
board_20260227_004439_337948.png,3r2k1/p6p/b2r2p1/2qPQp2/2P2P2/8/6BP/R4R1K,,,,,,,,
board_20260227_004439_380004.png,8/2k5/8/8/R4b2/4p1p1/5rP1/4B1K1,,,,,,,,
board_20260227_004439_417012.png,5r1k/p6p/1p1p1qp1/2pQpr2/8/2PP2P1/PP2RPKP/5R2,,,,,,,,
board_20260227_004916_116095.png,r2qk3/pp1n1pp1/2pbp3/3p3n/2P3bP/1PNP4/PB2PPBP/R3QRK1,,,,,,,,
board_20260227_004932_731358.png,8/8/8/8/5pk1/r4p2/p4K1P/R7,,,,,,,,
board_20260227_004951_163581.png,8/1R1Pk3/8/7K/P4ppp/7P/1p4P1/1r6,,,,,,,,
board_20260227_005003_987561.png,3k4/3P4/8/7K/P6p/5p1P/1p1R4/1r6,,,,,,,,
board_20260227_005036_691990.png,8/p2k1ppp/3p4/1Pp5/P3K3/5P2/6PP/8,,,,,,,,
board_20260227_005100_915559.png,8/8/6kp/1p6/5P2/1P6/P6K/8,,,,,,,,
board_20260227_005207_011524.png,5k2/5p2/6p1/B6p/P7/3K2P1/1b5P/8,,,,,,,,
board_20260227_005219_588390.png,8/4k1pp/8/1p2p3/8/8/1PP2KPP/8,,,,,,,,
board_20260227_005237_164315.png,8/8/8/2k1K2p/2P4P/1p6/1P6/8,,,,,,,,
board_20260227_005258_499809.png,8/pp4pp/4k3/3pPp2/1Pr4P/2B1KPP1/1P6/4R3,,,,,,,,
board_20260227_005258_534344.png,8/pp4pp/8/5p2/1Pk4P/2P2PP1/3K4/8,,,,,,,,
board_20260227_005313_203315.png,8/4k3/6p1/2ppPp1p/5P1P/4K1P1/2P5/8,,,,,,,,
board_20260227_005328_507704.png,8/7p/1pp3p1/p1k1PpP1/P4P2/2K5/1P6/8,,,,,,,,
board_20260227_005339_404545.png,8/7p/6p1/2pkPpP1/5P2/2K5/8/8,,,,,,,,
board_20260227_005355_412725.png,8/3k1p2/5p1p/p1p2P2/P1PpKPPP/1P6/8/8,,,,,,,,
board_20260227_005406_843522.png,8/5p2/3k2p1/1Kp2pP1/2P2P2/8/8/8,,,,,,,,
board_20260227_005421_828035.png,8/8/p7/3kp2p/Pp3p1P/1Pp1PPP1/8/2K5,,,,,,,,
board_20260227_005434_499295.png,8/3k2p1/5pp1/8/8/P5P1/6KP/8,,,,,,,,
board_20260227_005451_572002.png,8/4k1p1/5pp1/8/P2K4/6P1/7P/8,,,,,,,,
board_20260227_005515_195764.png,8/8/2p5/p1k1p2p/P3P1p1/1PP1K3/7P/8,,,,,,,,
board_20260227_005547_835266.png,8/8/2pk4/p3p2p/P3P3/1PP4p/5K2/8,,,,,,,,
board_20260227_005558_379262.png,8/pp2k3/4p3/4Pppp/1PPK4/8/P5PP/8,,,,,,,,
board_20260227_005609_443440.png,8/ppk5/4p3/1PP1Ppp1/P6p/4K3/6PP/8,,,,,,,,
board_20260227_005618_523477.png,8/1pk5/p3p3/PP2Pppp/2PK4/8/6PP/8,,,,,,,,
board_20260227_005629_347266.png,6k1/8/8/3p2p1/3P2P1/8/8/6K1,,,,,,,,
board_20260227_005645_331262.png,6k1/8/8/4p1p1/4P1P1/8/8/6K1,,,,,,,,
board_20260227_005645_365591.png,6k1/8/8/1p2p1p1/1P2P1P1/8/8/6K1,,,,,,,,
board_20260227_005706_203386.png,8/3k2p1/1p5p/1p1pPp2/1P1P1P2/7P/6PK/8,,,,,,,,
board_20260227_005716_171597.png,8/3k4/1p5p/1p1pP1p1/1P1P1PP1/8/7K/8,,,,,,,,
board_20260227_005727_004241.png,6k1/1p3pp1/6p1/pp1p4/3P4/1P6/P1K2PPP/8,,,,,,,,
board_20260227_005736_619238.png,8/8/8/pp2k3/2p2pP1/P1P2P1P/5K2/8,,,,,,,,
board_20260227_005815_003228.png,k7/8/1p6/1Pp3p1/2P3P1/8/8/4K3,,,,,,,,
board_20260227_005815_037250.png,k7/8/1p6/1Pp3p1/2P1P1P1/8/8/4K3,,,,,,,,
board_20260227_005830_284029.png,k7/8/1p6/1Pp3p1/2P1p1P1/8/8/4K3,,,,,,,,
board_20260227_005850_995232.png,8/8/p1k2p2/1p3P1p/1P1P3P/P1K5/8/8,,,,,,,,
board_20260227_011343_755456.png,8/8/p1k2p2/1p3P1p/1P1P3P/P1K5/8/8,,,,,,,,
board_20260227_011407_916127.png,8/8/p1k2p2/1p1P1P1p/1P2K2P/P7/8/8 b - - 0 1,b,,,,,,,
board_20260227_011421_036124.png,8/6p1/3k3p/2p4P/2P3P1/4pK2/8/8,,,,,,,,
board_20260227_011440_971453.png,8/p4k1p/1p3q2/2pp4/3P4/2P1P1Q1/PP5P/7K,,,,,,,,
board_20260227_011458_964115.png,8/p6p/1p6/3p1k2/3P1P2/5K2/PP5P/8,,,,,,,,
board_20260227_011508_755262.png,5K2/1p6/8/5k2/1p6/8/P7/8,,,,,,,,
board_20260227_011518_180064.png,4K3/1p6/4k3/8/1p6/8/P7/8,,,,,,,,
board_20260227_011538_539810.png,8/5p2/8/7R/4Kp2/5Pk1/7p/8,,,,,,,,
board_20260227_011601_347461.png,8/5p2/8/8/5K2/5P2/8/7k,,,,,,,,
board_20260227_011623_403414.png,8/3k4/p5p1/1p1p1p1p/1P3P2/P3P1P1/3K3P/8,,,,,,,,
board_20260227_011623_438422.png,8/p2k4/1p4p1/3p1p1p/1P3P2/P3P1P1/3K3P/8,,,,,,,,
board_20260227_011637_884090.png,8/3k4/pp4p1/3p1p1p/1P3P2/P3P1P1/3K3P/8,,,,,,,,
board_20260227_011647_292088.png,8/7p/3k2p1/1p1p1p2/5P2/2P1K2P/1P4P1/8,,,,,,,,
board_20260227_011727_175085.png,8/8/p2k2p1/Pp1p1p1p/1P1K3P/4P1P1/5P2/8,,,,,,,,
board_20260227_011736_611763.png,8/8/p5p1/Pk1p1p1p/3K3P/4PPP1/8/8,,,,,,,,
board_20260227_011747_979070.png,8/8/p5p1/Pk1p1p1p/3K3P/4PPP1/8/8,,,,,,,,
board_20260227_011803_347938.png,8/8/pp1k2p1/3p1p1p/PP1K3P/4PPP1/8/8,,,,,,,,
board_20260227_011825_588069.png,8/8/p2k2pp/P2p1p2/3K3P/4PP2/6P1/8,,,,,,,,
board_20260227_011840_428064.png,8/1p5p/5kp1/p2p1p2/8/1P2P1P1/P3KP1P/8,,,,,,,,
board_20260227_011913_395432.png,8/7p/ppp2kp1/8/PPPP2P1/8/4K3/8,,,,,,,,
board_20260227_011922_187052.png,8/8/5k2/3K1p1p/4p1p1/4P1P1/5PP1/8,,,,,,,,
board_20260227_011930_467733.png,8/8/5k2/3K4/4pppp/4P1P1/5PP1/8,,,,,,,,
board_20260227_011940_442952.png,8/6p1/3k4/pppp1K2/5P2/2P5/PP4P1/8,,,,,,,,
board_20260227_011951_507039.png,8/6p1/3k4/1p1p1KP1/p1p2P2/P1P5/1P6/8,,,,,,,,
board_20260227_012019_315161.png,8/8/5pp1/4k2p/2P4P/4K1P1/8/8,,,,,,,,
board_20260227_012047_883860.png,8/8/5p2/4k1pp/2P3PP/4K3/8/8,,,,,,,,
board_20260227_012057_012026.png,8/8/5pp1/p1p1k2p/P1P1P2P/4K1P1/8/8,,,,,,,,
board_20260227_012108_515763.png,8/8/5p1k/p1p3pP/P1P1P1K1/8/8/8,,,,,,,,
board_20260227_012117_203878.png,8/5k2/3P1p2/4p2p/7P/6P1/4pK2/8,,,,,,,,
board_20260227_012134_555019.png,7k/7p/8/3pP3/1pp4P/5P2/P7/K7,,,,,,,,
board_20260227_012203_819673.png,8/5k2/ppp2p2/3p2pP/PP1P2K1/4P3/2P5/8,,,,,,,,
board_20260227_012214_563814.png,8/5k2/ppp5/7P/PPPPppp1/8/5K2/8,,,,,,,,
board_20260227_012247_468207.png,8/p5pp/1p1k1p2/3p4/3P4/5P2/PP3KPP/8,,,,,,,,
board_20260227_012258_852212.png,8/p6p/1p3p2/1k1p2p1/3P4/2K2P2/PP4PP/8,,,,,,,,
board_20260227_012310_387996.png,8/p3kpp1/1p5p/8/2K2P2/7P/PP4P1/8,,,,,,,,
board_20260227_012329_051680.png,1k6/p4pp1/Kp5p/8/5P2/7P/PP4P1/8,,,,,,,,
board_20260227_012348_027982.png,8/8/p3pk2/1p5p/1P2KP1P/8/P7/8,,,,,,,,
board_20260227_012418_811982.png,8/p7/4pk2/1p5p/1P2KP1P/P7/8/8,,,,,,,,
board_20260227_012418_845989.png,8/8/p3pkp1/1p6/1P2KP2/8/P6P/8,,,,,,,,
board_20260227_012437_443976.png,8/5p2/8/2p1k3/ppp1P3/P1P2KP1/1P6/8,,,,,,,,
board_20260227_012509_291966.png,8/8/4kp2/2p5/ppp1PKP1/P1P5/1P6/8,,,,,,,,
board_20260227_012523_411857.png,8/8/5p2/2p1k3/ppp1P3/P1P2KP1/1P6/8,,,,,,,,
board_20260227_012532_883903.png,8/8/3k1p2/2p5/ppp1P3/P1P1K1P1/1P6/8,,,,,,,,
board_20260227_012542_859661.png,8/8/4kp2/2p5/p1p1PK2/PpP3P1/1P6/8,,,,,,,,
board_20260227_012553_027204.png,8/7p/6p1/5p2/2k2P2/4KP2/7P/8,,,,,,,,
board_20260227_012602_754948.png,8/8/6pp/5p2/3k1P2/5P1P/4K3/8,,,,,,,,
board_20260227_012610_547057.png,8/p7/1pk5/8/P1K5/8/8/8,,,,,,,,
board_20260227_012628_642952.png,2R5/8/5p2/4p2p/4P2P/3k1P2/1p4K1/1r6,,,,,,,,
board_20260227_012637_763946.png,8/8/5p2/4p2p/4P2P/5P2/3k2K1/8,,,,,,,,
board_20260227_012812_276038.png,8/5k2/1p6/p6R/Pr6/4K3/8/8,,,,,,,,
board_20260227_012827_482928.png,8/5k2/1p6/pP6/8/4K3/8/8,,,,,,,,
board_20260227_012835_314914.png,8/5k2/6p1/6Pp/8/5K2/8/8,,,,,,,,
board_20260227_012914_331624.png,8/8/8/1p1k4/1P4p1/2PK1p2/7P/8,,,,,,,,
board_20260227_013124_707471.png,8/8/4k3/1p6/1P4p1/2P2p2/3K3P/8,,,,,,,,
board_20260227_013134_931561.png,8/7p/1p6/1P2kPp1/4p1P1/7P/8/7K,,,,,,,,
board_20260227_013145_811375.png,8/7p/1p1k4/1P3Pp1/4p1P1/7P/3K4/8,,,,,,,,
board_20260227_013159_019780.png,8/7p/p2k4/P4Pp1/4p1P1/7P/3K4/8,,,,,,,,
board_20260227_013217_675860.png,8/p5k1/1pQP4/3K2p1/4P3/8/q7/8,w,,,,,,,
board_20260227_013233_202854.png,8/5p2/2k5/K7/8/1P6/8/8,,,,,,,,
board_20260227_013244_139683.png,8/1k6/p7/4Ppp1/3K4/5P2/7P/8,,,,,,,,
board_20260227_013304_107651.png,4k3/4P3/4K3/8/p4Pp1/8/7P/8,,,,,,,,
board_20260227_013320_346845.png,8/3kP2P/8/5p2/3K1p2/8/p7/8,,,,,,,,
board_20260227_013331_667840.png,8/6p1/1k3pP1/p2KpP2/8/2P2P2/8/8,,,,,,,,
board_20260227_013345_211836.png,8/6p1/5pP1/1k1KpP2/p1P5/5P2/8/8 b - - 0 1,b,,,,,,,
board_20260227_013355_106835.png,8/7p/4k3/pK4p1/P4p2/5P2/5P1P/8,,,,,,,,
board_20260227_013423_267294.png,8/K1k5/Pp6/7p/7p/8/6P1/8,,,,,,,,
board_20260227_013453_412828.png,8/8/5kp1/8/8/6K1/5P1P/8,,,,,,,,
board_20260227_013509_610814.png,8/8/5k2/6p1/8/6K1/5P1P/8,,,,,,,,
board_20260227_013627_211668.png,8/2p1k1pp/8/1pp4P/p7/P7/1PPK1PP1/8,,,,,,,,
board_20260227_013637_371477.png,8/6pp/pp3p2/2p1k3/2p1P3/2P1KPP1/PP5P/8,,,,,,,,
board_20260227_013649_219794.png,8/6p1/3k1p1p/2p2P2/ppp1PKPP/P1P5/1P6/8,,,,,,,,
board_20260227_013702_234787.png,8/6pp/8/4p1kP/p1N5/2K2P2/8/8,,,,,,,,
board_20260227_013716_219058.png,8/p6p/1p1k4/1Pp5/8/5K2/P3N3/8,,,,,,,,
board_20260227_013736_059690.png,8/p6p/1p6/8/2K2N2/k7/P7/8,,,,,,,,
board_20260227_013810_242771.png,8/7p/8/3n1p2/5P2/1N4PP/2k1K3/8,,,,,,,,
board_20260227_013823_379282.png,6n1/7p/8/3k1PK1/5P2/7P/8/8,,,,,,,,
board_20260227_013836_435732.png,8/8/N5K1/1p1k4/2p5/P7/1P6/8,,,,,,,,
board_20260227_013904_122656.png,8/8/6K1/1p6/8/PPk5/8/N7,,,,,,,,
board_20260227_013904_157663.png,8/8/1K3k2/4p3/7p/5N1P/8/8,,,,,,,,
board_20260227_013912_403494.png,8/8/8/8/2K1k2p/7P/4N3/8,,,,,,,,
board_20260227_013923_635757.png,8/8/3n2p1/5PPp/2k1P2P/4K3/8/8,,,,,,,,
board_20260227_013953_538745.png,8/4Nk2/p7/4p3/2P2p1p/1P1K4/P7/8,,,,,,,,
board_20260227_014020_250733.png,8/8/p5k1/4p3/2P2pN1/1P1K3p/P7/8,,,,,,,,
board_20260227_014020_285742.png,8/8/p7/5k2/2PKpp2/1P5p/P6N/8,,,,,,,,
board_20260227_014034_171617.png,8/4N3/5K2/2k5/p7/8/8/8,,,,,,,,
board_20260227_014103_571731.png,8/8/5K2/1k6/3n3P/8/8/8,,,,,,,,
board_20260227_014103_605737.png,8/8/8/8/2N2kp1/K7/8/8,,,,,,,,
board_20260227_014121_962723.png,3b4/8/4P1N1/pk5p/6P1/3K4/8/8,,,,,,,,
board_20260227_014137_314717.png,8/8/8/pk6/6P1/3K2N1/7p/8,,,,,,,,
board_20260227_014158_946711.png,8/8/8/8/p7/1k2N3/5Kp1/8,,,,,,,,
board_20260227_014158_982080.png,8/6pp/8/8/pk2N3/4K1P1/7P/8,,,,,,,,
board_20260227_014230_146704.png,3k2K1/8/8/1p1B2p1/8/8/8/8,,,,,,,,
board_20260227_014244_651266.png,3k1K2/8/8/6p1/1p6/8/8/3B4,,,,,,,,
board_20260227_014244_685275.png,3k2K1/8/5p2/8/8/2p5/2B5/8,,,,,,,,
board_20260227_014252_963700.png,8/8/6KB/4kp2/p7/8/8/8,,,,,,,,
board_20260227_014303_955576.png,8/6B1/8/4kp2/7K/8/p7/8 b - - 0 1,b,,,,,,,
board_20260227_014327_098690.png,8/8/8/8/4BK2/1pk3p1/8/8,,,,,,,,
board_20260227_014335_346690.png,8/5Pb1/1K4k1/P7/8/8/8/8,,,,,,,,
board_20260227_014353_363408.png,8/8/8/2K1k1p1/8/1p6/8/1B6,,,,,,,,
board_20260227_014401_371562.png,8/8/8/8/4B1p1/6k1/1p2K3/8,,,,,,,,
board_20260227_014410_090685.png,8/8/8/8/8/5kp1/3K4/1B6,,,,,,,,
board_20260227_014428_106673.png,8/6p1/4B2p/8/6P1/p3k1K1/6P1/8,,,,,,,,
board_20260227_014437_378670.png,8/8/7p/6p1/2B3P1/p7/5kPK/8,,,,,,,,
board_20260227_014517_290659.png,8/8/4B2p/7K/6P1/p5k1/8/8,,,,,,,,
board_20260227_014529_618657.png,8/6p1/4B3/6K1/8/p4kP1/8/8,,,,,,,,
board_20260227_014541_547662.png,8/1p6/2p4p/p7/P7/3k1B2/1P4K1/8,,,,,,,,
board_20260227_014604_683021.png,8/1p6/2p4p/p7/P7/k7/3K4/3B4,,,,,,,,
board_20260227_014616_538972.png,8/8/7p/pp6/8/k7/2K5/3B4,,,,,,,,
board_20260227_014626_650830.png,8/5p2/4p1p1/6k1/8/2K2B2/8/8,,,,,,,,
board_20260227_014633_747644.png,8/8/5k2/1B3p2/3Kp1p1/8/8/8,,,,,,,,
board_20260227_014712_827637.png,8/4p1k1/8/3P1B1p/5Rp1/4p1r1/5r2/5R1K,,,,,,,,
board_20260227_014723_962634.png,8/4p1k1/8/3P1B1p/8/4pp2/8/7K,,,,,,,,
board_20260227_014817_141482.png,6B1/2p2pp1/2p5/p3K3/1kP5/6P1/5P1P/8,,,,,,,,
board_20260227_014853_291299.png,1k6/8/6p1/5p2/3K1P1P/3P2P1/b7/8,,,,,,,,
board_20260227_014920_067610.png,6b1/6K1/7P/5p2/4kP2/6P1/8/8,,,,,,,,
board_20260227_014920_102618.png,8/8/7p/6bK/5kPP/8/8/8,,,,,,,,
board_20260227_015000_138596.png,8/8/7p/6bK/6PP/5k2/8/8,,,,,,,,
board_20260227_015011_746585.png,8/1B6/3k3p/PK4p1/2n2p2/7P/6P1/8,,,,,,,,
board_20260227_015026_011454.png,8/8/8/6pp/4Kp2/5BkP/6P1/8,,,,,,,,
board_20260227_015041_906582.png,8/1P6/r1K5/8/8/7k/8/8,w,,,,,,,
board_20260227_015108_018571.png,8/2P5/1K5k/3r4/8/8/8/8,,,,,,,,
board_20260227_015108_052939.png,8/8/1KP5/3r4/8/8/8/k7,,,,,,,,
board_20260227_015142_475309.png,8/1Q6/8/p1p5/k1p5/2P1r3/1p3K2/8,,,,,,,,
board_20260227_015213_611240.png,8/8/8/8/Q1p5/2k1K3/1p6/8,,,,,,,,
board_20260227_015226_122556.png,3r4/8/3B4/1KP3Rp/4k1bP/8/8/8,,,,,,,,
board_20260227_015251_667406.png,8/8/8/6P1/8/7P/1rk2P1K/8,,,,,,,,
board_20260227_015308_386542.png,8/8/8/6P1/8/3k1PKP/1r6/8,,,,,,,,
board_20260227_015317_771255.png,8/5k2/8/5KPP/5P2/8/1r6/8,,,,,,,,
board_20260227_015337_507269.png,8/7K/5kP1/7P/8/8/8/5r2,,,,,,,,
board_20260227_015352_082533.png,8/8/KR3pk1/5p1p/8/8/8/8,,,,,,,,
board_20260227_015400_603535.png,8/8/5R2/8/2K2p1p/5k2/8/8,,,,,,,,
board_20260227_015427_403047.png,R7/8/5p2/3p2p1/3K1k2/8/8/8,,,,,,,,
board_20260227_015437_571267.png,8/8/5p2/3K4/6p1/R4k2/8/8 b - - 0 1,b,,,,,,,
board_20260227_015446_306523.png,8/8/P7/8/8/2P1k3/KP6/5r2,,,,,,,,
board_20260227_015503_771202.png,8/8/P7/8/8/2P1k3/KP6/5r2,,,,,,,,
board_20260227_015512_531214.png,8/r7/8/2K5/1P2k3/2P5/8/8,,,,,,,,
board_20260227_015528_843220.png,8/8/8/8/1PK5/7P/6Pk/1r6,,,,,,,,
board_20260227_015537_931295.png,8/8/1PK1k3/8/8/7P/6P1/1r6,,,,,,,,
board_20260227_015557_162834.png,2R5/8/8/8/5K2/3k1PP1/2p5/4r3,,,,,,,,
board_20260227_015613_803358.png,8/8/8/8/5KP1/5P2/4k3/2r5,,,,,,,,
board_20260227_015708_178488.png,8/1p6/4P3/6P1/3Pr3/P1Pk2pK/1P4P1/8,,,,,,,,
board_20260227_015708_214498.png,8/1p6/1r6/6P1/1P1Pk1K1/P1P5/6P1/8,,,,,,,,
board_20260227_015733_627484.png,8/1p6/1r6/3k2P1/2PP2P1/P4K2/1P6/8 b - - 0 1,b,,,,,,,
board_20260227_015749_259475.png,7R/8/3kp3/5p2/6p1/8/6K1/8,,,,,,,,
board_20260227_015821_634468.png,8/8/4k3/3p3R/3Kpp2/8/8/8,,,,,,,,
board_20260227_015838_418464.png,8/4k3/R7/3p4/3Kp3/5p2/8/8,,,,,,,,
board_20260227_015857_338459.png,R7/5pkp/4p1p1/p7/8/5K2/8/8,,,,,,,,
board_20260227_015911_874924.png,8/5k2/R7/p4ppp/3Kp3/8/8/8,,,,,,,,
board_20260227_015921_618473.png,8/8/P7/1P6/3k4/8/5r2/2K5,,,,,,,,
board_20260227_015939_658451.png,8/PP6/r7/8/8/2k5/8/1K6,,,,,,,,
board_20260227_020007_194928.png,8/5R2/P5r1/1P6/4kn2/7K/7P/8,w,,,,,,,
board_20260227_020057_867123.png,r7/P6K/1P3k2/8/8/7P/8/8,,,,,,,,
board_20260227_020114_107163.png,5R2/1p6/8/2p1K1k1/8/6pp/8/8,,,,,,,,
board_20260227_020130_451106.png,5k2/1p6/5K2/2p5/8/R7/6pp/8,,,,,,,,
board_20260227_024052_914481.png,8/ppp4p/3p4/P1PP4/1P6/5K1k/8/8,,,,,,,,
board_20260227_024111_626067.png,8/2K5/1pPp4/1P1P4/8/8/6k1/7q,,,,,,,,
board_20260227_024132_354428.png,8/2KP4/1p6/8/1P4k1/8/8/7q,,,,,,,,
board_20260227_024148_506649.png,8/3P4/p1K5/1p6/1P5k/P7/8/6q1,,,,,,,,
board_20260227_024208_058051.png,5Q2/p7/8/6Kp/8/Pp6/k7/8,,,,,,,,
board_20260227_024228_073680.png,6Q1/5K2/8/8/pp6/8/k4P2/8,,,,,,,,
board_20260227_024244_994563.png,8/5K2/8/8/pk6/1p6/5P2/Q7,,,,,,,,
board_20260227_024255_786465.png,8/8/8/8/p2K4/3Q4/kp3P2/8,,,,,,,,
board_20260227_024341_162017.png,8/8/KP3p2/P7/4P1k1/8/8/7q,,,,,,,,
board_20260227_024416_810166.png,8/1P6/K4p2/P7/3qP1k1/8/8/8,,,,,,,,
board_20260227_024416_845164.png,8/qPK5/P4p2/8/4Pk2/8/8/8,,,,,,,,
board_20260227_184134_449157.png,8/1P6/K4p2/P7/3qP1k1/8/8/8,,,,,,,,
board_20260227_184228_086749.png,8/qPK5/P4p2/8/4Pk2/8/8/8,,,,,,,,
board_20260227_184254_726742.png,1Q6/8/K7/P3p3/6k1/8/8/1q6,,,,,,,,
board_20260227_184316_022746.png,K7/1P6/P4p2/8/4q1k1/8/8/8,,,,,,,,
board_20260227_184325_430723.png,8/1K6/p7/P5p1/1P5p/7P/5kP1/8,,,,,,,,
board_20260227_184403_462725.png,Q7/8/8/1K6/1P5p/6pk/8/8,,,,,,,,
board_20260227_184430_902719.png,8/5b2/p2k4/1p1p1p1p/1P1K1P1P/2P1PB2/8/8,,,,,,,,
board_20260227_190019_103493.png,8/5b2/p2k4/1p1p1p1p/1P1K1P1P/2P1PB2/8/8,,,,,,,,
board_20260227_190030_151491.png,8/1p1b2k1/p1p1p1p1/2P1P2p/1P3P1P/P2B1K2/8/8,,,,,,,,
board_20260227_190045_270474.png,8/1pk2b2/p1p1p1p1/K1P1P2p/1P3P1P/P2B4/8/8,,,,,,,,
board_20260227_190115_030468.png,8/3bpk2/3p2p1/1p1P2P1/pP1K1P2/P2B4/8/8,,,,,,,,
board_20260227_190124_998466.png,8/7p/p5k1/1pb2pP1/5P2/P1Pp2K1/1P6/2B5,,,,,,,,
board_20260227_191429_703155.png,8/3b4/3k1p1p/1p1p2pB/3K3P/2P3P1/1P3P2/8,,,,,,,,
board_20260227_191439_406255.png,8/3b4/3k1p1p/1p1p2pB/3K3P/2P3P1/1P3P2/8,,,,,,,,
board_20260227_191458_343690.png,b7/8/3k1p1p/1p1p4/2PK1P1P/1P3B2/8/8,,,,,,,,
board_20260227_191509_830125.png,8/1p5p/p2kb1p1/P2p4/1K3P2/1P1BP3/7P/8,,,,,,,,
board_20260227_191526_815269.png,8/1p5p/p2k2p1/P2p4/1P1K1P1P/3BPb2/8/8,,,,,,,,
board_20260227_191535_223681.png,8/1p3B2/p2k2p1/P2p3p/1P1KbP1P/4P3/8/8,,,,,,,,
board_20260227_191543_030239.png,8/pp3pp1/3k3p/3p1b2/3K4/4PP2/PP2B1PP/8,,,,,,,,
board_20260227_191553_398618.png,8/pp3ppp/3kb3/1B1p4/3K4/P3P3/1P3PPP/8,,,,,,,,
board_20260227_191602_231258.png,8/8/1p1kbp2/p2p2p1/3K4/P3P3/BP3PP1/8,,,,,,,,
board_20260227_191610_239672.png,8/8/3kb3/1p1p1pp1/p2K4/P3PPP1/BP6/8,,,,,,,,
board_20260227_191619_774242.png,8/6pp/p3k3/3pbp2/P7/3KBP1P/6P1/8,,,,,,,,
board_20260227_191741_135651.png,3B4/7p/p5k1/3pb3/P7/5K2/6P1/8,,,,,,,,
board_20260227_191749_622208.png,8/5p2/3p2p1/4bk1p/8/5PPP/5K2/4B3,,,,,,,,
board_20260227_191812_870214.png,8/p3k2B/1p3p1p/3b2p1/1P1P4/P3KPP1/7P/8,,,,,,,,
board_20260227_191812_902244.png,8/1b6/3k4/p5p1/P2P4/1B2K1P1/8/8,,,,,,,,
board_20260227_192937_694167.png,8/4kp2/1p1b2p1/3p2p1/PP1P2P1/8/4KP2/4B3,,,,,,,,
board_20260227_192951_102812.png,7r/1ppk1p2/p1pb2p1/8/4PP2/2P1B1P1/PP4K1/4R3,,,,,,,,
board_20260227_193000_758165.png,8/p7/1p2k3/4b1p1/1P2KpP1/P7/5P2/2B5,,,,,,,,
board_20260227_193010_734677.png,8/p1b5/1P2k3/1P4p1/4KpP1/2B2P2/8/8,,,,,,,,
board_20260227_193050_526140.png,8/1b6/6pp/4k3/1PK1p3/6P1/4B2P/8,,,,,,,,
board_20260227_193102_182159.png,8/K7/7p/1P1b2p1/3kp3/6P1/4B2P/8,,,,,,,,
board_20260227_193254_246775.png,b7/8/6p1/1P3k1p/3Kp2P/6P1/4B3/8,,,,,,,,
board_20260227_193309_790946.png,8/1b6/6pp/4k3/1P2p3/2K3P1/4B2P/8,,,,,,,,
board_20260227_193330_526338.png,4B3/8/1P1k2pp/5b2/8/2K1p1P1/7P/8,,,,,,,,
board_20260227_193342_206370.png,8/8/1pb3p1/p3k2p/2P1p2P/PP2K1P1/6B1/8,,,,,,,,
board_20260227_193353_198103.png,8/1B6/8/1b2k1pp/1P2p2P/4K1P1/8/8,,,,,,,,
board_20260227_193423_022657.png,8/8/6B1/1Pk3Kp/7P/8/4b3/8,,,,,,,,
board_20260227_193443_286095.png,8/2k5/4p1p1/1PK2p2/3B3p/5PbP/6P1/8,,,,,,,,
board_20260227_193702_334062.png,8/1k6/1P2p1p1/2K2pB1/7p/5PbP/6P1/8,,,,,,,,
board_20260227_193735_821912.png,1k6/8/1b2pp2/6p1/2P4p/5K1P/2B5/8,,,,,,,,
board_20260227_193742_733910.png,8/8/3k1p2/2b1p1p1/4K1Bp/7P/8/8,,,,,,,,
board_20260227_193754_069907.png,3k4/p7/6B1/1P6/1Pp5/b2p4/6P1/3K4,,,,,,,,
board_20260227_193806_013904.png,8/8/p1k1p3/P1P2p2/1PPb1p1p/5Pp1/2K5/5B2,,,,,,,,
board_20260227_193813_997899.png,8/bk6/8/5p2/4pp1p/5PpB/4K3/8,,,,,,,,
board_20260227_193823_253900.png,8/8/1b6/5p2/3kpp1p/5PpB/4K3/8,,,,,,,,
board_20260227_193844_781895.png,8/3k4/3P2p1/1p2Kb1p/pB5P/P5P1/1P6/8,,,,,,,,
board_20260227_193844_817904.png,8/3k1p2/3P4/1pK4p/p4P1P/P1B5/1P6/5b2,,,,,,,,
board_20260227_193856_069892.png,8/p3kp2/4p2p/7P/BpK3P1/5P2/3b4/8,,,,,,,,
board_20260227_193908_053889.png,8/3B4/5p1p/p3p2P/1p1k2P1/1K3P2/8/4b3,,,,,,,,
board_20260227_193919_846640.png,8/8/2B2p1p/p1b1p2P/1p3kP1/1K3P2/8/8,,,,,,,,
board_20260227_193928_246597.png,8/4b3/5p1p/p2Bp2P/1p3kP1/1K3P2/8/8,,,,,,,,
board_20260227_193943_149881.png,8/8/2bpk3/pp2p2p/r3P2P/P1P2K2/2P5/2B1R3,,,,,,,,
board_20260227_193953_037878.png,8/4B3/8/1p1p3p/p3p2P/P1P1K1k1/2b5/8,,,,,,,,
board_20260227_194001_781875.png,8/5k2/4p3/1p4p1/1P1B4/4K3/6b1/8,,,,,,,,
board_20260227_194009_685873.png,8/2B5/4p3/1p3kp1/1P1K4/8/6b1/8,,,,,,,,
board_20260227_194016_157872.png,8/8/4pkp1/p7/2K1B3/P5b1/8/8,,,,,,,,
board_20260227_194023_670472.png,8/2b5/3k3p/1P3P1P/4K3/8/8/5B2,,,,,,,,
board_20260227_194037_422234.png,3b4/8/3k3p/1P1B1P1P/4K3/8/8/8,,,,,,,,
board_20260227_194049_301863.png,8/8/3k1b1p/1P3P1P/4K1B1/8/8/8,,,,,,,,
board_20260227_194123_533856.png,8/4p3/3p4/2pP2b1/2P1P3/5Bkp/4K3/8,,,,,,,,
board_20260227_194131_142877.png,8/8/6P1/1p3k1P/1P5K/2B5/4b3/8,,,,,,,,
board_20260227_194146_101862.png,2B5/8/1b1kp3/5pp1/8/7P/6K1/8,,,,,,,,
board_20260227_194208_734690.png,2B5/8/1b3k2/3K1pp1/4p3/7P/8/8,,,,,,,,
board_20260227_194208_767697.png,4bk2/R7/1p2r3/2p3p1/p5P1/P6P/1P1B1K2/8,,,,,,,,
board_20260227_194223_894864.png,8/1p3k2/p7/P6P/4p1PK/5b2/3B4/8,,,,,,,,
board_20260227_194236_047279.png,8/1p3k2/p7/P5PP/3B3K/8/4b3/8,,,,,,,,
board_20260227_194244_342858.png,8/4k3/pp6/2pPb3/P1P1P3/5Kp1/8/1B6,,,,,,,,
board_20260227_194301_293900.png,8/8/1k6/1PpPb3/4P3/5Kp1/8/5B2,,,,,,,,
board_20260227_194357_006841.png,8/8/1p2Bk2/1Pp2P2/P5Kp/7P/2P5/4b3,,,,,,,,
board_20260227_194453_486827.png,8/8/1p2Bk2/1Pp2P2/P5Kp/7P/2P5/4b3,,,,,,,,
board_20260227_194512_062268.png,8/8/4Bk2/pPp2P2/6Kp/6bP/2P5/8,,,,,,,,
board_20260227_194546_861802.png,8/p7/1p1b4/1B6/P1Pk4/6p1/6K1/8,,,,,,,,
board_20260227_194555_143227.png,8/1B6/pp1b4/8/PkP5/6p1/6K1/8,,,,,,,,
board_20260227_194601_838549.png,8/8/3k4/6P1/1p2BPK1/2b5/8/8,,,,,,,,
board_20260227_194610_222207.png,8/1p1k1Bp1/2p2b1p/p6P/P4P2/1P2P1P1/4K3/8,,,,,,,,
board_20260227_194618_581794.png,8/4k1p1/8/p1p1PKpP/P1B2P2/8/3b4/8,,,,,,,,
board_20260227_194626_069791.png,8/p7/5k2/pPp1p3/2P3Kb/8/8/3B4,,,,,,,,
board_20260227_194634_325836.png,8/p7/8/pPp1p3/2P1K3/1B6/3k4/b7,,,,,,,,
board_20260227_194647_389932.png,8/8/1p6/p1p1pk2/B1P5/5K2/3b4/8,,,,,,,,
board_20260227_194655_006106.png,8/8/1p6/pBp1p3/2Pb4/8/4K3/6k1,,,,,,,,
board_20260227_194707_813933.png,8/8/5k2/p1p1p3/B1PbK3/8/8/8,,,,,,,,
board_20260227_194707_845942.png,8/8/2p3k1/1p1p1p2/1B1PbK2/8/8/8,,,,,,,,
board_20260227_194718_973779.png,8/6k1/3p4/2pPp2p/PbP1B3/6P1/5PK1/8,,,,,,,,
board_20260227_194726_709777.png,8/8/3p1k2/b1pP3B/P1P1KP2/8/8/8,,,,,,,,
board_20260227_194736_245763.png,8/1p3k1p/p1bPp3/P3B1K1/8/5P2/1P4P1/8,,,,,,,,
board_20260227_195126_637843.png,6k1/1p4Bp/p1bPp2K/P5P1/5P2/8/1P6/8,,,,,,,,
board_20260227_195134_773850.png,8/P7/4k1p1/2B4p/5K2/6P1/1P4bP/8,,,,,,,,
board_20260227_195142_382147.png,b7/P7/6p1/1P3k2/3K3P/8/5B2/8,,,,,,,,
board_20260227_195151_774273.png,1K6/8/2k1b1pB/1p2Pp1p/3P3P/2P3P1/8/8,,,,,,,,
board_20260227_195200_766531.png,1K6/8/2k1b1p1/1p2Pp1p/3P1B1P/2P3P1/8/8,,,,,,,,
board_20260227_195208_126563.png,8/4K3/2k3p1/1p2Pp1p/2b2B1P/2P3P1/8/8,,,,,,,,
board_20260227_195217_414834.png,8/pbR1r1kp/6p1/1p6/4PB2/P2P4/6PP/6K1,,,,,,,,
board_20260227_195225_301831.png,2B5/8/3kp3/1P3pp1/3b4/7P/6K1/8,,,,,,,,
board_20260227_195232_582174.png,2B5/8/1b3k2/3K1pp1/4p3/7P/8/8,,,,,,,,
board_20260227_195240_446233.png,8/8/4kpp1/3p1b2/p6P/2B5/6P1/6K1,,,,,,,,
board_20260227_195254_989819.png,8/p7/5k2/pPp1p3/2P3KP/8/8/3Bb3,,,,,,,,
board_20260227_195313_590108.png,8/5kp1/7p/1bP5/1P1B2P1/7P/8/6K1,,,,,,,,
board_20260227_195322_014020.png,8/6p1/7p/1bP5/1P4PP/3k4/3B1K2/8,,,,,,,,
board_20260227_195329_029886.png,8/3b2p1/7p/2P5/1P4PP/3k1K2/3B4/8,,,,,,,,
board_20260227_195338_342173.png,8/1b6/1p2k3/p1p3K1/P1P5/1P6/5B2/8,,,,,,,,
board_20260227_195346_838670.png,5b2/1p3k1p/p5p1/P2pP3/2p3B1/2P5/1P4PP/7K,,,,,,,,
board_20260227_195402_461818.png,8/5k1p/B5p1/3pP3/2p5/2P3P1/1P5P/2b4K,,,,,,,,
board_20260227_195420_270488.png,8/8/4k3/3nP3/3PK3/8/3B4/8,,,,,,,,
board_20260227_195420_303495.png,8/1p6/p7/8/3nB1k1/P7/5PPK/8,,,,,,,,
board_20260227_195433_558107.png,8/8/8/6k1/4BnP1/5P2/1K6/8,,,,,,,,
board_20260227_195433_591138.png,8/4n3/6k1/2K4p/3B3P/5PP1/8/8,,,,,,,,
board_20260227_195443_582082.png,8/8/6k1/3K1nP1/7P/8/5B2/8,,,,,,,,
board_20260227_195451_870402.png,6k1/1b6/pp3p2/1p5p/4p3/P1P1N2P/1P3PP1/6K1,,,,,,,,
board_20260227_195502_030003.png,8/3b4/1p4k1/pp2Kp1p/3Np2P/P1P5/1P3PP1/8,,,,,,,,
board_20260227_195519_021790.png,8/1p3p2/3b4/3k4/3p4/1P1N1P2/3K4/8,,,,,,,,
board_20260227_195519_055800.png,6k1/1pb4p/6p1/p2p4/8/3N3P/PP3PK1/8,,,,,,,,
board_20260227_195543_541776.png,8/8/1p6/p7/3p2k1/1P1Nb3/P3K3/8,,,,,,,,
board_20260227_195543_575785.png,8/8/1p6/p2k2p1/3p3p/1P1N1PbP/P7/5K2,,,,,,,,
board_20260227_195550_957785.png,8/8/1p6/p2k4/3p3p/1P1N1PbK/P7/8,,,,,,,,
board_20260227_195559_398765.png,6k1/2p3p1/2pb3p/p2p4/N7/1PP2P1P/P7/4K3,,,,,,,,
board_20260227_195618_478433.png,8/2p3p1/3bk2p/p1pp4/2P5/1P1N1P1P/P7/4K3,,,,,,,,
board_20260227_195618_512445.png,6k1/5ppp/p2bp3/8/8/4P1P1/1P3PKP/2N5,,,,,,,,
board_20260227_195627_014011.png,8/4k2p/p2bp1p1/5p2/4P3/1P1N1PP1/6KP/8,,,,,,,,
board_20260227_195641_151771.png,4r3/pp5p/6k1/2P1Rppn/5p2/2B2P2/PPK3PP/8,,,,,,,,
board_20260227_195650_454126.png,4n3/pp5p/6k1/2P1Bpp1/5p2/5P2/PPK3PP/8,,,,,,,,
board_20260227_195706_501810.png,6k1/5p2/p7/5P1p/P7/3N2b1/8/7K,,,,,,,,
board_20260227_195706_531756.png,8/5pk1/p2b4/5P1p/P3N3/8/8/7K,,,,,,,,
board_20260227_195715_910043.png,8/5p2/p7/5P1k/P3N2p/6bK/8/8,,,,,,,,
board_20260227_195730_069755.png,8/5p2/p2b4/P1N2P1k/7p/7K/8/8,,,,,,,,
board_20260227_195730_103764.png,8/5p2/N2b1k2/P7/7K/8/8/8,,,,,,,,
board_20260227_195737_701757.png,8/8/4kppp/p3P3/P1N2P2/5bP1/7P/6K1,,,,,,,,
board_20260227_195746_861765.png,8/8/6pp/N2b4/P7/2k1K1P1/7P/8,,,,,,,,
board_20260227_195756_413757.png,5k2/3b2pp/p3p3/1p1pP3/8/2P5/PPN3PP/6K1,,,,,,,,
board_20260227_195807_846048.png,8/3b2pp/p3p3/1p1pP1k1/8/2P1N1P1/PP2K2P/8,,,,,,,,
board_20260227_195820_102507.png,8/2k5/p3p3/1pKpP2p/1P3NbP/2P5/P7/8,,,,,,,,
board_20260227_195829_118024.png,8/8/p2k1p2/1p1p2pp/1P1P3P/P3NPP1/5K2/1b6,,,,,,,,
board_20260227_195836_405734.png,8/8/p2k1K2/1p1p4/1P1P1N2/P4b2/8/8,,,,,,,,
board_20260227_195844_726438.png,8/4k3/p4pK1/1p1p4/1P1P1N2/P4P2/8/3b4,,,,,,,,
board_20260227_195853_829741.png,8/ppb4p/2p1k3/2P1p1p1/PPN1P1P1/2K4P/8/8,,,,,,,,
board_20260227_195902_693726.png,8/1p6/p3n1k1/3p1ppp/P2P4/3KBP2/1P4PP/8,,,,,,,,
board_20260227_195923_637727.png,8/8/3b2k1/2p1p3/2P1P1K1/5N2/8/8,,,,,,,,
board_20260227_195923_672736.png,8/8/2b2k2/1p1p4/1P1P1K2/4N3/8/8,,,,,,,,
board_20260227_195931_973721.png,8/8/3k2K1/2p1p1N1/2PbP3/8/8/8,,,,,,,,
board_20260227_195939_405717.png,2b5/4k3/8/1p1p2K1/1P1P1N2/8/8/8,,,,,,,,
board_20260227_195950_165716.png,8/4k3/p4pK1/1p1p4/1P1P1N2/P4P2/8/3b4,,,,,,,,
board_20260227_195957_725712.png,8/8/8/1p2N3/1PkP4/P3K3/6b1/8 b - - 0 1,b,,,,,,,
board_20260227_200007_357710.png,8/8/4kp2/pK2pN1p/P3P3/5P1P/3b4/8,,,,,,,,
board_20260227_200020_926158.png,8/8/5pk1/NK2p2p/P3P3/5P1P/8/4b3,,,,,,,,
board_20260227_200029_566570.png,8/1p2kppp/p3b3/3p4/3N4/4P3/PP3PPP/2K5,,,,,,,,
board_20260227_200037_806548.png,8/5bp1/1p1k1p1p/3p1P2/1P1K1NP1/4P3/7P/8,,,,,,,,
board_20260227_200059_054076.png,8/5bp1/1p1k1p2/1P1p1P1p/3K1N2/4P1P1/7P/8,,,,,,,,
board_20260227_200059_088085.png,8/8/1p1kbpp1/1P1p3p/3K1P2/2N1P1P1/7P/8,,,,,,,,
board_20260227_200107_686064.png,8/p4p1p/1pb1k1p1/3p4/3K1P2/P1N1P3/1P4PP/8,,,,,,,,
board_20260227_200120_309950.png,4b3/p6p/1p2k1pP/1P1p1pP1/P2K1P2/4P1N1/8/8,,,,,,,,
board_20260227_200128_534259.png,8/pp3kpp/1n3p2/8/3P4/P5P1/5P1P/2B1K3,,,,,,,,
board_20260227_200136_774432.png,8/6pp/5p2/3k3P/1pnP2P1/3K1P2/8/2B5,,,,,,,,
board_20260227_200145_414429.png,8/5kp1/7p/nPB1p3/5pPP/5P2/6K1/8,,,,,,,,
board_20260227_200152_373911.png,8/1n4B1/1P5p/5k2/5p2/5P2/5K2/8,,,,,,,,
board_20260227_200203_230557.png,8/4b2p/5p2/1N1k1p2/p7/P3P1P1/5PP1/5K2,,,,,,,,
board_20260227_200214_317695.png,8/p7/1pbk1pp1/8/3p1PP1/3P4/P1P1K2N/8,,,,,,,,
board_20260227_200222_437683.png,8/8/5pp1/2kb4/p2p1PP1/N2P4/2P5/2K5,,,,,,,,
board_20260227_200233_405678.png,8/7p/6p1/3k2K1/p1n4P/5P2/6P1/B7,,,,,,,,
board_20260227_200240_653689.png,8/7K/8/3k3p/6P1/p4P2/2n5/B7,,,,,,,,
board_20260227_200248_405750.png,4k3/4bp2/2P3pp/4p3/6P1/5K1P/3N1P2/8,,,,,,,,
board_20260227_200257_349669.png,8/8/2kbK2p/5p2/8/1N5P/5P2/8,,,,,,,,
board_20260227_200305_574010.png,6k1/p2b1ppp/8/8/3N4/1P6/5PPP/6K1,,,,,,,,
board_20260227_200313_629647.png,8/p4p2/b5pp/3k4/3N3P/1PK5/5PP1/8,,,,,,,,
board_20260227_200329_405675.png,5k2/p3rpp1/Bp3n1p/8/5P2/5K1P/PP4P1/3R4,,,,,,,,
board_20260227_200349_838352.png,8/p1n1kpp1/1p5p/8/2B1KP2/7P/PP4P1/8,,,,,,,,
board_20260227_200349_871866.png,5k2/p1n3p1/1p3pKp/8/2B2P1P/8/PP4P1/8,,,,,,,,
board_20260227_200357_445552.png,8/p1n1k1p1/1p6/4K1P1/8/7B/PP6/8,,,,,,,,
board_20260227_200405_861658.png,8/p1n1kp1p/1p4p1/8/4K2P/1B4P1/PP3P2/8,,,,,,,,
board_20260227_200420_846379.png,5k2/p1n5/1p3ppp/8/2B1KPPP/8/PP6/8,,,,,,,,
board_20260227_200431_461935.png,8/p7/1b6/1P6/1p1kp3/1P6/P2NK3/8,,,,,,,,
board_20260227_200442_181644.png,5n2/p7/P4k2/3K4/7p/8/4B1PP/8,,,,,,,,
board_20260227_200442_215654.png,5n2/p7/5k2/P2K4/7p/8/4B1PP/8,,,,,,,,
board_20260227_200451_893953.png,8/p3K3/P7/6k1/5n1p/8/6PP/5B2,,,,,,,,
board_20260227_200459_317645.png,5n2/K1k5/8/P7/7p/8/4B1PP/8,,,,,,,,
board_20260227_200506_285649.png,8/6p1/3b4/7p/5P2/p4NP1/P1k1K2P/8,,,,,,,,
board_20260227_200516_117634.png,5b2/5Pp1/6P1/8/8/p1N5/2K5/k7,,,,,,,,
board_20260227_200559_517885.png,8/8/8/p4p2/1pPkb1pp/1P5P/1P1K2P1/4N3,,,,,,,,
board_20260227_200609_957639.png,8/8/8/5p2/Ppk1b1pp/4K2P/1P4P1/4N3,,,,,,,,
board_20260227_200626_862313.png,8/7p/3k4/pb4p1/3KPp2/3N1P2/6PP/8,,,,,,,,
board_20260227_200626_896320.png,8/7p/3k4/p7/3KPN1p/5P2/6P1/5b2,,,,,,,,
board_20260227_200638_990176.png,8/1p3p2/1pp1nkp1/4p2p/PP2PP1P/2P2KPB/8/8,,,,,,,,
board_20260227_200648_645952.png,2Bn4/1p3p2/2pk2p1/P6p/4PP1P/2P2K2/8/8,,,,,,,,
board_20260227_200749_325599.png,4n3/1k3pp1/4p2p/p2pP2P/P5P1/2P1BP2/4K3/8,,,,,,,,
board_20260227_200758_429597.png,4nB2/6p1/2k1pp1p/p2pP2P/P4PP1/2PK4/8/8,,,,,,,,
board_20260227_200847_469885.png,4nB2/3k2p1/4p2p/p2pP2P/P4KP1/2P5/8/8,,,,,,,,
board_20260227_201021_597562.png,2k5/ppp2p2/8/2p5/2P1p1bp/PPK1P3/5PP1/2N5,,,,,,,,
board_20260227_201021_632583.png,8/5p2/3K4/3Np1k1/1p2P1bp/8/1P3PP1/8,,,,,,,,
board_20260227_201042_389570.png,8/N5pp/8/8/2nk1P2/6P1/P1Kp3P/8,,,,,,,,
board_20260227_201103_677560.png,8/8/p4K2/1p6/1P6/Pk3n1P/6N1/8,,,,,,,,
board_20260227_201321_245524.png,7Q/8/p4K2/8/8/1pk5/8/4n3,,,,,,,,
board_20260227_201420_061503.png,8/K5p1/1p5k/1P5p/P1n5/5N2/8/8,,,,,,,,
board_20260227_201430_573762.png,3n4/8/2p1pNk1/1pPpP3/pP1P2K1/8/1P6/8,,,,,,,,
board_20260227_201439_438541.png,8/4n3/2p1pNk1/1pPpP3/pP1P2K1/8/1P6/8,,,,,,,,
board_20260227_201448_534354.png,8/1n2k1K1/2p1p3/1pPpP1N1/pP1P4/8/1P6/8,,,,,,,,
board_20260227_201459_534275.png,3nk3/1p3p2/p2p1p1p/3P4/4P2P/PP5K/4N3/8,,,,,,,,
board_20260227_201509_125592.png,3nk3/1p6/p2N1p2/3P3p/4p2P/PP4K1/8/8 b - - 0 1,b,,,,,,,
board_20260227_201521_477806.png,4n3/1p1N1k1p/p2p1p1P/P1pP1K2/2P1P3/1P6/8/8,,,,,,,,
board_20260227_201709_629556.png,2N3k1/5p1p/3ppnp1/P7/4P2P/5PP1/5K2/8,,,,,,,,
board_20260227_201717_485770.png,8/1p6/6n1/p3k2p/4P3/P3K2N/1P6/8,,,,,,,,
board_20260227_201727_357455.png,8/8/4n3/8/p1k1P2p/K6N/1P6/8,,,,,,,,
board_20260227_201736_374126.png,8/p4N2/1p1p4/1PpP3p/2P2k1n/3K4/P7/8,,,,,,,,
board_20260227_201750_397451.png,8/p7/1p1N4/1PpPn3/2Pk3p/8/P4K2/8,,,,,,,,
board_20260227_201750_431459.png,8/p7/1p6/1P6/4k1K1/N1p5/P7/8,,,,,,,,
board_20260227_201800_829736.png,8/p3n3/1p1k4/1P2p3/PN1pPp2/5P2/8/4K3,,,,,,,,
board_20260227_202032_101412.png,8/p7/1p1k4/1P2p1n1/P2pPp2/3N1P2/4K3/8,,,,,,,,
board_20260227_202041_181886.png,8/p2n4/1p6/1P2p3/P3Pp2/3p1P1k/3N1K2/8,,,,,,,,
board_20260227_202058_789399.png,4n3/4P3/8/8/p4p2/5P1k/1p2K3/1N6,,,,,,,,
board_20260227_202058_823408.png,8/1n5k/2p1p1rp/p1P1P3/Pp1P2PK/1N6/5R2/8,,,,,,,,
board_20260227_202107_893408.png,8/1n4k1/2p1p3/p1P1P1K1/Pp1P4/1N6/8/8,,,,,,,,
board_20260227_202118_789711.png,8/1nk3p1/5p1p/1P1KpP1P/2N5/6P1/8/8,,,,,,,,
board_20260227_202128_997405.png,3n4/3k2p1/3N1p1p/1P1KpP1P/6P1/8/8/8,,,,,,,,
board_20260227_202138_685695.png,5k2/1n6/3p4/p2Pp3/P7/8/5NKP/8,,,,,,,,
board_20260227_202147_533691.png,8/4Knk1/3p4/p2Pp2P/P3N3/8/8/8,,,,,,,,
board_20260227_202208_629645.png,8/4Knk1/3p4/p2Pp2P/P3N3/8/8/8,,,,,,,,
board_20260227_202217_213654.png,8/1k6/2n5/7K/8/1N5P/8/8,,,,,,,,
board_20260227_202225_141391.png,8/1k6/5K2/8/5n1P/1N6/8/8,,,,,,,,
board_20260227_202231_781679.png,8/8/3k2K1/8/7P/6n1/5N2/8,,,,,,,,
board_20260227_202602_949314.png,8/8/5k2/P4p2/1n1p1N1P/5K2/8/8,,,,,,,,
board_20260227_202610_061709.png,8/8/8/P6k/1n1N1K2/8/8/8,,,,,,,,
board_20260227_202621_197325.png,8/8/4pp2/p2k1p1p/2pP1P2/2P3P1/3NK1nP/8,,,,,,,,
board_20260227_202629_933246.png,8/8/8/p2kPp1p/2p4P/2P3P1/3NK1n1/8,,,,,,,,
board_20260227_202639_037314.png,8/8/8/3kP2p/p1p2K1P/2P3P1/2n5/1N6,,,,,,,,
board_20260227_202646_949607.png,8/8/4k3/7p/p1N2P1n/2P5/4K3/8,,,,,,,,
board_20260227_202657_629326.png,6k1/3R4/5p2/1r6/5PPK/8/8/8,,,,,,,,
board_20260227_202738_797993.png,5k2/1R6/4pP2/r3P1p1/4P3/8/5K2/8,,,,,,,,
board_20260227_202747_557165.png,8/P1R2p2/4k3/8/2K5/r7/8/8,,,,,,,,
board_20260227_202914_429295.png,8/P1R5/8/1K2kp2/8/r7/8/8,,,,,,,,
board_20260227_202923_557272.png,8/P1R5/6k1/2K3p1/r7/8/8/8,,,,,,,,
board_20260227_202932_781272.png,6k1/5p2/6p1/1P1R3p/5P2/8/5KPP/1r6,,,,,,,,
board_20260227_202943_877273.png,r7/P3k3/R7/5P2/5K2/8/8/8,,,,,,,,
board_20260227_202951_333550.png,8/2r5/6k1/6p1/2p3K1/8/2R5/8,,,,,,,,
board_20260227_203000_269948.png,1R6/8/8/5k2/5p2/1p5r/4K3/8,,,,,,,,
board_20260227_203052_325951.png,8/1p1k3R/1pp5/8/1P1K4/r7/8/8 b - - 0 1,b,,,,,,,
board_20260227_203106_062120.png,8/8/6R1/5Pk1/1P4P1/8/5RK1/1r1r4 b - - 0 1,b,,,,,,,
board_20260227_203106_095819.png,8/8/5PR1/8/1r3KPk/6r1/5R2/8,w,,,,,,,
board_20260227_203113_941516.png,8/8/7p/7k/1P4R1/7P/1r4P1/5K2,,,,,,,,
board_20260227_203129_365261.png,5k2/p1p4R/1pr5/3p1pP1/P2P1P2/2P2K2/8/8,,,,,,,,
board_20260227_203139_237978.png,5k2/p1p4R/1p6/3p1pP1/P2P1P1K/5r2/8/8,,,,,,,,
board_20260227_203300_093731.png,5k2/p1p4R/1p6/3p1pP1/P2P1P1K/5r2/8/8,,,,,,,,
board_20260227_203308_630223.png,5k2/p1p4R/1p3KP1/3p1p2/P2r4/8/8/8,,,,,,,,
board_20260227_203326_750218.png,5r2/6kp/R2p2p1/1p2p3/1Pp5/2P1P2P/6P1/6K1,,,,,,,,
board_20260227_203338_125900.png,5r2/7p/6p1/4R3/1Pp5/2k1P2P/6P1/6K1,,,,,,,,
board_20260227_203350_629899.png,8/8/1r4kp/1pR2p1p/2p4K/2P5/1P4P1/8,,,,,,,,
board_20260227_203359_429209.png,8/8/7p/8/2R2p1p/2P1k1r1/1P4PK/8,,,,,,,,
board_20260227_203408_629144.png,8/8/7p/8/R4p2/2P1k1rP/1P5K/8,,,,,,,,
board_20260227_203426_589473.png,8/8/2p4p/R5p1/P4k2/1r3P2/5K2/8,,,,,,,,
board_20260227_203426_622492.png,8/p7/8/5p1k/3p4/r2P4/PR2KP2/8,,,,,,,,
board_20260227_203437_829206.png,8/p2R4/8/8/5p2/3P1k2/r4P2/4K3,,,,,,,,
board_20260227_203446_853203.png,8/8/1r6/R7/5p2/5k2/5P2/4K3,,,,,,,,
board_20260227_203456_157194.png,6R1/1p6/p1p2k2/P3p3/4P1P1/1r6/5K2/8,,,,,,,,
board_20260227_203505_829874.png,2R5/1p3k2/p1p5/4p1PK/4r3/8/8/8,,,,,,,,
board_20260227_203514_565876.png,8/R7/2p1k2p/p5p1/P7/1r3P2/5K2/8,,,,,,,,
board_20260227_203522_757186.png,8/8/8/2R3p1/2P2P2/1P3kP1/r6P/6K1,,,,,,,,
board_20260227_203530_693440.png,8/7R/8/4k3/P2p1p2/1P4r1/2P5/3K4,,,,,,,,
board_20260227_203539_709433.png,8/5R2/P7/8/3pk3/1P3p2/2P3r1/2K5,,,,,,,,
board_20260227_203550_765867.png,8/R5pp/2p1k3/2p2p2/2P5/1P2P1P1/P3r2P/6K1,,,,,,,,
board_20260227_203558_517178.png,8/8/8/2R3p1/2P2P2/1P3kP1/r6P/6K1,,,,,,,,
board_20260227_203606_501933.png,6k1/2R5/4pK2/5p2/3P1P2/4r3/8/8,,,,,,,,
board_20260227_204102_309139.png,1R6/6k1/1P4pp/8/6PP/8/1r6/3K4,,,,,,,,
board_20260227_204112_813211.png,8/p2R2p1/5p1p/r6P/3Pk3/6P1/5K2/8,,,,,,,,
board_20260227_204122_677626.png,8/p2R2p1/5p1p/7P/3Pk3/6P1/r7/6K1,,,,,,,,
board_20260227_204132_277095.png,6k1/pp4pp/3pp3/8/8/1KP5/PP2rPPP/7R,,,,,,,,
board_20260227_204216_765977.png,2r1k3/2pR1p2/pp6/4p1p1/4P1P1/P7/1PP2P2/5K2,,,,,,,,
board_20260227_204216_799984.png,r4k2/6pp/pR3p2/P7/8/6P1/5P1P/6K1,,,,,,,,
board_20260227_204227_637321.png,8/4k3/r4pp1/pR6/P4KP1/5P2/8/8,,,,,,,,
board_20260227_204237_845077.png,4rk2/6pp/pR3p2/P7/8/6P1/5P1P/6K1,,,,,,,,
board_20260227_204250_269763.png,8/3r1k1p/p1R2pp1/P7/2K3PP/5P2/8/8,,,,,,,,
board_20260227_204258_309766.png,8/6k1/6p1/R6p/4PP1P/1r4K1/6P1/8,w,,,,,,,
board_20260227_204306_013071.png,8/8/4k3/4P2R/3K3P/8/8/3r4,w,,,,,,,
board_20260227_204318_301080.png,5r2/8/1bpk2p1/1p1p4/3P1PP1/3KB3/1P6/5R2,,,,,,,,
board_20260227_204327_133924.png,5r2/8/8/1pkp1P2/8/3K4/1P6/5R2,,,,,,,,
board_20260227_204336_957346.png,8/5r2/4kP2/3p4/1p1K1R2/1P6/8/8,,,,,,,,
board_20260227_204345_989381.png,2r5/7p/4k1p1/1pp5/4PKP1/1PR5/7P/8,,,,,,,,
board_20260227_204358_333403.png,8/7p/6p1/2rkP3/2p2KPP/4R3/8/8,,,,,,,,
board_20260227_204405_349059.png,2r5/8/6p1/4k1Pp/4P2P/2pK4/2R5/8,,,,,,,,
board_20260227_204414_813371.png,3r4/p5p1/2k4p/4R3/8/6P1/5P1P/6K1,,,,,,,,
board_20260227_204422_997423.png,r7/6p1/7p/2k5/8/p5P1/R2K1P1P/8,,,,,,,,
board_20260227_204430_493019.png,8/r5p1/7p/8/4k3/p5P1/K2R1P1P/8,,,,,,,,
board_20260227_204440_964914.png,8/8/R6p/5kp1/5P2/6P1/3r4/1K6,,,,,,,,
board_20260227_204510_029052.png,R7/8/P4pp1/4pk1p/7P/3PKPP1/r7/8,,,,,,,,
board_20260227_204525_525114.png,R7/8/P4p2/4pk2/r7/4PK2/5P2/8,,,,,,,,
board_20260227_204533_557608.png,R7/8/P4p2/5k2/4p3/4P3/r4PK1/8,,,,,,,,
board_20260227_204543_269041.png,8/1R1Pk3/8/6p1/P4p1p/1p3K1P/6P1/1r6,,,,,,,,
board_20260227_204600_837409.png,6k1/R4p2/6pp/8/7P/6P1/p6K/r7,,,,,,,,
board_20260227_204600_871416.png,R7/P5k1/6p1/7p/4K2P/6P1/5P2/r7,,,,,,,,
board_20260227_204610_629581.png,8/R7/5pp1/5k1p/7P/6P1/p5K1/r7,,,,,,,,
board_20260227_204619_005127.png,R7/P3K1k1/r7/5p2/5P2/8/8/8,,,,,,,,
board_20260227_204640_293026.png,R7/8/5k2/P4p2/1r6/5PK1/8/8,,,,,,,,
board_20260227_204652_621016.png,R7/P6k/8/5p2/5K2/r4P2/8/8,,,,,,,,
board_20260227_204704_597024.png,R7/P5k1/6p1/r3K2p/7P/5P2/6P1/8,w,,,,,,,
board_20260227_204716_285021.png,2R5/8/5p2/4p2p/4P2P/3k1P2/1p4K1/1r6,,,,,,,,
board_20260227_204724_213019.png,R7/6k1/P7/6p1/r4pPp/5K1P/5P2/8,,,,,,,,
board_20260227_204732_213001.png,R7/P5k1/2K5/6p1/5pPp/7P/5P2/r7,,,,,,,,
board_20260227_204739_541107.png,R7/5pk1/6p1/P6p/4K2P/r4PP1/8/8,,,,,,,,
board_20260227_204754_157709.png,R7/P7/5pp1/5k1p/7P/r4PP1/4K3/8,,,,,,,,
board_20260227_204754_191730.png,8/R4p2/P5p1/5k1p/7P/r4PP1/4K3/8,,,,,,,,
board_20260227_204810_909464.png,R7/5p2/P4kp1/7p/4K2P/r4PP1/8/8,,,,,,,,
board_20260227_204810_943472.png,R7/5pk1/P5p1/3K3p/7P/r4PP1/8/8,,,,,,,,
board_20260227_204826_157002.png,R7/5p2/P4kp1/7p/7P/4K1P1/r4P2/8,,,,,,,,
board_20260227_204826_191187.png,8/R4p2/P4kp1/7p/7P/4K1P1/r4P2/8,,,,,,,,
board_20260227_204835_405237.png,8/R4p2/P4kp1/7p/7P/4K1P1/r4P2/8,,,,,,,,
board_20260227_204845_956983.png,K5R1/8/8/7p/7k/8/8/8,,,,,,,,
board_20260227_204903_453240.png,8/K7/6R1/7p/8/7k/8/8,,,,,,,,
board_20260227_204903_486259.png,R7/8/P4pp1/5k1p/7P/r4PP1/4K3/8,,,,,,,,
board_20260227_204913_109097.png,R7/P7/r4ppK/5k1p/7P/5PP1/8/8,,,,,,,,
board_20260227_204920_029981.png,R7/5p2/P4kp1/7p/4K2P/r4PP1/8/8,,,,,,,,
board_20260227_204928_269126.png,8/5pk1/PKR3p1/7p/7P/r7/8/8,,,,,,,,
board_20260227_204937_173249.png,8/R4p2/P4kp1/7p/3K3P/6P1/r4P2/8,,,,,,,,
board_20260227_205019_997123.png,8/R4p2/P4kp1/7p/3K3P/6P1/r4P2/8,,,,,,,,
board_20260227_205029_805649.png,6k1/1R3pp1/8/7p/7P/1P3KP1/5P2/1r6,,,,,,,,
board_20260227_205037_492955.png,1R6/5p2/1P2k1p1/7p/7P/4K1P1/1r3P2/8,,,,,,,,
board_20260227_205049_044972.png,1R6/5p2/1P3kp1/7p/3K3P/6P1/5r2/8,,,,,,,,
board_20260227_205156_981627.png,1R6/5pk1/1P4p1/7p/7P/5KP1/1r3P2/8,,,,,,,,
board_20260227_205209_612935.png,8/1R3p2/1P2k1p1/7p/3K3P/6P1/5P2/1r6,,,,,,,,
board_20260227_205218_493270.png,1R6/5p2/1P1k2p1/7p/2K4P/5PP1/8/1r6,,,,,,,,
board_20260227_205226_485618.png,R7/6k1/P4r2/2K5/8/8/8/8,,,,,,,,
board_20260227_205234_604942.png,8/3k4/R7/1KpP4/8/P7/8/2r5,,,,,,,,
board_20260227_205241_253751.png,8/3P1k2/1K6/8/3r4/2p5/4R3/8,,,,,,,,
board_20260227_205248_340934.png,8/1R1Pk3/8/7K/P4ppp/7P/1p4P1/1r6,,,,,,,,
board_20260227_205255_677653.png,3k4/3P4/8/7K/P6p/5PpP/1p1R4/1r6,,,,,,,,
board_20260227_205303_380936.png,7R/7P/8/8/8/1p2p3/1k5r/3K4,,,,,,,,
board_20260227_205311_780916.png,R7/8/P3kpp1/7p/7P/6P1/r4P2/5K2,,,,,,,,
board_20260227_205323_149673.png,R7/P7/5pp1/1K3k1p/7P/5PP1/8/r7,,,,,,,,
board_20260227_205338_604913.png,R7/P3r3/5pp1/7P/3K2k1/8/8/8,,,,,,,,
board_20260227_205338_638922.png,8/1k6/3R4/6Kp/7P/8/5r2/8,,,,,,,,
board_20260227_205357_588902.png,8/2k3pp/2p5/pp3PP1/7r/4K3/PPR4P/8,,,,,,,,
board_20260227_205407_964910.png,5r2/4kP1p/2p5/pp2K3/8/8/PP3R1P/8,,,,,,,,
board_20260227_205416_421437.png,3r4/p5p1/2k4p/4R3/8/6P1/5P1P/6K1,,,,,,,,
board_20260227_205425_077207.png,R7/r5p1/k6p/p7/8/6P1/5P1P/6K1,,,,,,,,
board_20260227_205432_653612.png,4R3/3r2p1/2k4p/8/p7/6P1/4KP1P/8,,,,,,,,
board_20260227_205441_236925.png,6k1/6p1/p6p/1pp1P3/3r4/P6P/1P4P1/4R1K1,,,,,,,,
board_20260227_205458_876837.png,8/4k3/2K2p2/4b1p1/6P1/5P2/8/5R2,,,,,,,,
board_20260227_205458_911845.png,8/4k3/2K1bp2/6p1/6P1/5P2/8/5R2,,,,,,,,
board_20260227_205505_917140.png,6r1/8/8/6p1/6P1/3k1K2/8/2B5,,,,,,,,
board_20260227_205513_997350.png,8/4k3/8/6p1/5bP1/2R2K2/8/8,,,,,,,,
board_20260227_205522_676888.png,8/8/1p1p4/1Pb5/k1K5/7R/8/8,,,,,,,,
board_20260227_205532_876900.png,8/8/1p1p4/1P6/8/5R2/k1K5/6b1,,,,,,,,
board_20260227_205545_092895.png,8/8/4b3/p4p1R/P4k2/6p1/8/6K1,,,,,,,,
board_20260227_205553_476880.png,8/8/8/R2bk3/P4p2/6p1/8/6K1,,,,,,,,
board_20260227_205601_580829.png,5r1k/4pp1p/1PB3p1/p7/P4P2/2P5/6P1/6K1,,,,,,,,
board_20260227_205617_077877.png,5r2/5p1p/1PB2kp1/p1P1p3/P4P2/8/6P1/6K1,,,,,,,,
board_20260227_205627_021462.png,1r6/1Pk1pp1p/6p1/p1K5/P4P2/2P2B2/6P1/8,,,,,,,,
board_20260227_205635_605016.png,2k5/2b5/pp6/4p3/1P4P1/1KP2p2/1P1R4/8,,,,,,,,
board_20260227_205701_890646.png,2k5/8/pp4P1/4b3/1P2p3/1KP2p2/1P1R4/8,,,,,,,,
board_20260227_205701_936699.png,8/6b1/pp4P1/8/1P4k1/2P2p2/1P2pK2/7R,,,,,,,,
board_20260227_205709_749107.png,2k5/2b5/pp6/5R2/1P2p1P1/1KP2p2/1P6/8,,,,,,,,
board_20260227_205719_060870.png,8/8/1k1p4/8/3Pb2p/4P3/1K6/R7,,,,,,,,
board_20260227_205728_900868.png,8/7p/1p1pk3/1Pp1p3/2P1b3/R1K1P3/1P6/8,,,,,,,,
board_20260227_205738_428866.png,8/7p/6p1/R7/1p2bk2/8/PPP5/2K5,,,,,,,,
board_20260227_205756_572862.png,1k2r3/ppp2p1B/5B2/8/7P/P5P1/1P2P3/3K3b,,,,,,,,
board_20260227_205813_717193.png,1k6/ppp2pBB/6r1/8/7P/P5P1/1P2P3/3K3b,,,,,,,,
board_20260227_205825_116838.png,1k6/ppp2pB1/8/7P/8/P5P1/1P2PK2/2r5,,,,,,,,
board_20260227_205835_061542.png,2k5/ppp2p2/8/7P/6P1/P1B3K1/1P2P3/7r,,,,,,,,
board_20260227_205846_061515.png,8/1pb1k1pp/p2p1p2/3Rp3/1P2PP2/5KP1/7P/8,,,,,,,,
board_20260227_205905_965830.png,3b4/1p4p1/p1kp1p1p/4pP2/1PK1P1PP/8/2R5/8,,,,,,,,
board_20260227_210812_909060.png,6k1/7p/6p1/3p2P1/p1pP4/P1B4P/1P4PK/5r2,,,,,,,,
board_20260227_210822_204696.png,8/8/6pk/3p4/p1pP2PP/P1B5/1P5K/5r2,,,,,,,,
board_20260227_210831_740878.png,6k1/8/6p1/3p2Pp/p1pP2P1/P1B3KP/1P2r3/8,,,,,,,,
board_20260227_210841_781425.png,8/1R3pk1/6p1/4KnP1/5P2/8/8/8,,,,,,,,
board_20260227_210850_708684.png,4K1k1/3R1p2/6p1/5nP1/5P2/8/8/8,,,,,,,,
board_20260227_210857_957406.png,4R3/5pk1/K5p1/6P1/5P2/6n1/8/8,,,,,,,,
board_20260227_211030_452697.png,8/5k2/2K3p1/4R1P1/8/7n/8/8,,,,,,,,
board_20260227_211030_486860.png,5R2/4K1k1/6p1/5pPn/8/8/8/8,,,,,,,,
board_20260227_211039_709160.png,R7/5pk1/4p3/3nP3/3K2P1/8/8/8,,,,,,,,
board_20260227_211047_652668.png,4K3/5pk1/4pR2/4n1P1/8/8/8/8,,,,,,,,
board_20260227_211113_541333.png,8/5pp1/R6p/8/p1n5/2kp2PP/6P1/3K4,,,,,,,,
board_20260227_211113_575340.png,2R5/pp6/6np/3p2k1/1P2p3/6K1/P4P2/8,,,,,,,,
board_20260227_211122_628647.png,8/R7/8/6k1/1P2pn1p/3p4/P4P1K/8,,,,,,,,
board_20260227_211135_388970.png,6k1/pp3ppp/3P4/5N1P/8/5KP1/P7/4r3,,,,,,,,
board_20260227_211146_516655.png,8/2R2ppk/7p/p2n4/8/3p2PP/6PK/8,,,,,,,,
board_20260227_211155_085341.png,8/3R1pp1/7p/3n4/p2k4/3p2PP/3K2P1/8,,,,,,,,
board_20260227_211205_540671.png,8/1p1k4/p3p3/1n1p2pp/1P1P4/1P1K2P1/7P/2R5,,,,,,,,
board_20260227_211217_988953.png,R7/1p1k4/3np3/3p4/1p1P3p/1P1K4/7P/8,,,,,,,,
board_20260227_211231_812911.png,8/pp3kpp/5n2/3p4/3R4/6P1/PP5P/6K1,,,,,,,,
board_20260227_211244_565008.png,8/5p1k/2p3p1/3p1PQp/3P3P/4PPK1/8/1q6,,,,,,,,
board_20260227_211253_477519.png,8/5p1k/4p1p1/3p2K1/3P1Q1P/P4P2/7q/8,,,,,,,,
board_20260227_211303_196859.png,6k1/6p1/2Qp1p1p/1pqPp3/4P2P/1P3P1K/6P1/8,,,,,,,,
board_20260227_211350_940805.png,7k/6p1/4Q2p/5P1K/5qPP/8/8/8,,,,,,,,
board_20260227_211359_140719.png,8/5Ppk/4Q2p/4q2K/6PP/8/8/8,w,,,,,,,
board_20260227_211406_132608.png,7k/5q2/4P1Q1/7K/6P1/8/8/8,,,,,,,,
board_20260227_211418_237115.png,8/5p2/4p3/p3P1k1/P3Q3/7K/5q2/8,,,,,,,,
board_20260227_211426_516641.png,1k6/4qp2/5p2/KP3P1p/P2Q3P/8/8/8,,,,,,,,
board_20260227_211434_036797.png,7k/8/8/5Q1K/7P/1q4P1/8/8,,,,,,,,
board_20260227_211443_132612.png,8/1Q6/6pp/7k/8/7q/8/6K1,,,,,,,,
board_20260227_211453_373798.png,8/3Q1ppk/3P2p1/4p3/8/7P/3q1PPK/8,,,,,,,,
board_20260227_211504_484809.png,8/5ppk/2QP2p1/8/8/4q2P/6P1/5K2,,,,,,,,
board_20260227_211545_660582.png,2k5/4Q3/2p2P2/3p4/p1pP2q1/P7/1P5P/7K,,,,,,,,
board_20260227_211624_076748.png,2k5/4Q3/2p2P2/3pK3/p1pP3q/P7/1P6/8,,,,,,,,
board_20260227_211635_908569.png,2k5/4Q3/2p2P2/3p4/p1pP1q2/P7/1P5P/4K3,,,,,,,,
board_20260227_211643_676571.png,7k/8/7P/3Q2q1/3K4/8/P5P1/8,,,,,,,,
board_20260227_211653_220844.png,8/8/p2Q4/5k2/P3q2p/5p2/7K/8,,,,,,,,
board_20260227_211700_069266.png,1k6/4q3/PKQ5/1P6/2P5/8/8/8,,,,,,,,
board_20260227_211712_900564.png,1Q6/5pk1/4p1p1/8/3q3p/7P/1P3PP1/6K1,,,,,,,,
board_20260227_211722_525113.png,8/5p1k/4p1p1/1P2Q3/5P1p/7P/5qPK/8,,,,,,,,
board_20260227_211731_029273.png,8/8/1P3p1k/4p1p1/7p/7P/5qPK/1Q6,,,,,,,,
board_20260227_211738_588554.png,8/8/1P3ppk/4p3/1Q5p/7P/5qPK/8,,,,,,,,
board_20260227_211750_444793.png,8/2q3kp/1p3pp1/3p4/PQ2p3/4P1P1/1P3PKP/8,,,,,,,,
board_20260227_211835_916821.png,8/2q3kp/1p3pp1/3p4/PQ2p3/4P1P1/1P3PKP/8,,,,,,,,
board_20260227_211846_164903.png,8/3q2k1/Pp3p2/3p2p1/1P2p2p/Q3P1P1/5PKP/8,,,,,,,,
board_20260227_211855_812772.png,8/5p2/8/4k3/2Q5/7P/5pPK/4q3,,,,,,,,
board_20260227_211910_836732.png,8/1p3p2/8/2Q1k3/8/7P/5pPK/4q3 b - - 0 1,b,,,,,,,
board_20260227_211910_870750.png,8/5p2/8/4k3/2Q5/1P5P/5pPK/4q3,,,,,,,,
board_20260227_211929_476833.png,6k1/5p2/8/p3q3/5p1Q/1P1p3P/P5PK/8,,,,,,,,
board_20260227_211941_732742.png,8/5pk1/8/p7/8/1P1Q3P/P4pPK/4q3,,,,,,,,
board_20260227_212101_332706.png,7k/p5p1/4P2p/3Q3P/2p5/4q3/6P1/3K4,,,,,,,,
board_20260227_212110_021193.png,3Q4/p3P1pk/4K2p/7P/q1p5/8/8/8,,,,,,,,
board_20260227_212127_556541.png,3Q4/p3P1pk/7p/7P/8/4q3/6P1/3K4,,,,,,,,
board_20260227_212127_591540.png,8/p2QP1pk/7p/7P/8/4q3/6P1/3K4,,,,,,,,
board_20260227_212230_485163.png,8/3QP1pk/7p/7P/8/4q3/6P1/3K4,,,,,,,,
board_20260227_212239_981162.png,6Q1/8/p3p3/P3Pp1p/1PqP3P/1k2K3/8/8,,,,,,,,
board_20260227_212253_676476.png,8/3q1p1k/6pp/8/8/P4PP1/2Q3KP/8,,,,,,,,
board_20260227_212310_732651.png,6k1/5p2/7p/P3Q1p1/2q3P1/5P2/3K3P/8,,,,,,,,
board_20260227_212424_676454.png,3q2k1/5pp1/7p/8/PQ6/7P/5PP1/6K1,,,,,,,,
board_20260227_212432_901355.png,8/5p1k/6p1/K6p/P2Q3P/1q4P1/5P2/8,,,,,,,,
board_20260227_212444_564346.png,8/4kp2/q5p1/P2Q3p/7P/6P1/4KP2/8,w,,,,,,,
board_20260227_212501_620646.png,8/5pk1/P2Q2p1/7p/4q2P/6P1/3K1P2/8,,,,,,,,
board_20260227_212501_654664.png,6k1/5p2/6p1/P6p/7P/Q3K1P1/5P2/5q2,,,,,,,,
board_20260227_212511_212637.png,8/1KQ2ppk/p2Pp2p/1p6/8/8/5q2/8,,,,,,,,
board_20260227_212539_085123.png,8/3Q1ppk/p2Pp2p/1p6/1K2q3/8/P1R5/8,w,,,,,,,
board_20260227_212555_276639.png,8/1KQ2ppk/p2Pp2p/1p6/8/8/5q2/8,,,,,,,,
board_20260227_212832_708466.png,8/2Q2p1k/p2Pp1pp/1p6/8/1K1q4/P7/8,w,,,,,,,
board_20260227_212832_743465.png,8/5p1k/p1QPp1pp/1p6/8/1K1q4/P7/8,w,,,,,,,
board_20260227_213427_772564.png,8/2Q2p1k/p2Pp1pp/1p6/8/1K1q4/P7/8,w,,,,,,,
board_20260227_213427_807583.png,8/5p1k/p1QPp1pp/1p6/8/1K1q4/P7/8,w,,,,,,,
board_20260227_213436_101180.png,8/8/8/7Q/4p3/6P1/P2q4/4k2K,,,,,,,,
board_20260227_213447_788293.png,8/8/8/8/4Q3/4p1P1/P2q4/4k2K,,,,,,,,
board_20260227_213455_236702.png,8/8/8/5Q2/6P1/4p3/P2q4/3k3K,,,,,,,,
board_20260227_213508_717139.png,4Q3/1p4p1/1k1q4/p2p4/P6p/1P3P1P/6P1/7K,,,,,,,,
board_20260227_213519_548478.png,8/1p4p1/3q4/Q2p4/P2k3p/1P3P1P/6P1/7K,,,,,,,,
board_20260227_213532_860684.png,8/1p4p1/3q4/8/k2p3p/5P1P/6P1/1Q5K,,,,,,,,
board_20260227_213541_788320.png,6k1/5pp1/pq2p2p/1p2P3/8/8/PP3PPP/3Q1K2,,,,,,,,
board_20260227_213550_516389.png,8/5p1k/p3p1pp/1p2P3/8/P7/1Pq2PPP/4Q1K1,,,,,,,,
board_20260227_213558_756491.png,8/5p1k/4p1pp/1p2P3/p7/P5P1/1Pq2P1P/Q5K1,,,,,,,,
board_20260227_213609_053187.png,8/5pk1/4p1p1/1p2P2p/p4P1P/P5P1/1Pq5/Q5K1,,,,,,,,
board_20260227_213617_412273.png,6k1/1p3p1p/6p1/3p4/8/P1Q1PP1P/1P3KP1/3q4,,,,,,,,
board_20260227_213633_397076.png,6k1/1p1q1p2/6p1/PPQp3p/8/4PPKP/6P1/8,,,,,,,,
board_20260227_213633_431083.png,8/1Q3pkp/6p1/3p4/8/P3PPKP/1P1q2P1/8,,,,,,,,
board_20260227_213641_804482.png,4q3/8/6k1/p4p2/P2P4/1Q3P2/1P6/1K6,,,,,,,,
board_20260227_213652_236455.png,8/8/8/3P4/P2q1p2/1Q3Pk1/1P2K3/8,,,,,,,,
board_20260227_213701_884264.png,8/6k1/p5p1/2PQ4/4P2p/P7/K7/5q2,,,,,,,,
board_20260227_213711_157140.png,2Q5/6k1/p5p1/3Q4/K3P3/P5q1/8/7q,,,,,,,,
board_20260227_213721_340976.png,3Q4/8/p1P3pk/4q3/K3P3/P7/7p/8,,,,,,,,
board_20260227_213731_348257.png,6k1/3Qpp2/1p2r1p1/1P4P1/8/1P6/1P6/1K6,,,,,,,,
board_20260227_213802_956177.png,8/1p2Qpk1/p2p2p1/1r4P1/8/1P6/1PK5/8,,,,,,,,
board_20260227_213802_991176.png,8/pQ2ppk1/3p2p1/1p2r1P1/1P6/1P6/1PK5/8,,,,,,,,
board_20260227_213812_573125.png,8/pp2ppk1/3p2p1/6P1/1P2r3/1P5Q/1P6/1K6,,,,,,,,
board_20260227_213826_436257.png,8/1p2Qpk1/p2p2p1/1r4P1/8/1P6/1PK5/8,,,,,,,,
board_20260227_213836_100366.png,6k1/4pp2/1pQ1r1p1/1P1K2P1/8/1P6/1P6/8,,,,,,,,
board_20260227_213845_172488.png,8/pQ2ppk1/3p2p1/1p2r1P1/1P6/1P6/1PK5/8,,,,,,,,
board_20260227_213852_212441.png,6k1/5p2/4r3/6K1/8/p4QP1/4P3/8,,,,,,,,
board_20260227_213859_052231.png,8/8/6q1/7p/3k4/5RP1/5P2/6K1,,,,,,,,
board_20260227_213906_476235.png,8/8/8/1q5p/8/4R1P1/3k1P2/6K1,,,,,,,,
board_20260227_213913_476703.png,8/8/8/7p/8/4R1P1/3k1PK1/1q6,,,,,,,,
board_20260227_213921_932419.png,8/8/8/7p/5R2/6P1/2q2P2/4k1K1,,,,,,,,
board_20260227_213930_796244.png,r7/8/P7/1K6/6p1/4p3/4k2P/3R4,,,,,,,,
board_20260227_213952_108422.png,Q7/4r3/8/1K6/6p1/4p3/5k1P/8,,,,,,,,
board_20260227_214000_908479.png,8/6k1/5pp1/1p2r2p/8/1P1K2P1/4p2P/4Q3,,,,,,,,
board_20260227_214009_100331.png,8/8/6k1/1p2r1p1/8/1P1K4/4p3/4Q3,,,,,,,,
board_20260227_214020_548217.png,3r2k1/5pp1/6n1/4p2Q/4P3/5P2/5P2/7K,,,,,,,,
board_20260227_214030_548410.png,r5k1/p3pp1p/6p1/2b5/4P3/5Q2/P4PPP/6K1,,,,,,,,
board_20260227_214253_172112.png,5rk1/p1Q2p2/4p1p1/P3P2p/3b4/8/5PPP/5K2,,,,,,,,
board_20260227_214313_316895.png,6k1/p3pp1p/1b4p1/4Q3/P3P3/8/2r2PPP/5K2,,,,,,,,
board_20260227_214330_820171.png,4b1k1/4b1p1/7p/3K4/1p3Q1P/6P1/8/8,,,,,,,,
board_20260227_214330_854180.png,5b2/7k/6bp/5K2/6P1/8/1Q6/8,w,,,,,,,
board_20260227_214341_204375.png,6k1/p2B1pp1/7p/1p1P4/1q6/6P1/P4P1P/3R2K1,,,,,,,,
board_20260227_214357_205039.png,4k3/p4pp1/3P3p/1p3B2/q7/3R2P1/P4P1P/6K1,,,,,,,,
board_20260227_214407_196386.png,Q7/2r1k1p1/2p5/ppPpb3/8/1P6/P1K5/8,,,,,,,,
board_20260227_214419_148072.png,8/6r1/2p1k3/1pPpb3/P7/1P4p1/2K5/7Q,,,,,,,,
board_20260227_214428_612153.png,8/7r/2p1k3/2Ppb3/P7/6p1/2K3Q1/8,,,,,,,,
board_20260227_214442_180182.png,2k5/ppp2p2/3p1q2/5p2/2P1P3/3P3P/PP4P1/R3K2R,,,,,,,,
board_20260227_214451_908322.png,2k5/ppp2p2/3p3q/8/6PP/8/PP6/1K1R3R,,,,,,,,
board_20260227_214500_708145.png,8/1ppk4/3pRp1q/7P/p5P1/P7/1P6/1K5R,,,,,,,,
board_20260227_214521_860553.png,r5k1/1p3p1p/6pP/p7/2Q5/2P2P2/PKP3P1/4r3,,,,,,,,
board_20260227_214532_508316.png,5rk1/1Q5p/5ppr/p1P5/8/5P2/PKP3P1/8,,,,,,,,
board_20260227_214542_148353.png,r4r2/1KP1Q3/6k1/p1P2pp1/P6p/5P2/6P1/8,,,,,,,,
board_20260227_214550_468184.png,5r2/7p/6pk/PQ4p1/7P/8/6PK/r7,,,,,,,,
board_20260227_214559_012921.png,8/7p/6pk/PQ4r1/8/8/6PK/r7,,,,,,,,
board_20260227_214614_156126.png,r6r/p6k/2p1bqp1/4QpP1/8/1B2PP2/PP6/6K1,,,,,,,,
board_20260227_214731_755996.png,r6r/p6k/2p1bqp1/4QpP1/8/1B2PP2/PP6/6K1,,,,,,,,
board_20260227_214747_572115.png,3r3r/p4PQ1/2p3p1/5p1k/5P2/1P2P3/1P3K2/8,,,,,,,,
board_20260227_214755_508307.png,2r5/7k/6pp/2r5/3Q2P1/2P5/P2K2P1/8,,,,,,,,
board_20260227_214808_644098.png,r6r/p6k/2p1bQp1/5pP1/8/1B2PP2/PP6/6K1,,,,,,,,
board_20260227_214821_516290.png,8/1k6/6R1/6Kp/7P/8/5r2/8,,,,,,,,
board_20260227_214835_868348.png,7K/2k4P/8/8/8/8/6r1/3R4,,,,,,,,
board_20260227_214835_902390.png,6k1/7p/4RK2/5P2/1r4P1/8/8/8,,,,,,,,
board_20260227_214844_028517.png,6k1/4R3/5K1p/5P2/1r4P1/8/8/8,,,,,,,,
board_20260227_214857_604252.png,8/2k5/6K1/1B4p1/P5p1/2b2P1P/8/8,,,,,,,,
board_20260227_214906_596481.png,6k1/pQ3p2/2P3pp/8/5q1P/3p4/5PP1/6K1,,,,,,,,
board_20260227_214913_812111.png,3r4/8/1PK2p2/5k2/8/8/8/1R6,,,,,,,,
board_20260227_214922_252078.png,8/8/8/4K1k1/p4P1p/8/1P6/8 b - - 0 1,b,,,,,,,
board_20260227_214947_508265.png,6k1/p4qpp/8/2p1Pp2/P2p1P1P/1Q6/2P3P1/6K1,,,,,,,,
board_20260227_214954_524275.png,8/7p/1p6/1k6/4K2P/5P2/8/8,,,,,,,,
board_20260227_215008_252079.png,8/2k4p/1p6/3K1P2/7P/8/8/8,,,,,,,,
board_20260227_215008_287098.png,6k1/R7/1p4p1/6Pp/5P2/5PK1/Pr6/8,,,,,,,,
board_20260227_215019_012922.png,8/8/1p3RP1/7p/4kP2/6K1/P7/1r6,,,,,,,,
board_20260227_215027_076079.png,2R5/2P3k1/8/6p1/2r5/5PpK/7P/8,,,,,,,,
board_20260227_215034_580011.png,8/P1R5/8/6p1/1K3kP1/8/8/r7,,,,,,,,
board_20260227_215043_452687.png,8/6k1/p4R2/1p1p4/6PP/PrP4K/8/8,,,,,,,,
board_20260227_215054_460155.png,8/5p2/1n2k1p1/p1p5/P1Bp1P2/1P4PP/2P3K1/8 b - - 0 1,b,,,,,,,
board_20260227_215105_940067.png,8/8/5p2/4k1p1/3bp1Pp/1P2N2P/5P2/5K2,,,,,,,,
board_20260227_215128_467908.png,8/8/8/2k3p1/4p2p/1P2P2P/3K4/8,,,,,,,,
board_20260227_215128_501917.png,R7/8/5k2/P4p2/r7/5PK1/8/8,,,,,,,,
board_20260227_215138_924044.png,8/1K6/8/5kpp/8/6PN/7P/8,,,,,,,,
board_20260227_215146_516171.png,7k/5Qp1/8/6K1/5PP1/7q/8/8,,,,,,,,
board_20260227_215154_484262.png,8/8/p3k3/1p1p2K1/2p5/P1P5/1P3P2/8,,,,,,,,
board_20260227_215203_372479.png,8/3bk3/6p1/1p2P1p1/1PpK2B1/P7/7P/8,,,,,,,,
board_20260227_215221_852890.png,8/3k4/6p1/4P1p1/pPpK4/8/7P/8,,,,,,,,
board_20260227_215221_886898.png,8/8/3K1P2/6P1/8/8/3k4/5r2,,,,,,,,
board_20260227_215232_964006.png,8/8/8/7P/2P2K2/2k5/8/r7,,,,,,,,
board_20260227_215240_100724.png,R7/8/2k3K1/8/1p6/2p5/8/8,,,,,,,,
board_20260227_215249_468240.png,8/8/6P1/5P2/8/4P1K1/1k6/6r1,w,,,,,,,
board_20260227_215259_740237.png,8/pQ6/8/3p4/3q1k2/8/PP4K1/8,,,,,,,,
board_20260227_215308_996037.png,8/8/8/pQ1p4/P3q1K1/8/1P1k4/8,w,,,,,,,
board_20260227_215318_484263.png,8/1k5p/p3p2P/3bP1K1/1BpP2P1/2P5/8/8,,,,,,,,
board_20260227_215333_068212.png,4k3/7p/p1K1P2P/6P1/1Bp5/2Pb4/8/8,,,,,,,,
board_20260227_215333_103231.png,8/4kp2/2P5/4b3/1KB1P1P1/8/8/8,,,,,,,,
board_20260227_215345_292024.png,2k5/6Kp/1BP3p1/5p2/4p2P/4PbP1/5P2/8,,,,,,,,
board_20260227_215432_299999.png,8/8/8/3p3b/7P/4k3/pB6/4K3,,,,,,,,
board_20260227_215439_452003.png,8/8/8/7b/3p3P/3k4/pB6/4K3,,,,,,,,
board_20260227_215452_875998.png,2b2rk1/2p4p/2p3pP/p3p1B1/Pp2P3/1P1PK3/2P5/6R1,,,,,,,,
board_20260227_215504_996237.png,2bB1k2/2p4p/2p3pP/p3p3/Pp2P3/1P1PK3/2P5/8,,,,,,,,
board_20260227_215515_571999.png,8/4b2p/p1k1p3/P1P2p2/1PP2p2/3K1Pp1/6B1/8,,,,,,,,
board_20260227_215523_852156.png,8/3k1K2/8/8/6Pb/7P/B7/8,,,,,,,,
board_20260227_215537_460432.png,8/k7/5p2/PK3B2/1P4P1/8/3b4/8,,,,,,,,
board_20260227_215546_900600.png,8/4p3/3P4/2p1p1bp/B1P5/6k1/4K3/8,,,,,,,,
board_20260227_215554_740172.png,8/1KP5/4b3/8/6pP/3kp1P1/8/6N1,,,,,,,,
board_20260227_215615_275979.png,2K4Q/8/8/8/6p1/6P1/4p3/6k1,,,,,,,,
board_20260227_215615_310987.png,8/5k2/3Kb2r/3pP1R1/3P2p1/3P4/8/8,,,,,,,,
board_20260227_215624_859974.png,8/2PQ1p1k/4p1p1/8/4K2P/8/5P2/4q3,w,,,,,,,
board_20260227_215635_332665.png,4rk2/6pp/8/3p4/5P2/6PP/bP2pK2/4Q3,,,,,,,,
board_20260227_215646_996168.png,8/p4p2/2k1pB2/3R1p2/1r5P/4PPK1/6P1/8,,,,,,,,
board_20260227_215656_188163.png,8/1p1r2R1/p5p1/5bp1/2PB1k2/1PK5/P7/8,,,,,,,,
board_20260227_215703_129905.png,6K1/3q1PP1/8/7k/8/8/8/8,,,,,,,,
board_20260227_215717_964207.png,8/1r3pk1/4p1p1/2RpP2p/2qP3P/Pp4P1/1Q3P1K/8,,,,,,,,
board_20260227_215726_836959.png,8/8/1p2k3/p6p/P1P4P/1P1K4/8/8,,,,,,,,
board_20260227_215742_484639.png,8/8/1pk5/7p/PKP4P/8/8/8,,,,,,,,
board_20260227_215742_518648.png,8/2Kn4/1p4B1/pPp5/2P5/1k6/8/8,,,,,,,,
board_20260227_215749_619949.png,3k4/4b1N1/p7/1p6/8/8/2K5/8,,,,,,,,
board_20260227_215756_067951.png,8/7p/7K/3k4/8/3b2P1/7P/8,,,,,,,,
board_20260227_215803_404641.png,8/3BK2p/5Rp1/8/5r1k/7P/8/8,,,,,,,,
board_20260227_215811_020150.png,8/5B2/5n2/4k1P1/7P/5K2/8/8,,,,,,,,
board_20260227_215818_260677.png,8/5p2/4p3/4P1k1/K5P1/8/5N2/8,,,,,,,,
board_20260227_215825_732663.png,8/1p3p2/p7/8/1PP2k2/4p3/P3K2P/8,,,,,,,,
board_20260227_215832_620147.png,8/8/6p1/1pk2p1p/2n2P2/P5P1/6KP/5B2,,,,,,,,
board_20260227_215841_364585.png,8/8/6p1/3p1k1p/p1pP1P1b/2P2K1P/1P6/2B5,,,,,,,,
board_20260227_215854_012808.png,8/6p1/8/p2kbp1p/Pp6/1P2P2P/4K1P1/2B5,,,,,,,,
board_20260227_215911_132222.png,8/8/8/p1b2p1p/Pp2k1pP/1P2P1P1/4K3/6B1,,,,,,,,
board_20260227_215911_167253.png,8/7p/8/6p1/3Kp1B1/7P/5kP1/8,,,,,,,,
board_20260227_215921_188173.png,8/8/8/p1K4B/p3p3/8/1P3k2/8,,,,,,,,
board_20260227_215936_684101.png,8/8/8/1B6/p7/4p3/1P1k4/1K6,,,,,,,,
board_20260227_215949_124735.png,8/1p1k4/pBP5/PP3pK1/7p/7P/8/4b3 b - - 0 1,b,,,,,,,
board_20260227_220002_923933.png,3B4/8/8/Pk6/6Kp/7P/8/4b3,,,,,,,,
board_20260227_220002_958282.png,8/1p6/p3p3/P7/1k6/5KP1/8/8,,,,,,,,
board_20260227_220012_172205.png,8/5p2/5P2/1p4B1/bKp3kP/P1P5/1P6/8,,,,,,,,
board_20260227_220023_707975.png,3r2k1/pp4q1/4p3/2p2p1R/3p2p1/1P4P1/P4P2/2Q3K1,,,,,,,,
board_20260227_220031_292595.png,8/2R5/P4k2/2K4p/7r/8/8/8,,,,,,,,
board_20260227_220040_548768.png,3r2k1/2R3p1/p1K5/P4P2/8/8/8/8,,,,,,,,
board_20260227_220053_324142.png,2q3k1/4Q3/p3p1p1/3p3p/1P2p2P/P3P1P1/5PK1/8,,,,,,,,
board_20260227_220132_860122.png,8/7Q/p4k2/1p6/1P2pq2/P6P/8/6K1,,,,,,,,
board_20260227_220141_628660.png,8/1Pk5/8/8/4BKpp/8/4b1PP/8,,,,,,,,
board_20260227_220149_604584.png,8/R7/P4pp1/1K3k1p/7P/5rP1/8/8,,,,,,,,
board_20260227_220157_428069.png,8/p4p2/8/1P3k1p/7P/1P3KP1/8/8,,,,,,,,
board_20260227_220217_971884.png,8/8/1p6/1P3p1P/4k1K1/8/8/8,w,,,,,,,
board_20260227_220218_006744.png,8/4N3/5p2/7p/p3PP2/1kp3P1/8/2K5,,,,,,,,
board_20260227_220227_820136.png,5k2/3b2p1/1ppPp3/p1p5/P1P2KPB/1P1P4/8/8,,,,,,,,
board_20260227_220238_372597.png,8/r7/P4pp1/R3p2p/7P/3k1KP1/5P2/8,,,,,,,,
board_20260227_220245_740579.png,8/8/7p/8/K5P1/4Q3/5pk1/8,,,,,,,,
board_20260227_220255_212075.png,8/P1R5/r5p1/8/5k2/1K6/8/8,,,,,,,,
board_20260227_220306_324562.png,8/8/R6P/4k3/4P3/p3PK2/7r/8,,,,,,,,
board_20260227_220313_820593.png,8/7p/8/8/3Q4/6p1/3K1p2/6k1,,,,,,,,
board_20260227_220329_643984.png,8/8/8/8/8/6pp/4Kp1k/5Q2,,,,,,,,
board_20260227_220329_678002.png,8/8/1P1k4/pP3p2/3KbP1p/8/P7/5B2,,,,,,,,
board_20260227_220342_627874.png,8/8/4b3/5p1p/5PP1/4k1K1/5N2/8,,,,,,,,
board_20260227_220354_171757.png,6k1/Q3pp2/6p1/2p4p/3b3P/6P1/P2r1PK1/8,,,,,,,,
board_20260227_220418_499858.png,8/p3n3/1pr1k1p1/5p2/1P1Q4/6PP/5PK1/8,,,,,,,,
board_20260227_220428_820056.png,6k1/4r3/8/1p1p4/8/3P1P2/p5PP/Q6K,,,,,,,,
board_20260227_220437_819848.png,6k1/r7/8/3p4/1p5P/3P1P2/p5PK/Q7,,,,,,,,
board_20260227_220445_572046.png,8/8/PK6/7p/5pp1/5P1k/8/8,,,,,,,,
board_20260227_220508_156699.png,Q7/8/1K6/7p/5p2/5P1k/6p1/8,,,,,,,,
board_20260227_220508_191243.png,8/8/2Q5/4p3/3qP3/q4QQ1/1q3PK1/1k6,,,,,,,,
board_20260227_220517_883846.png,8/8/8/1B2p3/4P1p1/4K1P1/8/4kb2,,,,,,,,
board_20260227_220526_380694.png,8/8/8/p1p5/Pk4K1/1p6/2p2Q2/8,,,,,,,,
board_20260227_220539_036695.png,8/8/8/p1p5/6K1/kpQ5/2p5/8,,,,,,,,
board_20260227_220539_070740.png,8/8/4K3/3pP3/8/7p/6k1/6B1,,,,,,,,
board_20260227_220546_172695.png,4Q3/8/3K4/3p4/8/8/8/6kq,,,,,,,,
board_20260227_220554_556113.png,8/1B6/4p3/5p2/3k1b1K/8/8/8,,,,,,,,
board_20260227_220600_628828.png,8/8/8/p4kPK/7P/1P6/P7/2b5,,,,,,,,
board_20260227_220615_075826.png,8/4K3/8/p3k3/8/1P6/P7/8,,,,,,,,
board_20260227_220615_109836.png,8/1pB5/p7/2Pb4/1P3pp1/3k4/5K1P/8,,,,,,,,
board_20260227_220623_323834.png,8/1p6/p1b5/B1P5/1Pk5/6p1/8/5K2,,,,,,,,
board_20260227_220637_731832.png,8/1b6/pP6/B7/1P6/8/4k1p1/6K1,,,,,,,,
board_20260227_220637_766851.png,4B3/8/7k/p7/P6P/6PK/5b2/8,,,,,,,,
board_20260227_220646_179816.png,8/3B4/8/p5P1/P4k1P/7K/5b2/8,,,,,,,,
board_20260227_220654_484132.png,8/7K/4k3/6P1/4p3/4B3/5P2/3b4,,,,,,,,
board_20260227_220701_412042.png,8/6K1/4k1P1/5b2/4p3/8/3B1P2/8,,,,,,,,
board_20260227_220709_979870.png,8/8/1p6/2p1p1kP/P3KpP1/1Pb2B2/6P1/8,,,,,,,,
board_20260227_220745_740802.png,8/8/1p6/2p1p1kP/P3KpP1/1Pb2B2/6P1/8,,,,,,,,
board_20260227_220808_380003.png,8/8/1p3kp1/3K1p2/2B4p/7P/6P1/8,,,,,,,,
board_20260227_220819_148078.png,8/4b3/7p/1p2p1P1/3k3P/5K2/8/1B6,,,,,,,,
board_20260227_220826_964482.png,8/8/4pk2/3p1p1K/1b1P1P2/p3P3/P1B5/8,,,,,,,,
board_20260227_220833_604541.png,8/8/2k1PpK1/5P2/8/b7/8/8,,,,,,,,
board_20260227_220840_075800.png,8/8/4PK2/5P2/4k3/b7/8/8,,,,,,,,
board_20260227_220853_355846.png,8/1k6/1p6/4p2p/PbP1P1pP/1P1B1pP1/5P2/3K4,,,,,,,,
board_20260227_220901_068084.png,8/8/p4b1p/1pk2B2/6PP/8/4K3/8,,,,,,,,
board_20260227_220909_043797.png,8/3B4/5b1p/k7/pp4P1/8/2K5/8,,,,,,,,
board_20260227_220922_419828.png,8/8/1r1k2p1/3Ppp1p/1P6/P7/1P3PP1/2R3K1,,,,,,,,
board_20260227_220929_027977.png,8/8/2Pk4/4pppp/1P6/P7/1P3PP1/6K1,,,,,,,,
board_20260227_220936_564466.png,R7/P5p1/6k1/7p/7P/6P1/r4P2/4K3,,,,,,,,
board_20260227_220945_851789.png,R7/P5pk/8/7P/6p1/r7/5PK1/8,,,,,,,,
board_20260227_220954_828327.png,R7/P5pk/8/7p/7P/r5P1/5PK1/8,,,,,,,,
board_20260227_221007_715984.png,R7/P5k1/6P1/8/6p1/r7/5PK1/8,,,,,,,,
board_20260227_221015_315767.png,8/P5p1/4k3/2B4p/4b3/4K1P1/1P5P/8,,,,,,,,
board_20260227_221025_643958.png,6k1/8/p2p4/P2P4/5pP1/4p3/2P5/5K2,,,,,,,,
board_20260227_221032_691971.png,R7/P7/5pp1/7P/r5k1/4K3/8/8,,,,,,,,
board_20260227_221317_571723.png,6k1/8/p7/r1r2Pp1/3R2Pp/1p6/1P4P1/3R2K1,,,,,,,,
board_20260227_221317_618094.png,r2r2k1/pb6/1p2pQ2/n1qP4/2P5/8/P4PPP/3RR1K1,,,,,,,,
board_20260227_221411_363711.png,1q3rbk/Q5pp/8/3P4/1r3n2/R3N3/2B2PPP/5RK1,,,,,,,,
board_20260227_221411_396720.png,6k1/p4p1p/3p1p2/2p1r3/2PnrqN1/P6P/1P1Q1PP1/3R1RK1,,,,,,,,
board_20260227_221411_427727.png,6k1/5pp1/8/5P2/R6p/1P3N1P/3rnrPK/6R1,,,,,,,,
board_20260227_222039_972612.png,rnbqkbnr/pppppppp/8/8/8/8/PPPPPPPP/RNBQKBNR,,,,,,,,
board_20260227_222112_604291.png,6k1/6p1/4p2p/4N3/2QP2Pq/2n1PP2/r6P/2R3K1,,,,,,,,
board_20260227_222144_459609.png,2R5/6pk/4p2p/4N3/3P2Pq/4PP2/n6P/6K1,,,,,,,,
board_20260227_222144_484625.png,8/1p3pp1/p1krpn1p/P6P/2P2PP1/2B5/1PK5/4R3,,,,,,,,
board_20260227_222203_027587.png,4q1k1/1pnrr2p/p2p1p2/PPp1pPp1/2P1P3/3PB2P/1R4P1/1R1Q2K1,,,,,,,,
board_20260227_222231_620477.png,n5k1/1p1q2rr/pP1p1p1p/P1p1pPp1/2P1P1PP/3PBK1R/7R/7Q,,,,,,,,
board_20260227_222231_648492.png,n7/1p5k/pP1p1p2/P1p1pPp1/2P1P1P1/3PBK2/8/8,,,,,,,,
board_20260227_222251_596603.png,r5nr/2p1kpbp/p2p2p1/1N1P4/Q1P1P3/5P2/Pq3P1P/3RKB1R,,,,,,,,
board_20260227_222316_923835.png,Q6r/2p1kpbp/3p1np1/1p1P4/2q1P3/5P2/P4PBP/3R2KR,,,,,,,,
board_20260227_222334_459905.png,8/2p2p2/3pnkp1/1R5p/3bP2P/r4P2/2R2PK1/3B4,,,,,,,,
board_20260227_222406_564447.png,2rqnrk1/p2p3p/bp1Pp1p1/n3Pp2/2P2P2/P2B1N2/6PP/R1BQ1RK1,,,,,,,,
board_20260227_222406_593455.png,3q1rk1/p2p2np/QpnPp1p1/3rPp2/5P2/P3BN2/6PP/R1R3K1,,,,,,,,
board_20260227_222500_931550.png,2rqnrk1/p2p3p/bp1Pp1p1/n3Pp2/2P2P2/P2B1N2/6PP/R1BQ1RK1,,,,,,,,
board_20260227_222500_960558.png,2rqnrk1/p2p3p/1p1Pp1p1/4Pp2/2b2P2/P2B4/6PP/R1BQ1RK1,,,,,,,,
board_20260227_222549_331743.png,r1b1k2r/pp4pp/2p1pp2/1nPp4/3P4/2PBPN2/2RK1PPP/7R,,,,,,,,
board_20260227_222828_980386.png,4r2k/pppq1rpp/1bnp4/3Np3/2P1Q3/1PB1P1P1/P4P1P/R4RK1,,,,,,,,
board_20260227_222846_228492.png,2kr1r2/pp1qbpp1/3pb3/2pN2Pp/4PQ1P/3P4/PPP3B1/2K2R1R,,,,,,,,
board_20260227_222901_795680.png,r1br2k1/1p2bppp/p4n2/q3p3/Pn2P3/2N1B3/1P1NQPPP/RB3RK1,,,,,,,,
board_20260227_222931_052276.png,2rr2k1/1p2bppp/p4n2/q3p3/Pn2P3/2N1BP2/1P2Q1PP/RB3RK1,,,,,,,,
board_20260227_222931_080285.png,2r3k1/1p3ppp/p2q4/2n1p3/Pn1rP3/2N2PP1/BP2RQ1P/R5K1,,,,,,,,
board_20260227_222957_835470.png,2r3k1/1p3pp1/p2q4/4p3/P2rP2p/RnN2PP1/1PR2QKP/8,,,,,,,,
board_20260227_222957_863491.png,r1bb1r1k/5ppp/p1q5/1p1NPp1P/8/4B1Q1/PPP3P1/2KR3R,,,,,,,,
board_20260227_223021_387928.png,rn2kbnr/pp1b1ppp/1qp1p3/3pP2P/3P1PP1/8/PPP5/RNBQKBNR,,,,,,,,
board_20260227_223032_700323.png,4kb1r/pp1b2pp/4p2n/3pP2P/3q2P1/P6B/1P5R/RNQ1K3,,,,,,,,
board_20260227_223055_844024.png,1q1r2k1/1b1r1pbp/1p2n1p1/pNnpP1PP/5P2/1P2B1N1/P4QB1/2RR2K1,,,,,,,,
board_20260227_223055_874023.png,3r2k1/3r1pbp/1p2n1p1/p3P1PP/3BqP2/1P6/P3NQ2/2RR2K1,,,,,,,,
board_20260227_223330_299592.png,4r1k1/p1pb2qp/6p1/3N1p2/4r3/1PQ4P/1P3PP1/R2R2K1,,,,,,,,
board_20260227_223358_668413.png,r2qk2r/4bp2/p2pb3/2p5/5p2/2NB4/PP4PP/R2QR1K1,,,,,,,,
board_20260227_223358_695420.png,r2qk2r/4b3/p2pp3/2p5/5Q2/2NB4/PP4PP/R5K1,,,,,,,,
board_20260227_223411_835605.png,r3k3/q3b3/pR5r/3N1B2/2pQ4/8/PP4PP/6K1,,,,,,,,
board_20260227_223432_004405.png,8/1p3qp1/2p2p2/2P2P1p/7P/7k/1K3P2/3Q4,,,,,,,,
board_20260227_223432_029411.png,8/1p3qp1/2p2p2/2P2P1p/4Q2P/7k/1K3P2/8,,,,,,,,
board_20260227_223450_092164.png,r2q1rk1/pb2nppp/1p6/3P4/2B5/5N2/P2Q1PPP/3RR1K1,,,,,,,,
board_20260227_223508_187795.png,r4rk1/p1q2ppp/1pPR4/8/5Q2/8/P4PPP/4R1K1,,,,,,,,
board_20260227_223554_643718.png,2r1r1k1/p2bbppp/1q1pp3/nppnP3/2P5/P2P1NPP/1P2QPB1/R1BR1NK1,,,,,,,,
board_20260227_223554_673726.png,1br1r1k1/p2b1ppp/q3p3/1pPn4/1P1P4/5NPP/4QPB1/1RR2NK1,,,,,,,,
board_20260227_223607_259501.png,1b4k1/pq1r1pp1/2r1p2p/RpP5/1P1P4/2Q3PP/2N2P2/R5K1,,,,,,,,
board_20260227_223809_532212.png,1b4k1/pq1r1pp1/2r1p2p/RpP5/1P1P4/2Q3PP/2N2P2/R5K1,,,,,,,,
board_20260227_223831_532067.png,1bq3k1/3r1pp1/p1r5/RpP1p2Q/1P5P/4N1P1/5P2/R5K1,,,,,,,,
board_20260227_223831_559153.png,6k1/2b2pp1/p1r1q3/1pP1p3/1P5P/4N1P1/3R1P2/3Q2K1,,,,,,,,
board_20260227_223856_595503.png,2r5/1p2npk1/1q2p1p1/p2pP1Pp/2rN1P2/P1PR3Q/1P2R1KP/8,,,,,,,,
board_20260227_223856_622520.png,8/1p3p2/4p1k1/pq1pPpPp/2rRrP2/P1P3K1/1P1R1Q1P/8,,,,,,,,
board_20260227_224256_593973.png,r1bq1rk1/pp1nbppp/3p1n2/1B2p1B1/4P3/2NQ1N2/PPP2PPP/R3K2R,,,,,,,,
board_20260227_224256_623054.png,2b2rk1/1p3ppp/r2Q1b2/p2Np3/4P1q1/5N2/PPP2PPP/2KR3R,,,,,,,,
board_20260227_224313_259247.png,4r1k1/1p3pp1/2r2b1p/3Rp3/p3P3/P4N2/1PP1QPqP/1K1R4,,,,,,,,
board_20260227_224313_279054.png,3b2k1/1p3pp1/7p/4p3/p3P3/P4N2/1PP1QPqP/1K6,,,,,,,,
board_20260227_224331_779277.png,6k1/2r2pp1/2p1r2p/2b1p3/p3P3/P4N2/1PP1QPqP/1K6,,,,,,,,
board_20260227_224342_759275.png,6k1/1p3pp1/5b1p/4p3/p3P3/P4N2/KPP1QPqP/8,,,,,,,,
board_20260227_224401_759312.png,3r1r1k/pp3pp1/4pn1p/q3N2P/3b1B2/3R1Q2/PPP2PP1/1K5R,,,,,,,,
board_20260227_224401_789412.png,3q3k/pp3pp1/4pn1p/4B2P/8/5Q2/PPP2PP1/1K6,,,,,,,,
board_20260227_224412_099216.png,8/pQ3pk1/4pp1p/8/2Pq4/P7/KP4P1/8,,,,,,,,
board_20260227_224430_829268.png,2q2rk1/1pp1rp1p/p1np1bp1/3Q4/2P3PP/2P1BN2/PP3P2/1K1RR3,,,,,,,,
board_20260227_224430_859218.png,2q3k1/1pp2p1p/p1np2p1/6Q1/2P3PP/2P1PN2/PP6/1K6,,,,,,,,
board_20260227_224524_179226.png,2r2b2/1qrn1p1k/3p1npp/1p2p3/4P1P1/1PN1BP1P/P1RQN1K1/2R5,,,,,,,,
board_20260227_224733_663749.png,n5k1/1p1q2rr/pP1p1p1p/P1p1pPp1/2P1P1PP/3PBK1R/7R/7Q,,,,,,,,
board_20260227_224733_689166.png,2rqnrk1/p2p3p/1p1Pp1p1/4Pp2/2b2P2/P2B4/6PP/R1BQ1RK1,,,,,,,,
board_20260227_224733_719229.png,2rr2k1/1p2bppp/p4n2/q3p3/Pn2P3/2N1BP2/1P2Q1PP/RB3RK1,,,,,,,,
board_20260227_224752_579203.png,1q1r2k1/1b1r1pbp/1p2n1p1/pNnpP1PP/5P2/1P2B1N1/P4QB1/2RR2K1,,,,,,,,
board_20260227_224752_609197.png,r4rk1/p1q2ppp/1pPR4/8/5Q2/8/P4PPP/4R1K1,,,,,,,,
board_20260227_224820_769216.png,r4rk1/ppqb3p/3n2pb/P1pPpp2/2P1P2B/2NQ1P2/4B1PP/R4RK1,,,,,,,,
board_20260227_224820_799104.png,r1b2rk1/p2q1pbp/2ppn1p1/8/Q2PN3/5N2/PP3PPP/R1B1R1K1,,,,,,,,
board_20260227_224820_824361.png,3rr1k1/1pq2pp1/1np1pn1p/p1B4P/2PPQ3/1B6/PP3PP1/3RR1K1,,,,,,,,
board_20260227_224850_389150.png,r3r1k1/2q2pbp/p3p1p1/1p1pP1Pn/3N1P2/5Q2/PPPB3P/1KR4R,,,,,,,,
board_20260227_224850_419196.png,r5k1/3bbpp1/1q1p1n1p/2pPpP2/2P3P1/1PN4P/5R2/1BBQ2K1,,,,,,,,
board_20260227_224850_449303.png,r3k3/1R3Rpp/1p3b2/pr6/3P4/4B1P1/5PP1/6K1,,,,,,,,
board_20260227_224915_549192.png,r4rnk/1b1p1ppp/p7/1pp3q1/3pPN2/P2P3P/BPP2PP1/R2QR1K1,,,,,,,,
board_20260227_224915_579482.png,r3nbk1/4n1pp/q2p4/Np1Pp3/1P6/3QBN1P/5PP1/4R1K1,,,,,,,,
board_20260227_224915_609170.png,3nk3/6pp/p3p3/Np1bPpPP/3Q1P2/P7/1P1KB3/7q,,,,,,,,
board_20260227_224946_759174.png,r6r/4nkb1/p1pq4/3ppp1p/2P5/2NP4/PP2QPPP/R1B1R1K1,,,,,,,,
board_20260227_224946_789162.png,3r4/p1k1bp1p/1pn1b3/2p1P1p1/P1N5/2P1P3/1P1NB1PP/4KR2,,,,,,,,
board_20260227_224946_814123.png,3r2k1/1b2qpp1/ppn4p/3p4/5B2/1P4PB/P2QPP1P/2R3K1,,,,,,,,
board_20260227_225011_079331.png,2r1k2r/3q1pp1/p2n1b2/3PpP2/7p/1PN1Q2P/P3N1P1/R4R1K,,,,,,,,
board_20260227_225011_109174.png,r1b2rkb/pp3n1p/2pp4/q3np1N/2P5/2N1BP2/PP1QB1PP/2KR3R,,,,,,,,
board_20260227_225011_134341.png,2r1r1k1/3q1ppb/1p1B3p/p1pBP1nP/P1P3P1/1P6/6Q1/R5RK,,,,,,,,
board_20260227_225034_319206.png,3r3r/1ppqbpk1/pn2p2p/1b1nP1pP/3PN1N1/P7/1P1B1PP1/1QRBR1K1,,,,,,,,
board_20260227_225034_348991.png,r4rk1/pb2bpp1/2n1q2p/1Bpp4/Q4B2/4PN2/PP3PPP/2R2RK1,,,,,,,,
board_20260227_225034_379323.png,1r1r2k1/p1q2pbp/b3p1p1/2n1PnPP/3p1PN1/Pp1P2N1/1P3R1K/R1BQ1B2,,,,,,,,
board_20260228_010741_954579.png,r2q1rk1/pp3ppp/3n1b2/3Pp3/8/P3BP2/1P1QBP1P/3R1RK1,,,,,,,,
board_20260228_010742_011593.png,rr4k1/5ppp/p1qp4/4n1b1/R2BP3/8/1PP1BQPP/R6K,,,,,,,,
board_20260228_011512_265586.png,6k1/8/p7/r1r2Pp1/3R2Pp/1p6/1P4P1/3R2K1,,,,,,,,
board_20260228_011512_313601.png,r2r2k1/pb6/1p2pQ2/n1qP4/2P5/8/P4PPP/3RR1K1,,,,,,,,
board_20260228_011622_395113.png,1q3rbk/Q5pp/8/3P4/1r3n2/R3N3/2B2PPP/5RK1,,,,,,,,
board_20260228_011622_440118.png,6k1/p4p1p/3p1p2/2p1r3/2PnrqN1/P6P/1P1Q1PP1/3R1RK1,,,,,,,,
board_20260228_011622_483127.png,6k1/5pp1/8/5P2/R6p/1P3N1P/3rnrPK/6R1,,,,,,,,
board_20260228_011742_769880.png,6k1/5pp1/8/5P2/R6p/1P3n1P/3r4/6RK,,,,,,,,
board_20260228_011742_827893.png,r2q2rk/ppp4p/3p4/2b2Q2/3pPPR1/2P2n2/PP3P1P/RNB4K,,,,,,,,
board_20260228_011742_879909.png,r4rk1/1pb2ppp/p2qbnn1/3pp3/1P6/1BP2N1P/PBN2PP1/R2Q1RK1,,,,,,,,
board_20260228_011910_938720.png,rb2r1k1/1p1b1ppp/p1nq4/3p4/3Nn3/1QB1PN2/PP2BPPP/2R2RK1,,,,,,,,
board_20260228_011910_983725.png,5rk1/pp1nqrp1/2p3p1/4p3/4P1P1/1BP2P2/PP2Q3/3RK2R,,,,,,,,
board_20260228_011911_021733.png,5rk1/qp1r2pp/1bpp1p1B/p1nPpP1Q/P1P1P3/2N4P/1P3P1K/1R4R1,,,,,,,,
board_20260228_011945_242172.png,2k1rb1r/ppp3pp/2np1q2/5b2/2B2P2/2P1BQ2/PP1N1P1P/2KR3R,,,,,,,,
board_20260228_011945_298184.png,2kr1bnr/pp1nqppp/2p1b3/8/4PB2/2N2NP1/PPP1Q2P/2KR1B1R,,,,,,,,
board_20260228_012251_001810.png,3r1rk1/pp3ppp/3pn3/1qpN4/5PP1/P5PQ/1PP5/1K1R4,,,,,,,,
board_20260228_012251_042820.png,5r2/p3Qnkp/1p3Np1/2p3P1/3q4/5P2/PP3R1r/4R1K1,,,,,,,,
board_20260228_012251_080827.png,6R1/2p1qr1k/1p1p1r1p/p3p3/2P1P3/2P3Q1/PP3P2/2K3R1,,,,,,,,
board_20260228_012251_116836.png,r1b2r1k/ppb2ppB/3q4/8/2PN1n1Q/PP6/1B3PPP/R4RK1,,,,,,,,
board_20260228_012251_155844.png,2kr2nr/pp1n1ppp/2p1p3/8/1P1P1B2/2N2Q1P/1PPKBPP1/7q,,,,,,,,
board_20260228_012251_204861.png,5r1k/6p1/p2p1rRp/2pPpq1Q/8/PPp1P3/5P1R/K7,,,,,,,,
board_20260228_012424_298782.png,r1n3k1/pp2q2p/2ppr1pQ/4p3/8/2N4R/PPP3PP/5RK1,,,,,,,,
board_20260228_012424_341792.png,k1r5/1p4pq/p7/5n2/3nQ3/P7/RPP2PPP/2B2RK1,,,,,,,,
board_20260228_012424_391803.png,4rr1k/p4pb1/5R1p/1p2q3/3p4/3P2R1/PP1Q2BP/7K,,,,,,,,
board_20260228_012424_442814.png,5r1k/1p1br2p/pqnbpp2/3p4/3P4/P1NQ1N2/1PB2PPP/R3R1K1,,,,,,,,
board_20260228_012424_479824.png,r4r1k/ppn4p/2p2N2/4P3/2pP1N2/5K2/PPP5/6R1,,,,,,,,
board_20260228_012424_522832.png,2kr1r2/pp1n3p/2p1bp2/8/5B2/8/PP2BP1P/2R1K1R1,,,,,,,,
board_20260228_012627_698967.png,r2qkbnr/ppp2ppp/2np4/4p2b/2B1P3/2N2N1P/PPPP1PP1/R1BQK2R,,,,,,,,
board_20260228_012627_740972.png,r2qkb1r/ppp1pppp/1n6/3Pn3/4P1b1/2N2N2/PP3PPP/R1BQKB1R,,,,,,,,
board_20260228_012802_697171.png,q1r1k2r/1b3pp1/p3pn2/P1b5/1pN1P2p/3B1P2/1P2Q1PP/R1B2R1K,,,,,,,,
board_20260228_012802_742181.png,q1r1k2r/1b3pp1/p3p3/P1b4n/1pN1P2p/3BBP2/1P2Q1PP/R4R1K,,,,,,,,
board_20260228_012802_789196.png,q1r4r/1b2kpp1/p3p3/P1b5/1pN1P3/3BBPp1/1P4P1/R3QRK1,,,,,,,,
board_20260228_012859_649523.png,r2qrbk1/2p2pp1/p1np1n1p/3Np3/P3P3/2BP1N2/1P3PPP/R2QR1K1,,,,,,,,
board_20260228_012859_699534.png,r3rbk1/2p2pp1/p1Np3p/6q1/P3P3/2P5/5PPP/R2QR1K1,,,,,,,,
board_20260228_012920_881971.png,r3rbk1/2p2pp1/p1Np3p/3P4/P7/2P5/5PPP/R3R1K1,,,,,,,,
board_20260228_013005_024898.png,r4rk1/p3npbp/bqp3p1/4p3/8/4P1P1/PP2NPBP/R1BQR1K1,,,,,,,,
board_20260228_013005_078910.png,r2r2k1/p3npbp/1qp3p1/4p3/8/3bP1P1/PPQBNPBP/R3R1K1,,,,,,,,
board_20260228_013005_123920.png,r2r2k1/p4pbp/2p3p1/8/1q2p3/2NbP1P1/PP3PBP/R1Q1R1K1,,,,,,,,
board_20260228_013141_153154.png,1r1r2k1/p4p1p/6p1/q7/2p1p3/2PbP1P1/P2R1PBP/2R1Q1K1,,,,,,,,
board_20260228_013141_195163.png,8/p3rpkp/Q5p1/4q3/P1p1p1B1/2PbP1P1/1r3P1P/2RR2K1,,,,,,,,
board_20260228_013141_233171.png,3r1rk1/1p2pp1p/3p1np1/p1pP4/PqP1PP2/1P2R1PB/7P/3QR1K1,,,,,,,,
board_20260228_013622_745625.png,r3b1k1/pp4q1/3n1r1p/3P1Pp1/2pp2P1/3B1N1R/PP1Q1PP1/2K4R,,,,,,,,
board_20260228_013642_033518.png,nr3r1k/pp2q2p/2pNp3/P3P3/4P1p1/1Q1R2P1/1P1R1P2/6K1,,,,,,,,
board_20260228_014042_169459.png,3r4/p3qk1p/Qp4p1/5p2/1p1p1P2/1P1Pn3/P3P2P/1KR2N2,,,,,,,,
board_20260228_014042_231461.png,r7/2n2pk1/rpb3pp/2qpP3/PRp2P1P/2N1P1P1/6BK/1RQ5,,,,,,,,
board_20260228_014042_282477.png,8/2q3kp/p2pBbp1/n2P1P2/Q1p5/5N2/P4r1P/6RK,,,,,,,,
board_20260228_014042_326482.png,2r2rk1/p2qppb1/np2b1pp/8/PP1p4/R2P1NP1/3BPPBP/3QR1K1,,,,,,,,
board_20260228_014042_362490.png,r5k1/2pb4/1p1q3b/5p1B/2P1p3/2Nn4/4Q1PP/3R1RK1,,,,,,,,
board_20260228_014042_408500.png,r2rn1k1/pp4b1/8/2pPP2p/5pp1/8/PP2BPPN/3R1RK1,,,,,,,,
board_20260228_014209_394359.png,2r3k1/1p2q1pp/pn3r2/3p4/3Np3/1PNnP2P/P2Q1PP1/3R1RK1,,,,,,,,
board_20260228_014209_438369.png,r3rnk1/pp2qppp/1n2b3/2p1P3/3P4/2NB4/PPQ1N1PP/3R1RK1,,,,,,,,
board_20260228_014209_483374.png,r1b1r1k1/1pp1qppp/2n5/p1n1p3/2P5/PPB1PN2/2Q1BPPP/R4RK1,,,,,,,,
board_20260228_014209_530388.png,rr4k1/3n1ppp/3q1n2/2pp4/8/P1QRPN2/1B3PPP/2R3K1,,,,,,,,
board_20260228_014209_565393.png,3r2k1/R4pp1/p3p2p/3q4/3r4/3nQ1NP/P4PP1/5RK1,,,,,,,,
board_20260228_014209_607402.png,r4rk1/pb1qppbp/1p3np1/3P2B1/4P3/3Q1N2/P3BPPP/2R2RK1,,,,,,,,
board_20260228_014739_816926.png,2r3k1/1p2q1pp/pn3r2/3p4/3Np3/1PNnP2P/P2Q1PP1/3R1RK1,,,,,,,,
board_20260228_014739_866937.png,r3rnk1/pp2qppp/1n2b3/2p1P3/3P4/2NB4/PPQ1N1PP/3R1RK1,,,,,,,,
board_20260228_014739_904948.png,r1b1r1k1/1pp1qppp/2n5/p1n1p3/2P5/PPB1PN2/2Q1BPPP/R4RK1,,,,,,,,
board_20260228_014739_959960.png,rr4k1/3n1ppp/3q1n2/2pp4/8/P1QRPN2/1B3PPP/2R3K1,,,,,,,,
board_20260228_014740_001971.png,3r2k1/R4pp1/p3p2p/3q4/3r4/3nQ1NP/P4PP1/5RK1,,,,,,,,
board_20260228_014740_040977.png,r4rk1/pb1qppbp/1p3np1/3P2B1/4P3/3Q1N2/P3BPPP/2R2RK1,,,,,,,,
board_20260228_014820_818720.png,3r1rk1/1pb1qp1p/2p3p1/p7/P2Np2R/1P6/1BP2PPP/3Q1B1K,,,,,,,,
board_20260228_015322_640937.png,qrr3k1/5pbp/3pp1p1/1p2n3/1N6/1PB1QPP1/P1R1P1KP/2R5,,,,,,,,
board_20260228_015322_696949.png,5r1k/1b4pp/6r1/p1R5/Pp2p2q/1Q2B2P/1P3PPK/4R3,,,,,,,,
board_20260228_015322_745960.png,rnbq1r1k/pppp1p1p/3n1Pp1/6N1/2B2Q2/8/PB3PPP/R4K1R,,,,,,,,
board_20260228_020256_080880.png,8/2B5/8/6pp/7k/7P/5qPK/8,,,,,,,,
board_20260228_020256_122889.png,8/8/K4B2/3k4/3p4/p7/2PP4/8,,,,,,,,
board_20260228_020437_120674.png,4R3/8/pp6/k1r5/P3p3/K3PbB1/5P2/8,,,,,,,,
board_20260228_020437_165685.png,r1bnr1k1/1p2b1pp/1q2pn2/p2p2N1/3P1N2/3Q4/PP3PPP/RBB2RK1,,,,,,,,
board_20260228_020437_228704.png,r3k2r/pp3p1p/1qn1p1pb/3p4/3P4/P1N1PB1P/1PPQ2P1/1R3RK1,,,,,,,,
board_20260228_020437_265707.png,2r3qk/4Rp1n/2bp1P1R/p7/3B4/1P1Q2N1/1PP3rP/5K2,,,,,,,,
board_20260228_020437_314718.png,8/1p2Qpk1/p1p5/P2p4/1P1P1Pnp/6Pq/7P/6BK,,,,,,,,
board_20260228_020437_355729.png,8/7k/b2N1r2/p3Rpp1/7p/2P4K/1P1R2PP/5r2,,,,,,,,
board_20260228_021918_977690.png,4R3/8/pp6/k1r5/P3p3/K3PbB1/5P2/8,,,,,,,,
board_20260228_021919_012698.png,r1bnr1k1/1p2b1pp/1q2pn2/p2p2N1/3P1N2/3Q4/PP3PPP/RBB2RK1,,,,,,,,
board_20260228_021919_058716.png,r3k2r/pp3p1p/1qn1p1pb/3p4/3P4/P1N1PB1P/1PPQ2P1/1R3RK1,,,,,,,,
board_20260228_021919_103718.png,2r3qk/4Rp1n/2bp1P1R/p7/3B4/1P1Q2N1/1PP3rP/5K2,,,,,,,,
board_20260228_021919_146728.png,8/1p2Qpk1/p1p5/P2p4/1P1P1Pnp/6Pq/7P/6BK,,,,,,,,
board_20260228_021919_187737.png,8/7k/b2N1r2/p3Rpp1/7p/2P4K/1P1R2PP/5r2,,,,,,,,
board_20260228_022030_441030.png,r3kb1r/pbqn1pp1/1p5p/2p1p3/4n2B/1QP5/PP1NBPPP/R3K1NR,,,,,,,,
board_20260228_022030_480038.png,r3k2r/pp1b1p1p/5q1b/3np3/3P4/2PB1N2/PPQ1NKPP/R3R3,,,,,,,,
board_20260228_022030_527049.png,r2qnbk1/1b3p1p/p5p1/3p4/3B4/2NB3Q/PP3PPP/4R1K1,,,,,,,,
board_20260228_022030_581061.png,r1b2r2/pp2npkp/3p1pp1/q2P4/3QPP2/8/PP2B1PP/R1B2R1K,,,,,,,,
board_20260228_022030_620070.png,5r1k/7p/1p1p4/pq1Pp3/4P3/2B2N1P/PPn2P1K/6R1,,,,,,,,
board_20260228_022030_666080.png,8/4Br2/8/8/8/8/p1P5/k1Kb4,,,,,,,,
board_20260228_022102_153027.png,8/8/8/3bk3/8/3QK3/8/8,,,,,,,,
board_20260228_022102_192034.png,8/8/3nk3/8/8/8/8/KQ6,,,,,,,,
board_20260228_022127_434243.png,8/4k3/3nn3/8/8/8/3QK3/8,,,,,,,,
board_20260228_022127_491258.png,8/5n2/1Q2nk2/7K/8/8/8/8,,,,,,,,
board_20260228_022619_753562.png,8/4kn2/4n1K1/8/8/8/5Q2/8,,,,,,,,
board_20260228_022619_789570.png,8/4k3/3bb3/8/8/8/3QK3/8,,,,,,,,
board_20260228_022619_826580.png,8/3kb3/1K2b3/8/4Q3/8/8/8,,,,,,,,
board_20260228_162702_071423.png,r1b1r1k1/1pqn1pbp/p1p2np1/4p3/2P1P3/1NN1BP2/PP1Q2PP/1K1R1B1R,,,,,,,,
board_20260228_162702_124162.png,3k4/1b1nppbp/pp4p1/3N4/P1BPP1P1/3KB3/5P1P/8,,,,,,,,
board_20260228_162702_156504.png,r2qr1k1/p3np1p/4bBp1/2pp4/7Q/2PB4/P1P2PPP/4RRK1,,,,,,,,
board_20260228_162702_188928.png,r5k1/pppb3p/2nqp1p1/1B1p4/3P1r2/2P2N1P/PP2QPPK/R4R2,,,,,,,,
board_20260228_162702_221071.png,6k1/2q2pp1/2p2n1p/p3p3/1pN1P3/1P1Q1P2/P1P3PP/6K1,,,,,,,,
board_20260228_162702_252591.png,r2r2k1/1q1nbppp/pp1pbn2/4p3/P3P3/2N1BP2/1PPQB1PP/R1NR2K1,,,,,,,,
board_20260228_163522_991540.png,8/2p1p2p/2p1Pk1p/2B3RP/5pBR/5P2/n2K4/8,,,,,,,,
board_20260228_163641_744668.png,5Q2/4N3/8/4p1n1/1KPRbRP1/3pk3/3p4/3B3N,,,,,,,,
board_20260228_163641_797679.png,4b3/2p2n1R/2q1kpN1/1B3N2/3P2PK/5P2/8/Q7,,,,,,,,
board_20260228_163829_462064.png,3KN3/2P5/8/Q1N1kPp1/2PRB1P1/1P6/3q1R1P/2B5,,,,,,,,
board_20260228_163829_508074.png,8/1N6/Q1p5/pnP1p3/RPkPB3/P1N2p2/2R2Pp1/6K1,,,,,,,,
board_20260228_163907_350434.png,3N4/5p2/3P4/2R2N2/4k3/6K1/8/5B2,,,,,,,,
board_20260228_163907_406447.png,8/8/5p2/2PPkP2/4P3/6P1/3KQ1b1/8,,,,,,,,
board_20260228_163948_110173.png,8/8/3P4/1Q2P1P1/4N3/4k3/3N4/3R1K2,,,,,,,,
board_20260228_163948_151183.png,8/8/3p4/3P4/1pPBP1P1/1P1kNPp1/1P4Q1/K7,,,,,,,,
board_20260228_164044_518511.png,3B1N2/8/3Ppp1p/2P2k1p/1N3P1b/3K2pP/6P1/8,,,,,,,,
board_20260228_164044_559521.png,3B4/8/8/3P4/1PNk1P2/5Q1n/P2b2B1/2nK4,,,,,,,,
board_20260228_164544_718941.png,B7/2PN1p2/4NP2/4Pk1K/8/8/8/8,,,,,,,,
board_20260228_164544_754943.png,6q1/1p2NR1p/7K/7P/PP1RN3/2p1k1p1/7b/r6r,,,,,,,,
board_20260228_164639_680175.png,2N5/r1p5/4bp1b/6p1/2pPk1p1/p3p3/2P5/K1N2Q2,,,,,,,,
board_20260228_164639_720674.png,Q5N1/3bp2K/5pN1/3P1k2/6pP/3n4/6B1/2b1r3,,,,,,,,
board_20260228_164747_646019.png,2N5/6b1/Q7/3p3P/N2k4/4p1P1/4R3/6K1,,,,,,,,
board_20260228_164747_702034.png,6K1/2p1pB2/Rp2N3/3k4/7Q/2rpP3/1n6/8,,,,,,,,
board_20260228_164834_798212.png,3Q3n/1B6/2p4p/4N3/2pR2P1/n1p1k1b1/2P2p2/5K2,,,,,,,,
board_20260228_164834_847434.png,2kN4/4p3/4Pp2/2p3p1/P1P3Pp/1P6/1QB4B/7K,,,,,,,,
board_20260228_164940_654678.png,5b2/p4K2/4R3/2pkp1P1/N1pP2Q1/2n2p2/n1P1N3/q7,,,,,,,,
board_20260228_164940_695691.png,3Q4/5p2/5R2/4b3/3Nkp1p/3p3K/2p2Pn1/2N5,,,,,,,,
board_20260228_165140_246443.png,1K1R4/2pP4/2q1P3/1P6/2Nk2p1/6P1/2p5/2N5,,,,,,,,
board_20260228_165140_292453.png,2B5/2p5/2R3Kn/1p2R3/1B1k2N1/8/n1P5/8,,,,,,,,
board_20260228_165451_671435.png,2N5/5pP1/4Pp1B/2p1k3/8/1NPp3P/5p1P/3Q1K2,,,,,,,,
board_20260228_165451_710445.png,8/1r1r4/4Nn2/3kBPp1/Pp6/1N6/4Q2n/K7,,,,,,,,
board_20260228_165615_343745.png,1K1R4/2pP4/2q1P3/1P6/2Nk2p1/6P1/2p5/2N5,,,,,,,,
board_20260228_165739_213928.png,7Q/4K3/3P2p1/pRNkN3/1r2p3/8/P7/8,,,,,,,,
board_20260228_165739_251937.png,7b/1p3Pn1/PK1p2pQ/p2k1p2/N1RPR1P1/1p1p1rp1/1P1P2N1/7B,,,,,,,,
board_20260228_170211_118325.png,1K1R4/2pP4/2q1P3/1P6/2Nk2p1/6P1/2p5/2N5,,,,,,,,
board_20260228_170420_031675.png,5B2/8/K5nQ/p2P1P2/P1pk1p2/4NR2/2B5/8,,,,,,,,
board_20260228_170420_083682.png,8/N7/1p6/1P6/p1k1N3/4pP2/K7/3Q4,,,,,,,,
board_20260228_170544_150132.png,3N2N1/1p4np/1P1k2p1/2p1p1Bp/2P4P/3K4/7Q/8,,,,,,,,
board_20260228_170544_187151.png,K4b2/1QB1pPp1/8/4PkPp/R2p2pP/1B2P3/Pp6/4N3,,,,,,,,
board_20260228_170718_488035.png,8/7p/2P4Q/p3N3/2p1k1p1/P1PpP1R1/7P/1K5R,,,,,,,,
board_20260228_170718_537039.png,n7/8/P1kp1p2/1N3B2/PRNP4/6P1/3K4/6B1,,,,,,,,
board_20260228_170810_654599.png,K7/2R3p1/4P1Q1/1p1Pr3/PN1kp1P1/8/2p2P1N/2n5,,,,,,,,
board_20260228_170810_703622.png,8/4B3/q1P5/2pP1ppQ/3k1b2/pPN4P/3P4/K3Nn1r,,,,,,,,
board_20260228_170928_182965.png,5Nnq/1K1pp3/2P2b2/RpBkP1p1/1n4p1/1P6/B1Q1N1b1/8,,,,,,,,
board_20260228_170928_227957.png,5B2/3PNPn1/3r4/P1kp4/3N3R/Pp3K2/1P6/n4B2,,,,,,,,
board_20260228_171035_207454.png,3n1N2/K1p5/q6p/pRp4N/3k4/P2ppP2/3P4/8,w,,,,,,,
board_20260228_171035_263467.png,1n6/1N6/p2q4/1p2P3/1kbB1Q2/4P3/1P6/K2Bb3,,,,,,,,
board_20260228_171228_014161.png,K1B5/7n/3Q4/1p6/1B2knN1/1P2P3/7P/8,,,,,,,,
board_20260228_171228_065172.png,8/8/5Pp1/4k1p1/4pRP1/1QK2B2/5P2/8,,,,,,,,
board_20260228_171819_190754.png,R7/1n2N3/4pr2/8/1B1pkb2/K3p3/1P2P3/3Q4,,,,,,,,
board_20260228_171819_249765.png,1Nn3b1/n1N5/7Q/P2pP3/1k5b/1p1P1K2/1B3P2/8,,,,,,,,
board_20260228_171903_997498.png,8/1p6/2p5/2N1p3/3k3B/8/P1Q2K2/8,,,,,,,,
board_20260228_171904_037520.png,8/B2B4/8/1N1k4/1p6/1K1N1P2/n1P5/2b1r3,,,,,,,,
board_20260228_171938_470057.png,K4R2/1p2p3/2p4P/5N2/5kpp/7R/7b/7Q,,,,,,,,
board_20260228_171938_522069.png,3K4/8/8/4NnpN/PP2k3/2P5/2PQ4/4B3,,,,,,,,
board_20260228_172021_614387.png,4NN1K/7p/3P1P2/b3k3/3R1R2/3PPb2/3n1P2/8,,,,,,,,
board_20260228_172021_668399.png,8/b3Kp2/1p6/5p1B/PN2kP2/1N1b4/2RB4/8,,,,,,,,
board_20260228_172156_438308.png,6b1/rpp1Rp2/2Pp2pb/6p1/1p2p3/1B1k2P1/P2P4/Q3K3,,,,,,,,
board_20260228_172156_490319.png,1B4K1/5nN1/2P2k1p/2nQ3b/8/8/7P/8,,,,,,,,
board_20260228_172242_494163.png,2b3Q1/Kp6/1Pk4q/3RP3/P7/3pP3/2P2p2/5B2,,,,,,,,
board_20260228_172242_548174.png,n4N2/2n2p1b/2pp4/4R3/1N1k4/3P2p1/p4P2/K3Q3,,,,,,,,
board_20260228_173607_231860.png,R7/1BNP1Pn1/1p1k2N1/1P4b1/1nP5/8/5B2/6K1,,,,,,,,
board_20260228_173607_289874.png,8/8/8/3bR3/BPkBp1N1/P2R1p2/8/1nK5,,,,,,,,
board_20260228_173811_566359.png,5Q2/b2k1P2/1n1NNn2/1P1p4/6P1/8/8/7K,,,,,,,,
board_20260228_173811_614370.png,4n3/K5B1/5n2/pQ6/3k4/5bP1/8/1B3N2,,,,,,,,
board_20260228_173847_245406.png,7N/1p4K1/1n2k1N1/1P6/2PQp3/5p2/2P2B2/8,,,,,,,,
board_20260228_173847_305421.png,3b1Q2/PBnk1Pn1/6K1/3rp3/4N3/7R/8/8,,,,,,,,
board_20260228_173940_518610.png,b6K/6Rp/8/2N1k3/1P1n3p/1Pn1Np2/3P4/4Q3,,,,,,,,
board_20260228_173940_566622.png,6K1/1Qn1p3/4n1N1/2r5/NRPk2p1/8/4PP2/8,,,,,,,,
board_20260228_174031_646896.png,K6b/4B3/1pp5/p4Qn1/n2k2P1/5PP1/B1pr4/2N2N2,,,,,,,,
board_20260228_174031_696897.png,8/p7/BPp1Q1p1/2P1p1Bn/3k4/n1N5/2PN3K/bb6,,,,,,,,
board_20260228_174114_757959.png,1B4r1/1p2N2p/3R1b2/1p2kN2/1Q5P/1nK2p2/b5n1/8,,,,,,,,
board_20260228_174114_803970.png,7R/p2n2K1/b1k5/3N4/1Q3p2/1N6/4P3/8,,,,,,,,
board_20260228_174156_830992.png,7K/bn2B3/2p4p/4kB2/3pP2p/1P1Q4/2N2P2/1n5b,,,,,,,,
board_20260228_174156_879005.png,8/n7/qpPN4/3k4/bQ5n/3pB2B/N4P2/7K,,,,,,,,
board_20260228_174239_198537.png,2B5/2Q5/6p1/3p4/2P5/3k1P2/5K2/8,,,,,,,,
board_20260228_174239_241533.png,8/5K2/1B1k4/3ppp2/2p1R1N1/2P2N2/2B5/8,,,,,,,,
board_20260228_174344_162811.png,4R3/3p4/N2k4/8/3P3p/1P4P1/3R1PB1/5K1N,,,,,,,,
board_20260228_174344_213262.png,8/8/2P5/6p1/8/4PQP1/3PKP1P/5Nk1,,,,,,,,
board_20260228_174442_197133.png,8/3B2B1/8/2pk2p1/2Np4/1N1Kp1P1/4P3/8,,,,,,,,
board_20260228_174442_237521.png,8/8/p3p3/4Kp2/8/1P1kN3/P2N1P2/r1n5,,,,,,,,
board_20260228_174532_528923.png,3B4/p5p1/8/p5P1/K7/1PRNRpP1/3k4/8,,,,,,,,
board_20260228_174532_577398.png,k7/pRp3R1/6p1/3P2K1/P1r1B1P1/4p3/1n6/6Q1,,,,,,,,
board_20260228_174626_367007.png,7K/1N2R3/1rP1p1B1/4k3/2p1Npp1/2PR4/8/8,,,,,,,,
board_20260228_174626_407566.png,5N1K/5p2/3P1k1p/1p1R3p/2p3bP/n1P1P3/1R6/7n,,,,,,,,
board_20260228_175130_103110.png,8/3N4/1P2p1pn/3kB1p1/B5b1/2P1KpNp/5P1P/8,,,,,,,,
board_20260228_175130_144557.png,2Bb3B/8/b2kp1N1/8/K4n2/7p/1PQ5/8,,,,,,,,
board_20260228_175207_854709.png,3R4/N7/1b6/1Pp5/2k2NBQ/1rp3K1/2p5/3n4,,,,,,,,
board_20260228_175207_906529.png,5K2/2p2P2/5kp1/2pb1pR1/5Q2/5p2/6N1/8,,,,,,,,
board_20260228_175258_972880.png,2b3K1/2p1kpn1/4pbP1/1QP2P2/1N6/5B2/2r5/2n5,,,,,,,,
board_20260228_175259_031848.png,8/Rp6/7K/3p1k2/2P1pN2/4pQ2/5N2/8,,,,,,,,
board_20260228_175343_390755.png,3N4/b7/2PR2Kp/Pp2k1n1/2PR4/N2pn1P1/8/8,,,,,,,,
board_20260228_175343_442141.png,8/1R6/1p2R1Q1/pkp1K3/8/3p4/3p4/r1n5,,,,,,,,
board_20260228_175428_638204.png,1B6/p7/1PP5/2RP1N2/p1BNk3/P4p2/P4Pp1/6K1,,,,,,,,
board_20260228_175428_690534.png,bb6/p7/2p3Q1/2n4B/P1Nk1p2/3p4/PP1N3n/7K,,,,,,,,
board_20260228_175523_742775.png,2n5/3R2p1/2pPn3/3Nk1r1/2Q1p3/2P1N1Pp/8/7K,,,,,,,,
board_20260228_175523_796717.png,2q1nN2/1p6/2pP1p2/4kp2/Q1PpN2K/3BR3/3P2P1/2nR4,,,,,,,,
board_20260228_175630_109282.png,K1b1N1N1/1n6/pr1RpR2/3Pk3/8/3Q1P2/2n5/2b1q2r,,,,,,,,
board_20260228_175630_164616.png,1K6/N4n1n/1Q5p/3p1k1N/3p1p1p/1p1P2Pp/8/1b1Bb3,,,,,,,,
board_20260228_175743_124863.png,8/8/1R1pP2Q/5P2/3N1K2/p1P2P2/Np5P/rk6,,,,,,,,
board_20260228_175743_170659.png,K4N2/n1k1B2b/2p2N2/P3n1Q1/2P5/bP5p/7q/8,,,,,,,,
board_20260228_175914_093076.png,8/8/3p1R1p/p1kp2P1/K1p4Q/p7/2rN1P2/n3R3,,,,,,,,
board_20260228_175914_149520.png,K7/p7/2Pp4/3kp1B1/N2NR3/1P3BP1/2r5/1b6,,,,,,,,
board_20260228_180114_596993.png,b7/p7/1ppN3n/4kp2/2B4B/2PR3n/K3pP2/1Q2b3,,,,,,,,
board_20260228_180114_655976.png,3n4/3K4/6Q1/1R1pk3/4N2B/2b3p1/8/2q5,,,,,,,,
board_20260228_180332_846870.png,b7/p7/1ppN3n/4kp2/2B4B/2PR3n/K3pP2/1Q2b3,,,,,,,,
board_20260228_180332_897892.png,3n4/3K4/6Q1/1R1pk3/4N2B/2b3p1/8/2q5,,,,,,,,
board_20260228_180417_421244.png,8/8/p2p4/P4p2/NP1N1K2/2BkP3/8/8,,,,,,,,
board_20260228_180417_471255.png,7B/p1pp1p2/2p1p3/K1k1pN2/8/3PP2N/8/8,,,,,,,,
board_20260228_180447_462705.png,1n6/1B1nB1Nr/2p1p1p1/Q3p2p/PP2k2r/P2N2p1/3KP1P1/8,,,,,,,,
board_20260228_180447_512706.png,8/p7/2K5/p1P1k1B1/p2N4/2N1p3/P3P3/8,,,,,,,,
board_20260228_212658_246684.png,2r2rk1/1p2ppb1/p2p1npp/q4P2/P1b1P2B/2NB4/1PP3PP/R3QR1K,,,,,,,,
board_20260228_212741_786158.png,5r2/1p2Npbk/p2p1npp/5P2/P1r1P2B/8/1PP3PP/4RR1K,,,,,,,,
board_20260228_212741_823166.png,5b2/1p5k/p2p2pp/3N4/r3P3/2P5/1P4PP/4R2K,,,,,,,,
board_20260228_212848_146422.png,r7/5k2/3p2pp/3N4/1p1bP3/1K6/1PR3PP/8,,,,,,,,
board_20260228_212941_290280.png,1r1k4/2R5/K2p4/1PbN2pp/4P3/7P/6P1/8,,,,,,,,
board_20260228_213157_298511.png,r4rk1/1ppqnpb1/p2p1npp/3Pp1B1/2P1P3/2N2N2/PP3PPP/R2Q1RK1,,,,,,,,
board_20260228_213629_974838.png,r1b1rbk1/1pqn1p1p/2pp1np1/p7/2PQP3/BPN2NP1/P4PBP/R2R2K1,,,,,,,,
board_20260228_213726_848157.png,r1b1r1k1/1p1n1pbp/2pp1np1/q7/P1PQP3/B1N2NP1/P4PBP/2RR2K1,,,,,,,,
board_20260228_213726_892090.png,r1b1rbk1/1p1n1N2/2pQ1npp/q7/PBP1P3/2N3P1/P4PBP/2RR2K1,,,,,,,,
board_20260228_213726_933186.png,r1b1r1k1/1p3pbp/2pp1np1/q1n5/P1P1P3/B1N2NP1/P2Q1PBP/2RR2K1,,,,,,,,
board_20260228_213811_649962.png,2r2rk1/1p1n4/2p2npp/7q/PbP1P3/2NQ1PP1/P5BP/2RR2K1,,,,,,,,
board_20260228_213811_698388.png,r3k2r/bp1b1ppp/p1n1pn2/8/8/1BN1PN2/PP1B1PPP/2RR2K1,,,,,,,,
board_20260228_213845_573995.png,r2rb3/bp2kppp/p1nnp3/2N5/8/4PN2/PP3PPP/1BRRB1K1,,,,,,,,
board_20260228_213845_622504.png,r6r/bp1bkppp/p1nnp3/8/N7/4PN2/PPB2PPP/2RRB1K1,,,,,,,,
board_20260228_214114_914973.png,r5k1/1p3pp1/p3p2p/1b2P3/1B6/8/PP2nPPP/1BR1K3,,,,,,,,
board_20260228_214114_955327.png,r2rb3/1p2kpp1/p1n1p2p/1nR1P3/8/5N2/PP3PPP/1BR1B1K1,,,,,,,,
board_20260228_214114_987743.png,r5k1/1R3pp1/p3p2p/4P3/1B6/3b4/PP3PPP/4K3,,,,,,,,
board_20260228_214146_026524.png,6k1/5pp1/3Bp2p/4P3/R7/P3K3/br3PPP/8,,,,,,,,
board_20260228_214146_079187.png,r5k1/5pp1/3Bp2p/4P3/p7/2R5/PP3PPP/1b2K3,,,,,,,,
board_20260228_214210_242739.png,5R2/4Kppk/1B2p1b1/Pr2P2p/7P/6P1/5P2/8,,,,,,,,
board_20260228_214210_286749.png,6k1/5pp1/2bBp3/4P2p/1K3R1P/P5P1/r4P2/8,,,,,,,,
board_20260228_214251_850505.png,1rb2rk1/1pn1q1bp/p2p1pp1/2pPn3/P3PB2/2N3PP/1P1NQPB1/R3R1K1,,,,,,,,
board_20260228_214251_887512.png,1rb1nrk1/1p1nq1bp/p2p1pp1/2pP4/P3PB2/2N2NPP/1P3PB1/R2QR1K1,,,,,,,,
board_20260228_221152_258112.png,2b1r1k1/2n1q1bp/p2p2p1/2pP1p2/Pr2PP2/4B1PP/1PQ3B1/R2NR1K1,,,,,,,,
board_20260228_221152_297120.png,1rb2rk1/2n1q1bp/p2p1pp1/2pP4/P1p1PP2/2N1B1PP/1P2Q1B1/R3R1K1,,,,,,,,
board_20260228_221152_346131.png,2bqr1k1/1rn3bp/p5p1/B1pPpp2/P4P2/4N1PP/1PQ3B1/R3R1K1,,,,,,,,
board_20260228_221238_194768.png,4r1k1/1Q4bp/p2qn1p1/B1p2p2/P4p2/4N1PP/1P6/R3R1K1,,,,,,,,
board_20260228_221238_242774.png,1rb2rk1/p5pp/3Np3/P1N1P3/1p6/1P4P1/5P1P/3R2K1,,,,,,,,
board_20260228_221238_291784.png,1r3rk1/p1n2ppp/b7/P1p1P3/1pNbN3/1P4PB/5P1P/2RR2K1,,,,,,,,
board_20260228_221319_185081.png,1rbr4/p6k/3Np2p/P1N1P2p/1p3PP1/1P2K3/3R4/8,,,,,,,,
board_20260228_221319_241114.png,r1bqkb1r/1p1n1ppp/2n1p3/p2pP3/3P1P2/5N2/PP4PP/R1BQKBNR,,,,,,,,
board_20260228_221319_291107.png,6r1/p6k/3NN2p/P4P1p/1p3K2/1P4r1/3R4/8,,,,,,,,
board_20260228_221559_987514.png,r3k2r/1p2bpp1/1qn1b3/3pP3/p1nP3P/P2B1NK1/1P2N3/1RBQ3R,,,,,,,,
board_20260228_221600_028530.png,r1bqk2r/1p2bppp/1nn1p3/3pP3/p2P1P2/P2B1N2/1P2N1PP/R1BQK2R,,,,,,,,
board_20260228_221600_070530.png,2kr3r/qp2bp2/2n1b3/3pP1p1/p1nP1N1P/P2B1NK1/1P6/1RB3QR,,,,,,,,
board_20260228_221932_858929.png,2kr4/qp2bp1Q/4n3/3pn1P1/p7/P2B1NK1/1P6/1RB5,,,,,,,,
board_20260228_221932_901927.png,1k1r2r1/qp2b3/2n1Q3/3pP3/p2P1B1p/P2B1N1K/1P1n4/1R5R,,,,,,,,
board_20260228_221932_959941.png,2kr3r/qp2b3/2n1p3/3pP3/p1nP2Qp/P2B1N1K/1P6/1RB4R,,,,,,,,
board_20260228_222128_274617.png,8/1prr1pkp/4nRp1/2qB2P1/pp2P1PP/P5Q1/1P6/1K3R2,,,,,,,,
board_20260228_222128_320624.png,5rk1/4qpbp/1p2r1p1/pNp1n3/2Pp2P1/3P3P/PP1BPRQ1/5RK1,,,,,,,,
board_20260228_222128_377638.png,r4r1k/p1pb4/1p1p3p/3Pq2P/2P2p2/3pBN2/PPQ2P1P/6RK,,,,,,,,
board_20260228_222222_562357.png,r4rk1/1b1q1ppp/p1pbpB2/1p6/P1pP1P1Q/2P1PB2/6PP/R4RK1,,,,,,,,
board_20260228_222307_833852.png,2k4r/2p2rpp/3b1n2/Npp1p1B1/4P3/3R1P2/PP3P1P/3R2K1,,,,,,,,
board_20260228_222346_241598.png,3r1rk1/4npp1/2qp3p/p1p1p3/PbP1P3/2B3P1/N1Q1PPKP/1R3R2,,,,,,,,
board_20260228_222346_280611.png,3r1rk1/b2qnpp1/p1pp3p/4p3/P1P1P3/BN4P1/4PPKP/1R1Q1R2,,,,,,,,
board_20260228_222441_433616.png,r4rk1/ppp2pbp/6p1/5b2/3q3B/8/P2NBPPP/R2Q1RK1,,,,,,,,
board_20260228_222441_462623.png,r4rk1/ppp2pbp/2n3p1/3q1b2/3P3B/4PN2/P3BPPP/R2Q1RK1,,,,,,,,
board_20260228_222512_897379.png,2r2rk1/ppp2pbp/2n1b1p1/3q4/3P4/1Q2PNB1/P3BPPP/R4RK1,,,,,,,,
board_20260228_222512_936393.png,5rk1/4qpbp/1p2r1p1/pNp1n3/2Pp2P1/3P3P/PP1BPRQ1/5RK1,,,,,,,,
board_20260228_222558_922401.png,8/1prr1pkp/4nRp1/2qB2P1/pp2P1PP/P5Q1/1P6/1K3R2,,,,,,,,
board_20260228_222558_964409.png,8/4k3/4p1P1/1p2Q3/pP2P1PP/KP6/2r5/5r2,,,,,,,,
board_20260228_222559_015422.png,6k1/7p/5Q2/1p4P1/pP2P1PP/KP6/2r5/3r4,,,,,,,,
board_20260228_222559_075434.png,8/1prr1pkp/4nRp1/3BQ1P1/pp2P1PP/P7/1Pq5/K4R2,,,,,,,,
board_20260228_222643_874483.png,8/1pr2pkp/5Rp1/3P2P1/1P1n2PP/P5Q1/2q5/K4R2,,,,,,,,
board_20260228_222643_912485.png,r7/p1pbkr2/1p1p3Q/3P3P/2P2p2/3p1N2/PP3P1P/7K,,,,,,,,
board_20260228_222643_953494.png,r4r1k/p1pb4/1p1p3p/3Pq2P/2P2p2/3pBN2/PPQ2P1P/6RK,,,,,,,,
board_20260228_222745_409911.png,r4r1k/p1p5/1p1p3p/3PN2P/2P2p2/3bB3/PP3P1P/6RK,,,,,,,,
board_20260228_222745_451921.png,r4rk1/1b1q1ppp/p1pbpB2/1p6/P1pP1P1Q/2P1PB2/6PP/R4RK1,,,,,,,,
board_20260228_222745_489936.png,5r2/7k/1p5p/3PB2P/2P2p2/3R4/rP3P1P/7K,,,,,,,,
board_20260228_222745_528942.png,rr3k2/1b1q1ppp/p1pbpB2/1p3P2/P1pPB2Q/2P1P3/6PP/R4RK1,,,,,,,,
board_20260301_075407_884327.png,8/8/8/8/3k4/8/3ppK2/2R5,,,,,,,,
board_20260301_075424_105855.png,r7/2p1P1R1/3k1P2/1P5p/7P/p7/2P3P1/6K1,,,,,,,,
board_20260301_075435_258981.png,8/6kp/8/4R3/8/4ppPP/7K/1r6,,,,,,,,
board_20260301_075443_262067.png,5R2/8/8/2p4K/3k4/1p6/8/8,,,,,,,,
board_20260301_075455_147043.png,8/8/7P/5KP1/8/3k4/7r/8,,,,,,,,
board_20260301_075455_170664.png,R7/8/6K1/3k4/1p6/2p5/8/8,,,,,,,,
board_20260301_075503_696077.png,7R/4K3/8/8/6p1/6kp/8/8,,,,,,,,
board_20260301_075518_868108.png,8/6p1/PK3p2/5P2/1P6/7k/8/r7,,,,,,,,
board_20260301_075526_588010.png,8/8/PK6/1P6/8/8/3k4/r7,,,,,,,,
board_20260301_075535_116370.png,R7/8/5K2/8/1p5P/pk6/8/8,,,,,,,,
board_20260301_075543_748039.png,R7/6K1/3p4/2k5/pp6/8/8/8,,,,,,,,
board_20260301_075553_588108.png,8/1R6/r7/5P2/6P1/2k1K3/1p6/8,,,,,,,,
board_20260301_075603_066740.png,8/8/5P2/6P1/3K4/8/1k6/5r2,,,,,,,,
board_20260301_075613_330439.png,7R/8/8/PK6/1P6/6k1/7p/r7,,,,,,,,
board_20260301_075624_364208.png,8/4k3/P7/1PK5/5P2/2P5/7p/3r3B,,,,,,,,
board_20260301_075631_981835.png,8/8/1PK5/2P2k2/5P2/8/8/1r6,,,,,,,,
board_20260301_075640_988940.png,8/2P5/1K2k3/1R4p1/5p2/8/8/2r5,,,,,,,,
board_20260301_075649_970484.png,8/8/7p/8/6PP/4K3/2kr1P2/8,,,,,,,,
board_20260301_075709_388932.png,3r4/8/8/6P1/2k1KP2/8/8/8,,,,,,,,
board_20260301_075709_410997.png,8/8/3KR3/8/3p4/2p4k/8/8,,,,,,,,
board_20260301_075717_410565.png,8/8/p7/7P/6P1/7K/P1k5/1r6,,,,,,,,
board_20260301_075727_339609.png,8/8/7P/8/p5PK/8/P1k5/6r1,,,,,,,,
board_20260301_075738_331543.png,8/8/8/7P/3kPK2/8/8/6r1,,,,,,,,
board_20260301_075746_749011.png,7N/8/5k1K/8/4P3/8/8/6r1,,,,,,,,
board_20260301_075755_912851.png,8/8/8/6kp/8/1P2R1P1/7r/2K5,,,,,,,,
board_20260301_075806_214701.png,8/8/8/7p/1P4k1/4R1Pr/8/2K5,,,,,,,,
board_20260301_075821_239651.png,1r6/8/8/1P3k2/2K5/2R5/8/8,,,,,,,,
board_20260301_075821_262705.png,8/8/8/1P6/5k1r/4R3/1K6/8,,,,,,,,
board_20260301_075830_371469.png,3k4/2R5/1P6/8/7r/K7/8/8,,,,,,,,
board_20260301_075838_651354.png,8/4k3/8/1P6/7r/K7/3R4/8,,,,,,,,
board_20260301_075850_551408.png,7r/1Pk5/K7/8/8/8/1R6/8,,,,,,,,
board_20260301_075850_577008.png,8/8/8/1P1k4/7r/K1R5/8/8,,,,,,,,
board_20260301_075858_976827.png,8/8/8/1P3k2/8/7r/1K6/4R3,,,,,,,,
board_20260301_075926_818333.png,5k2/8/8/8/1P6/7r/2K5/4R3,,,,,,,,
board_20260301_075936_785036.png,8/5k2/1R6/1P6/8/2K5/7r/8,,,,,,,,
board_20260301_075944_405472.png,6r1/3k4/1P6/8/1K6/8/1R6/8,,,,,,,,
board_20260301_075951_109012.png,6r1/3k4/1P6/8/1K6/8/1R6/8,,,,,,,,
board_20260301_080653_981939.png,8/1k6/6R1/8/6P1/r7/5K2/8,,,,,,,,
board_20260301_080753_217658.png,r7/3k4/6P1/8/8/6RK/8/8,,,,,,,,
board_20260301_081022_174184.png,1r6/8/8/6k1/8/8/1P3R2/1K6,,,,,,,,
board_20260301_081332_164249.png,1r6/8/5K2/8/8/3R4/1P6/7k,,,,,,,,
board_20260301_081359_003935.png,8/8/8/8/1P6/6k1/7r/1K3R2,,,,,,,,
board_20260301_081418_792791.png,5R2/7r/8/1P4k1/8/8/8/2K5,,,,,,,,
board_20260301_081418_815876.png,4r3/4k3/3R4/8/K7/8/1P6/8,,,,,,,,
board_20260301_081439_066351.png,8/3k4/8/1K6/8/8/rPR5/8,,,,,,,,
board_20260301_081505_091395.png,8/6k1/1P6/8/8/5R2/7r/K7,,,,,,,,
board_20260301_081517_630227.png,8/8/8/5R2/1P4k1/8/7r/2K5,,,,,,,,
board_20260301_081525_522420.png,8/8/8/8/1P3k2/7r/1K2R3/8,,,,,,,,
board_20260301_081532_598889.png,8/8/8/8/1P3k2/7r/1K6/4R3,,,,,,,,
board_20260301_081539_639228.png,2r5/3k4/1P6/2R5/1K6/8/8/8,,,,,,,,
board_20260301_081547_499156.png,r7/2R5/6k1/3K4/2p5/2P5/8/8,,,,,,,,
board_20260301_081557_692994.png,r7/8/6k1/1K6/2R5/2P5/8/8,,,,,,,,
board_20260301_081615_436512.png,7r/8/8/RK6/2P1k3/8/8/8,,,,,,,,
board_20260301_081615_459561.png,8/3k4/2p5/5R2/8/6K1/2r5/8,,,,,,,,
board_20260301_081627_915412.png,8/8/3R4/2p5/8/2r5/1k1K4/8,,,,,,,,
board_20260301_081638_644313.png,8/5k2/8/4R3/7r/4K3/2P5/8,,,,,,,,
board_20260301_081646_758995.png,3r4/8/5k2/8/8/2P1R3/2K5/8,,,,,,,,
board_20260301_081654_792846.png,2r5/5k2/3K4/8/8/2P1R3/8/8,,,,,,,,
board_20260301_081704_519450.png,3R4/8/4k3/8/6r1/2K5/1P6/8,,,,,,,,
board_20260301_081712_976053.png,8/1r6/4k3/8/8/1P1R4/1K6/8,,,,,,,,
board_20260301_081721_061663.png,2r5/8/4k3/1K6/8/1P1R4/8/8,,,,,,,,
board_20260301_081728_317955.png,1r6/8/8/2K1k3/8/1P1R4/8/8,,,,,,,,
board_20260301_081738_161029.png,7r/3k4/1K6/1p6/1P6/8/8/2R5,,,,,,,,
board_20260301_081747_378460.png,3R4/5r2/2k5/8/8/4K3/5P2/8,,,,,,,,
board_20260301_081755_990250.png,8/8/3K4/1R3p2/2r2k2/8/8/8,,,,,,,,
board_20260301_081803_792212.png,8/2R5/5k2/8/8/2K5/2P3r1/8,,,,,,,,
board_20260301_081812_801902.png,6R1/8/2pk4/8/8/4K3/8/3r4,,,,,,,,
board_20260301_081820_373322.png,8/8/8/2pr4/8/k3K3/8/2R5,,,,,,,,
board_20260301_081835_450554.png,8/8/8/1kp5/3r4/8/4K3/2R5,,,,,,,,
board_20260301_081835_476726.png,8/3r4/2k5/2p5/8/4K3/8/2R5,,,,,,,,
board_20260301_081845_840022.png,8/3r4/8/2p5/8/k7/4K3/2R5,,,,,,,,
board_20260301_081906_879828.png,8/8/2pr4/R7/8/1k6/4K3/8,,,,,,,,
board_20260301_081915_984952.png,r7/8/5k2/8/2PKR3/8/8/8,,,,,,,,
board_20260301_081925_125729.png,8/3R2pk/8/4r3/8/3K4/8/8,,,,,,,,
board_20260301_081932_048921.png,8/8/1k6/1p6/1R1K4/8/r7/8,,,,,,,,
board_20260301_081939_134533.png,8/8/8/1pk5/2r5/3K4/1R6/8,,,,,,,,
board_20260301_081951_904401.png,3k4/8/8/8/KR3r2/1P6/8/8,,,,,,,,
board_20260301_082007_351400.png,8/8/4k3/6r1/1PR5/1K6/8/8,,,,,,,,
board_20260301_082007_373885.png,8/1r1k4/8/1PR5/1K6/8/8/8,,,,,,,,
board_20260301_082047_102882.png,5r2/8/8/4k3/5p2/2K5/3R4/8,,,,,,,,
board_20260301_082054_841917.png,8/2r2k2/R7/3K4/2P5/8/8/8,,,,,,,,
board_20260301_082108_069010.png,8/R4pK1/5P2/5k2/8/8/8/2r5,,,,,,,,
board_20260301_082108_091556.png,6K1/8/R4P1r/5k2/8/8/8/8,,,,,,,,
board_20260301_082116_226230.png,8/8/5k2/R7/3K1p2/4r3/8/8,,,,,,,,
board_20260301_082123_122954.png,8/8/5k2/R7/8/3K1p2/4r3/8,,,,,,,,
board_20260301_082132_164993.png,r7/8/5k2/8/2PKR3/8/8/8,,,,,,,,
board_20260301_082138_919158.png,7r/3k4/8/8/5K2/4R1P1/8/8,,,,,,,,
board_20260301_082145_452039.png,8/4k3/6P1/5R2/6K1/8/8/7r,,,,,,,,
board_20260301_082205_745203.png,7R/8/8/1k6/r7/3K4/5P2/8,,,,,,,,
board_20260301_082205_768282.png,3R4/5r2/2k5/8/8/4K3/5P2/8,,,,,,,,
board_20260301_082213_226677.png,8/4r3/1k6/6R1/6K1/8/5P2/8,,,,,,,,
board_20260301_082226_041307.png,8/5r2/2k5/8/7K/8/3R1P2/8,,,,,,,,
board_20260301_082226_064424.png,8/6r1/2k5/8/8/4K3/3R1P2/8,,,,,,,,
board_20260301_082233_546533.png,4r3/8/2k5/8/8/5K2/3R1P2/8,,,,,,,,
board_20260301_082242_246385.png,8/8/8/6R1/r2k4/5P2/5K2/8,,,,,,,,
board_20260301_082249_158016.png,6r1/8/5R2/3k1K2/8/5P2/8/8,,,,,,,,
board_20260301_082258_478536.png,1r6/4k3/8/8/2KR4/8/2P5/8,,,,,,,,
board_20260301_082308_109670.png,8/1R6/2p4r/2k1K3/8/8/8/8,,,,,,,,
board_20260301_082323_705997.png,8/8/8/8/5p1R/5k2/7K/r7,,,,,,,,
board_20260301_082323_730127.png,8/8/R7/8/8/4rp2/5k1K/8,,,,,,,,
board_20260301_082331_598048.png,8/8/4k3/R7/3K1p2/4r3/8/8,,,,,,,,
board_20260301_082339_144223.png,8/8/4r1k1/R7/8/3K1p2/8/8,,,,,,,,
board_20260301_082346_313354.png,7K/8/4k2P/4P3/8/6r1/4R3/8,,,,,,,,
board_20260301_091110_765284.png,7K/8/4k2P/4P3/8/6r1/4R3/8,,,,,,,,
board_20260301_091126_977720.png,7K/7P/4r1k1/4PR2/8/8/8/8,,,,,,,,
board_20260301_091127_002178.png,5R1K/7P/4k3/8/8/6r1/8/8,,,,,,,,
board_20260301_091350_078626.png,r1b1r1k1/1pqn1pbp/p1p2np1/4p3/2P1P3/1NN1BP2/PP1Q2PP/1K1R1B1R,,,,,,,,
board_20260301_091350_108859.png,3k4/1b1nppbp/pp4p1/3N4/P1BPP1P1/3KB3/5P1P/8,,,,,,,,
board_20260301_091350_138837.png,r2qr1k1/p3np1p/4bBp1/2pp4/7Q/2PB4/P1P2PPP/4RRK1,,,,,,,,
board_20260301_091350_169681.png,r5k1/pppb3p/2nqp1p1/1B1p4/3P1r2/2P2N1P/PP2QPPK/R4R2,,,,,,,,
board_20260301_091350_198319.png,6k1/2q2pp1/2p2n1p/p3p3/1pN1P3/1P1Q1P2/P1P3PP/6K1,,,,,,,,
board_20260301_091350_224172.png,r2r2k1/1q1nbppp/pp1pbn2/4p3/P3P3/2N1BP2/1PPQB1PP/R1NR2K1,,,,,,,,
board_20260301_091505_340723.png,r2r2k1/p2nqppp/1p2p3/3b4/1P6/2Q2NP1/P3PPBP/2RR2K1,,,,,,,,
board_20260301_091505_372267.png,3n4/6pp/1p1k1p2/1p6/p2PPN1P/P2K4/1P4P1/8,,,,,,,,
board_20260301_091505_400781.png,2kr3r/pp1bbpp1/1q2p2p/n2pP3/2pP4/P1P2NP1/1P3PBP/R1BQR1K1,,,,,,,,
board_20260301_091505_425663.png,1r6/p1r1k1p1/4p2p/N2p1p2/nPp5/2P1PP2/P1R2KPP/4R3,,,,,,,,
board_20260301_091505_472758.png,r6r/pp1bkppp/n3p3/1Nb1P2n/P1B2B2/2N5/1P3PPP/R4RK1,,,,,,,,
board_20260301_091505_499197.png,3B2k1/1p1b1p2/r5p1/1NpP1n1p/P1P3n1/R7/6PP/5BK1,,,,,,,,
board_20260301_091535_779393.png,1k1r4/pP2q3/8/Q7/8/6bP/6P1/2R4K,,,,,,,,
board_20260301_091535_807186.png,r1bn4/pp2k3/4P3/7K/3N4/PB6/1PP3r1/4R3,,,,,,,,
board_20260301_091557_049693.png,7k/8/8/8/1p6/r1p5/P1R5/5K2,,,,,,,,
board_20260301_091557_079294.png,2b5/1r6/2kBp1p1/p2pP1P1/2pP4/1pP3K1/1R3P2/8,,,,,,,,
board_20260301_091629_142610.png,r2q1rk1/ppp1bppp/2bp1n2/8/2BQPP2/2N1B2P/PPP3P1/R4RK1,,,,,,,,
board_20260301_091629_168715.png,r1bqkb1r/pppp1ppp/2n2n2/4p3/2B1P3/2N2N2/PPPP1PPP/R1BQK2R,,,,,,,,
board_20260301_091655_503340.png,8/5p2/8/5pPp/6kB/7p/5K1P/8,,,,,,,,
board_20260301_091655_530690.png,8/8/R7/pp5p/2bK3k/2P5/6P1/8,,,,,,,,
board_20260301_091823_366484.png,2r3k1/5pp1/7p/b2q1p2/3P4/pRPQ2B1/P5PP/6K1,,,,,,,,
board_20260301_091823_396395.png,6r1/5p1p/5Kpk/6R1/7P/p7/6P1/8,,,,,,,,
board_20260301_091823_423317.png,8/8/8/6K1/2kp3P/2p5/2Pr4/2R5,,,,,,,,
board_20260301_091823_451820.png,3r2k1/p6p/b2r2p1/2qPQp2/2P2P2/8/6BP/R4R1K,,,,,,,,
board_20260301_091823_479325.png,8/2k5/8/8/R4b2/4p1p1/5rP1/4B1K1,,,,,,,,
board_20260301_091823_504619.png,5r1k/p6p/1p1p1qp1/2pQpr2/8/2PP2P1/PP2RPKP/5R2,,,,,,,,
board_20260301_091934_116994.png,8/5p2/8/5KPp/7k/7p/7P/8,,,,,,,,
board_20260301_091934_145465.png,8/3P1pkp/2n2Np1/8/5b2/B6P/5PP1/6K1,,,,,,,,
board_20260301_091934_171998.png,4r1k1/4P1p1/7p/1pp1N3/7P/4q2n/P5Q1/5R1K,,,,,,,,
board_20260301_091934_199401.png,r1bq1rk1/ppp2pp1/1bnp1n1p/8/2BPP3/2N1BN1P/PP3PP1/R2Q1RK1,,,,,,,,
board_20260301_091934_225271.png,3Q4/p3b1k1/2p2rPp/2q5/4B3/P2P4/7P/6RK,,,,,,,,
board_20260301_091934_251001.png,1nk1r1r1/pp2n1pp/4p3/q2pPp1N/b1pP1P2/B1P2R2/2P1B1PP/R2Q2K1,,,,,,,,
board_20260301_095903_219666.png,7k/8/8/6KP/4B3/8/8/8,,,,,,,,
board_20260301_095903_247157.png,5k2/8/7P/8/8/8/8/1B2K3,,,,,,,,
board_20260301_095915_015946.png,8/8/5k1P/8/8/8/8/3BK3,,,,,,,,
board_20260301_095915_041171.png,8/8/8/8/p7/k7/b2K4/8,,,,,,,,
board_20260301_095930_444050.png,8/8/1r3kp1/4b3/8/6P1/2R3KP/8,,,,,,,,
board_20260301_095930_473321.png,8/6k1/6p1/8/7P/6P1/1b4K1/8,,,,,,,,
board_20260301_095947_901473.png,8/8/5kp1/8/8/5KP1/1b5P/8,,,,,,,,
board_20260301_095947_926135.png,8/8/8/5kp1/8/5KPP/8/4b3,,,,,,,,
board_20260301_095947_950352.png,8/8/6p1/5kP1/7P/2b2K2/8/8,,,,,,,,
board_20260301_100005_334521.png,8/8/8/2k5/p1b5/8/1P1K4/8,,,,,,,,
board_20260301_100005_360216.png,8/8/8/2k5/8/1p6/bK6/8,,,,,,,,
board_20260301_100005_388716.png,8/8/p7/1b6/1P6/8/1P2k3/2K5,,,,,,,,
board_20260301_100049_844295.png,8/2bk4/8/8/7p/8/4K1P1/8,,,,,,,,
board_20260301_100049_873752.png,8/8/k7/8/4K3/7p/7b/8,,,,,,,,
board_20260301_100049_899603.png,8/1p1p3b/2k5/P1p1K3/8/8/8/3B4,,,,,,,,
board_20260301_100049_927040.png,7k/5Ppp/3b4/4N3/8/8/8/1K6,,,,,,,,
board_20260301_100049_951800.png,4k3/1p4K1/5P2/P7/2b5/8/8/8,,,,,,,,
board_20260301_100049_975600.png,8/8/8/8/1p2k3/8/b1PK4/8,,,,,,,,
board_20260301_100120_013881.png,8/8/2K5/p3k3/8/8/1P6/3b4,,,,,,,,
board_20260301_100120_039562.png,8/8/3k4/8/p7/7b/8/4K3,,,,,,,,
board_20260301_100120_063748.png,1N6/p7/3k4/8/1pb5/8/PK6/8,,,,,,,,
board_20260301_100120_088013.png,3N4/8/1p1k4/8/8/1b6/8/4K3,,,,,,,,
board_20260301_100120_112719.png,8/8/5k2/ppP5/8/8/8/3BK2b,,,,,,,,
board_20260301_100120_138591.png,8/8/8/8/8/2k5/7P/K2B4,,,,,,,,
board_20260301_100144_817676.png,rr4k1/6pp/2Q5/3KN3/q7/8/8/8,,,,,,,,
board_20260301_100144_844518.png,5r1k/q2bpQbp/3p2p1/6N1/2B5/P6P/5PP1/2R3K1,,,,,,,,
board_20260301_100217_985334.png,rn1k1b2/pppb2p1/8/3Q1P2/6n1/5Nq1/PPPPB3/RNBK4,,,,,,,,
board_20260301_100218_011607.png,r1k4r/ppp1bq1p/2n1N3/6B1/3p2Q1/8/PPP2PPP/R5K1,,,,,,,,
board_20260301_100218_037874.png,1nq1r2k/5Qpp/pn2Pb2/1p3NN1/2p3PP/1P6/P4PK1/3R4,,,,,,,,
board_20260301_115442_253664.png,3q1rk1/Q4pp1/1p2pn2/4N2p/3P4/4P1P1/5PKP/2R5,,,,,,,,
board_20260301_115526_006162.png,1r6/3k1P2/4pK2/2p5/6P1/7P/1p6/3R4 b - - 0 1,b,,,,,,,
board_20260301_115526_031280.png,8/8/6N1/8/4k1p1/5pKp/8/8,,,,,,,,
board_20260301_115526_054937.png,8/8/8/8/pp1k4/8/P4N2/2K5,,,,,,,,
board_20260301_115526_078641.png,8/8/8/5N2/5pp1/5k1p/7K/8,,,,,,,,
board_20260301_115526_102880.png,4k2r/6R1/8/4KP2/6PP/4n3/8/8,,,,,,,,
board_20260301_115526_127025.png,1k6/5p2/1p5P/pPp2p2/2P2N1K/3P2P1/8/r7,,,,,,,,
board_20260301_115717_951655.png,2b2k2/5pp1/3P4/p2Bp1P1/1p2P3/5P2/P4KP1/8,,,,,,,,
board_20260301_115717_975555.png,8/6k1/p1p4p/2Pr1p2/PP2pB2/1B1n2PP/1b6/3R1K2,,,,,,,,
board_20260301_115718_002038.png,8/5p1k/7p/2N5/p4P2/6Pn/5K2/8,w,,,,,,,
board_20260301_115718_026586.png,5k2/5p2/3p4/3P1B2/2p1P3/6P1/5K2/2n5,,,,,,,,
board_20260301_115718_050992.png,8/1p1k4/pPp3p1/P1K1p1Pp/1P2P2P/8/5P2/8,,,,,,,,
board_20260301_115718_074625.png,8/3n4/p2N1p2/P2Pp1kp/6P1/5K2/7P/8,,,,,,,,
board_20260301_115718_099479.png,8/p7/2p3p1/2Bp3p/1P5P/P1kb2P1/5K2/8,,,,,,,,
board_20260301_115718_124163.png,8/1k6/4pb2/p2r2p1/P1R1K1P1/4B3/5P2/8,,,,,,,,
board_20260301_115718_147974.png,8/3k2p1/ppp1pb1p/5P1P/P2PN1P1/1P1K4/8/8,,,,,,,,
board_20260301_120138_227769.png,8/1B6/7p/1b2k1p1/p2p2P1/P4P2/1P1K4/8,,,,,,,,
board_20260301_120138_255421.png,8/3B3p/6p1/8/p4K2/P7/4n2k/8,w,,,,,,,
board_20260301_120138_281985.png,8/2k5/8/pKpP4/P5P1/8/8/2b5,,,,,,,,
board_20260301_120138_306069.png,5k2/p4ppp/8/2p1P3/4p3/1P2P2P/P5P1/6K1,,,,,,,,
board_20260301_120138_330048.png,8/Pb6/7p/6p1/5k2/3p4/3K4/3B4,,,,,,,,
board_20260301_120138_354624.png,8/8/1bp5/p4k2/4p3/1PP2P1p/P3K2B/8,,,,,,,,
board_20260301_120138_379171.png,8/3n4/p7/P2K1k2/8/4B3/6P1/8,,,,,,,,
board_20260301_120138_403814.png,8/1R1k4/8/P2pnp2/3pp3/5P2/3K4/8 b - - 0 1,b,,,,,,,
board_20260301_120138_427428.png,8/5ppp/8/p1pkPK2/4p3/1P2P2P/P5P1/8,,,,,,,,
board_20260301_120241_849876.png,8/8/P4k1p/1B6/3pKP2/3P4/8/6r1,,,,,,,,
board_20260301_120241_877648.png,4b3/p6R/5k2/1Pr1p1p1/4B1P1/5P2/3K3P/8,,,,,,,,
board_20260301_120241_903773.png,8/6pp/2k1p3/4Pp2/2K2P2/6P1/5P1P/8,,,,,,,,
board_20260301_120241_928434.png,8/8/4k2p/1B6/P2K1PP1/3P4/8/6r1,,,,,,,,
board_20260301_120241_953115.png,8/8/5k2/3Rp1p1/6Pr/5PK1/7P/8,,,,,,,,
board_20260301_120241_976670.png,5N2/7p/8/8/2p1n3/4k2P/2K5/8,,,,,,,,
board_20260301_120242_001912.png,8/6b1/1p1k4/p1p1p3/2P1K2B/1P1P4/P7/8,,,,,,,,
board_20260301_120242_025520.png,8/6k1/1p3p1p/1PnB1K1P/4P3/8/8/8,,,,,,,,
board_20260301_120242_050136.png,B7/8/5k2/2p2ppp/2P5/7K/8/8,,,,,,,,
board_20260301_120416_240556.png,8/1P6/8/Pk1P1K2/7p/6bP/6P1/8,,,,,,,,
board_20260301_120416_266193.png,8/8/8/p1Ppk1p1/P7/4K1P1/8/8,,,,,,,,
board_20260301_120416_291906.png,8/8/4k3/1p3p1p/1P4pP/4P1P1/2K5/8,,,,,,,,
board_20260301_120416_317130.png,8/8/8/5p1p/8/6P1/3K3P/5k2,,,,,,,,
board_20260301_120416_341230.png,8/8/2k5/1p2K3/pP6/2B5/8/2b5,,,,,,,,
board_20260301_120416_365926.png,8/p4K2/P7/8/8/8/1k6/8,,,,,,,,
board_20260301_120416_390101.png,8/6pk/2q5/8/6p1/Q7/6K1/8,w,,,,,,,
board_20260301_120416_414771.png,8/8/8/2k5/5KBP/8/2b5/8,,,,,,,,
board_20260301_120416_439395.png,8/6pk/4p3/4P1p1/4P3/6PP/6K1/8,,,,,,,,
board_20260301_120521_518977.png,8/2p5/1p3k2/1R1P2p1/2PB1b2/2P2K2/8/2r5 b - - 0 1,b,,,,,,,
board_20260301_120521_546168.png,8/8/3K1k1P/P7/2b2p2/5B2/8/8,,,,,,,,
board_20260301_120521_573495.png,8/4k1p1/R3N2p/5p2/3Kp3/4P3/2p3PP/2r5,,,,,,,,
board_20260301_120521_601485.png,8/8/5K1k/8/5pPn/8/2B5/8,,,,,,,,
board_20260301_120521_626264.png,8/5Q1p/4p1p1/p5k1/2q5/4PP2/5P1P/6K1,,,,,,,,
board_20260301_120521_650967.png,8/2p2kp1/2p1q2p/p7/P1P3Q1/2P3PK/7P/8,,,,,,,,
board_20260301_120521_678341.png,8/8/5R2/n5P1/7P/4r1k1/8/6K1,,,,,,,,
board_20260301_120521_703588.png,8/7p/6p1/8/2K2P1P/8/k7/8,,,,,,,,
board_20260301_120521_728243.png,1k6/p4N2/2K3p1/P7/8/8/8/8,,,,,,,,
board_20260301_120825_519913.png,8/4bP2/8/p7/P6p/1p1k4/1p1p4/1K5R,,,,,,,,
board_20260301_120825_545019.png,8/k1r5/1pPp2N1/pP1n4/P1R1P3/7p/4r3/1K5R,,,,,,,,
board_20260301_120825_570249.png,8/1p3k2/3K4/8/3Pp2R/8/6p1/6b1,,,,,,,,
board_20260301_120825_598188.png,7k/2r5/4BKP1/4p1P1/4P3/8/8/8,,,,,,,,
board_20260301_120825_623507.png,6k1/1p4pp/4p3/3pP1R1/3P4/5Q2/3q2KP/8,w,,,,,,,
board_20260301_120825_649235.png,1k6/8/1P3pp1/2K1p2p/1P2B1P1/5P2/1P4P1/4b3,,,,,,,,
board_20260301_120825_675025.png,3Q4/5p2/p1k1q1p1/Pp1pP1P1/3P4/1PP1Kp2/8/8,,,,,,,,
board_20260301_120825_700895.png,8/BP6/P7/8/2P1Bqkp/3P4/7P/7K,,,,,,,,
board_20260301_120825_725696.png,k7/4R3/KN5r/8/8/8/8/8 b - - 0 1,b,,,,,,,
board_20260301_120959_443478.png,8/B1k5/8/1P2b2p/2K5/7P/8/8,,,,,,,,
board_20260301_120959_471188.png,7k/4R3/6K1/6N1/8/8/8/6r1,,,,,,,,
board_20260301_120959_495360.png,3r4/p4pk1/1p4p1/3Pp1Pp/P4n1P/4NK2/1P3P2/3R4,,,,,,,,
board_20260301_120959_520104.png,8/6p1/5k2/1N1P4/p6r/2p1K2p/2P4R/8,,,,,,,,
board_20260301_120959_545336.png,8/8/3k4/8/6p1/PK3nP1/1P5P/8,,,,,,,,
board_20260301_120959_572609.png,6k1/8/3B4/1P6/3K3p/P4P2/1r6/8,,,,,,,,
board_20260301_120959_598960.png,8/4n1p1/1p2k2p/p1p4P/P2p2P1/1P1P2K1/2PB4/8,,,,,,,,
board_20260301_120959_625306.png,4b3/7p/6p1/2pk1p2/5P2/2K1B1P1/7P/8,,,,,,,,
board_20260301_120959_651668.png,8/p2b4/1p1N4/1Pk1P2p/8/8/5KP1/8,,,,,,,,
board_20260301_121138_452378.png,8/pp6/3P2qk/7p/6p1/1P1r2P1/P6P/2QR2K1 b - - 0 1,b,,,,,,,
board_20260301_121138_480114.png,8/8/3B4/1p6/p1p1kpp1/P1P5/1P2K3/8,,,,,,,,
board_20260301_121138_506048.png,8/2p5/6kP/8/2q5/2r5/p3RPPK/3Q4,,,,,,,,
board_20260301_121138_530867.png,4k3/1B6/p7/2P1KP2/3n4/P7/4n3/8,,,,,,,,
board_20260301_121138_556609.png,1k6/8/p7/2K3p1/P4nPp/8/6P1/5B2,,,,,,,,
board_20260301_121138_581913.png,7k/2q5/p1P1p2P/p2pPr2/7p/4Q3/6R1/6K1,,,,,,,,
board_20260301_121138_607217.png,1N6/8/7p/8/5pPk/8/3K4/8,,,,,,,,
board_20260301_121138_633506.png,n4k2/5p1p/2p1p1p1/B1Pp4/3P4/4P1PP/5PK1/8,,,,,,,,
board_20260301_121138_661339.png,1r5k/4q2P/4p3/4p1p1/p3P3/4Q3/PPr5/K4RR1,,,,,,,,
board_20260301_121325_265814.png,8/5ppp/8/1pk1p3/1N2P3/1p3P2/1P3P2/5K2,,,,,,,,
board_20260301_121325_290916.png,8/B7/6p1/3k1p1p/2b2K1P/4PPP1/8/1R3r2,,,,,,,,
board_20260301_121325_314547.png,8/p5b1/1p6/4k3/2P1B1p1/P7/KP6/8,,,,,,,,
board_20260301_121325_338280.png,6k1/rpN2pp1/p7/P3p1n1/1P2P1p1/2P3P1/2r2PK1/R3R3,,,,,,,,
board_20260301_121325_361946.png,8/5kp1/3b1p1p/p2Pp3/PpP3P1/8/7P/5R1K,,,,,,,,
board_20260301_121325_385686.png,r7/P5R1/2k5/8/1P3n1P/K7/6P1/8,,,,,,,,
board_20260301_121325_408835.png,8/5q2/8/8/1k1R4/8/1PK5/8 b - - 0 1,b,,,,,,,
board_20260301_121325_432567.png,8/8/p5p1/P2k4/6Pb/1pK5/3B4/8,,,,,,,,
board_20260301_121325_457300.png,8/5p2/p1b3p1/1p2k1Kp/1P5P/P2B4/5P2/8,,,,,,,,
board_20260301_121512_484711.png,8/1p1b4/4k2p/2Pp4/3PpK1P/2N5/5P2/8,,,,,,,,
board_20260301_121512_511249.png,8/R7/5p2/5K2/3b4/p7/k7/8,,,,,,,,
board_20260301_121512_535957.png,7r/p7/8/Bpr1PR1p/5p1k/2p2K2/PP4P1/8,,,,,,,,
board_20260301_121512_560825.png,6k1/3p1p1p/p5p1/1p6/4Kn2/1P5P/P7/2R5,,,,,,,,
board_20260301_121512_586027.png,8/R7/3kbB2/7p/p2K1P1P/6r1/8/8,,,,,,,,
board_20260301_121512_610273.png,3b4/5k1p/p5p1/1p3p2/1P2P1P1/P1BK3P/5P2/8,,,,,,,,
board_20260301_121512_635535.png,4b3/4P3/4P3/8/2pK4/1kP3p1/p7/6R1,,,,,,,,
board_20260301_121512_661292.png,4k3/2pp3p/2b2PpP/4P3/8/1B2K1P1/8/8,,,,,,,,
board_20260301_121512_686622.png,8/2p3k1/p2p4/Pp4pp/1N6/2P5/1P2r1K1/6R1,w,,,,,,,
board_20260301_121553_299989.png,8/8/4b3/4k3/7P/3R1K2/3pr3/8,,,,,,,,
board_20260301_121553_326522.png,1K6/8/1B6/4k3/7p/8/5Pp1/8,,,,,,,,
board_20260301_121553_350684.png,8/2K5/3Q4/6pp/8/5n2/6k1/8,,,,,,,,
board_20260301_121553_375452.png,8/8/3k1K2/2pb1B2/1pP5/pP6/P7/8,,,,,,,,
board_20260301_121553_400639.png,8/3k4/pKp5/8/1P6/P7/8/8,,,,,,,,
board_20260301_121725_831107.png,2k5/6p1/2p1p1K1/1r2PP2/6P1/1p5P/8/4R3,,,,,,,,
board_20260301_121725_857206.png,2k5/pp4p1/2p1p1p1/4P3/1P4P1/4RPKP/r7/8,,,,,,,,
board_20260301_121807_301457.png,1r6/3k1PP1/4pK2/8/8/7P/1pp5/4R3,,,,,,,,
board_20260301_121807_328575.png,1r6/3k1P2/4p1K1/2p5/6P1/1p5P/8/4R3,,,,,,,,
board_20260301_121855_014680.png,1r6/5PP1/2k1pK2/8/8/7P/1pp5/3R4,,,,,,,,
board_20260301_121855_041871.png,1r6/3k1P2/4pK2/2p5/6P1/7P/1p6/3R4 b - - 0 1,b,,,,,,,
board_20260301_121855_067681.png,1r6/2k2PP1/4pK2/8/8/7P/1pp5/3R4,,,,,,,,
board_20260301_121855_091873.png,1Q4Q1/8/2k1pK2/8/8/7P/2p5/1q6,,,,,,,,
board_20260301_122230_948791.png,1Q6/5K2/4Q3/8/3k4/7P/8/q1q5,,,,,,,,
board_20260301_122230_977064.png,8/8/R7/5kp1/5p2/8/P2r2PK/8,,,,,,,,
board_20260301_122231_003943.png,R7/8/8/5kp1/8/6K1/P2r2P1/5n2,w,,,,,,,
board_20260301_122308_536920.png,8/3P4/2N1kbp1/5p1p/5K2/8/8/8,,,,,,,,
board_20260301_122308_564100.png,1r5k/5R2/6PP/6K1/8/8/8/8,,,,,,,,
board_20260301_122336_141092.png,3N4/8/5k2/5ppp/8/5K2/8/8,,,,,,,,
board_20260301_122336_165904.png,8/8/5k2/5pp1/3N3p/5K2/8/8,,,,,,,,
board_20260301_122336_189617.png,3N4/8/2N1kbp1/5p1p/5K2/8/8/8 b - - 0 1,b,,,,,,,
board_20260301_122358_594958.png,8/8/2N2k2/5p2/6p1/6Kp/8/8,,,,,,,,
board_20260301_122358_621734.png,8/8/8/5N2/5p2/3k3p/5Kp1/8,,,,,,,,
board_20260301_122358_646444.png,8/8/8/5N2/5pp1/5k1p/7K/8,,,,,,,,
board_20260301_122426_748643.png,8/8/6N1/8/4k1p1/5pKp/8/8,,,,,,,,
board_20260301_122426_774356.png,3r4/P6R/1k6/8/n4P2/2pK4/6PP/8,w,,,,,,,
board_20260301_122426_799096.png,8/P6R/1k6/8/K4P2/8/1rp3PP/8,,,,,,,,
board_20260301_122446_995671.png,8/k7/8/1K6/5P2/8/6rP/2R5,,,,,,,,
board_20260301_122447_021274.png,Q7/7R/1k6/8/5P2/1K6/r1p3PP/8,,,,,,,,
board_20260301_122447_046002.png,8/2R1k3/8/4K3/5P2/8/6rP/8 b - - 0 1,b,,,,,,,
board_20260301_122509_240484.png,5r2/7R/2k5/5P2/3K2P1/8/7P/2n5,,,,,,,,
board_20260301_122509_267251.png,5r2/4n3/3k3R/5P2/6PP/5K2/8/8 b - - 0 1,b,,,,,,,
board_20260301_122509_291474.png,4k2r/6R1/8/4KP2/6PP/4n3/8/8,,,,,,,,
board_20260301_122526_266872.png,8/8/8/8/pp6/2k5/P4N2/2K5,,,,,,,,
board_20260301_122526_291439.png,8/8/8/8/pp1kN3/8/P2K4/8,,,,,,,,
board_20260301_122548_489275.png,8/8/8/2k5/pp6/3KN3/P7/8,,,,,,,,
board_20260301_122548_519231.png,8/8/8/8/3k4/1P2N3/p2K4/8,,,,,,,,
board_20260301_122548_543765.png,8/8/8/8/ppk5/8/P2K4/3N4,,,,,,,,
board_20260301_122616_114158.png,1k2r3/5p1P/1p6/1PpN1pK1/2P5/p2P2P1/8/8,,,,,,,,
board_20260301_122616_142528.png,1k6/5p2/1p5P/pPp2p2/2P2N2/3P2PK/8/r7,,,,,,,,
board_20260301_122647_714327.png,1k6/5p2/1p5P/pPp2pK1/2P2N2/3P2P1/8/7r,,,,,,,,
board_20260301_122647_741565.png,8/1k3p2/1p5P/pPp2pKN/2P5/3P2P1/8/7r,,,,,,,,
board_20260301_122647_766301.png,7Q/1k3p2/1p6/pPp3KN/2P3P1/3P4/8/5q1r,,,,,,,,
board_20260301_122740_846615.png,4Q3/k4p2/1p6/pPpN2K1/2P3P1/3P1q2/8/7r,,,,,,,,
board_20260301_122740_875706.png,8/1k6/1p6/1Pp1K3/p1P5/3P4/8/7N,,,,,,,,
board_20260301_122740_902436.png,7Q/1k3p2/1p6/pPp3KN/2P5/3P4/6p1/7r,,,,,,,,
board_20260301_122802_445667.png,8/5p1k/7p/2N5/p4n2/6P1/6K1/8,w,,,,,,,
board_20260301_122802_470823.png,8/5p1k/7p/2N5/p4P2/6Pn/5K2/8,w,,,,,,,
board_20260301_122802_496146.png,8/5p2/5k1p/8/5KP1/1N6/p7/8,,,,,,,,
board_20260301_122826_269531.png,8/5p2/7p/8/6P1/8/pk1K4/N7,,,,,,,,
board_20260301_122826_294669.png,8/5p2/3p4/3PkB2/2K1P3/6P1/5n2/8,,,,,,,,
board_20260301_122826_318474.png,5k2/5p2/3p4/3P1B2/2p1P3/6P1/5K2/2n5,,,,,,,,
board_20260301_122852_441794.png,8/p7/2p3p1/2Bp3p/1P5P/P1kb2P1/5K2/8,,,,,,,,
board_20260301_122852_469070.png,8/5B2/3p4/3Pkp2/8/3K2n1/8/8,,,,,,,,
board_20260301_122923_561239.png,2r1r1k1/1b3pp1/4pn2/pp4N1/3PP1P1/1B6/P4PP1/1R2R1K1,,,,,,,,
board_20260301_122923_586702.png,2r1r1k1/pb3pp1/4p3/1p4pn/3PP3/1B3N1P/P4PP1/3RR1K1,,,,,,,,
board_20260301_122954_989797.png,4r1k1/3b2p1/4p3/1p6/p3P1P1/2r2P2/P4KP1/1RRB4,,,,,,,,
board_20260301_122955_017071.png,2r1r1k1/3b1pp1/4p3/pp6/3PP1P1/1B3P2/P4KP1/1RR5,,,,,,,,
board_20260301_122955_044424.png,2b3k1/5pp1/3P4/pp2p3/4P1P1/1B3P2/P4KP1/8,,,,,,,,
board_20260301_123031_155384.png,2b2k2/5pp1/3P4/pp2p1P1/4P3/1B3P2/P4KP1/8,,,,,,,,
board_20260301_123031_181293.png,2b2k2/5pp1/3P4/pp1Bp3/4P1P1/5P2/P4KP1/8,,,,,,,,
board_20260301_123031_206817.png,2b2k2/6p1/3P4/pp4p1/4Pp2/1B3K2/P5P1/8,,,,,,,,
board_20260301_123128_467226.png,5k2/5pp1/b1BP4/p3p1P1/1p2P3/5P2/P4KP1/8,,,,,,,,
board_20260301_123128_494488.png,2b1k3/5pp1/3P4/pp1Bp1P1/4P3/5P2/P4KP1/8,,,,,,,,
board_20260301_123128_520853.png,2b1k3/8/3P1p2/pp1BpP2/4P3/8/P4KP1/8,,,,,,,,
board_20260301_123128_550329.png,8/5pp1/3k4/p2Pp1P1/1pK5/5P2/P5P1/8,,,,,,,,
board_20260301_123201_341125.png,3k4/3b4/3PBp2/pp2pP2/4P1P1/8/P4K2/8,,,,,,,,
board_20260301_123201_369627.png,2b2k2/5pp1/3P4/p2Bp1P1/1p2P3/5P2/P4KP1/8,,,,,,,,
board_20260301_123201_396304.png,8/8/5p2/1pk1pP2/p3P3/3K4/P5P1/8,,,,,,,,
board_20260301_123231_325537.png,4k3/6p1/2bP2P1/4K3/1p6/pB4P1/P7/8,,,,,,,,
board_20260301_123231_355411.png,5k2/3b2p1/3P1pP1/4p3/1p2PP2/pB2K3/P5P1/8,,,,,,,,
board_20260301_123231_382226.png,5k2/6p1/2bP1pP1/4pP2/1p2P1P1/pB1K4/P7/8,,,,,,,,
board_20260301_123301_145618.png,4k3/6p1/3P2P1/3B4/pp1K2b1/8/P5P1/8,,,,,,,,
board_20260301_123301_171648.png,r7/1pb5/1p1nkpp1/1Pp4p/P3PP2/2BK2P1/3N3P/R7,,,,,,,,
board_20260301_123426_826637.png,r7/1pb1k3/1p2n1p1/1Pp1Pp1p/P1K2P2/2B1N1P1/7P/R7,,,,,,,,
board_20260301_123426_851335.png,2rb4/1p3k2/1P4p1/p2NPp1p/2KR1P2/6P1/7P/8,w,,,,,,,
board_20260301_123426_875011.png,r3k3/1pP5/6p1/4Pp1p/p1Kp1P2/6P1/7P/3R4,,,,,,,,
board_20260301_123505_106422.png,8/1pk5/6p1/K3Pp1p/5P2/6P1/7P/8,,,,,,,,
board_20260301_123505_132139.png,8/8/2K1k1p1/5p1p/5P1P/6P1/8/8,,,,,,,,
board_20260301_123505_159048.png,8/8/2k3p1/1p2Pp1p/3K1P2/6P1/7P/8,,,,,,,,
board_20260301_123505_183319.png,8/4k3/2K3p1/5p1p/5P2/6P1/7P/8,,,,,,,,
board_20260301_123528_668750.png,8/1p6/pPk3p1/P3p1Pp/2K1P2P/8/5P2/8,,,,,,,,
board_20260301_123528_698099.png,8/1p1k4/pPp3p1/P1K1p1Pp/1P2P2P/8/5P2/8,,,,,,,,
board_20260301_123528_723436.png,8/1p1k4/1Pp3p1/PpK3Pp/4Pp1P/8/8/8,,,,,,,,
board_20260301_123615_353781.png,1Q6/8/p1p1k1p1/1pK3Pp/7P/8/8/5q2,,,,,,,,
board_20260301_123615_383104.png,3k4/4b3/ppp1pN1p/6PP/P2P4/1P1K4/8/8,,,,,,,,
board_20260301_123615_410947.png,8/3k2p1/ppp1pb1p/5P1P/P2PN1P1/1P1K4/8/8,,,,,,,,
board_20260301_123641_809141.png,8/6k1/P1p4p/2P2p2/P3p3/2b3PP/4K3/3n4,,,,,,,,
board_20260301_123641_836811.png,8/6k1/p1p4p/2Pr1p2/PP2pB2/1B1n2PP/1b6/3R1K2,,,,,,,,
board_20260301_123641_861454.png,8/6k1/7p/1pPp1p2/P3p3/6PP/1b6/5K2,,,,,,,,
board_20260301_123702_171411.png,8/3n4/p2N1p2/P2Pp1kp/6P1/5K2/7P/8,,,,,,,,
board_20260301_123724_535746.png,5n2/8/N6P/P2kpp2/7P/5K2/8/8,,,,,,,,
board_20260301_123724_561640.png,8/1k6/4pb2/p2r2p1/P1R1K1P1/4B3/5P2/8,,,,,,,,
board_20260301_123811_523423.png,8/8/2k1pb2/p3r1p1/P5P1/4BK2/5P2/1R6,,,,,,,,
board_20260301_123811_551162.png,8/1k6/4pb2/p1Rr2p1/P3K1P1/4B3/5P2/8,,,,,,,,
board_20260301_123811_577039.png,8/8/4p3/p3b1B1/P1k3P1/5K2/5P2/8,,,,,,,,
board_20260301_123836_506443.png,8/8/1k2pb2/p5p1/P3K1P1/8/3B1P2/8,,,,,,,,
board_20260301_123836_531088.png,8/2k5/8/pKpP4/P5P1/8/8/2b5,,,,,,,,
board_20260301_123836_557457.png,8/8/1k2p3/p3K1b1/P5P1/2B5/8/8,,,,,,,,
board_20260301_123855_384280.png,8/8/P7/3k4/1Kp3P1/4b3/8/8,,,,,,,,
board_20260301_123855_412186.png,6k1/p3qppp/8/2p5/4pP2/1PQ1P2P/P5P1/6K1,,,,,,,,
board_20260301_123921_212887.png,6k1/p4pp1/8/2p1P3/4p2p/1P2P2P/P4KP1/8,,,,,,,,
board_20260301_123921_238630.png,8/p6p/5k2/2p3p1/4p3/1P2P2P/P3K1P1/8,,,,,,,,
board_20260301_123921_263423.png,5k2/p4ppp/8/2p1P3/4p3/1P2P2P/P5P1/6K1,,,,,,,,
board_20260301_123950_904929.png,8/p7/4p3/2p3kp/4p3/1P2P2K/P5P1/8,,,,,,,,
board_20260301_123950_930130.png,8/p4p1p/6k1/2p1P1p1/4p2P/1P2P1K1/P5P1/8,,,,,,,,
board_20260301_123950_955884.png,8/5ppp/8/p1pkPK2/4p3/1P2P2P/P5P1/8,,,,,,,,
board_20260301_124040_125699.png,7K/q5P1/8/8/8/4P2P/8/1k6,,,,,,,,
board_20260301_124040_150731.png,8/5ppp/8/4P1P1/2k1K3/p3P2P/P7/8,,,,,,,,
board_20260301_124040_175967.png,8/5K1p/4P1p1/6P1/7P/8/8/qk6,,,,,,,,
board_20260301_124115_412305.png,8/5pp1/8/4PKP1/p1k1p3/4P3/P7/8,,,,,,,,
board_20260301_124115_441591.png,8/1B6/7p/1b2k1p1/p2p2P1/P4P2/1P1K4/8,,,,,,,,
board_20260301_124115_466263.png,8/6K1/4p3/6P1/p3p3/P2kP3/8/8,,,,,,,,
board_20260301_124149_254406.png,8/8/2B4p/3bk1p1/p2p2P1/P4P2/1P1K4/8,,,,,,,,
board_20260301_124149_280061.png,8/Pb6/7p/6p1/5k2/3p4/3K4/3B4,,,,,,,,
board_20260301_124149_304875.png,8/3B4/8/1P2k2b/3p2p1/P7/3K4/8,,,,,,,,
board_20260301_124149_329603.png,8/Pb3B2/8/6kp/6p1/3K4/8/8,,,,,,,,
board_20260301_124236_099043.png,8/Pb6/8/2k5/7p/4K1pB/8/8,,,,,,,,
board_20260301_124236_125711.png,8/3b4/1p2p3/8/2k2PB1/8/3K4/8,,,,,,,,
board_20260301_124257_568716.png,8/Pb6/8/2k5/7p/4K1pB/8/8,,,,,,,,
board_20260301_124257_594592.png,8/3b4/1p2p3/8/2k2PB1/8/3K4/8,,,,,,,,
board_20260301_124322_390868.png,8/8/p1n3k1/P7/5KP1/8/3B4/8,,,,,,,,
board_20260301_124322_415669.png,8/2n5/p5k1/8/P4K2/4B3/6P1/8,,,,,,,,
board_20260301_124322_439869.png,8/8/p5k1/8/P7/2nKB3/6P1/8,,,,,,,,
board_20260301_124340_988152.png,8/3n4/p7/P2K1k2/8/4B3/6P1/8,,,,,,,,
board_20260301_124341_014456.png,8/3B3p/6p1/8/p4K2/P7/4n2k/8,w,,,,,,,
board_20260301_124341_039276.png,8/1K6/P2n4/5k2/8/8/6P1/8,w,,,,,,,
board_20260301_124442_551039.png,8/3B3p/6p1/8/p2K4/P1n5/7k/8,,,,,,,,
board_20260301_124442_576766.png,8/7p/2B5/8/5K2/n5p1/7k/8,,,,,,,,
board_20260301_124442_601549.png,8/3B3p/6p1/8/p7/P3K3/4n2k/8,,,,,,,,
board_20260301_124548_171155.png,8/7p/7K/3B4/3n4/6p1/7k/8,,,,,,,,
board_20260301_124548_197891.png,8/8/1bp5/p4k2/P3p3/1PP2P1p/4K2B/8,,,,,,,,
board_20260301_124548_223937.png,8/8/1bp5/p4k2/4p3/1PP2P1p/P3K2B/8,,,,,,,,
board_20260301_124722_503257.png,8/1R1k4/8/P2pnp2/3pp3/5P2/3K4/8 b - - 0 1,b,,,,,,,
board_20260301_124722_529912.png,3b4/8/8/p1pk4/P7/1PP4p/4K2B/8,,,,,,,,
board_20260301_124738_746446.png,6B1/p1b5/P4k1p/2PKp1p1/6P1/5P2/5P2/8,,,,,,,,
board_20260301_124756_248611.png,8/8/5k1p/1B6/P2pKPP1/3P4/8/r7,,,,,,,,
board_20260301_124756_275362.png,8/8/P4k1p/1B6/3pKP2/3P4/8/6r1,,,,,,,,
board_20260301_124818_978396.png,8/8/1K5p/1B6/3p4/3Pk3/8/8,,,,,,,,
board_20260301_124819_004885.png,8/8/4k2p/1B6/P2K1PP1/3P4/8/6r1,,,,,,,,
board_20260301_124819_030973.png,1Q6/8/1K3k2/8/5P2/3P4/8/7q,,,,,,,,
board_20260301_124850_101057.png,8/8/P6p/1BK2k2/8/3P4/8/6r1,,,,,,,,
board_20260301_124850_129825.png,8/8/P1K1k2p/8/3P4/3B4/8/r7,,,,,,,,
board_20260301_124850_157563.png,8/8/3k4/3P4/2K5/1B5p/8/8,,,,,,,,
board_20260301_124850_182771.png,8/8/P6p/2K2k2/3P4/3B4/8/r7 b - - 0 1,b,,,,,,,
board_20260301_124931_038600.png,8/2K1k3/P7/3P3p/8/3B4/8/2r5,w,,,,,,,
board_20260301_124931_065853.png,8/3PK3/P6p/5k2/8/8/8/4r3,w,,,,,,,
board_20260301_124931_091664.png,8/8/P2Pk2p/2K2B2/8/8/8/R7 b - - 0 1,b,,,,,,,
board_20260301_125001_992940.png,2B5/P7/1K1P1k2/8/8/7p/8/r7,,,,,,,,
board_20260301_125002_024360.png,8/pp3kb1/6p1/2p1p3/2P5/1P6/PB1P1K1P/8,,,,,,,,
board_20260301_125002_050123.png,8/8/1p2kbp1/p1p1p3/2P1K3/1P1P4/P6P/4B3,,,,,,,,
board_20260301_125025_945084.png,8/8/1K6/p1p1p3/2P5/1P1Pk3/P7/8,,,,,,,,
board_20260301_125025_973449.png,8/6b1/1p2k3/p1p1p3/2P1K2B/1P1P4/P7/8,,,,,,,,
board_20260301_125026_001376.png,8/6b1/1p1k4/p1p1p3/2P1K2B/1P1P4/P7/8,,,,,,,,
board_20260301_125058_107661.png,4K3/2b1B3/1pk5/p1p1p3/2P5/1P1P4/P7/8,,,,,,,,
board_20260301_125058_132830.png,3B1b2/8/1pk5/p1p1pK2/2P5/1P1P4/P7/8,,,,,,,,
board_20260301_125058_158842.png,8/b7/kpKB4/p1p1p3/P1P5/1P1P4/8/8,,,,,,,,
board_20260301_125115_787849.png,8/pb2r3/5k1p/1P2p1p1/6P1/2RBKP2/7P/8,,,,,,,,
board_20260301_125115_813482.png,3B4/8/1pk4b/p1p1pK2/2P5/1P1P4/P7/8,,,,,,,,
board_20260301_125219_532820.png,4bk2/p1r5/R6p/1P2p1p1/4B1P1/5P2/3K3P/8,,,,,,,,
board_20260301_125219_566767.png,8/p4k2/6R1/1br1p1p1/4B1P1/5P1P/3K4/8,,,,,,,,
board_20260301_125219_593600.png,4b3/p6R/5k2/1Pr1p1p1/4B1P1/5P2/3K3P/8,,,,,,,,
board_20260301_125248_167279.png,7r/5bk1/3R4/4p1p1/4B1P1/5PK1/7P/8,,,,,,,,
board_20260301_125248_193405.png,8/5bk1/R7/1r2p1p1/4B1P1/4KP2/7P/8,,,,,,,,
board_20260301_125248_218182.png,8/3R1b2/5k1r/3Bp1p1/6P1/5PK1/7P/8,,,,,,,,
board_20260301_125321_535709.png,R7/5k2/8/4p1p1/6Pr/5PK1/7P/8,,,,,,,,
board_20260301_125321_561392.png,8/8/5k2/3Rp1p1/6Pr/5PK1/7P/8,,,,,,,,
board_20260301_125321_587862.png,5k2/2R5/7r/4p1p1/6P1/5PK1/7P/8,,,,,,,,
board_20260301_125344_318140.png,8/6k1/1p3p1p/1PnB1K1P/4P3/8/8/8,,,,,,,,
board_20260301_125344_344300.png,5k2/8/6r1/4p1pR/6P1/5PK1/7P/8,,,,,,,,
board_20260301_125442_544613.png,8/8/4Kp2/6k1/4P2p/8/8/5B2,,,,,,,,
board_20260301_125442_570870.png,8/2k5/1p3p1p/1PnK1B1P/4P3/8/8/8,,,,,,,,
board_20260301_125442_596625.png,8/8/4Kp1p/7B/4Pk2/8/8/8,,,,,,,,
board_20260301_125442_621867.png,8/4k3/1p3p1p/1PnK3P/4P1B1/8/8/8,,,,,,,,
board_20260301_125503_999877.png,8/8/5p1p/5B2/3KPk2/8/8/8,,,,,,,,
board_20260301_125504_025667.png,8/6k1/1p3p1p/1PnB1K1P/4P3/8/8/8,,,,,,,,
board_20260301_125504_051696.png,8/8/5p2/5Bk1/4P2p/8/6K1/8,,,,,,,,
board_20260301_125547_248766.png,8/6k1/1K3p2/1P1B3p/4Pn2/8/8/8,,,,,,,,
board_20260301_125547_275384.png,8/4k3/1PKn1p1p/7P/8/1B6/8/8,,,,,,,,
board_20260301_125547_299736.png,8/3K1k2/1pB2p1p/1P5P/n3P3/8/8/8,,,,,,,,
board_20260301_125632_090707.png,8/4k3/1P1n3p/2K4P/5pB1/8/8/8,,,,,,,,
board_20260301_125632_116315.png,8/4k3/1P1n3p/3BK2P/8/8/8/8,,,,,,,,
board_20260301_125659_701640.png,8/8/5p2/b4P2/p4N1p/k6P/2K5/8,,,,,,,,
board_20260301_125659_728873.png,8/2b5/5p2/5P2/p6p/k2N3P/2K5/8,,,,,,,,
board_20260301_125659_756662.png,8/8/1b3p2/5P2/p4N1p/k1K4P/8/8,,,,,,,,
board_20260301_125728_306058.png,8/8/5p2/b4P2/p6p/k2N3P/2K5/8,,,,,,,,
board_20260301_125728_335359.png,8/8/5p2/5P2/p2b3p/7P/k1K5/4N3,,,,,,,,
board_20260301_125728_359537.png,8/8/5p2/5P2/p4N1p/k1K4P/5b2/8,,,,,,,,
board_20260301_125728_383716.png,8/8/2N2p2/5P2/p6p/k6P/2K2b2/8,,,,,,,,
board_20260301_125751_237540.png,8/8/5p2/5P2/p6p/4b2P/k1K5/4N3,,,,,,,,
board_20260301_125751_265872.png,8/2b5/5p2/5P2/p4N1p/k6P/2K5/8,,,,,,,,
board_20260301_125751_292170.png,8/8/5p2/5P2/pN1b3p/k6P/2K5/8,,,,,,,,
board_20260301_125815_037756.png,8/8/5p2/5P2/pk5p/5N1P/2K5/b7,,,,,,,,
board_20260301_125852_963561.png,8/p2k2pp/4p3/2p1Pp2/5P2/PPK3P1/5P1P/8,,,,,,,,
board_20260301_125852_990296.png,8/p4kpp/4p3/b1p1Pp2/5P2/PPp1N1P1/2Rr1P1P/5K2,,,,,,,,
board_20260301_125919_281192.png,8/6pp/pk2p3/4Pp2/1PK2P2/6P1/5P1P/8,,,,,,,,
board_20260301_125919_311611.png,8/7p/p3p1p1/1k2Pp2/1P3P2/K5P1/5P1P/8,,,,,,,,
board_20260301_125919_339887.png,8/p6p/2k1p1p1/2p1Pp2/2K2P2/PP4P1/5P1P/8,,,,,,,,
board_20260301_130024_648611.png,8/6pp/4p3/1k2Pp2/pP3P2/2K3P1/5P1P/8,,,,,,,,
board_20260301_130024_675828.png,8/7p/1k2p1p1/4Pp2/1K3P2/6P1/5P1P/8,,,,,,,,
board_20260301_130024_701589.png,8/6pp/2k1p3/4Pp2/2K2P2/6P1/5P1P/8,,,,,,,,
board_20260301_130024_727788.png,8/7p/4p1p1/4PpP1/1k1K1P2/8/5P1P/8,,,,,,,,
board_20260301_130045_788805.png,5N2/7p/8/8/2p1n3/4k2P/2K5/8,,,,,,,,
board_20260301_130045_814586.png,8/K1k4p/4p1p1/4PpP1/5P1P/8/5P2/8,,,,,,,,
board_20260301_130045_839339.png,8/6N1/3n3p/6kP/2p5/8/1K6/8,,,,,,,,
board_20260301_130141_023443.png,8/8/3n2N1/7p/2p3kP/8/2K5/8,,,,,,,,
board_20260301_130141_051259.png,B7/7k/8/2p2ppp/2P5/8/8/5K2,,,,,,,,
board_20260301_130141_076078.png,8/8/6N1/5n1p/2K1k3/8/8/8,,,,,,,,
board_20260301_130224_569955.png,B7/8/5k2/2p2ppp/2P5/7K/8/8,,,,,,,,
board_20260301_130224_597142.png,8/8/5k2/2pB1ppp/2P5/7K/8/8,,,,,,,,
board_20260301_130224_622308.png,4B3/8/8/2p1k2p/2P2pp1/7K/8/8,w,,,,,,,
board_20260301_131727_727652.png,rnbqkbnr/ppp2ppp/8/3pp3/4P3/5N2/PPPP1PPP/RNBQKB1R,,,,,,,,
board_20260301_132034_435641.png,rnbqk2r/pppp1pbp/6p1/4P2n/3P1pP1/5N2/PPP1Q2P/RNB1KB1R,,,,,,,,
board_20260301_132251_628135.png,rn1qkb1r/ppp2ppp/8/3P1b2/4nP2/8/PPPNQ1PP/R1B1KBNR,,,,,,,,
board_20260301_132251_657167.png,r5k1/pppnqppp/8/3P1b2/1P2rP2/4B3/PP2QKPP/R4BNR,,,,,,,,
board_20260301_132251_682657.png,4r1k1/ppp2ppp/8/3P4/4nP1q/3Q1K1P/Pr2RBP1/6NR,,,,,,,,
board_20260301_132329_877892.png,8/8/8/8/4kpBp/2p5/4K3/8,,,,,,,,
board_20260301_132329_903135.png,8/8/8/8/3k1pBp/2p5/4K3/8,,,,,,,,
board_20260301_132329_926845.png,8/8/8/2p1k3/5pBp/5K2/8/8,,,,,,,,
board_20260301_132420_425038.png,r2qk2r/1pp2ppp/p1n5/1Q1P1b2/1b2nP2/2P5/PP1N2PP/R1B1KBNR,,,,,,,,
board_20260301_132437_493005.png,rn2k2r/pp3ppp/2p5/3n1bN1/8/B7/PPP3PP/2KR1B1R,,,,,,,,
board_20260301_132510_407420.png,r1bqk2r/pp1nb1pp/2p2p2/2np4/2B4Q/2N1BN2/PPP2PPP/2KR3R,,,,,,,,
board_20260301_132541_852088.png,r2q1rk1/ppp1bpp1/2n1bn1p/3p2B1/7Q/2NB1N2/PPP2PPP/1K1RR3,,,,,,,,
board_20260301_132606_422449.png,rnbqkbnr/pppp1ppp/8/8/2B1P3/8/PB3PPP/RN1QK1NR,,,,,,,,
board_20260301_132625_932875.png,rnbk3r/pppp1ppp/8/6q1/2B5/2B5/P4PPP/R2QR1K1,,,,,,,,
board_20260301_132647_437591.png,4r2r/pppk1ppp/1n3n2/3q2N1/3P4/2PQ4/P4PPP/R1B2RK1,,,,,,,,
board_20260301_132751_490556.png,r1bqr3/ppp2kPp/8/3p4/1b1Pn3/8/PP2QPPP/RNBK1B1R,,,,,,,,
board_20260301_132751_518263.png,r1bqk2r/ppp2ppp/2np1n2/4P3/2B5/2P2N2/P4PPP/R1BQ1RK1,,,,,,,,
board_20260301_132823_794417.png,2kr3r/ppp1nppp/2n5/q7/1b1P2b1/2N1BN2/PP2BPPP/R2Q1RK1,,,,,,,,
board_20260301_132839_085382.png,2kr3r/ppp1nppp/2n5/q7/1b1P2b1/2N1BN2/PP2BPPP/R2Q1RK1,,,,,,,,
board_20260301_132920_206329.png,1nkr3r/pppqbppp/6n1/3P4/QP6/P1N1BN1b/4BPP1/R4RK1,,,,,,,,
board_20260301_132920_233495.png,r1b2knr/ppppq1pp/2n5/2Q5/4P3/2p2N2/PP3PPP/RNB1K2R,,,,,,,,
board_20260301_132958_635943.png,r1bqk1nr/pppp1ppp/2n5/8/1bB1P3/2p2N2/PP3PPP/RNBQ1RK1,,,,,,,,
board_20260301_132958_662081.png,r1bq1rk1/ppp2ppN/2np1b2/8/2B1PN2/8/P4PPP/R2Q1RK1,,,,,,,,
board_20260301_133022_042338.png,r3kb1r/p1p1qppp/b1p5/3pP3/1nP5/5N2/PP2QPPP/R1B1KB1R,,,,,,,,
board_20260301_133101_978034.png,r3k2r/p1ppbppp/b1n1q3/2p1P3/2P5/P1B2N2/1P2QPPP/2KR1B1R,,,,,,,,
board_20260301_133102_004647.png,r1bqk2r/pppp1ppp/8/n2P4/2B1n3/2b2N2/PP3PPP/R1BQ1RK1,,,,,,,,
board_20260301_133206_034519.png,r1bq1rk1/pp1p2p1/2pP3p/n4pN1/8/2PQ4/P4PPP/R1B1R1K1,,,,,,,,
board_20260301_133206_063294.png,r1bq1rk1/pppp1ppp/8/n2P4/8/2PQ1N2/P4PPP/R1B2RK1,,,,,,,,
board_20260301_133252_699118.png,r1bq1k1r/ppppnBpp/8/4N1B1/3P4/1Q6/P4PPP/b4RK1,,,,,,,,
board_20260301_133252_725341.png,r1bqk2r/pppp1ppp/2n5/8/2BP4/1Qb2N2/P4PPP/R1B2RK1,,,,,,,,
board_20260301_133328_752965.png,r1bq1rk1/pppp1ppp/2n5/4P1N1/2BP4/2b5/P4PPP/R1BQ1RK1,,,,,,,,
board_20260301_133437_888397.png,r1b1k1nr/1pbp1ppp/p1np4/3Bp3/P1N1P3/2P2N2/1P3PPP/R1B1K2R,,,,,,,,
board_20260301_133437_916173.png,r1bbk2r/1p1p1npp/p2p1p2/3Pp3/P1N5/2P1BN2/1P3PPP/R4RK1,,,,,,,,
board_20260301_133457_768023.png,r1bqk2r/pppp1ppp/2n2n2/2b1p3/2BPP3/5N2/PPP2PPP/RNBQ1RK1,,,,,,,,
board_20260301_133457_795668.png,r1bk1qnr/1pp4p/1b3p2/p3R2Q/1PB4B/2Pp4/P4PPP/RN4K1,,,,,,,,
board_20260301_133527_581789.png,r1bq1rk1/pppp1ppp/5n2/2b1N3/2BnP3/4B3/PPP2PPP/RN1Q1RK1,,,,,,,,
board_20260301_133613_188545.png,r1bqk1nr/ppp2ppp/1bnp4/8/2BPP3/5N2/P4PPP/RNBQ1RK1,,,,,,,,
board_20260301_133657_143524.png,3r2k1/p4rpp/1b3P2/n1pqpP2/1p6/3B1NR1/P2Q1P1P/2R4K,,,,,,,,
board_20260301_133716_224345.png,r1bqr1k1/1pp2ppp/pbp5/8/PPB5/2Q5/1BPP1PPP/R4K1R,,,,,,,,
board_20260301_133829_730168.png,r2k3r/p1p2ppp/3b4/1B1n4/3P2bq/5pN1/PP1P2PP/RNBQ1RK1,,,,,,,,
board_20260301_133829_757607.png,r2k3r/p1p2ppp/3b4/1B1n4/3P2bq/1Q3pN1/PP1P2PP/RNB2RK1,,,,,,,,
board_20260301_133852_479137.png,5r1r/pppk2pp/2nbR3/q5B1/3p4/5N2/PPP1QPPP/4R1K1,,,,,,,,
board_20260301_133908_461323.png,7r/pppkbqpp/2n1R3/6q1/1P6/8/P1P2PPP/4R1K1,,,,,,,,
board_20260301_134001_649217.png,r2q2kr/p1p2p1p/1p3p1B/2b1n3/2ppN1b1/2P2N2/PP3PPP/R2QR1K1,,,,,,,,
board_20260301_134001_675922.png,r4bkr/pppq2pp/2n1R3/6N1/2pp2P1/5Q2/PPP2P1P/R1B3K1,,,,,,,,
board_20260301_134057_505268.png,r2qr1k1/ppp2pp1/3b1n1p/3P4/2PNp3/2N1Qb1P/PPP2PP1/R1B2RK1,,,,,,,,
board_20260301_134057_530898.png,r2qr1k1/ppp2pp1/5n1p/2NP4/2P2Bb1/8/PPP2KPP/RN3Q1R,,,,,,,,
board_20260301_134123_452391.png,r3kb1r/ppp2pp1/7p/3Pp3/2BnN2q/3P1b2/PPPQ1PPP/R1B2RK1,,,,,,,,
board_20260301_134123_480709.png,2kr4/ppp1q1pp/5n2/3Pp3/3n4/N7/PPPP1QPP/R1B2K1R,,,,,,,,
board_20260301_134143_563001.png,r1b2bnr/p1p1k3/2p2qp1/3P4/B7/8/PPPPQ1pP/R1B1KN1R b - - 0 1,b,,,,,,,
board_20260301_134219_956826.png,r4bnr/1p1q1k1p/2p3p1/1N6/2PQp3/8/PP1P1PPP/R1B1K2R,,,,,,,,
board_20260301_134219_983671.png,3r1b1r/1p2qk1p/2p2np1/8/2P1p3/2N1Q3/PP1P1PPP/R1B2RK1,,,,,,,,
board_20260301_134245_297671.png,r1b1k2r/pp3Npp/2p5/8/2B2Pn1/3Pp1Pq/PPP1Qb1P/R1BK3R,,,,,,,,
board_20260301_134429_577050.png,r1b1k2N/pp4p1/2p2n2/2b5/2B1pP2/7q/PPPP3Q/R1B1K2R,,,,,,,,
board_20260301_134429_603217.png,r1b1kb1r/pp4p1/2p2n2/4N2p/2B1pP2/6Pq/PPPPQ2P/R1B1K2R,,,,,,,,
board_20260301_134443_627134.png,B1bq1rk1/p1p2pbp/6p1/8/8/2N1n3/PPPQ1PPP/R3K2R,,,,,,,,
board_20260301_134529_700113.png,3rr1k1/pp3ppp/1q6/5Q2/8/3B4/PP1B1bPP/RN3K2,,,,,,,,
board_20260301_134529_726658.png,r1b2rk1/ppq2ppp/8/1Bb5/3nn3/5N2/PP3PPP/RNBQ1RK1,,,,,,,,
board_20260301_134617_835279.png,r3k2r/p1p2pp1/1bp1b2p/3n2B1/1q1PN3/5N2/PP3PPP/R1Q1R1K1,,,,,,,,
board_20260301_134758_931894.png,4r2k/2p3pp/p1nq2b1/1p1p2B1/8/1NP2r1P/PPB3P1/R2Q2K1,,,,,,,,
board_20260301_134758_957499.png,4rrk1/2p3pp/p1n1bq2/1p1p4/8/2P2N2/PPBN2PP/R1BQ2K1,,,,,,,,
board_20260301_134840_778136.png,r5k1/2p3pp/p3b3/1p1p4/8/2P2r2/PPB4P/R1B2NK1,,,,,,,,
board_20260301_134840_804768.png,4r1k1/2p2r1p/p5pB/1p1p4/8/2P1N2b/PP2B2P/R5K1,,,,,,,,
board_20260301_134854_102895.png,r1q1kb1r/2p2ppp/p1n1b3/1p1pP3/8/1P3N2/1PP1QPPP/RNBR2K1,,,,,,,,
board_20260301_134949_144826.png,r1q1kb1r/2p2ppp/p7/1p2P3/1nb1Q3/5N2/1P3PPP/RNBR2K1,,,,,,,,
board_20260301_134949_171512.png,1r2kb1r/1qp2ppp/p1n5/1p2P3/2b1Q3/2N2N2/1P3PPP/R1BR2K1,,,,,,,,
board_20260301_135029_851529.png,r3q1k1/2p2ppp/p1Pb1n2/1p6/6bq/1BP2P2/PP1P2PP/RNB3K1,,,,,,,,
board_20260301_135137_880996.png,r1bq1k1r/2p2ppp/p4n2/1pbPQ1N1/3n4/1B6/PPPP1PPP/RNB2RK1,,,,,,,,
board_20260301_135137_907127.png,r1b2k1r/2p2ppp/p7/1pNP4/3n2n1/1BN4P/PPPP1qP1/R1BQ3K,,,,,,,,
board_20260301_135137_934033.png,r1bq1k1r/2p2ppp/p4n2/1pbPR1N1/3n4/1B6/PPPP1PPP/RNBQ2K1,,,,,,,,
board_20260301_135157_977467.png,r2qk1nr/1pp3p1/p1nb4/3p1Pp1/B2P4/2P5/PP4PP/RNBQK2R,,,,,,,,
board_20260301_135306_553047.png,r2q1knr/1pp3p1/p1nb4/3p1P2/B2P2p1/2P4P/PP2Q1P1/RNB1K2R,,,,,,,,
board_20260301_135306_578687.png,3q1k2/2p3p1/p4n2/3p1P2/p2P4/5NQP/Pr2r1P1/2RK3R,,,,,,,,
board_20260301_135337_319138.png,r2qk1nr/1pp3p1/p1nb4/3p1P2/B2P2p1/2P2Q2/PP4PP/RNB1K2R,,,,,,,,
board_20260301_135417_543775.png,2kr4/1pp1q3/p1nb1n1Q/3p1P2/3P4/2P5/PP4rP/RNBB1K1R,,,,,,,,
board_20260301_135417_573296.png,r2q1rk1/2p2ppp/p1Pb1nb1/P5B1/1pQP4/1B3P2/1PP2P1P/RN3RK1,,,,,,,,
board_20260301_171349_974142.png,4r1k1/2p2pp1/p1P3bq/P2P3p/1pB2PP1/5RK1/1PP4Q/RN2r3,,,,,,,,
board_20260301_171426_117398.png,r2qk2r/2p1bppp/p1np1n2/4p3/PpQ1P1b1/1BP2N2/1P1P1PPP/RNB2RK1,,,,,,,,
board_20260301_171426_147626.png,r7/2pkb3/p2p1p2/4p1p1/Pp2P1P1/1QP2K2/1P1P2P1/RNB1q3,,,,,,,,
board_20260301_171447_307184.png,r2qk2r/ppp1b1pp/nn2pp2/3PP3/2P3b1/P1N1BN2/1P5P/2RQKBR1,,,,,,,,
board_20260301_171523_328106.png,r2rk2r/ppp1b1pp/nn2p3/3Pp1Np/2P5/P1N1B3/1P2B2P/2RQK1R1,,,,,,,,
board_20260301_171523_362616.png,2kr1b1r/ppqn1pp1/2p1pn1p/4N2P/3P4/6N1/PPPBQPP1/2KR3R,,,,,,,,
board_20260301_171648_089628.png,2k4r/ppq1bpp1/2p1p2p/P2nN2P/n2P4/3R1QN1/P1P2PP1/2K4R,,,,,,,,
board_20260301_171648_123159.png,2k4r/ppq2pp1/1np1pn1p/P3N2P/3P4/b5N1/P1P1QPP1/2KR3R,w,,,,,,,
board_20260301_171728_992569.png,2k5/pp4p1/2p2p1p/4p2P/n4r2/3RQ2R/PqPK1PP1/8,,,,,,,,
board_20260301_171729_024010.png,2kr4/pp4p1/2p1pp1p/q2n3P/nb1P1N2/3R1Q1R/P1P1NPP1/1K6,,,,,,,,
board_20260301_171803_784262.png,r1bqkb1r/pp2pppp/2n2n2/3p2B1/2PP4/2N5/PP3PPP/R2QKBNR,,,,,,,,
board_20260301_171803_816224.png,r1b1kb1r/pp2pppp/2n2n2/3P2B1/3P4/2N5/Pq3PPP/R2QKBNR,,,,,,,,
board_20260301_171844_780221.png,r1b1kb1r/pp1n1ppp/4p3/3pP3/1q6/3B1N2/PPQ2PPP/R1B2RK1,,,,,,,,
board_20260301_171911_504735.png,rbb2rk1/p5pp/2p1pqn1/2Pp4/2P5/1N3N2/PP3PPP/R1BQR1K1,,,,,,,,
board_20260301_171951_480425.png,r1b1k2r/pp1n1ppp/1qn1p3/3pP3/1b1P4/3B1N2/PP2NPPP/R1BQK2R,w,,,,,,,
board_20260301_172024_599372.png,rnb1k1r1/pp2np1Q/1q2p3/3pP3/1P6/8/1BP2PPP/R3KBNR,,,,,,,,
board_20260301_172024_635019.png,r3kbnr/pp1b1ppp/4p3/q2N4/8/3B4/PP3PPP/R1BQR1K1,,,,,,,,
board_20260301_172120_450740.png,rnb2rk1/2qnbppp/p3p3/1p2P3/3N4/2N1B3/PPP1B1PP/R2Q1R1K,,,,,,,,
board_20260301_172241_594125.png,r2qkb1r/1b3ppp/p2ppn2/1pnB2B1/3NP3/2N5/PPP2PPP/R2QR1K1,,,,,,,,
board_20260301_172345_306476.png,2b1k2r/2qnbppp/p2pp3/6P1/1r1NPP1P/2N2Q1B/1PP5/2KR3R,,,,,,,,
board_20260301_172345_340259.png,2b2r1k/1q1n2pp/p2pB1N1/6P1/4PP1P/5Q2/1rP5/2KR3R b - - 0 1,b,,,,,,,
board_20260301_172345_368503.png,2b2r1k/3nb1pp/p2pB3/3N2P1/1rq1PP1P/5Q2/1PP5/2KR3R,,,,,,,,
board_20260301_172411_692241.png,2b2r1k/3nb1pp/p2p4/3N1BP1/1rq1PP1P/5Q2/1PP5/2KR3R,,,,,,,,
board_20260301_172435_199885.png,7k/6pp/p2R4/5NP1/2q1PP1P/1r6/2P5/2K4R,,,,,,,,
board_20260301_172435_229945.png,1r4k1/6pp/p2N4/4P1PP/2K1RP2/8/2PR4/q7,,,,,,,,
board_20260301_172558_442614.png,rn1q1bnr/3ppkRp/p1b5/2N5/1p1N4/8/PPP2P1P/R1BQK3 b - - 0 1,b,,,,,,,
board_20260301_172558_472839.png,2r1kb1r/3p1p1p/p1N1pp2/8/1p6/1P3Q2/q1P2PPP/3RR1K1,,,,,,,,
board_20260301_172810_256350.png,rnbqkbnr/p2ppppp/1p2P3/2p5/8/2P2N2/PPP2PPP/R1BQKB1R,,,,,,,,
board_20260301_172810_288305.png,r1bq1rk1/p4ppp/1pn1p3/8/2BPP3/5N2/P2Q1PPP/R4RK1,,,,,,,,
board_20260301_172827_087706.png,2rq1rk1/pb3ppp/1p6/n2pP3/8/3B1N2/P2Q1PPP/3RR1K1,,,,,,,,
board_20260301_172846_318338.png,2rq1r2/pb3ppk/1p6/3pP1N1/5Q2/8/Pn3PPP/3RR1K1 b - - 0 1,b,,,,,,,
board_20260301_172914_215120.png,3q1rk1/pb3Np1/1p2P3/3p1Q1P/2r5/8/Pn3PP1/3RR1K1,,,,,,,,
board_20260301_172914_247275.png,r2q1rk1/pb3ppp/1pNn4/3P4/2B5/8/P2Q1PPP/3RR1K1,,,,,,,,
board_20260301_173007_574379.png,r1bk1b1r/pp2pppp/2n5/1B6/1P2P3/5N2/1B3PPP/R3K2R,,,,,,,,
board_20260301_173007_605698.png,2q2rk1/p4ppp/n2p1n2/1p1P4/1P6/PQ1bP1P1/1Br2P1P/R3KBNR,,,,,,,,
board_20260301_173057_970114.png,8/8/8/8/2k4p/2p4B/2K2p2/8,,,,,,,,
board_20260301_173058_001578.png,8/8/8/p1Ppk1p1/P7/4K1P1/8/8,,,,,,,,
board_20260301_173058_030422.png,8/8/2Pk4/p5p1/P1Kp4/6P1/8/8,,,,,,,,
board_20260301_173116_215994.png,8/8/1pp5/3k4/P2P1p2/2K2Pp1/6P1/8,,,,,,,,
board_20260301_173116_249668.png,8/2p5/1p6/3k1pp1/P2P4/3K4/5PP1/8,,,,,,,,
board_20260301_173116_281166.png,8/8/8/5p1p/8/6P1/3K3P/5k2,,,,,,,,
board_20260301_173206_599141.png,8/8/8/5p2/7p/6P1/4K1kP/8,,,,,,,,
board_20260301_173206_627397.png,8/8/8/5p1p/8/5KPk/7P/8,,,,,,,,
board_20260301_173206_655446.png,6k1/5pp1/p6p/4p2P/3q2P1/6Q1/5P1K/8,,,,,,,,
board_20260301_173231_106936.png,4q3/5ppk/7p/7P/p1Q1P1P1/7K/8/8,,,,,,,,
board_20260301_173231_140186.png,8/5ppk/7p/3Qp2P/p4qP1/5P1K/8/8,,,,,,,,
board_20260301_173231_172148.png,8/5Qpk/7p/4P2P/p5PK/3q4/8/8,,,,,,,,
board_20260301_173324_222316.png,8/5Qpk/8/6pP/p7/8/2q5/6K1,,,,,,,,
board_20260301_173324_254309.png,8/6pk/2q5/8/6p1/Q7/6K1/8,w,,,,,,,
board_20260301_173324_282172.png,4Q3/6pk/3q4/6p1/p7/8/6K1/8,,,,,,,,
board_20260301_173324_311485.png,8/6pk/8/8/8/5qp1/1Q6/6K1,,,,,,,,
board_20260301_173348_487042.png,8/4k3/8/3Pb3/P6p/1P1K3P/6P1/8,,,,,,,,
board_20260301_173348_516306.png,8/6pk/8/8/8/5K2/8/8,,,,,,,,
board_20260301_173348_545016.png,6k1/4b3/6KP/6P1/8/1P6/8/8,,,,,,,,
board_20260301_173418_876906.png,8/1P6/8/Pk1P1K2/7p/6bP/6P1/8,,,,,,,,
board_20260301_173418_909868.png,8/8/P7/1P1k4/6Kp/7P/5bP1/8,,,,,,,,
board_20260301_173418_939794.png,8/1kbPK3/8/8/7p/7P/6P1/8,,,,,,,,
board_20260301_173454_915731.png,8/8/8/1p1k4/1P6/p1BK4/1b6/8,,,,,,,,
board_20260301_173454_944742.png,8/1k6/4K3/P2P4/7p/6bP/6P1/8,,,,,,,,
board_20260301_173454_974218.png,8/8/2k5/1p2K3/pP6/2B5/8/2b5,,,,,,,,
board_20260301_173528_728461.png,8/8/2k4b/1p2K3/pP6/2B5/8/8,,,,,,,,
board_20260301_173528_757929.png,8/8/8/1p1kb3/pP6/B2K4/8/8,,,,,,,,
board_20260301_173528_786100.png,5b2/8/2k5/1p6/pP2K3/2B5/8/8,,,,,,,,
board_20260301_173608_156790.png,8/6p1/4p1k1/4P1p1/4P3/6KP/6P1/8,,,,,,,,
board_20260301_173608_186235.png,8/6p1/4p1k1/4P1p1/4P3/7P/6PK/8,,,,,,,,
board_20260301_173608_216188.png,8/6p1/4p3/4P1k1/4P1P1/5KP1/8/8,,,,,,,,
board_20260301_173626_106087.png,8/3k2p1/4p3/4P1p1/4P3/3K2PP/8/8,,,,,,,,
board_20260301_173626_135927.png,8/6pk/4p3/4P1p1/4P3/6PP/6K1/8,,,,,,,,
board_20260301_173643_335483.png,8/8/4k3/1p3p1p/1P4pP/4P1P1/2K5/8,,,,,,,,
board_20260301_173643_368695.png,8/p4K2/P7/8/8/8/1k6/8,,,,,,,,
board_20260301_173655_098276.png,6b1/8/4k2P/6K1/8/8/8/1B6,,,,,,,,
board_20260301_173655_128513.png,8/8/8/2k5/5KBP/8/2b5/8,,,,,,,,
board_20260301_173717_074780.png,4b3/8/2k2K2/5B2/7P/8/8/8,,,,,,,,
board_20260301_173717_105664.png,8/8/2k5/6K1/6BP/8/4b3/8,,,,,,,,
board_20260301_173717_134861.png,8/1b6/5p2/P4k1p/2B4P/8/5K2/8,,,,,,,,
board_20260301_173803_789033.png,8/8/b4k1P/P7/5p2/8/2BK4/8,,,,,,,,
board_20260301_173803_819453.png,2b5/8/8/P4p2/5k1P/8/4BK2/8,,,,,,,,
board_20260301_173803_847071.png,8/8/b7/P4p2/5k1P/5B2/5K2/8,,,,,,,,
board_20260301_173803_875555.png,8/1b6/8/P3kp2/7P/8/3KB3/8,,,,,,,,
board_20260301_173847_706105.png,8/8/b7/P3K1kP/4Bp2/8/8/8,,,,,,,,
board_20260301_173847_735200.png,8/8/3K1k2/P6P/2b2p2/5B2/8/8,,,,,,,,
board_20260301_173911_383056.png,2b5/8/6k1/P2BK3/8/8/8/8,,,,,,,,
board_20260301_173911_412403.png,2k5/8/1K6/P7/8/3B4/6b1/8,,,,,,,,
board_20260301_173911_441256.png,2b5/8/8/P3K1kP/4Bp2/8/8/8,,,,,,,,
board_20260301_173911_469733.png,8/8/3K1k1P/P7/2b2p2/5B2/8/8,,,,,,,,
board_20260301_173927_979564.png,2b5/3k4/1K6/P7/8/8/4B3/8,,,,,,,,
board_20260301_173928_008271.png,8/6k1/8/P7/2b2K2/5B2/8/8,,,,,,,,
board_20260301_173952_253331.png,8/2p2kp1/2p1q2p/p7/P1P3Q1/2P3PK/7P/8,,,,,,,,
board_20260301_173952_283745.png,8/2p2kp1/2p1q2p/p7/P1P3QK/2P3P1/7P/8,,,,,,,,
board_20260301_173952_312104.png,8/2p5/2p1k3/p5pp/P1P5/2P3PK/7P/8,,,,,,,,
board_20260301_174006_259191.png,8/2p5/8/p7/P5QK/1k6/7P/2q5,,,,,,,,
board_20260301_174023_639975.png,8/7p/6p1/7P/5P2/2K5/8/2k5,,,,,,,,
board_20260301_174023_672678.png,8/7p/6p1/8/2K2P1P/8/k7/8,,,,,,,,
board_20260301_174023_703418.png,8/7p/6pP/8/4KP2/8/3k4/8,,,,,,,,
board_20260301_174046_773245.png,8/8/8/1p2k3/8/p4R2/1r6/3N1K2,,,,,,,,
board_20260301_174046_804241.png,3k4/8/5qp1/8/4Q2P/6P1/4K3/8,,,,,,,,
board_20260301_174046_832729.png,8/8/8/1p2k3/8/R7/p1r5/3N1K2,,,,,,,,
board_20260301_174111_142414.png,8/8/5kp1/8/5K1P/6P1/8/8,,,,,,,,
board_20260301_174111_171830.png,8/4k1p1/R3N2p/5p2/3Kp3/4P3/2p3PP/2r5,,,,,,,,
board_20260301_174111_201183.png,6k1/R7/4N2p/4Kp2/4p3/4P3/2p3PP/3r4,,,,,,,,
board_20260301_174122_389358.png,7K/2p2k2/1p5P/1P6/8/8/n7/8,,,,,,,,
board_20260301_174142_623348.png,8/8/5K1k/8/5pPn/8/2B5/8,,,,,,,,
board_20260301_174142_655846.png,5b2/p4kp1/7p/2p5/P7/4N2P/5PP1/6K1,,,,,,,,
board_20260301_174217_890195.png,8/p5p1/1k3b1p/2p5/P3N1P1/1K5P/5P2/8,,,,,,,,
board_20260301_174217_918794.png,8/p2k2p1/8/2p2PP1/P1K1N3/4b3/8/8,,,,,,,,
board_20260301_174217_947639.png,8/4b1p1/p1k4p/2p2P2/P1K1N1P1/7P/8/8,,,,,,,,
board_20260301_174243_872467.png,8/p2k2p1/P7/2p2PP1/2K1N3/4b3/8/8,,,,,,,,
board_20260301_174243_902416.png,8/p5p1/8/4kPP1/P3N3/3Kb3/8/8,,,,,,,,
board_20260301_174243_930288.png,4k3/p5p1/6P1/2pN1P2/P1K5/8/5b2/8,,,,,,,,
board_20260301_174257_028242.png,8/p5p1/8/5kN1/P7/3K4/8/8,,,,,,,,
board_20260301_174257_057721.png,8/p5p1/4k3/8/P2N4/3K4/8/8 b - - 0 1,b,,,,,,,
board_20260301_174319_304722.png,8/p7/6p1/4k1N1/P7/3K4/8/8,,,,,,,,
board_20260301_174319_334208.png,k7/8/PK6/8/4N1p1/8/8/8,,,,,,,,
board_20260301_174319_362780.png,8/p7/8/3k2p1/P2N4/2K5/8/8,,,,,,,,
board_20260301_174319_391882.png,8/p7/5N2/2k5/P5p1/3K4/8/8,,,,,,,,
board_20260301_174346_894206.png,8/8/8/8/P1K5/4k3/6p1/6N1,,,,,,,,
board_20260301_174346_927681.png,1k6/p7/K5p1/P7/4N3/8/8/8,,,,,,,,
board_20260301_174346_957059.png,8/8/8/p7/P5p1/3K4/3N1k2/8,,,,,,,,
board_20260301_174346_986486.png,8/p7/6p1/1N6/P1K1k3/8/8/8,,,,,,,,
board_20260301_174411_179929.png,8/pk6/4N1p1/PK6/8/8/8/8,,,,,,,,
board_20260301_174411_209740.png,8/8/8/p7/P6N/3K2p1/5k2/8,,,,,,,,
board_20260301_174411_238814.png,8/8/8/P7/1K6/5kp1/6N1/8,,,,,,,,
board_20260301_174411_266995.png,1k6/p4N2/2K3p1/P7/8/8/8/8,,,,,,,,
board_20260301_174434_558999.png,k7/p2K4/P5p1/6N1/8/8/8/8,,,,,,,,
board_20260301_174434_591408.png,1k6/p2K4/P5p1/6N1/8/8/8/8,,,,,,,,
board_20260301_174434_619583.png,k1K5/p7/P7/3N4/8/8/6p1/8,,,,,,,,
board_20260301_174434_649328.png,8/2p5/1p3k2/1R1P2p1/2PB1b2/2P2K2/8/2r5 b - - 0 1,b,,,,,,,
board_20260301_174456_177621.png,8/2p5/8/3Pk1p1/2P5/4K3/8/8,,,,,,,,
board_20260301_174456_206723.png,8/2p5/3b4/3P1kp1/2R5/2P1BK2/8/2r5,,,,,,,,
board_20260301_174456_235147.png,8/5Q1p/4p1p1/p5k1/2q5/4PP2/5P1P/6K1,,,,,,,,
board_20260301_174521_600221.png,8/8/4p1Q1/6pp/p1q1P2k/5P2/5PKP/8,,,,,,,,
board_20260301_174521_630066.png,8/6Qp/4p1p1/6k1/2q5/p3PP2/5PKP/8,,,,,,,,
board_20260301_174521_658185.png,8/3Q4/4pq2/6pp/4P2k/5P2/5PKP/8,,,,,,,,
board_20260301_174543_535494.png,8/8/4Q3/6qp/4P1pk/8/5PKP/8,,,,,,,,
board_20260301_174543_565891.png,8/7Q/4pq2/7p/4P1pk/5P2/5PKP/8,,,,,,,,
board_20260301_174543_595817.png,8/8/5R2/n5P1/7P/4r1k1/8/6K1,,,,,,,,
board_20260301_174607_493487.png,8/8/8/6P1/2n4P/6k1/4r3/5RK1,,,,,,,,
board_20260301_174607_522878.png,8/8/6P1/8/3n3P/6k1/4r3/5RK1,,,,,,,,
board_20260301_174607_551228.png,4k3/7R/8/2pB1p1p/2P2P2/6PK/4nr2/8,,,,,,,,
board_20260301_174629_454906.png,5R2/1p1r3k/p4K1p/2PpB3/1P1P4/3b4/8/8,,,,,,,,
board_20260301_174629_484813.png,5R2/1p1r2pk/p7/2PpB1KP/1P1Pb3/8/8/8,,,,,,,,
board_20260301_174646_724212.png,8/3N4/8/8/4npp1/7k/7P/6K1,,,,,,,,
board_20260301_174646_754377.png,3kb3/8/6r1/P1QP1p2/5P2/8/7P/7K,,,,,,,,
board_20260301_174646_783547.png,8/8/8/8/4n1p1/5N1k/5p1P/5K2,,,,,,,,
board_20260301_174707_716921.png,1R6/8/3k4/3p3p/5r2/8/3K4/8,,,,,,,,
board_20260301_174707_745721.png,8/1p3k2/3K4/8/3Pp2R/8/6p1/6b1,,,,,,,,
board_20260301_174707_774100.png,8/8/3k4/3p4/r7/4K2R/8/8,,,,,,,,
board_20260301_174739_054519.png,7k/2r5/4BKP1/4p1P1/4P3/8/8/8,,,,,,,,
board_20260301_174739_089109.png,3k2q1/1p6/3K4/8/3b4/8/8/8,,,,,,,,
board_20260301_174739_120594.png,7k/5B2/5KPr/4p3/4P3/8/8/8,,,,,,,,
board_20260301_174739_154204.png,r7/r4Bk1/6P1/4pK2/4P1P1/8/1R6/8,,,,,,,,
board_20260301_174802_039736.png,7k/5B2/r4KP1/4p1P1/4P3/8/8/8,w,,,,,,,
board_20260301_174802_069076.png,8/4k3/4P1P1/6P1/4B1K1/8/8/6r1,w,,,,,,,
board_20260301_174802_099015.png,8/4k3/4P1P1/6P1/4B1K1/8/8/5r2,,,,,,,,
board_20260301_174819_424385.png,7k/4N2B/7K/8/8/1b6/8/8,,,,,,,,
board_20260301_174819_454230.png,8/4NbkP/8/5BK1/8/8/8/8,,,,,,,,
board_20260301_174819_482951.png,8/6kP/8/4N1K1/8/8/b1B5/8,,,,,,,,
board_20260301_174853_121742.png,4r3/3qP3/6pk/2p1R2p/1pP2P1P/1P2R3/5KN1/8,,,,,,,,
board_20260301_174853_154863.png,4r2k/2q1P3/6p1/2p4p/1pP4P/1P2RP2/6N1/4R1K1,,,,,,,,
board_20260301_174853_186648.png,4r3/4P3/6pk/2p1R2p/1pP2P1P/1P2RNK1/8/3q4,,,,,,,,
board_20260301_174925_887100.png,3q4/p7/P4bpk/1Pp4p/2P1B3/3P4/4RBKP/8,,,,,,,,
board_20260301_174925_916756.png,4r3/4P3/6pk/2P1R2p/1p3P1P/1P2RNK1/2q5/8,,,,,,,,
board_20260301_174925_945077.png,8/p1b2k2/P5R1/1Pp4p/2P1Bq2/3P4/7P/6BK,,,,,,,,
board_20260301_174949_345045.png,8/BP6/P7/8/2P1Bqkp/3P4/7P/7K,,,,,,,,
board_20260301_174949_382565.png,1q6/pP6/P4k2/2BB4/2P4p/3P4/7P/7K,,,,,,,,
board_20260301_174949_411805.png,8/PP6/8/8/2P4p/3P1B1k/7P/6BK,,,,,,,,
board_20260301_175010_203538.png,8/4bP2/8/p7/P6p/1p1k4/1p1p4/1K5R,,,,,,,,
board_20260301_175010_232334.png,8/8/5b2/p4P1p/P1kp3P/1p6/1p6/1K1R4,,,,,,,,
board_20260301_175028_282342.png,6k1/1p4pp/4p3/3pP1R1/3P4/5Q2/3q2KP/8,w,,,,,,,
board_20260301_175028_315477.png,5rk1/1p4pp/4p3/3pP1R1/3Pb3/2q2P2/4Q1KP/4N3,,,,,,,,
board_20260301_175104_808076.png,7Q/8/1Rp3p1/2k1p1P1/4P3/3P4/P1P2P2/4K3,,,,,,,,
board_20260301_175104_838303.png,4B1R1/6p1/6Pk/7p/2r1K2P/8/8/8,w,,,,,,,
board_20260301_175104_869381.png,4B3/6pk/8/3b2Pp/7P/2P2R2/5K2/2r5,,,,,,,,
board_20260301_175104_898288.png,5KR1/5Bp1/6Pk/7p/5r1P/8/8/8,,,,,,,,
board_20260301_175137_232712.png,4B1R1/4K1p1/6Pk/7p/5r1P/8/8/8,,,,,,,,
board_20260301_175137_265078.png,5rR1/5Bp1/6Pk/4K2p/7P/8/8/8,,,,,,,,
board_20260301_175137_296198.png,6B1/6p1/4K1k1/7p/7P/8/8/8,,,,,,,,
board_20260301_175137_330780.png,6R1/6p1/6Pk/3BKr1p/7P/8/8/8,w,,,,,,,
board_20260301_175512_214937.png,6r1/p2b1nk1/1p1Bp1r1/3p4/2pP1R2/P1P2B2/2PK1P2/7R,,,,,,,,
board_20260301_175512_245273.png,r2qkbnr/p4p2/B1p1p1p1/3pPb1p/5P2/2N1BQ1P/PPP3P1/2KR3R,,,,,,,,
board_20260301_175512_273883.png,8/5k2/R7/3p4/2pP4/1p3P2/n1PK4/8,,,,,,,,
board_20260301_175606_490043.png,2r1k2r/4b2p/3pNp2/4q3/ppB1b3/8/PPP3PP/1K1RQR2,,,,,,,,
board_20260301_175641_931229.png,r7/Pk1N4/8/KP6/B6b/5p2/8/8,,,,,,,,
board_20260301_175641_966899.png,r7/Pk1N4/1P6/K7/B7/5p2/5b2/8,,,,,,,,
board_20260301_175953_504069.png,r7/Pk1N4/8/KP6/B6b/5p2/8/8,,,,,,,,
board_20260301_175953_536551.png,r7/Pk1N4/1P6/K7/B7/5p2/5b2/8,,,,,,,,
board_20260301_175953_567234.png,k7/3N4/K7/1B6/8/5q2/8/4b3,,,,,,,,
board_20260301_180100_032418.png,r1b2rk1/pp1qpnbp/1n1P2p1/8/4N3/1B3Q2/PP3PPP/R1B1R1K1,,,,,,,,
board_20260301_180100_062660.png,r1b2rk1/pp2qnbp/1n4p1/6B1/4N3/1B3Q2/PP3PPP/R3R1K1,,,,,,,,
board_20260301_180146_231157.png,r1b2rk1/pp1qpnbp/1n1P2pB/8/4N3/1B3Q2/PP3PPP/R3R1K1,,,,,,,,
board_20260301_180146_261073.png,r1bq1r2/pp3nkp/1n1P2p1/4p3/4NP2/1BQ5/PP4PP/3RR1K1,,,,,,,,
board_20260301_180635_640849.png,6k1/RP3pr1/4pQp1/4P3/6pP/3q4/5P2/2r2NK1,,,,,,,,
board_20260301_180653_024758.png,2Rq2k1/1P3pr1/4p1p1/4P3/6pP/8/5P2/3r1NK1,,,,,,,,
board_20260301_180722_583865.png,1r3rk1/p3qppp/1np1p3/2b1P3/2P1B3/1Q2BR2/PP4PP/2R3K1,,,,,,,,
board_20260301_180722_613390.png,1r3r1k/p3qppB/2p1p3/2bnP3/2P5/1Q2BR2/PP4PP/2R3K1,,,,,,,,
board_20260301_181020_973348.png,5r1k/p4p2/2p1p1p1/2BPP1q1/4B3/1r6/PP4PP/2R2RK1,,,,,,,,
board_20260301_181021_004076.png,5r1k/p4p2/2p1p1p1/2BPP1q1/8/1r6/PP4PP/2R2RK1,,,,,,,,
board_20260301_181021_032242.png,2r3k1/p3Pp2/2B3p1/2B1q3/8/8/Pr4PP/2RR2K1,,,,,,,,
board_20260301_181102_838529.png,7k/p4p2/2p1p1pB/3PP1q1/4r3/8/PP4PP/2R2RK1,,,,,,,,
board_20260301_181102_866193.png,5r1k/p4p2/2p1p1p1/2BPP1q1/4B3/4r3/PP4PP/2R2RK1,,,,,,,,
board_20260301_181142_634428.png,1r5k/p3qp2/2B3p1/8/8/8/PPR3PP/5RK1,,,,,,,,
board_20260301_181142_664833.png,1r3r1k/p4p2/2p1p1p1/2BPP1q1/4B3/8/PP4PP/2R2RK1,,,,,,,,
board_20260301_181142_692931.png,1rr4k/p4p2/2P1p1p1/2B1P1q1/1P2B3/8/P5PP/2R2RK1,,,,,,,,
board_20260301_181211_919052.png,8/p4p1k/4pBp1/4P3/q7/7P/P4RP1/7K,,,,,,,,
board_20260301_222945_233295.png,r2qr1k1/1p3ppp/2pb4/2Np4/1P1P2bn/3BP3/2QN1PPP/1RR3K1,,,,,,,,
board_20260301_223028_948653.png,r3rk2/5NpB/2p5/3p2q1/1P1P2b1/4n3/2QN1P1P/1RR3K1,,,,,,,,
board_20260301_223028_977221.png,r3r1k1/5ppp/2pN4/3p2q1/1P1P2b1/3Bn3/2QN1P1P/1RR3K1,,,,,,,,
board_20260301_223100_469854.png,r1r3k1/pb2bppn/1p1q1n1p/1Bpp1P1N/3P1N1B/5Q1P/P1P1R1P1/5RK1,,,,,,,,
board_20260301_223100_497928.png,r3r1k1/1N3ppp/2p5/3p4/1P1P3q/3BP2b/2QN1P2/1RR4K,,,,,,,,
board_20260301_223127_858568.png,6k1/2q1rppp/Bp2p3/4Q3/P3b3/1P5P/3R1PP1/6K1,,,,,,,,
board_20260301_223127_889247.png,6k1/2q1rppp/Bp2p3/8/P3b3/1P5P/1Q1R1PP1/6K1,,,,,,,,
board_20260301_223204_801558.png,1R6/2r2ppk/Bp2p2p/8/P3b3/1P5P/5PP1/6K1,,,,,,,,
board_20260301_223204_828712.png,5k2/2q1rppp/Bp2p3/4Q3/P3b3/1P5P/3R1PP1/6K1,,,,,,,,
board_20260301_223204_854654.png,3q2k1/2n2p1p/3p1Pp1/1ppPr3/4PQ2/2N5/1P4PP/R6K,,,,,,,,
board_20260301_223238_620482.png,r1b2rk1/1pp3b1/3p3p/p5pq/1nPP2n1/PPN2NP1/1B1Q2BP/R2R2K1,,,,,,,,
board_20260301_223238_651534.png,1q2n1k1/5p1p/3p1Pp1/1NpPr3/4PQ2/8/1P4PP/5R1K,,,,,,,,
board_20260301_223309_943465.png,r4rk1/pp2bpp1/2p1pn1p/q7/3P1BPN/5P2/PPP1Q3/1K1R3R,,,,,,,,
board_20260301_223309_971683.png,r1b2rk1/1pp3b1/3p3p/p5pq/2PP2n1/PPN2NP1/1BnQ2BP/R2R2K1,,,,,,,,
board_20260301_223340_794485.png,r4rk1/pp2bp2/2p1p2R/q2n1N2/3P2P1/5P2/PPP1Q3/1K1R4,,,,,,,,
board_20260301_223433_032350.png,r2q1rk1/pp1n1ppp/2p2n2/2bp1N2/8/1PN1P3/PB1PQPPP/R3K2R,,,,,,,,
board_20260301_223433_059457.png,r2q1r1k/p2n1p1p/2p2n2/3p1N2/pb4Q1/1P2P3/PB1P1PPP/R3K2R,,,,,,,,
board_20260301_223433_086633.png,r2q1rk1/pp1n1pNp/2p2n2/3p4/Nb6/1P2P3/PB1PQPPP/R3K2R,,,,,,,,
board_20260301_223456_485989.png,6rk/R7/4pqp1/3p2RP/5r2/P5Q1/5P2/6K1,,,,,,,,
board_20260301_223456_512440.png,7k/6rp/4q3/Pp1pp3/4n2Q/1N3P2/7P/R6K,,,,,,,,
board_20260301_223532_834172.png,5r1k/R7/4pqp1/3p2RP/5r2/P5Q1/5P2/6K1,,,,,,,,
board_20260301_223532_862333.png,r4rk1/5p2/p1p4P/3p1b2/3Q4/6q1/PPP1B1P1/R4K1R,,,,,,,,
board_20260301_223542_753953.png,r4rk1/1p3ppp/p1n5/5B2/8/8/PPP3PP/1K1RR3,,,,,,,,
board_20260301_223604_315841.png,r4k2/1p1B1ppp/p1n5/8/2P5/8/PP4PP/1K2R3,,,,,,,,
board_20260301_223604_342679.png,4r1k1/3RPp2/6rp/qpb5/8/5QNP/1B3nPK/8,,,,,,,,
board_20260301_223604_367916.png,8/3k4/8/8/5ppp/3K4/P5PP/8,,,,,,,,
board_20260301_223630_380190.png,3rb1k1/2q2p1p/R3pnpQ/3n2N1/p2P4/3B2NP/5PP1/6K1,,,,,,,,
board_20260301_223630_406795.png,2R5/8/1k6/1p1pp3/1Rbn4/3p2p1/3K2P1/6Br,,,,,,,,
board_20260301_223703_414890.png,8/8/1k6/1p1p4/1RRp4/3p2p1/3K2P1/3r4,w,,,,,,,
board_20260301_223703_441904.png,3r2bk/1q4p1/p2P1N1p/2p1rP2/pb5R/7P/1P4P1/2Q2RK1,,,,,,,,
board_20260301_223703_467410.png,8/p1rnqpk1/4p1p1/4P2p/7P/6P1/P1BQ1P2/3R2K1,,,,,,,,
board_20260301_223734_166418.png,3r3k/1q1r3N/p6Q/2p2P2/pb6/7P/1P4P1/5RK1,,,,,,,,
board_20260301_223734_195781.png,7R/8/2rb4/1q1rp2p/7k/7p/1pR1NP2/1Q5K,,,,,,,,
board_20260301_223734_223138.png,8/8/3b4/7k/5p2/7p/4qP1K/3Q4,,,,,,,,
board_20260301_223811_953288.png,8/8/8/4b2k/8/5p1K/5P2/8,,,,,,,,
board_20260301_223811_982086.png,r2r2k1/1p1n1pp1/4pnp1/8/PpBRqP2/1Q2B1P1/1P5P/R5K1,,,,,,,,
board_20260301_223812_008756.png,6k1/1p3pp1/4p1p1/8/PpB1qPn1/1Q4P1/1P3K1P/R7,w,,,,,,,
board_20260301_223833_291056.png,3r2k1/1p3pp1/4p1p1/2B5/PpB1qPn1/1Q4P1/1P5P/R5K1,,,,,,,,
board_20260301_223833_316718.png,6k1/1p3pp1/4p1p1/8/PpB2Pn1/1Q4P1/1P2K2P/q7,,,,,,,,
board_20260301_223915_558126.png,5rk1/R1N2ppp/4p3/2b2q2/4b3/6Q1/5PPP/5RK1,,,,,,,,
board_20260301_223915_584368.png,2brr1k1/5p1p/pq4p1/1p1Pn2n/3NP3/1PN3PP/PB1R1QBK/8,,,,,,,,
board_20260301_223915_610515.png,5rk1/5ppp/4N3/q7/4b3/8/5QPP/5RK1,,,,,,,,
board_20260301_223946_257888.png,4r1k1/5p1p/p2q1rp1/1p1Pn2n/3NP3/1P2Q1Pb/PB1R2BK/3N4,,,,,,,,
board_20260301_223946_288647.png,6k1/5p1p/p4rp1/1p2n3/4P1q1/1P2Q3/PB1R2nK/3N4,,,,,,,,
board_20260301_224000_449068.png,2r1k2r/5ppp/Q3pn2/1pbq4/8/6P1/PP2PP1P/RNB2RK1,,,,,,,,
board_20260301_224116_720467.png,4k2r/5ppp/Q3p3/1p1q4/6n1/6P1/PP2P2P/RNr2RK1,,,,,,,,
board_20260301_224116_748261.png,5r1k/7p/1p1q1rpP/p2B4/P1P5/1P3R2/5PK1/Q7,,,,,,,,
board_20260301_224116_774552.png,k7/3R4/2n5/5p1Q/5B2/2q3KP/5PP1/7r,w,,,,,,,
board_20260301_224143_116089.png,k7/6R1/2n5/5p2/5B2/5QKr/5PP1/8,w,,,,,,,
board_20260301_224143_142642.png,1r1qr1k1/2n2pbp/p2p1np1/1ppP4/P1B1P3/2NQ1P2/1P4PP/1RB1R1K1,,,,,,,,
board_20260301_224200_185470.png,4r1k1/5pbp/1q1p2p1/3n4/3NP3/3Q1P2/1P4PP/1RrR2K1,,,,,,,,
board_20260301_224216_970872.png,1r6/4kp1p/3pn1p1/2bR4/4P3/1P3PP1/7P/1R5K,,,,,,,,
board_20260301_224235_613595.png,r1b2rk1/p1q1nppp/4p3/2p5/2Q1P3/P1PN1P2/6PP/R3KB1R,,,,,,,,
board_20260301_224302_872069.png,4r2k/7p/R2b4/3p2P1/3P1P2/2P1R2b/1P1N1Q1P/3q2K1,w,,,,,,,
board_20260301_224302_899805.png,r1r3k1/p1q2ppp/2N1p3/2Q5/4P3/P1P2P2/6PP/2KR1b1R,,,,,,,,
board_20260301_224329_058270.png,2r3k1/1p2qpp1/1Q5p/p1p5/P3bP2/b1P3P1/5BBP/3R2K1,,,,,,,,
board_20260301_224329_084301.png,r4r1k/3n1p1p/p2p1p2/1p3Q2/4P3/1P5P/P1q2P2/R1B3RK,,,,,,,,
board_20260301_224400_044167.png,rnb2rk1/ppq3b1/2p2npp/2pP1p2/1P1Np3/PQN1P3/1B2BPPP/R3K2R,,,,,,,,
board_20260301_224400_070089.png,r5rk/3n1p1p/p2p1p1B/1p3Q2/4P3/1P3P1P/P1q5/R5RK,,,,,,,,
board_20260301_224438_375817.png,rn1r1b1k/1bq2pp1/pp2p2p/2n1P2Q/P4B2/2NB1N2/1PP3PP/R4R1K,,,,,,,,
board_20260301_224438_404100.png,r4b1k/5R2/ppq1p2p/2n4Q/P7/2NB4/1PP3KP/8,w,,,,,,,
board_20260301_224438_433726.png,r4b1k/1bqr1R2/pp2p2p/2n4Q/P7/2NB4/1PP3PP/5R1K,,,,,,,,
board_20260301_224500_278017.png,r2q3r/1b2b1k1/p3Pnpp/1p6/2pPP2Q/2P3P1/R5BP/2B2RK1,,,,,,,,
board_20260301_224500_304747.png,r3r1k1/2p2p1p/3p1Pp1/3P4/1p6/6PP/P2Q1RBK/q7,,,,,,,,
board_20260301_224524_560550.png,5Q2/4P1pk/7p/1p2P3/3n1P1q/3r3P/6P1/6RK,,,,,,,,
board_20260301_224524_589461.png,r2q4/1b2b1kr/p3Pnpp/1p6/2pPP2Q/2P3P1/R5BP/2B2RK1,,,,,,,,
board_20260301_224557_887260.png,1k1r1b1r/pp1n1pp1/n2pq2p/1Np5/Q1P3b1/4BNP1/PP2PPBP/R4RK1,,,,,,,,
board_20260301_224557_915406.png,1k1rqb1r/p2n1pp1/2B4p/2p5/Q1P3b1/6P1/PP2PP1P/R4RK1,,,,,,,,
board_20260301_224611_527498.png,R3nk2/5ppp/p3r3/8/2NR4/1P4P1/P1r2P1P/6K1,,,,,,,,
board_20260301_224636_455454.png,5rk1/pp1b2pp/2n1p3/1B1p4/3P1qn1/2R2N1P/PP3P2/3Q1RK1,,,,,,,,
board_20260301_224636_482197.png,R2Rn3/4kpp1/p2Nr3/7p/8/1P4P1/r4P1P/6K1,,,,,,,,
board_20260301_224701_925472.png,5rk1/pp4pp/4p3/1b1pP3/3Q1qn1/2R2N1P/PP3P2/5RK1,,,,,,,,
board_20260301_224701_952715.png,2r2rk1/1b3ppp/p3pb2/qp6/4n3/P1N1PN2/1PQ1BPPP/2RR2K1,,,,,,,,
board_20260301_224725_079947.png,3b2k1/3b3p/p3p1p1/R5N1/8/8/2P3PP/6K1,,,,,,,,
board_20260301_224725_110205.png,5rk1/3bbr1p/p3p1p1/4R1N1/5P2/3BQ3/1qP3PP/5R1K,,,,,,,,
board_20260301_224749_364299.png,2r1q2k/p2R2pp/5p2/3Q1P2/PB2p3/1P1bP1P1/7P/6K1,,,,,,,,
board_20260301_224749_392030.png,6k1/1r1p2p1/3Np1Q1/pp2P3/6Pb/1PPR3K/P4q2/8,,,,,,,,
board_20260301_225002_032266.png,8/2N5/7N/p7/8/1K4p1/2P5/4k3,,,,,,,,
board_20260301_225109_785653.png,8/2N5/8/8/p7/1K6/2P5/3k2N1,w,,,,,,,
board_20260301_225109_813433.png,6nk/4q1R1/2p2nP1/2PQ2P1/5K2/8/8/8,,,,,,,,
board_20260301_225130_564116.png,6nk/4qR2/2p3P1/2P3P1/5K2/8/8/8,,,,,,,,
board_20260301_225202_352085.png,2r3k1/pbr1qppp/1p2pn2/4Q3/1PPR3N/P5P1/5PBP/3R2K1,,,,,,,,
board_20260301_225228_469926.png,6k1/p2q3p/6p1/5R2/1ppr4/3P1Q2/PPP2P1P/6K1,,,,,,,,
board_20260301_225228_503195.png,5rk1/p3rppp/Bp3n2/5p2/1PPR4/P5P1/5P1P/3R2K1,,,,,,,,
board_20260301_225314_275675.png,r4rk1/1R3ppp/3Qp3/p1RnN3/8/1P4P1/P2qPPKP/8,,,,,,,,
board_20260301_225314_303937.png,8/5k1p/6p1/8/p7/1r1P4/1P1RKP1P/8,,,,,,,,
board_20260301_225337_683153.png,2r3k1/1q3ppp/1r1pp3/6b1/1pQ2N2/1P2NnP1/1BP2P1P/R2R3K,,,,,,,,
board_20260301_230709_781600.png,6k1/3b2pp/p4p2/1p1P4/8/1BqpQ3/P1P2KPP/8,,,,,,,,
board_20260301_230709_802714.png,r4rk1/1R3ppp/3Qp3/p1RnN3/8/1P4P1/P2qPPKP/8,,,,,,,,
board_20260301_230709_832737.png,r4rk1/1R3Npp/3Qp3/p1Rn4/8/1P4P1/P2qPPKP/8,,,,,,,,
board_20260301_230748_469347.png,4rr1k/1RR3pp/3Qp2N/p2n4/8/1P4P1/P3qPKP/8,,,,,,,,
board_20260301_230748_497451.png,4rrk1/1R3Npp/3Qp3/p1Rn4/8/1P4P1/P2qPPKP/8,,,,,,,,
board_20260301_230830_306942.png,4rrk1/1R1Q1Npp/4p3/p1Rn4/8/1P4P1/P2qPPKP/8,,,,,,,,
board_20260301_230830_337284.png,4rrk1/1R1Q1Npp/4pq2/p2n4/2R5/1P4P1/P3PPKP/8,,,,,,,,
board_20260301_230830_363483.png,3r1r1k/1R4p1/2Q1p3/p1R2q1p/8/1P2nPP1/P3PN1P/6K1,,,,,,,,
board_20260301_230857_786854.png,4rr1k/1R1Q2pp/4p2N/p1Rn4/8/1P3PPK/P3P2P/q7,,,,,,,,
board_20260301_230857_815641.png,7k/3b2pp/p2P1p2/1p6/8/1BqQ4/P1Pp1KPP/8,,,,,,,,
board_20260301_230919_448112.png,4b2k/2q5/3bp3/3p4/3P1rN1/1P2Q3/6R1/5BK1,,,,,,,,
board_20260301_230919_476818.png,5r1k/2q5/3bp2N/3p3b/3P4/1P1BQ3/6R1/6K1,,,,,,,,
board_20260301_230938_274591.png,8/pp6/k1b1R3/2Qp1p2/1PnP1P2/P5P1/2P3KP/3q4,,,,,,,,
board_20260301_230951_231173.png,5r1k/2q5/3bp1bN/3p2Q1/3P4/1P1B4/6R1/6K1,,,,,,,,
board_20260301_231025_443060.png,rnbq1rk1/pp2ppbp/1np3p1/8/2PP4/2N2N1P/PP2BPP1/R1BQ1RK1,,,,,,,,
board_20260301_231041_026340.png,r1bq1rk1/pp2ppbp/1np2np1/8/2PP1B2/2N2N1P/PP2BPP1/R2Q1RK1,,,,,,,,
board_20260301_231130_439347.png,r1qr2k1/pp2ppb1/1np1bn1p/6p1/P1PP4/1QN2N1P/1P2BPPB/2R1R1K1,,,,,,,,
board_20260301_231130_470744.png,r1q2rk1/pp2ppbp/1np1bnp1/8/P1PP1B2/1QN2N1P/1P2BPP1/R4RK1,,,,,,,,
board_20260301_231200_432758.png,r1qr2k1/pp2ppb1/2p2n1p/P1nP1bp1/2PN4/1QN4P/1P2BPPB/2R1R1K1,,,,,,,,
board_20260301_231221_684408.png,r1qr2k1/pp2ppb1/2p3bp/P2P2p1/2PNn3/4QB1P/1P3PPB/2R1R1K1,,,,,,,,
board_20260301_231240_357937.png,r1br4/pp1nppkp/1q4p1/3P4/4PP2/1B6/P3N1PP/2RQK2R,,,,,,,,
board_20260301_231257_610638.png,r6k/pprb3p/1q2NRp1/3Pn3/4P3/1BQ5/P5PP/4K3,,,,,,,,
board_20260301_231328_131580.png,r2qr1k1/1pp2pbp/3p4/6p1/N1PnnNb1/1P3PP1/PB2P1BP/R1Q2RK1,,,,,,,,
board_20260301_231328_161524.png,r1bq1rk1/ppp2pbp/2np1np1/8/2P5/1PN3PN/PB1QPP1P/R3KB1R,,,,,,,,
board_20260301_231352_598631.png,r1b2rk1/1pq2pp1/1npb1n1p/p7/P1BP3B/1NN4P/1PQ2PP1/4RRK1,,,,,,,,
board_20260301_231428_846116.png,r1b2rk1/1p3pp1/1qp4p/p3B3/P1QPN3/1N5P/1P3PP1/4bRK1,,,,,,,,
board_20260301_231428_875866.png,r1br2k1/1p1q1pp1/2pn3p/p1QPB3/P7/1N5P/1P3PPK/4RR2,,,,,,,,
board_20260301_231455_549538.png,r3r1k1/2Bb1pp1/2N1q2p/p1Q2n2/P7/7P/1P3PPK/3R1R2,,,,,,,,
board_20260301_231455_578896.png,r1b1r1k1/5pp1/2N1q2p/p1Q1Bn2/P7/7P/1P3PPK/3R1R2,,,,,,,,
board_20260301_231509_966978.png,r3r1k1/1b3pp1/6qp/p3B3/P5Q1/7P/1P3PPK/3RR3,,,,,,,,
board_20260301_231551_836206.png,rn1q1rk1/pp2bppp/3p4/1N1Ppb2/P7/8/1PP1BPPP/R1BQ1RK1,,,,,,,,
board_20260301_231551_863970.png,r2qr1k1/1p1nbppp/p2p2b1/P2P3B/2PN1B2/8/1P4PP/R2Q1RK1,,,,,,,,
board_20260301_231621_095641.png,r3r1k1/1pq2pp1/p2p1bp1/P2P4/2PN4/1Pn1B3/3Q2PP/R4RK1,,,,,,,,
board_20260301_231621_126481.png,r3r1k1/1pqn1pp1/p2p1bp1/P2P4/2PN1B2/1P6/6PP/R2Q1RK1,,,,,,,,
board_20260302_003514_134197.png,4r1k1/1pq1rpp1/p2p1bp1/P2P4/1BPNn3/1P3R2/6PP/2RQ2K1,,,,,,,,
board_20260302_003514_167716.png,4r1k1/qp3pp1/p2p1bp1/P1nP4/1BPN4/1PQ2R2/4r1PP/3R2K1,,,,,,,,
board_20260302_003543_568319.png,4q1k1/1p3pp1/p2p2p1/P2P4/2P2B2/1P6/6PP/3R2K1,,,,,,,,
board_20260302_003619_599404.png,8/1p1k2p1/p2p1pp1/P2P4/1BP4P/1P2R1P1/2q1K3/8,w,,,,,,,
board_20260302_003645_890657.png,r1bqkb1r/pppn2pp/8/5pB1/2P5/2N5/PP2PPpP/R2QKB1R,,,,,,,,
board_20260302_003721_812478.png,r2qkb1r/pbpp4/np2pn2/3P1pN1/2P4p/4P1PP/PP3PB1/RNBQK2R,,,,,,,,
board_20260302_003721_846617.png,r3kb1N/pbpp2q1/np2pn2/3P1p2/2P4p/4P1PP/PP3PB1/RNBQK2R,,,,,,,,
board_20260302_003758_657234.png,r1br2k1/pp2bppp/1qn1pB2/8/4p3/1NN2P2/PPPQ2PP/1K1R1B1R,,,,,,,,
board_20260302_003758_686028.png,r1b3k1/pp2Bppp/1qn1p3/8/4p3/2N2P2/PPPN2PP/1K1R1B1R,,,,,,,,
board_20260302_003842_777366.png,r4rk1/pppqnpbp/3p1np1/4pPB1/2P1P3/2NP2P1/PP1QN1KP/R4R2,,,,,,,,
board_20260302_003842_807011.png,rn3rk1/pp2bppp/5n2/q2p1PP1/4pP2/2N1B3/PPP4P/R2QKB1R,,,,,,,,
board_20260302_003842_833637.png,r4rk1/pppq1p1p/3p1b2/3npR2/2P1P3/3P2P1/PP1QN1KP/R7,,,,,,,,
board_20260302_003859_902678.png,r4rk1/pp3ppp/2n5/q4P2/3ppP1b/2N1B3/PPPQ3P/R2K1B1R,,,,,,,,
board_20260302_003938_084102.png,k2n4/p1BK4/8/1p6/8/1P1B4/q7/8,,,,,,,,
board_20260302_003938_118526.png,r2r1nk1/2q1bppp/2bpp3/2p5/2P1PN1P/1p4P1/PB1Q1PB1/3RR1K1,,,,,,,,
board_20260302_003938_145774.png,k1K5/pnB5/q1B5/8/1p6/1P6/8/8,,,,,,,,
board_20260302_004024_250779.png,r2r1n2/2q1bQ1p/2bpp2k/2p5/2P1P1PP/1p6/P4PB1/3RR1K1,,,,,,,,
board_20260302_004024_281992.png,1r3nk1/2q1bpBp/2bpp3/2p4N/2P1P2P/1p2Q1P1/r4PB1/3RR1K1,,,,,,,,
board_20260302_004024_310948.png,1N5k/7p/3pp1nb/2p5/b1P1P2P/1p4PB/r4P2/3RR1K1,,,,,,,,
board_20260302_004100_014885.png,r4rk1/ppB2pp1/2n4p/8/2B5/2N2P2/PP1n1P1b/2KR3R,,,,,,,,
board_20260302_004100_043046.png,r2q1rk1/ppp2pp1/2nb1n1p/8/2B1P2B/2N2P2/PP1Q1P1P/2KR3R,,,,,,,,
board_20260302_004145_200981.png,r2q1rk1/ppp2pp1/2nb3Q/8/2B1n2B/2N2P2/PP3P1P/2KR3R,,,,,,,,
board_20260302_004145_233966.png,6k1/5ppp/3n1b2/NqB2Q2/1P2p3/2Pn4/6PP/3B3K,,,,,,,,
board_20260302_004145_262772.png,1r1q1rk1/p1pbbppp/2pp4/6B1/3NP1n1/1PN5/P1P2PPP/R2QR1K1,,,,,,,,
board_20260302_004213_928502.png,3k4/6N1/1K5R/2p5/8/4r3/8/8,,,,,,,,
board_20260302_004213_955061.png,1r1B1rk1/p1p2ppp/2bp4/8/4P3/1PN5/P1P3PP/R2nR1K1,,,,,,,,
board_20260302_004242_795998.png,1k6/2NR4/2K5/2p5/8/1r6/8/8,,,,,,,,
board_20260302_004242_824357.png,8/8/4pn1k/4N1pp/p7/3K2P1/5P2/2B5,,,,,,,,
board_20260302_004242_852847.png,2N3k1/p5p1/4p2p/7n/1r6/8/1B3PP1/1R4K1,,,,,,,,
board_20260302_004312_015890.png,r5k1/pb1n1rp1/1q2p2p/1P1n4/2B5/P1B5/4NPPP/R2Q1RK1,,,,,,,,
board_20260302_004312_044163.png,6k1/p5p1/3Np2p/7n/1r6/8/1B3PP1/1R4K1,,,,,,,,
board_20260302_004336_482055.png,2r5/p4pk1/2q2Npp/8/2bP4/8/P4PPP/Q3R1K1,,,,,,,,
board_20260302_004336_508368.png,r5k1/pb1n1rp1/1B2p2p/1P6/2B5/P7/4NPPP/R2n1RK1,,,,,,,,
board_20260302_004405_253072.png,2r1r1k1/5pPp/p1N3p1/1pqN4/8/5QPP/P4PK1/3R4,,,,,,,,
board_20260302_004405_281822.png,8/8/2P1k1N1/6b1/5p2/p7/P3K3/8,,,,,,,,
board_20260302_004405_309894.png,8/8/8/4p2k/4Pp2/8/2N5/1K6,,,,,,,,
board_20260302_004440_901038.png,2b3k1/1pb4p/2n1p3/P7/4P1pr/2P3p1/2Q3BP/5R1K,,,,,,,,
board_20260302_004440_930284.png,8/8/8/3Kp3/4Pk2/8/5p2/5N2,,,,,,,,
board_20260302_004529_718575.png,2b3k1/bp5p/2n1p3/P7/4P3/2PQ2K1/7r/3R4,,,,,,,,
board_20260302_004529_746813.png,2bq3r/1pp2k2/3p1bpQ/3Pp3/1PP1P1P1/1NN2K2/7R/4B3,,,,,,,,
board_20260302_004529_774020.png,2bq1r2/1pp3k1/3p1bp1/3Pp1np/1PP1PpP1/1NN2P1R/4B1K1/2Q1B3,,,,,,,,
board_20260302_004558_721306.png,2b4k/1pp5/3p1qp1/3Pp3/1PP1P1P1/1NN2nK1/8/2Q5,,,,,,,,
board_20260302_004558_750219.png,6rk/P7/5KP1/6P1/8/8/8/8,,,,,,,,
board_20260302_004558_776492.png,8/r4KP1/6Pk/8/8/8/8/8,w,,,,,,,
board_20260302_004631_383186.png,4K2r/5P2/7k/6p1/6P1/6P1/8/8,w,,,,,,,
board_20260302_004631_411401.png,6N1/4K1k1/8/5Pp1/6P1/6Pr/8/8,,,,,,,,
board_20260302_004631_439166.png,4r3/pp4k1/3r4/2q3pQ/b2N4/1P2PPP1/P5BP/3R2K1,,,,,,,,
board_20260302_004703_232290.png,r2kbb1r/pp3p1p/1q6/3pN1P1/3p4/Q2B2P1/PP3K1P/2R1R3,,,,,,,,
board_20260302_004703_260456.png,8/pp4k1/3R4/5qpQ/b7/1P3PP1/P4KBP/4r3,,,,,,,,
board_20260302_004723_598299.png,r1bn1rk1/5p1p/1qp2p1Q/ppb1pP2/3pP2N/P1NP2P1/BPP1K2P/R4R2,,,,,,,,
board_20260302_004750_555937.png,8/4k3/4p3/p1n2p2/PpBR2p1/1P2P1P1/4KP2/6r1,,,,,,,,
board_20260302_004815_037733.png,r1b1k2r/1p2bppp/p1n1pn2/8/1q1pPB2/1NN3P1/PP3PBP/R2QR1K1,,,,,,,,
board_20260302_004815_068791.png,r1b1k2r/1p2bppp/p1n2n2/3P4/1q1p1B2/1N4P1/PP3PBP/R2QR1K1,,,,,,,,
board_20260302_004829_668237.png,r1b1k2r/1p2bppp/p1n1pn2/8/1q1pPB2/1NN3P1/PP3PBP/R2QR1K1,,,,,,,,
board_20260302_004829_697133.png,r1b1k2r/1p2bppp/p1n2n2/3P4/1q1p1B2/1N4P1/PP3PBP/R2QR1K1,,,,,,,,
board_20260302_004847_574055.png,r1q1b1k1/5pb1/2p3p1/1pPp2B1/1P1P1QN1/8/5PP1/4R1K1,,,,,,,,
board_20260302_004907_487216.png,rnbqkb1r/pp3ppp/2p2n2/4P3/P1Bp3N/2N5/1P3PPP/R1BQK2R,,,,,,,,
board_20260302_004926_584132.png,rnbqkb1r/pp3ppp/2p5/4P3/P1Bp2nN/2N5/1P3PPP/R1BQK2R,,,,,,,,
board_20260302_004940_464427.png,r2qkbr1/pppbp2p/4P1p1/4Q3/2P5/4B1N1/PP5P/RN2K3,,,,,,,,
board_20260302_005007_878163.png,3rkr2/p1p1p2p/6p1/8/2P5/4BqNK/PQ5P/RN6,,,,,,,,
board_20260302_005007_909019.png,2k5/p1p1p2p/6p1/5r2/P1Pr4/4q1NK/4Q2P/RN6,,,,,,,,
board_20260302_005043_321388.png,5r2/1bqnbppk/p3p3/1p1RP1B1/8/PNP5/2P1Q1PP/1K2R3,,,,,,,,
board_20260302_005043_352756.png,4k2r/1bqnbppp/p2ppn2/1p4B1/4PP2/PNPB4/2P1Q1PP/1K1RR3,,,,,,,,
board_20260302_005103_554343.png,2r5/3nkp2/p7/2P1p1p1/N1K4p/P4P1P/5P2/3R4,,,,,,,,
board_20260302_005103_583080.png,2k5/5p2/p7/2PKp1p1/7p/P4P1P/5P2/8,,,,,,,,
board_20260302_005131_708166.png,4r1k1/1b2qp1p/p1n2np1/1p1B2B1/1P6/P2Q1N2/5PPP/3R2K1,,,,,,,,
board_20260302_005131_736463.png,3qr1k1/1b1rbp1p/p1n1pnp1/1p1P2B1/1P6/P1NQ1N2/B4PPP/3RR1K1,,,,,,,,
board_20260302_005202_715323.png,3qr1k1/1b1rbp1p/p1n1p1p1/1p1N2B1/1P6/P2Q1N2/B4PPP/3RR1K1,,,,,,,,
board_20260302_005202_744075.png,3qr3/1b1rbpkp/p1n1pnp1/1p1P2B1/1P6/P1NQ1N2/B4PPP/3RR1K1,,,,,,,,
board_20260302_005224_653957.png,4q1k1/1b1r1p2/p5p1/1p1Bn1Np/1P6/P6Q/5PPP/3R2K1,,,,,,,,
board_20260302_005224_685285.png,4q1k1/1b1r1p1p/p1n3p1/1p1B2N1/1P6/P2Q4/5PPP/3R2K1,,,,,,,,
board_20260302_005243_136518.png,4qk2/1b1r1p1p/p1n3p1/1p1B2N1/1P6/P2Q4/5PPP/3R2K1,,,,,,,,
board_20260302_005311_439167.png,2kr3r/pp2qp1p/2n2n2/2b2b2/3N2p1/1QN1P3/PP1BBPPP/R2R2K1,,,,,,,,
board_20260302_005311_468993.png,2kr3r/pp2qp1p/5n2/2b2b2/3P2p1/1QN5/PP1BBPPP/R2R2K1,,,,,,,,
board_20260302_005346_839308.png,2k4r/p3qp1p/5n2/1Nb2b2/2Q5/6p1/PP1BnPPP/R2R1K2,,,,,,,,
board_20260302_005346_871654.png,2k4r/p3qp1p/3N1n2/2b2b2/2Q2n2/6p1/PP3PPP/R2R1K2 b - - 0 1,b,,,,,,,
board_20260302_005417_083004.png,1r6/5pkp/p3p3/5bP1/4N3/1Pq5/2PR1Q1P/1K3R2,,,,,,,,
board_20260302_005417_113412.png,2r3k1/2q2pPp/p3p3/2N1bbP1/1p6/8/PPPR1Q1P/2K2R2,,,,,,,,
board_20260302_005447_182582.png,r1b2rk1/1p3pp1/pn3n1p/2q1p3/P3P3/2N1QN2/BP1R1PPP/3R2K1,,,,,,,,
board_20260302_005447_210366.png,r1bq1rk1/1p1nbpp1/p3p2p/7n/P1B4B/2N1PN2/1P2QPPP/R2R2K1,,,,,,,,
board_20260302_005509_476446.png,r3k2r/pp2np1p/2pQbB2/8/2PNq3/8/PP1K1PPP/n4B1R,,,,,,,,
board_20260302_005509_503619.png,2kr3B/pp5p/2p1p3/5b2/2P5/2K2P2/PP4PP/n4B1R,,,,,,,,
board_20260302_005530_285817.png,2k5/pp5p/2p5/4P3/2P5/3K2P1/PP3r1P/R7,,,,,,,,
board_20260302_005530_314610.png,4k2r/2q2p2/p2p2pp/4b3/3NQ1P1/1P6/P1P5/1K3R2,,,,,,,,
board_20260302_005633_285883.png,r2q3k/1pp1nQpp/p3b3/2P3B1/4p3/2P5/PP3PPP/RN4K1,,,,,,,,
board_20260302_005633_316205.png,r2q3k/1ppbnQp1/p6p/2b3B1/3PN3/2P5/PP3PPP/R5K1,,,,,,,,
board_20260302_005718_547375.png,5k2/R5p1/P7/7P/6r1/4K3/8/8,,,,,,,,
board_20260302_005718_575709.png,r1bq1rk1/3nbppr/4p3/3pP2Q/pp1B1P2/2N3R1/PPPN2PP/2K4R,,,,,,,,
board_20260302_005755_226405.png,r1bq1r1k/6pp/5b2/3NBp1Q/pp6/7R/PPB3PP/2K4R,,,,,,,,
board_20260302_005755_254701.png,r1bq2rk/3nbppp/4p3/3pPP1Q/p2B4/5NR1/PpB3PP/1K5R,,,,,,,,
board_20260302_005825_348186.png,r1b2rk1/2q2ppp/p3p3/1pnpPP2/3Q4/2NB4/PPP3PP/2KRR3,,,,,,,,
board_20260302_005825_379536.png,r1b2rk1/2qn1ppp/p3p3/1p1pP3/3Q1P2/2NB4/PPP3PP/2KRR3,,,,,,,,
board_20260302_005843_011146.png,r1b2rk1/5ppp/p7/qp1NPp2/3Q4/3R4/PPP3PP/2K1R3,,,,,,,,
board_20260302_005921_097182.png,r1b2rk1/5ppp/p4N2/1p2Pp2/1P1Q4/3R4/q1P3PP/2K1R3 b - - 0 1,b,,,,,,,
board_20260302_010000_037198.png,r1b2r1k/5p1p/p4p2/1p2Pp2/1P5Q/6R1/q1P3PP/2K1R3,,,,,,,,
board_20260302_010000_066484.png,r1br3k/5p1p/p4p2/1p2qp2/1P5Q/6R1/2P3PP/4RK2,,,,,,,,
board_20260302_010016_162519.png,r6k/5p1p/p4p1Q/1p2qp2/1Pb5/6R1/2P3PP/3R1K2,w,,,,,,,
board_20260302_010046_257007.png,r1b2rk1/5p1p/p4p2/1p2Pp2/1P1Q4/3R4/q1P3PP/2K1R3,,,,,,,,
board_20260302_010046_288255.png,2r1r1k1/1bq1bppp/p4n2/np1p4/3NP3/6NP/PP3PP1/RBBQR1K1,,,,,,,,
board_20260302_010104_315128.png,2r1r1k1/1bq2ppp/p4n2/np1pPB2/1b1N4/6NP/PP3PP1/R1BQR1K1,,,,,,,,
board_20260302_010146_564803.png,2r3k1/1b3ppp/pq3P2/np1p1B2/3N4/4r1NP/PP3PP1/R2Qb1K1,,,,,,,,
board_20260302_010223_330932.png,r3k2r/1bq3p1/p6p/3pP3/1b1N2PP/2nBB3/2PQ4/2K2R1R,,,,,,,,
board_20260302_010223_358234.png,2B3k1/1b3ppp/p4q2/np1p4/3N2Q1/4P2P/PP3bP1/R6K,,,,,,,,
board_20260302_010244_951647.png,1r1r4/p2P1k2/Q3b1pp/2q1pp2/2P1p3/4P3/P3BPPP/3R1RK1,,,,,,,,
board_20260302_010325_744732.png,3r4/p2Pk3/Q3b1Pp/2PRpp2/1q2p3/4P3/P4PP1/4rRK1,,,,,,,,
board_20260302_010325_775098.png,3r4/p2Pk3/Q3b1Pp/2q1pp2/2P1p3/4P3/P3rPP1/3R1RK1,,,,,,,,
board_20260302_010348_712781.png,1kr3b1/p3R1P1/Q6p/2P2p2/1q2p3/4P3/P4PPK/5r2,,,,,,,,
board_20260302_010348_742726.png,3r4/p2k4/Q3b1Pp/2P1Rp2/1q2p3/4P3/P4PPK/5r2,,,,,,,,
board_20260302_010431_408857.png,r4k1r/p5p1/1p2bp2/2b1p2p/7N/1P4Q1/PBq2PPP/3R1RK1,,,,,,,,
board_20260302_010431_437005.png,r2rk3/p5p1/1pQ1b1N1/2b1p2p/8/1P1R4/P1q2PPP/5RK1 b - - 0 1,b,,,,,,,
board_20260302_010431_464231.png,r6r/p3k1p1/1p2b3/2b1p2p/7N/1P1R1Q2/P1q2PPP/5RK1,,,,,,,,
board_20260302_010529_886842.png,r4k1r/pbqn1pp1/1p1bp2p/2p5/3P4/2PB1N1Q/PP3PPP/R1B1R1K1,,,,,,,,
board_20260302_010529_915045.png,r4k1r/pbqn1pp1/1p2p2p/2p1N3/3P4/2PB3Q/PP3PPP/R1b1R1K1,,,,,,,,
board_20260302_010557_991957.png,6kr/p3Q1p1/1p1R1n1p/3b4/2qP4/8/PP3PPP/4R1K1,,,,,,,,
board_20260302_010558_020121.png,2q3kr/pb2Q1p1/1p2Rn1p/2p5/3P4/2P5/PP3PPP/2R3K1,,,,,,,,
board_20260302_010620_104634.png,1k1r4/pp3p1p/3r1bp1/2NP1p2/5B2/8/b4PPP/2R1R1K1,,,,,,,,
board_20260302_010620_133981.png,8/1p3p1p/2k2bp1/p1NR1p2/8/8/5PPP/6K1,,,,,,,,
board_20260302_010637_246049.png,rbbqk2r/pp1nnppp/4p3/4P3/QPBB4/5N2/P4PPP/RN3RK1,,,,,,,,
board_20260302_010658_653663.png,r4rk1/bp2qppp/p1b1p3/4P3/1PQ3R1/2N5/P4PPP/2B1R1K1,,,,,,,,
board_20260302_010728_601287.png,1br3k1/6pp/p1b5/1p6/1PR5/2N5/P4PPP/2B3K1,,,,,,,,
board_20260302_010728_628446.png,r2qk1nr/pp1nbppp/2p5/3p1b2/3P1B2/2N1PP2/PP2N1PP/R2QKB1R,,,,,,,,
board_20260302_010758_247534.png,4rrk1/pp1n2pp/2pb2bn/3p2q1/3P2P1/2N1PP2/PP1QNBB1/4RRK1,,,,,,,,
board_20260302_010758_279960.png,r2qk2r/pp1n1ppp/2pb2bn/3p4/3P4/2N1PP2/PP2NBPP/R2QKB1R,,,,,,,,
board_20260302_010827_121829.png,4r1k1/pp1n2pp/2pb4/3p4/3P4/2N1n1Bq/PP1QN3/4RRK1,,,,,,,,
board_20260302_010827_148969.png,r2qkbnr/ppp3pp/2np4/4pb2/8/2NP1N2/PPP2PPP/R1BQKB1R,,,,,,,,
board_20260302_010855_717841.png,r2qkb1r/p5pp/2pp1n2/1p3bB1/2BQ4/2N5/PPP2PPP/R3K2R,,,,,,,,
board_20260302_010855_746507.png,r2k3r/p2qb1pp/2pp1n2/1p3bB1/3Q4/1BN5/PPP2PPP/2KRR3,,,,,,,,
board_20260302_010916_392731.png,rnbqk1nr/1pp1ppbp/p2p2p1/8/3PP3/2N1B3/PPP2PPP/R2QKBNR,,,,,,,,
board_20260302_011000_758409.png,r3k1nr/1bqnppb1/p1pp2p1/1p4Np/P2PPP1P/2N1B3/1PPQ2P1/3RKB1R,,,,,,,,
board_20260302_011000_785910.png,r3k2r/1bq1ppb1/p1pp2pn/1p4Np/P2PPPnP/2N1BB2/1PPQ2P1/3R1RK1,,,,,,,,
board_20260302_011037_840320.png,r3k2r/1bq1ppb1/p1p3pn/1p1p2Np/P2PPPnP/2N1BB2/1PPQ2P1/3R1RK1,,,,,,,,
board_20260302_011037_867982.png,3rk2r/1bq1ppb1/p1p3p1/1p1P1nNp/P2P1PnP/2N2B2/1PPQ1BP1/3R1RK1,,,,,,,,
board_20260302_011109_011908.png,4k2r/1b2ppb1/p5p1/Qp1N1nNp/P2r1PnP/5B2/1Pq2BP1/3R1RK1,,,,,,,,
board_20260302_011109_041108.png,4k2r/1b2ppb1/p2q2p1/Qp1N1nNp/P2r1PnP/5B2/1PP2BP1/3R1RK1,,,,,,,,
board_20260302_011134_440035.png,4k2r/1B2pp2/p4bp1/QP3n1p/3r1P1P/8/1PP3P1/3n1RK1,,,,,,,,
board_20260302_011134_470904.png,4k2r/1b2pp2/p4bp1/Qp1B1n1p/P2r1PnP/8/1PP2BP1/3R1RK1,,,,,,,,
board_20260302_011203_415220.png,5rk1/1B1rpp2/P4bp1/Q4n1p/5P1P/2P1n3/1P4P1/5RK1,,,,,,,,
board_20260302_011203_447012.png,5rk1/1B2pp2/p4bp1/QP3n1p/3r1P1P/2P5/1P4P1/3n1RK1,,,,,,,,
board_20260302_011203_476451.png,5rk1/4pp2/P1B2bp1/Q4n1p/5P1P/2P1n3/1P1r2P1/5RK1,,,,,,,,
board_20260302_011232_151371.png,2b1r3/1p3pk1/1Npp1qp1/4n1p1/1PP1PP2/4Q1PP/r5B1/1R2R1K1,,,,,,,,
board_20260302_011232_179101.png,5r2/4p1k1/P4pp1/4Qn2/2P2Pp1/8/1P1r1bP1/1R5K,,,,,,,,
board_20260302_011259_420622.png,r3n1k1/4qr1p/p7/2pPpp2/8/R7/1PP3PP/3QRBK1,,,,,,,,
board_20260302_011259_450916.png,2q1rb2/rpp2pkB/6p1/1P2p3/p1nPN1P1/Pb2P2Q/1B3P1P/R2R2K1,,,,,,,,
board_20260302_011335_088151.png,4r3/1p3pk1/1Npp1qp1/4n1p1/1PP1PP2/4Q1Pb/6K1/1R2R3,w,,,,,,,
board_20260302_011335_115136.png,8/1p3pk1/1Npp1qp1/4n3/1PP1PQ2/6P1/7r/1R2RK2,,,,,,,,
board_20260302_011335_141184.png,7r/1p3pk1/1Npp1qp1/6p1/1PP1PPn1/4Q1P1/6K1/1R2R3,,,,,,,,
board_20260302_011421_633482.png,2r2rk1/1b3ppp/p2qp3/n2p4/Pp1Pn3/3BPN2/1P1NQPPP/R1R3K1,,,,,,,,
board_20260302_011421_662528.png,8/1p3pk1/1Npp2p1/4P3/1PP3n1/5QP1/3q3r/1R2R1K1,,,,,,,,
board_20260302_011421_688204.png,2q1rbB1/rpp2pk1/6p1/1P2p3/p1nPN1P1/Pb2P2Q/1B3P1P/R2R2K1,,,,,,,,
board_20260302_011501_069256.png,2q1r3/rpp2pkB/6p1/1P2P3/p1n1N1P1/2B1P2Q/1b3P1P/3R2K1,,,,,,,,
board_20260302_011501_100130.png,2q1rb2/rpp2pkB/5Np1/1n2p3/p2P2P1/Pb2P2Q/1B3P1P/R2R2K1,,,,,,,,
board_20260302_011501_127877.png,2qr1b2/rpp2pkB/6p1/1P2p3/p1nPN1P1/P1B1P2Q/5P1P/3R2K1,,,,,,,,
board_20260302_011538_953511.png,2r2rk1/1b3ppp/p2qp3/n5N1/Pp1Pp3/4P3/1P1NQPPP/R1R3K1,,,,,,,,
board_20260302_011538_980651.png,r4rk1/1p1bbppp/p1npp3/q5PQ/3NP3/1PN1B3/1PP2P1P/1K1R2R1,,,,,,,,
board_20260302_011553_654560.png,r2q1rk1/1p1bbppp/p2pp3/B2N2PQ/3nP3/1P6/1PP2P1P/1K1R2R1,,,,,,,,
board_20260302_011608_431677.png,8/5ppp/4p3/2k1P3/1pP1p3/1K2P3/5PPP/8,,,,,,,,
board_20260302_011623_269832.png,8/5pp1/4p3/2k1P2p/1pP1p3/1K2P3/5PPP/8,,,,,,,,
board_20260302_011623_298042.png,8/8/2k1p1p1/4p1Pp/1KP1p2P/4P3/5P2/8,,,,,,,,
board_20260302_011623_324866.png,1r5k/4q2P/4p3/4p1p1/p3P3/4Q3/PPr5/K4RR1,,,,,,,,
board_20260302_011652_109128.png,6R1/4q2k/4p3/4p3/p3P3/4Q3/Prr5/K4R2,,,,,,,,
board_20260302_011828_979950.png,2rq1r2/3b1P1k/3p1nNb/1p6/p2pP3/1B3P2/PPPQ2P1/2K4R,,,,,,,,
board_20260302_011829_009666.png,2r1r1k1/p5p1/Qpq2P1p/3p4/1P3n1B/P7/4N1PP/3RK2R,,,,,,,,
board_20260302_011829_036417.png,r2r2k1/pQ2ppb1/5q1p/P2n2p1/6B1/7P/1P3PPB/2R1R1K1,,,,,,,,
board_20260302_011829_062534.png,r3k3/p4ppp/2b5/R2Bn3/1B6/8/1P3PPP/6K1,,,,,,,,
board_20260302_011829_088671.png,2r5/p1r2bkp/5p2/3p2p1/R2N4/1P6/P2K1PPP/4R3,,,,,,,,
board_20260302_011829_113805.png,1rbq1rk1/p4p2/5bp1/2p4p/2PpN3/2B3PQ/P4PBP/R2R2K1,,,,,,,,
board_20260302_011951_952786.png,2n5/1P1p4/3P4/4P3/3P4/B5p1/pp4P1/Nk5K,,,,,,,,
board_20260302_011951_980372.png,r2qr1k1/ppp2pbp/3p2p1/8/2Pnb3/1PN1N1P1/PB1QPP1P/R4RK1,,,,,,,,
board_20260302_011952_006119.png,7b/2rNqp1k/p6p/1p6/4nN1P/P2QP3/1P4R1/1K6,,,,,,,,
board_20260302_011952_032328.png,r4rk1/pp2ppbp/2np2p1/q1p2b2/2PPn3/1PN1PN2/PB2BPPP/2RQ1RK1,,,,,,,,
board_20260302_011952_058628.png,r3kb1r/pp2pppp/2n2n2/2pq4/Q1BP4/2P2b2/PP1N1PPP/R1B1K2R,,,,,,,,
board_20260302_011952_084358.png,2r1rbk1/p1p2pp1/1p2p2p/n3Nq2/b1PPQB1P/2PB2P1/P4P2/1R2R1K1,,,,,,,,
board_20260302_012052_520295.png,2r3r1/1p1nkp2/2b1p1p1/p2pP2p/P2N1P1P/1PR4R/1KP1B1P1/8,,,,,,,,
board_20260302_012052_547940.png,r1r3k1/1p1bppbp/pBq3p1/n7/4PP2/2PB4/P3N1PP/1R1Q1RK1,,,,,,,,
board_20260302_012052_575184.png,4Q3/2b4r/7B/6R1/5k2/8/7K/5q2,,,,,,,,
board_20260302_012052_601399.png,2r3k1/2rR1ppp/p1P1p3/1p2P2b/4N3/P7/5PPP/2R3K1,,,,,,,,
board_20260302_012052_628196.png,2kr4/p1pN1p1p/1pR5/8/3PQ3/6P1/b2q2PK/8,,,,,,,,
board_20260302_012052_654445.png,7k/1pn4p/p1q2bp1/8/P2B4/1B6/4QPPP/6K1,,,,,,,,
board_20260302_012217_862091.png,r2qr1k1/5pp1/1p1bb2p/1Qnp4/8/2N1PN2/PP1B2PP/3R1R1K,,,,,,,,
board_20260302_012217_891285.png,1q2bk2/5pp1/R3p2p/8/8/7P/P2Q1PP1/1r1N2K1,,,,,,,,
board_20260302_012217_917930.png,4rr1k/2p3pp/1p1p1n1q/1N4b1/2BPpp2/2B2PP1/PPQ1P1KP/3RR3,,,,,,,,
board_20260302_012217_946634.png,2r1kb1r/p2p1ppp/4p1n1/2p1R1B1/2P5/2qB2Q1/P4PPP/3R2K1,,,,,,,,
board_20260302_012217_974268.png,4rr1k/p2b3p/6pq/4N3/3Pp3/4P1Pn/P1Q3KP/1R2R2B,,,,,,,,
board_20260302_012218_001980.png,2b1r1k1/2r4p/pp1q1ppQ/3p4/3P4/2P1N2P/P4PP1/2R1R1K1,,,,,,,,
board_20260302_012336_482990.png,5rk1/pbrn1ppp/1ppN1q2/2P1p3/3P4/1PRB4/P3QPPP/5RK1,,,,,,,,
board_20260302_012336_510008.png,r1b1kb2/5p2/pqppp3/3nP1B1/4N3/3B4/PPP3Pr/R2QK2R,,,,,,,,
board_20260302_012336_537097.png,r7/2N2pk1/3P1bp1/P1p4q/2P2P2/1P3P2/K2Q3p/5R2,,,,,,,,
board_20260302_012336_563732.png,2b3k1/pp6/3p1Q1p/3Pn3/5NP1/2q4P/P3K3/5B2,,,,,,,,
board_20260302_012336_589834.png,r1bq1rk1/pp3pp1/3p1n1p/2bPn3/2p1P2B/2N2P2/PPB1N1PP/1R1QK2R,,,,,,,,
board_20260302_012336_615811.png,4nk2/q4p2/p1Qp2P1/3Pn1Pp/1PPp4/3B3P/3B2K1/8,,,,,,,,
board_20260302_012506_909574.png,2kr3r/pp3ppp/4b3/1p6/1QP2B2/7P/PP2BPqn/R3KR2,,,,,,,,
board_20260302_012506_943075.png,r6r/pp2k1pp/2p5/4Nb2/4n3/4P3/PPB3PP/R2R2K1,,,,,,,,
board_20260302_012506_971934.png,r3rb1k/1b4pp/1q1p2n1/2pP2N1/5R2/1BN3Q1/4P1BP/5R1K,,,,,,,,
board_20260302_012507_001859.png,r1b1r1k1/pp1p1pp1/2p2n2/1B4B1/3pP3/3P1Q1P/PqP2P2/R2K2R1,,,,,,,,
board_20260302_012507_030826.png,rn1k2nr/pb1p1p1p/8/1pBN1P1P/6P1/3P1Q2/PqPK4/4R3,,,,,,,,
board_20260302_012507_057655.png,r3k2r/p1q2ppp/b1p1p3/2B2n1Q/1PP1Nb2/P2B4/6PP/R4RK1,,,,,,,,
board_20260302_012650_282219.png,3r2k1/1p3ppp/2p1p3/p3P2b/Pb2PP2/1QN3Pq/1P2B2P/3R3K,,,,,,,,
board_20260302_012650_311614.png,R7/5k1p/b1p3p1/3p1p2/r2P1P2/6P1/1R3KBP/3r4,,,,,,,,
board_20260302_012650_338317.png,5r2/5pkp/3p2p1/1pqN1n2/3b4/1BP4P/RP3PP1/4Q1K1,,,,,,,,
board_20260302_012650_365634.png,3rkn1r/1b2q2p/pnp2ppB/1pb1p3/P3P2Q/2P2N1P/BP2NPP1/R2R2K1,,,,,,,,
board_20260302_012650_391004.png,1rb2rk1/p2pb1pp/2p1pp2/4P3/2P1NP2/P7/1P1RB1PP/4K2R,,,,,,,,
board_20260302_012650_418112.png,4r1k1/R7/4q1p1/5n2/PP1p3p/3Q1PB1/5PKP/8,,,,,,,,
board_20260302_020149_740740.png,2b1rb2/pp3pk1/2n3pp/2pN4/4qB2/2P2Q1P/PP3PP1/3R1BK1,,,,,,,,
board_20260302_020149_770115.png,1kr4r/1p3p1p/p2P4/Q2N1q2/2P5/4Bn2/P4P2/2KR4,,,,,,,,
board_20260302_020149_798781.png,r2q1nrk/4b1pp/p4p2/1pp1p2R/P1N1P1Q1/1P1PBR2/K1B3PP/8,,,,,,,,
board_20260302_020149_825267.png,r1b2r1k/pp2b1pp/2p1p3/q2pN2P/2PPpBP1/2P1P3/P1Q1KP2/R6R,,,,,,,,
board_20260302_020149_851849.png,b2r3k/p3Nppp/3r4/1pq5/2p2Q2/4R3/PP1R1PPP/6K1,,,,,,,,
board_20260302_020149_878436.png,r2q1rk1/pp2b1pp/2n5/2pn2B1/3p4/5N2/PPPQNPPP/R4RK1,,,,,,,,
board_20260302_020302_742745.png,r1qnkb1r/3n2pp/pp6/1Q1Rp1N1/2p1PP2/P1N5/1P4PP/2K2R2,,,,,,,,
board_20260302_020302_770937.png,r5k1/7p/p1P1p3/1p2Np2/5P2/6P1/2n5/1R4K1,,,,,,,,
board_20260302_020302_803031.png,r1qr2k1/1p3pp1/2pbbn2/p3N3/3P3Q/P5PB/1B3P2/R3R1K1,,,,,,,,
board_20260302_020302_830190.png,8/5ppk/3N1n1p/2P2P2/1P6/2R3KP/4Q1P1/5rq1,,,,,,,,
board_20260302_020302_856825.png,4k1nr/r4p2/4p3/pp1pP2q/2pP1RN1/P1P2QP1/1P6/5RK1,,,,,,,,
board_20260302_020302_883499.png,3rrnk1/p1q1b2p/4p1p1/2p2pN1/2P2Pn1/1P4R1/PBB1Q1PP/5RK1,,,,,,,,
board_20260302_023131_179106.png,r7/3bb1kp/q2p1ppN/1pnP2n1/2p1P2Q/2P3N1/1PB3P1/2B2RK1,,,,,,,,
board_20260302_023131_209438.png,1k1rr3/1pp2p2/1pn1n3/1q1pp3/3P4/PN1PP3/1PQ2PP1/2RN1RK1,,,,,,,,
board_20260302_023131_237333.png,7k/7p/4pP1p/4K3/6p1/p3p2P/8/8,,,,,,,,
board_20260302_023131_268375.png,8/7p/8/5p2/8/8/p1K2PPP/k7,,,,,,,,
board_20260302_023131_300832.png,5k2/5P2/5P1K/5P1P/8/4p2P/7P/8,,,,,,,,
board_20260302_023131_328554.png,8/4p1p1/4p1P1/8/P6p/p6p/P6p/5K1k,,,,,,,,
board_20260302_024727_249626.png,r7/3bb1kp/q2p1ppN/1pnP2n1/2p1P2Q/2P3N1/1PB3P1/2B2RK1,,,,,,,,
board_20260302_024727_277823.png,1k1rr3/1pp2p2/1pn1n3/1q1pp3/3P4/PN1PP3/1PQ2PP1/2RN1RK1,,,,,,,,
board_20260302_024727_305253.png,7k/7p/4pP1p/4K3/6p1/p3p2P/8/8,,,,,,,,
board_20260302_024727_332278.png,8/7p/8/5p2/8/8/p1K2PPP/k7,,,,,,,,
board_20260302_024727_358892.png,5k2/5P2/5P1K/5P1P/8/4p2P/7P/8,,,,,,,,
board_20260302_024727_385320.png,8/4p1p1/4p1P1/8/P6p/p6p/P6p/5K1k,,,,,,,,
board_20260302_024821_597737.png,8/6p1/6k1/4PpP1/p4Pp1/Kp4P1/8/8,,,,,,,,
board_20260302_024821_631416.png,2k5/3p2p1/2p5/2K5/5P2/8/2P5/8,,,,,,,,
board_20260302_024821_664591.png,8/2p5/8/8/5K2/8/1k5P/8,,,,,,,,
board_20260302_024821_697364.png,8/8/4K3/8/8/5p1k/5P1P/8,,,,,,,,
board_20260302_024821_729489.png,8/p1p5/2p5/2P5/1P6/PK6/8/4k3,,,,,,,,
board_20260302_024821_762151.png,k7/2p5/8/KP3p2/8/8/6P1/8,,,,,,,,
board_20260302_024904_879121.png,8/6p1/6k1/4PpP1/p4Pp1/Kp4P1/8/8,,,,,,,,
board_20260302_024904_908949.png,2k5/3p2p1/2p5/2K5/5P2/8/2P5/8,,,,,,,,
board_20260302_024904_936320.png,8/2p5/8/8/5K2/8/1k5P/8,,,,,,,,
board_20260302_024904_964171.png,8/8/4K3/8/8/5p1k/5P1P/8,,,,,,,,
board_20260302_024904_993016.png,8/p1p5/2p5/2P5/1P6/PK6/8/4k3,,,,,,,,
board_20260302_024905_019682.png,k7/2p5/8/KP3p2/8/8/6P1/8,,,,,,,,
board_20260302_025012_136938.png,8/8/1r5p/6p1/4R1P1/8/p1K5/k7,,,,,,,,
board_20260302_025012_167860.png,8/8/2kP2K1/4r3/8/3p4/8/4R3,,,,,,,,
board_20260302_025012_195181.png,5r2/1RP5/1P6/K1k5/8/p7/8/8,,,,,,,,
board_20260302_025012_221498.png,7k/6p1/6K1/p5P1/5N2/8/8/8,,,,,,,,
board_20260302_025012_275748.png,2q5/2p5/N3p3/p3P3/kpBp4/8/2P5/1K6,,,,,,,,
board_20260302_025018_998893.png,8/8/1r5p/6p1/4R1P1/8/p1K5/k7,,,,,,,,
board_20260302_025019_029761.png,8/8/2kP2K1/4r3/8/3p4/8/4R3,,,,,,,,
board_20260302_025019_063284.png,5r2/1RP5/1P6/K1k5/8/p7/8/8,,,,,,,,
board_20260302_025019_091841.png,7k/6p1/6K1/p5P1/5N2/8/8/8,,,,,,,,
board_20260302_025019_146521.png,2q5/2p5/N3p3/p3P3/kpBp4/8/2P5/1K6,,,,,,,,
board_20260302_025104_833748.png,2k2N2/8/4PK2/8/3r4/8/8/8,,,,,,,,
board_20260302_025104_865077.png,7q/2b5/8/8/3p4/7p/5R2/k4K1R,,,,,,,,
board_20260302_025104_894027.png,k7/8/B3P3/8/1K5b/8/4N2p/8,,,,,,,,
board_20260302_025104_921779.png,3qk3/2pp2r1/2P4K/3P1P2/5Q2/8/8/8,,,,,,,,
board_20260302_025104_952148.png,8/6PP/2p2k1K/1p6/1P2r3/8/8/8,,,,,,,,
board_20260302_025104_984183.png,7K/6p1/8/7p/8/8/R7/6k1,,,,,,,,
board_20260302_025152_217801.png,8/1k5K/p7/Rp2P1r1/1pP5/PP6/8/8,,,,,,,,
board_20260302_025152_246038.png,4B3/5p1p/4b1k1/6q1/8/3N1R2/8/5K2,,,,,,,,
board_20260302_025152_273719.png,5K1k/p7/P5pp/7p/p4P2/1p1R4/8/8,,,,,,,,
board_20260302_025152_300914.png,7k/5p1p/8/7N/P1P5/8/K1R5/6q1,,,,,,,,
board_20260302_025152_328011.png,8/6B1/1r1P4/8/4K3/8/7b/2k5,,,,,,,,
board_20260302_025152_355761.png,8/8/5Pr1/3R4/pp6/8/k2B4/2K5,,,,,,,,
board_20260302_025252_097052.png,8/3R1P2/1ppP1p2/3r4/8/K7/p4k2/8,,,,,,,,
board_20260302_025252_133247.png,3b3B/3P4/4Pp2/2P1p3/1K5p/8/2k3n1/8,,,,,,,,
board_20260302_025252_165176.png,K7/8/5P2/8/1n6/6kb/8/8,,,,,,,,
board_20260302_025252_196564.png,3N4/8/8/4kp2/8/1KP5/1B4p1/8,,,,,,,,
board_20260302_025252_227395.png,1b6/1p4p1/3P4/P1P4p/3P4/8/6k1/4K3,,,,,,,,
board_20260302_025252_259320.png,5K1k/1p4p1/p5Pb/P3p2P/6P1/R4P2/7r/8,,,,,,,,
board_20260302_031632_229705.png,8/8/4Rp1P/p5b1/PP1r4/1B2p3/6k1/4K3,,,,,,,,
board_20260302_031632_260651.png,3qbrk1/1R2bp2/r3p1p1/4P3/2p1B1P1/P6R/2Q2P1P/2B3K1,,,,,,,,
board_20260302_031632_289593.png,r1b2rk1/pp2ppbp/1qnp1np1/4P3/3N1P2/2N1B3/PPP1B1PP/R2Q1RK1,,,,,,,,
board_20260302_031632_316323.png,6k1/1p1R1p2/2p1p1P1/8/pq2N3/1B3P2/PP4K1/8,,,,,,,,
board_20260302_031632_343637.png,4rrk1/5ppp/p1b5/1p2B2n/4P3/b1NB1R2/1PP3PP/4R2K,,,,,,,,
board_20260302_031632_371542.png,r2qkb1r/pp3ppp/3ppn2/2p3B1/2BnP1b1/2NP1N2/PPP2PPP/R2QK2R,,,,,,,,
board_20260302_031729_783186.png,2b2rk1/5ppp/prN1p2q/1p2P3/n3B2P/P1P5/2P2QP1/1K1RR3,,,,,,,,
board_20260302_031729_811422.png,5rk1/5ppp/3p4/3B2q1/R3P1n1/2r5/P3Q1PP/5R1K,,,,,,,,
board_20260302_031729_840169.png,r1bq1rk1/ppp2ppp/2n5/3nN3/2BP4/8/PP1N1PPP/R2Q1RK1,,,,,,,,
board_20260302_031729_867885.png,r1b1k2r/2p2ppp/p7/1pbPp3/3nN1nq/1B5P/PPPP1PP1/RNBQ1RK1,,,,,,,,
board_20260302_031756_763534.png,8/p2r3p/5pk1/R2p2p1/6P1/1P6/P2K1P1P/8,,,,,,,,
board_20260302_031834_619245.png,r6k/3P1p2/5Np1/P1p5/2P2P2/1P3P2/K2Q4/7q,,,,,,,,
board_20260302_031834_648510.png,5rk1/pbrn1pp1/1ppN3q/2P1p2Q/3P4/1P5R/P4PPP/5RK1,,,,,,,,
board_20260302_031913_127644.png,r1b1r1k1/pp1p1p2/2p2Qp1/6Rq/3pP3/3P1P1P/P1P5/R1BK4,,,,,,,,
board_20260302_031928_242961.png,4r1k1/R7/6p1/5n2/PP1p4/5PBp/5P1P/4qQK1,,,,,,,,
board_20260302_031939_768925.png,2b1rb2/pp3p2/2n3pp/2p1k3/4Q3/2P4P/PP3PP1/3R1BK1 b - - 0 1,b,,,,,,,
board_20260302_031959_940387.png,b2R4/p4ppk/6p1/1p5q/2p5/4R3/BP3PPP/6K1,,,,,,,,
board_20260302_031959_973785.png,r2q1Rrk/4b1pp/p7/1pp1p2R/P3P1Q1/1P1PB3/K1P3PP/8,,,,,,,,
board_20260302_032030_658644.png,3R3r/kpP2p1p/pN6/q7/2P5/4Bn2/P4P2/2K5,,,,,,,,
board_20260302_032030_686825.png,r1bq1rk1/pp2b1p1/2p1p1P1/3p4/2PPpBP1/2P1P3/P3KP2/R1Q4R,,,,,,,,
board_20260302_032030_715003.png,r5k1/pp2q1pp/8/2pnn3/3p4/5P2/PPPQNPKP/R4R2,,,,,,,,
board_20260302_032111_770122.png,r1q2k1r/3n1npp/1p2N3/1p1N4/2p1PP2/P7/1P4PP/2K2R2 b - - 0 1,b,,,,,,,
board_20260302_032111_798743.png,4rn2/p1q1b2k/4p1p1/2p5/2Pr1PQ1/1P6/PBB3PP/5RK1,,,,,,,,
board_20260302_032111_825416.png,r1qQ2k1/1p4pn/2pbp1N1/p7/3P4/P5PB/1B3P2/R5K1 b - - 0 1,b,,,,,,,
board_20260302_032134_033887.png,4k3/1r3p2/4p3/p2pP2P/2pPn3/P1P2Q2/8/6K1,,,,,,,,
board_20260302_032134_066238.png,r7/3bb1kp/q4p1N/1pnPp1np/2p4Q/2P5/1PB3P1/2B2RK1,,,,,,,,
board_20260302_032154_113547.png,5Q2/4K2p/4p1kp/8/6p1/4p2P/8/q7,,,,,,,,
board_20260302_032154_145928.png,5k2/5P1P/5P2/5PK1/8/7P/7P/4q3,,,,,,,,
board_20260302_032210_604833.png,8/8/8/7p/6PP/5p2/p1K2P2/k7,,,,,,,,
board_20260302_032210_634145.png,5k1q/5P2/5PK1/5P2/8/8/7P/8,,,,,,,,
board_20260302_032229_534267.png,8/6p1/6P1/8/R3p2p/p6p/P3K2p/7k,,,,,,,,
board_20260302_032229_562581.png,3k4/3p2p1/2pK4/2P2P2/8/8/8/8,,,,,,,,
board_20260302_032246_960870.png,8/2p5/p1p5/2P5/1PK5/P7/8/4k3,,,,,,,,
board_20260302_032246_989064.png,8/4P3/6p1/5pPk/5Pp1/1K4P1/p7/8,,,,,,,,
board_20260302_032259_435730.png,8/8/8/2p5/1k1K3P/8/8/8,w,,,,,,,
board_20260302_032259_466122.png,8/7P/8/4K3/8/2p5/1k6/8,,,,,,,,
board_20260302_032308_100620.png,1k6/2p5/KP6/5p2/8/6P1/8/8,,,,,,,,
board_20260302_032315_482810.png,2k2N2/4P3/3r1K2/8/8/8/8/8,w,,,,,,,
board_20260302_032328_145809.png,8/6kP/2p5/1p4K1/1P6/8/8/8,,,,,,,,
board_20260302_032328_177504.png,4k3/2ppr3/2PP3K/5P2/8/8/8/8,,,,,,,,
board_20260302_032337_931331.png,8/8/8/6p1/6K1/8/R6p/6k1,,,,,,,,
board_20260302_032350_282890.png,6qk/5pNp/8/8/P1P5/8/K3R3/8,,,,,,,,
board_20260302_032350_315316.png,8/1n6/8/3R4/8/2K2k2/8/8,,,,,,,,
board_20260302_032402_317185.png,8/P7/r7/k1K5/1P6/1P6/8/8 b - - 0 1,b,,,,,,,
board_20260302_032422_949382.png,5Q2/8/8/8/p7/1p6/6r1/k1KR4,,,,,,,,
board_20260302_032422_977353.png,8/R4P2/1ppP4/2r2p2/3K4/8/5k2/8,,,,,,,,
board_20260302_032423_007075.png,8/8/8/8/p7/rp6/1R6/k1K5,,,,,,,,
board_20260302_032436_441475.png,8/2bP2p1/2Q5/8/3P4/8/4K3/6kq,,,,,,,,
board_20260302_032452_572979.png,8/2n1b3/8/4p3/2K4p/8/2k5/8,,,,,,,,
board_20260302_032452_600556.png,8/5P2/3K4/5n2/8/6k1/6b1/8,w,,,,,,,
board_20260302_032518_086696.png,5K1k/1p4p1/p5Pb/P3p3/8/2R2P2/8/7r,,,,,,,,
board_20260302_032518_116977.png,3r2B1/7P/5p2/p7/PP6/4b3/6k1/4K3,,,,,,,,
board_20260302_032518_144839.png,8/8/5p1P/p7/PP1r4/1B2b3/4K1k1/8,,,,,,,,
board_20260302_032540_863728.png,8/7r/5p2/p2B4/PP6/4K1k1/8/8,,,,,,,,
board_20260302_032637_045673.png,r1b2r1k/pp2qpnp/6p1/8/3Q4/2N5/R1P1B1PP/R4RK1,,,,,,,,
board_20260302_032637_076854.png,2r5/6kp/1p4p1/p3qp2/6n1/3B3Q/P1P3PP/5R1K,,,,,,,,
board_20260302_032637_103802.png,r1N2r1k/pp3pbp/5np1/4n3/1q1B4/2N5/P1P1B1PP/R2Q1RK1,,,,,,,,
board_20260302_032711_328529.png,4rBk1/5p1p/p1b5/1p5n/4P3/2bB1R2/2B3PP/5R1K,,,,,,,,
board_20260302_032711_360098.png,3q1rk1/1b2bp2/r3p1B1/4P3/2p3P1/P6R/2Q2P1P/2B3K1,,,,,,,,
board_20260302_032744_466833.png,3q1B1k/1b2bp1B/r3p3/4P3/2p3P1/P6R/2Q2P1P/6K1,,,,,,,,
board_20260302_032744_498859.png,3q1rk1/1R6/r3p1B1/8/2pb2P1/P7/2Q2P1P/2B3K1,,,,,,,,
board_20260302_032821_058904.png,r2qkb1r/pp3ppp/3ppn2/1Bp3B1/3NP3/2NP4/PPP2PPP/R2bK2R b - - 0 1,b,,,,,,,
board_20260302_032821_091254.png,6kq/1p3R2/2p1p1P1/8/4N1K1/1P3P2/8/8,,,,,,,,
board_20260302_032821_119360.png,r2q1b1r/pp3ppp/3p1n2/1Bp1kpB1/3PPN2/8/PPP2PPP/R2bK2R b - - 0 1,b,,,,,,,
board_20260302_032842_915044.png,2b2r1k/4NQ1p/pr2p1pq/1p2P3/n3B2P/P1P5/2P3P1/1K1RR3,,,,,,,,
board_20260302_032909_938683.png,2bQ2qk/8/pr2p1p1/1p2P3/n3B2P/P1P5/2P3P1/1K2R3,,,,,,,,
board_20260302_032909_970009.png,r1bq1rk1/ppp2ppp/8/3BN3/8/1n6/PP3PPP/R2Q1RK1,,,,,,,,
board_20260302_032929_495005.png,r1b3k1/ppp2rpp/8/4q3/8/1Q6/PP3PPP/4RRK1,,,,,,,,
board_20260302_032929_523802.png,r4r1k/ppp2Bpp/5q2/4NQ2/8/8/PP3PPP/n4RK1,,,,,,,,
board_20260302_032953_533352.png,5rk1/5Rp1/3p4/3B2qp/2R1P1n1/2r5/P3Q1PP/7K,,,,,,,,
board_20260302_032953_563230.png,2r2rk1/5Rpp/3p4/3B2q1/R3P1n1/8/P3Q1PP/7K,,,,,,,,
board_20260302_032953_594239.png,5rk1/5Rpp/3p4/3B2q1/R3P1n1/8/P5PP/2r2Q1K,,,,,,,,
board_20260302_033024_859806.png,r3k2r/2p2ppp/p2P4/1pb1p3/3n3q/1B5b/PPPP1NP1/RNBQ1RK1,,,,,,,,
board_20260302_033024_890671.png,r1b1k2r/2p2ppp/p7/1pbPp3/3nN2q/1B5P/PPPP1RP1/RNBQ2K1,,,,,,,,
board_20260302_033056_586215.png,r3k2r/2p2ppp/p7/1pbPp3/7q/7N/BPPP2P1/nNBQ1R1K,,,,,,,,
board_20260302_033056_615013.png,r3k2r/2P3pp/p7/1pb1pp2/7q/7N/PPPP2P1/nNBQ1R1K,,,,,,,,
board_20260302_033346_318804.png,6R1/5Bp1/3K2Pk/7p/4r3/8/8/8,,,,,,,,
board_20260302_033346_350614.png,4R3/6p1/3K2k1/3B1r1p/7P/8/8/8,,,,,,,,
board_20260302_033346_379920.png,4R3/5Bp1/6Pk/4K2p/3r4/8/8/8,,,,,,,,
board_20260302_033402_231695.png,8/4rRp1/4k1P1/8/3K4/3B4/8/8,,,,,,,,
board_20260302_033402_260764.png,8/4rBp1/2K3P1/4k3/8/8/8/1R6,,,,,,,,
board_20260302_104442_806480.png,8/4rRp1/4k1P1/8/3K4/3B4/8/8,,,,,,,,
board_20260302_104442_835699.png,8/4rBp1/2K3P1/4k3/8/8/8/1R6,,,,,,,,
board_20260302_104845_442513.png,8/3k4/p3p1p1/Pp1pP1P1/3P4/1PP5/5K2/8,,,,,,,,
board_20260302_104845_470154.png,3Q4/5p2/p1k1q1p1/Pp1pP1P1/3P4/1PP1Kp2/8/8,,,,,,,,
board_20260302_104845_496671.png,8/3k1p2/pQ2q1p1/P2pP1P1/1p1P4/1PP5/5K2/8,,,,,,,,
board_20260302_104929_482972.png,5rk1/1pQ3pp/2b1p3/p2pPP2/3q4/6P1/PP4BP/5R1K,,,,,,,,
board_20260302_104929_512373.png,5rk1/1p1b2pp/4p3/p2pPP2/3q4/6P1/PPQ3BP/5R1K,,,,,,,,
board_20260302_105001_058863.png,2r2r1k/1b1n1p1p/pp1R3n/5N2/4PP2/1Pq3PQ/P5BP/4R1K1,,,,,,,,
board_20260302_105001_086726.png,4r2k/1p3Q2/2b2R1p/p2p4/8/4q2P/PP4B1/7K,,,,,,,,
board_20260302_105031_818644.png,8/8/8/8/pr5k/R6p/8/7K,,,,,,,,
board_20260302_105031_848949.png,5r1k/5p1p/ppb5/5N2/1P2PP1Q/2q3P1/P6P/5BK1,,,,,,,,
board_20260302_105309_616240.png,8/5p2/2k5/K7/8/1P6/8/8,,,,,,,,
board_20260302_105309_647007.png,8/8/3p4/3P4/5k2/3K4/8/8,,,,,,,,
board_20260302_105322_416058.png,8/8/8/8/8/5p2/4rk1K/R7,,,,,,,,
board_20260302_105338_022890.png,r1bbk1nr/pp3ppp/2p5/4p3/2B1P3/2P1B3/PP3PPP/RN3RK1,,,,,,,,
board_20260302_105350_433270.png,8/p2kr1p1/5p1p/2pp4/P4P2/1P4R1/2P2KPP/8,,,,,,,,
board_20260302_105406_895588.png,8/p3r1p1/5p1p/2p1k3/P1Kp4/1P4R1/2P3PP/8,,,,,,,,
board_20260302_105420_997652.png,3brrk1/1p1q4/p2p3p/3Ppb2/2P1Npp1/1P3P2/1P2QBPP/R1R3K1,,,,,,,,
board_20260302_105437_486572.png,rnbqkb1r/pp3ppp/2p1pn2/3p4/2PP4/1QN2N2/PP2PPPP/R1B1KB1R,,,,,,,,
board_20260302_105452_486129.png,r2q1rk1/p3bppp/1pp1pB2/4n3/3PP2P/1QN5/PP3PPP/2KR1R2,,,,,,,,
board_20260302_105503_610374.png,r4rk1/p2nqppp/1pp1p3/8/3PPP2/1QN5/PP4PP/2KR1R2,,,,,,,,
board_20260302_105521_700655.png,3r1r1k/p2nq1pp/1pp1p3/4Pp2/P2P1P2/1QN5/1P4PP/1K1R1R2,,,,,,,,
board_20260302_105535_332048.png,1n3r1k/q5pp/2p1p3/pr2Pp2/3P1P2/2Q1N3/1PR3PP/1K1R4,,,,,,,,
board_20260302_105627_734009.png,7k/6p1/2p1p2p/3nPp2/3P1P2/N2q2P1/1Q5P/K7,,,,,,,,
board_20260302_105627_762750.png,q6k/6p1/2p1p2p/1r1nPp2/2NP1P2/6P1/1PQ4P/1K1R4,,,,,,,,
board_20260302_105716_054315.png,r2q1rk1/pp3p1p/3bbnp1/3p1p2/3P1N2/1N1BPQ2/PP3PPP/R4RK1,,,,,,,,
board_20260302_105716_085017.png,r4rk1/pp3p1p/3bb3/3p1pq1/3PnNp1/1N1BP3/PP2QPPP/R4RK1,,,,,,,,
board_20260302_105734_616803.png,r6k/pp2qp1p/3bb3/3p1p2/3PnNr1/3BPR2/PP2Q1PP/2N2R1K,,,,,,,,
board_20260302_105926_552989.png,1b5k/pp1b1p1p/8/5p2/3P4/4rB1N/PP4PP/5R1K,,,,,,,,
board_20260302_105956_206300.png,6rk/pp1bqp1p/8/3p1p2/3Pnb2/4P3/PPB1QNPP/5R1K,,,,,,,,
board_20260302_110009_403733.png,2r2k2/p2b1p1p/1p5b/5p2/3P1N1P/P4BP1/1P1R1K2/8,,,,,,,,
board_20260302_110120_961327.png,3r1rk1/pp5p/2n2ppQ/2p5/b7/2P1RNP1/P1q2PBP/4R1K1,,,,,,,,
board_20260302_110120_990421.png,r4rk1/pp2p1bp/4b1p1/8/2qP4/1Q2BB2/PP3PP1/R3K2R,,,,,,,,
board_20260302_110121_019804.png,2r1r3/pp3nkp/1q1p2p1/3P4/3NNP2/6Pb/PP1Q4/4RR1K,,,,,,,,
board_20260302_110149_613203.png,1rbqkb1r/p2p1ppp/2p2n2/4p1B1/2B1P3/2N5/PPP2PPP/R2QK2R,,,,,,,,
board_20260302_110406_713448.png,2rqkb1r/1p4p1/p1nppn1p/4p3/P3P3/N1NQ4/1PP2PPP/R1B2RK1,,,,,,,,
board_20260302_110448_843795.png,4k1r1/2prpp1p/p1p3bb/4B3/8/1P4N1/P1P2PPP/1K1RR3,,,,,,,,
board_20260302_110521_568900.png,r1bq1rk1/1pp1npbp/p2p2p1/3Pp2n/1PP1P1P1/2N1BP2/P3N2P/1R1QKB1R,,,,,,,,
board_20260302_110540_133859.png,r1b1nrk1/pp1nq2p/2p2pp1/4p3/2N1P3/2P2NP1/PP1Q1PBP/3RR1K1,,,,,,,,
board_20260302_110630_061702.png,r2q1rk1/2p2ppp/2n3b1/1p1pP3/3PN3/4B3/PpB2PPP/1R1Q1RK1,,,,,,,,
board_20260302_110645_299968.png,rr4k1/2rq1ppp/2n5/1p1pP3/3P4/3QB3/PR3PPP/5RK1,,,,,,,,
board_20260302_110700_905878.png,rr4k1/2pq1pp1/2n4p/3pP3/1p1P4/3QB2P/PR3PP1/2R3K1,,,,,,,,
board_20260302_110724_312428.png,8/6pk/q5rp/3pPp2/1p1P2Pn/4B2P/P1R2P1K/3Q4,,,,,,,,
board_20260302_110724_342387.png,8/5qpk/6rp/3pP2Q/1p1P1P2/4B2K/P1R5/8,,,,,,,,
board_20260302_110800_707640.png,rr4k1/2pq1ppp/2n5/3pP3/1p1P4/3QB2P/PR3PP1/1R4K1,,,,,,,,
board_20260302_110800_738056.png,r5k1/2pq1pp1/1rn4p/3pP3/1p1P4/4B2P/PR3PP1/1QR3K1,,,,,,,,
board_20260302_110841_701615.png,rnbqk2r/p4pp1/2p1pb1p/1p6/3P4/1QN2N2/PP2PPPP/2KR1B1R,,,,,,,,
board_20260302_110841_731359.png,r1bqk2r/3n1pp1/2p1pb1p/1p6/p2PP3/2N2N2/PPQ2PPP/2KR1B1R,,,,,,,,
board_20260302_110929_136815.png,r1bqk2r/3n2n1/4pb1p/1p6/8/2N2N2/PpQ2PPP/1K1R1B1R,,,,,,,,
board_20260302_110943_911729.png,Q1bq1rk1/3n2p1/4p2p/1p6/8/2b2N2/Pp3PPP/1K1R1B1R,,,,,,,,
board_20260302_111001_319091.png,r1bqk2r/3n2n1/4pb1p/1p6/8/2N2N2/PpQ2PPP/1K1R1B1R,,,,,,,,
board_20260302_111020_395656.png,Q1bq1rk1/3n2p1/4p2p/1p6/8/2b2N2/Pp3PPP/1K1R1B1R,,,,,,,,
board_20260302_111041_046108.png,2bq1rk1/3n2p1/2Q1p2p/8/1p6/2b2N2/Pp3PPP/1K1R1B1R,,,,,,,,
board_20260302_111041_075385.png,3r3k/6p1/4b1Qp/1Bn5/1p6/2b2N2/Pp3PPP/1K5R,,,,,,,,
board_20260302_111114_015370.png,2b2r1k/2q3p1/4p2p/4n3/1n2Q2N/2bB4/Pp3PPP/1K1R3R,,,,,,,,
board_20260302_111114_047238.png,2b3k1/2q3p1/4p1Np/8/1p2Q3/2b2P2/Pp5P/1K5R,,,,,,,,
board_20260302_111213_345369.png,7k/6p1/r2B3p/4P3/4b3/3n3B/6PP/5RK1,,,,,,,,
board_20260302_111213_376594.png,r5k1/4qppp/3Rn3/p3p3/2P1P3/4B2P/5PP1/3Q2K1,,,,,,,,
board_20260302_111213_405001.png,2r5/4r1bk/1p2pqpp/5p2/2nP1N1P/3Q4/P4PP1/BR2R1K1,,,,,,,,
board_20260302_111310_536183.png,rnb1kb1r/rp3pp1/4pq1p/2p5/2PP4/2PB1N2/P4PPP/R1BQK2R,,,,,,,,
board_20260302_111330_001910.png,r1q1k2r/1p1bbpp1/p3p2p/7R/2P2B2/3B1Q2/P4PPP/3R2K1,,,,,,,,
board_20260302_111348_119310.png,r1q2k1r/1p1bb3/p3ppBp/4B1pR/2P5/6Q1/P4PPP/3R2K1,,,,,,,,
board_20260302_123415_603725.png,rnbqkbnr/pppppppp/8/8/8/8/PPPPPPPP/RNBQKBNR,,,,,,,,
board_20260302_123501_030753.png,rnbqkbnr/pppppppp/8/8/8/8/PPPPPPPP/RNBQKBNR,,,,,,,,
board_20260302_123501_059906.png,rnbqkbnr/pppppppp/8/8/8/8/PPPPPPPP/RNBQKBNR,,,,,,,,
board_20260302_123517_578630.png,4k3/8/8/8/8/8/8/4K3,,,,,,,,
board_20260302_123543_395752.png,R4k2/1R6/8/8/8/8/8/6K1 b - - 0 1,b,,,,,,,
board_20260302_123658_939032.png,3q1rk1/5pbp/5Qp1/8/8/2B5/5PPP/6K1,,,,,,,,
board_20260302_123658_968421.png,6r1/7k/2p1pPp1/3p4/8/1R6/5PPP/5K2,,,,,,,,
board_20260302_123658_999402.png,2r2rk1/2q2p1p/6pQ/4P1N1/8/8/PPP5/2KR4,,,,,,,,
board_20260302_123659_025839.png,1r4k1/1q3p2/5Bp1/8/8/8/PP6/1K5R,,,,,,,,
board_20260302_123659_051095.png,r2q1rk1/pp1p1p1p/5PpQ/8/4N3/8/PP3PPP/R5K1,,,,,,,,
board_20260302_123659_076884.png,r4rk1/5p1p/8/8/8/8/1BP5/2KR4,,,,,,,,
board_20260302_123735_343162.png,r4rk1/ppqb1pp1/2pb1nnp/8/3NP3/1BN1B2P/PPQ2PP1/3R1RK1,,,,,,,,
board_20260302_123856_815678.png,3q2k1/5pp1/2P5/p2nN3/1pQ2P2/1P6/7P/7K,,,,,,,,
board_20260302_123856_844780.png,2r3k1/p1r1qp1p/3R2p1/3R2P1/3NPQ1P/2P2p2/P1P1b3/2K5,,,,,,,,
board_20260302_123856_874366.png,2rr2k1/1p2p1bp/3ppnp1/P7/1P1BP3/1q3P2/3QN1PP/2RR2K1,,,,,,,,
board_20260302_123856_905827.png,5k2/pr2r1p1/1p1Rb2p/1B2Pp2/4pP1P/1P2P3/P7/2R3K1,,,,,,,,
board_20260302_123856_936295.png,4k2r/3nnp2/1pr1p1pp/pq1pP3/3P2P1/B1P1NQ2/5P1P/R1R3K1,,,,,,,,
board_20260302_123856_967278.png,8/1R3pk1/4p1pp/3pP3/1br4P/3Q1NP1/5PK1/q7,,,,,,,,
board_20260303_041503_385399.png,6k1/p2q2n1/1p4Qp/2rP4/8/6P1/PP3P1P/4R1K1,,,,,,,,
board_20260303_041503_425036.png,r2qk2r/1bp1bppp/p7/1p1nN3/3P4/BP3P2/P1N3PP/R2QR1K1,,,,,,,,
board_20260303_041503_453864.png,6k1/2K2p2/6r1/4Q3/6P1/8/8/8,,,,,,,,
board_20260303_041503_480584.png,2b2r2/r3kp2/p1B1pn1p/N1b2q2/1pN4P/7R/PPP1Q1P1/1K1R4,,,,,,,,
board_20260303_041503_508406.png,r1b2rk1/p2n1qpp/p2Pp3/2p2pP1/N1p2N2/8/PP3PP1/R2Q1RK1,,,,,,,,
board_20260303_041503_536802.png,4n3/2rb1p1k/p1N5/1p1Pp3/4P1Pp/PB2Q3/2R3PK/5q2,,,,,,,,
board_20260305_035834_341143.png,3r2k1/1p5p/6p1/p2q1p2/P1Q5/1P5P/1P6/5RK1,,,,,,,,
board_20260305_035845_908292.png,r1bq4/1p4kp/3p1n2/5pB1/p1pQ4/8/1P4PP/4RRK1,,,,,,,,
board_20260308_060733_814382.png,r2k4/1pp2rpp/pn1b1p2/3n4/8/P4NB1/1PP3PP/2KRRN2,,,,,,,,
board_20260308_060751_405721.png,r4k1r/pp3ppp/1bppbq2/4n3/3pPB2/1B1P2Q1/PPPN2PP/R4RK1,,,,,,,,
board_20260308_060803_441952.png,5rk1/ppp1qn1p/3pB1pr/3Pp3/2P1Pn2/PPB5/1Q4RP/5RK1,,,,,,,,
board_20260308_060814_184326.png,5r1k/4R3/p1pp4/3p1bQ1/3q1P2/7P/P2B2P1/7K,,,,,,,,
board_20260308_060826_826931.png,r1b1rk2/pp3ppQ/1np5/4q3/2B4N/4P3/PP3PP1/2R2K1R,,,,,,,,
board_20260308_060838_122990.png,rn3b1r/pQpk2p1/2qnppB1/8/6PP/2N1B3/PPP2P2/2KR3R,,,,,,,,
board_20260308_060852_552971.png,2rr2k1/1pbb1ppp/4p3/pP1nN3/P7/1B2P3/1B2KPPP/2R4R,,,,,,,,
board_20260308_060913_072632.png,3nrrk1/2nb3p/1p5b/p1p1pp2/4N2N/P1PP2PP/1PB4K/4RRB1,,,,,,,,
board_20260308_060929_494265.png,1n2kbnr/3q1ppp/2N1p3/2p5/Q1pP4/4P3/5PPP/1NB1KB1R,,,,,,,,
board_20260308_060940_205681.png,3q2kr/1p3pnp/p5rQ/3N1p2/3P4/6R1/PP3P1P/4R1K1,,,,,,,,
board_20260308_061154_687870.png,8/8/8/8/pr5k/R6p/8/7K,,,,,,,,
board_20260308_061154_715228.png,5r1k/5p1p/ppb5/5N2/1P2PP1Q/2q3P1/P6P/5BK1,,,,,,,,
board_20260308_061220_878224.png,8/1b3pk1/3Q4/1p1P3K/5PN1/4r2p/6P1/3q4,,,,,,,,
board_20260308_061220_906102.png,8/1b3pk1/3Q4/1p1P1P2/6K1/4r3/6p1/8,,,,,,,,
board_20260308_061220_934052.png,4rk2/5p2/8/1p1Q1K2/5P2/8/8/6q1,,,,,,,,
board_20260308_061238_086375.png,6k1/1R6/4K1p1/7p/7P/2b3P1/8/8,,,,,,,,
board_20260308_061238_115152.png,8/8/3q1B2/8/4k3/1p3R2/6P1/6K1,,,,,,,,
board_20260308_061238_142982.png,6k1/1R5p/4K3/7P/8/2b5/8/8,,,,,,,,
board_20260308_061304_657534.png,8/1R4pp/6k1/8/8/8/5bPP/7K,,,,,,,,
board_20260308_061304_687884.png,6k1/1R4pp/8/1P3b2/8/8/5bPP/7K,,,,,,,,
board_20260308_061331_150920.png,3b2k1/4R3/4K1pp/8/6PP/8/8/8,,,,,,,,
board_20260308_061331_180905.png,3r2k1/2p1qp2/2P3p1/4p1bn/4P2p/4BP2/3pQ1PP/1R3R1K,,,,,,,,
board_20260308_061400_440434.png,1R6/2p2pk1/2Pb2p1/2Q5/3pq3/8/1K1p2p1/3R4,,,,,,,,
board_20260308_061400_470847.png,3r4/3rppkp/1p4p1/p1p1Pb2/P1pq4/1P1PR3/2PQNPPP/3R2K1,,,,,,,,
board_20260308_061425_168313.png,3r4/3rppkp/1p4p1/p1p1Pb2/P2N4/1P2R3/2pQ1PPP/3R2K1,,,,,,,,
board_20260308_061425_196564.png,3r4/4ppkp/1p4p1/p1p1Pb2/P7/1PQ1RP2/2p3PP/1r2R1K1,,,,,,,,
board_20260308_061453_360665.png,2r2k2/Rb5p/1P2p3/4P1p1/8/5P2/1p4PP/3R2K1,,,,,,,,
board_20260308_061453_389059.png,1r5r/Rb1N2kp/1P1bpp2/4P1p1/1p1P4/5P2/6PP/2R3K1,,,,,,,,
board_20260308_061512_257085.png,3R4/1R5p/1P2p1k1/4P1p1/8/5P2/1p3KPP/2r5,,,,,,,,
board_20260308_061512_285717.png,2r5/1R1N2kp/1P1bpp2/4P1p1/1p1P4/5P2/6PP/6K1,,,,,,,,
board_20260308_061540_496504.png,8/4p3/3p4/3P4/2r1P3/1R1N1pk1/8/6K1,,,,,,,,
board_20260308_061540_525861.png,1Rn2r2/1P2p3/3p4/3P4/4Ppk1/8/2r5/1R4KN,,,,,,,,
board_20260308_061616_358292.png,2q3k1/5pp1/3Rn3/4P2p/2QP1p2/2n3P1/P4PKP/1r3B2,,,,,,,,
board_20260308_061616_388863.png,4Rn2/6k1/4P1p1/7p/4r3/5P2/P5KP/8,,,,,,,,
board_20260308_061645_488771.png,8/r6k/p1Qp2pP/5b2/2p1rq2/8/PP4B1/K2R1R2,,,,,,,,
board_20260308_061645_517639.png,3rr1k1/5pp1/5n1p/1p6/4p3/1QP1R1NP/1P1q1PP1/R5K1,,,,,,,,
board_20260308_061722_533960.png,6k1/8/5K2/2q5/2r5/6Q1/8/8 b - - 0 1,b,,,,,,,
board_20260308_061722_562176.png,3Q4/p7/7p/5b2/2P1p1P1/1Rq4k/P2p1P2/6K1,,,,,,,,
board_20260308_061722_591139.png,5r1k/p1p3pp/1pQ1p3/8/3R4/P3q3/1P3PPP/5K2,,,,,,,,
board_20260308_061722_618505.png,3Q4/5pk1/1p2r1p1/8/3P4/4PP2/1R1Bq2P/7K,,,,,,,,
board_20260308_061808_741680.png,rnb2r1k/pp2p1bp/2pp2p1/q2n1p2/2P5/1PN2NP1/PB2PPBP/R2Q1RK1,,,,,,,,
board_20260308_061808_772963.png,r1bQ1nk1/bp3ppp/p7/3B4/1P6/P3P1P1/2P4P/q1B2RK1,,,,,,,,
board_20260308_061808_801122.png,2q2bk1/5ppp/8/B3Q3/P3P2P/P1p2PP1/3r4/1R4K1,,,,,,,,
board_20260308_061808_829329.png,8/8/2PQ4/4p2k/4P1qP/4Bp1n/8/5B1K,,,,,,,,
board_20260308_061905_193541.png,r3r1k1/p7/3p1Q2/qnp3p1/1pn1PNP1/1P3P2/1PP5/1K5R,,,,,,,,
board_20260308_061905_222937.png,8/5p1k/5Pp1/7p/1PQ3P1/2P1p2P/1p1qB2K/8,,,,,,,,
board_20260308_061905_253493.png,8/1p1P2k1/6p1/p6p/P3Q1nP/5KP1/1P1R1N2/1q3r2,,,,,,,,
board_20260308_061905_282400.png,2rq3k/1Q4p1/4B1P1/p7/Pp6/8/KP6/8,,,,,,,,
board_20260308_061944_868866.png,r4rk1/8/p2R2pQ/4p3/1p2q1b1/1P6/PKP4P/5R2,,,,,,,,
board_20260308_061944_897651.png,8/3r2p1/pp1Bp1p1/1kP5/1n2K3/6R1/1P3P2/8,,,,,,,,
board_20260308_061944_925836.png,2r3k1/5Rp1/1p2p1Q1/1P1q3p/1n1bN2P/8/4r3/5R1K,,,,,,,,
board_20260308_061944_955545.png,8/1k6/R4Q2/4pp2/1p2p3/8/KPP5/3q4,,,,,,,,
board_20260308_062054_982935.png,r5k1/5p1p/1Br5/P3Q3/3p4/4b1P1/1PP1q1P1/R3R2K,,,,,,,,
board_20260308_062055_014296.png,3r1k2/1bqn2b1/p2pQ1P1/P3p1P1/4P3/2P1BB2/8/R5K1,,,,,,,,
board_20260308_062055_042257.png,4r2k/p2R1p1p/3p1P2/3q2p1/1p1r2P1/7P/PPPQ4/1K1R4,,,,,,,,
board_20260308_062055_071783.png,8/6k1/1p1q2p1/2p4p/r1P2P1P/6P1/3pR1K1/3Q4,,,,,,,,
board_20260308_062131_859403.png,2k5/4K3/5r2/6R1/2P5/1p4p1/8/8,,,,,,,,
board_20260308_062131_888268.png,8/p2b2kp/3p2p1/p3b3/2P1P1r1/P1N2R1K/2PQ3P/8,,,,,,,,
board_20260308_062131_917729.png,3r2k1/p1q2p2/1p1N2pp/n7/3Q4/P1P4P/5PP1/4R1K1,,,,,,,,
board_20260308_062131_945165.png,r6k/pp2qrpp/3pP1n1/2pP3R/P1P5/2P1B1p1/2Q5/R5K1,,,,,,,,
board_20260308_062238_407639.png,r1bqrb1k/2p3p1/p1n3Q1/1pn1P1N1/8/P1P5/1P3PPP/R1B1R1K1,,,,,,,,
board_20260308_062238_437242.png,r7/1pn1b3/2p1pq1k/2Pp3r/p2P1PQ1/P2BP1P1/1P3B2/4R1K1,,,,,,,,
board_20260308_062238_467476.png,7k/p5r1/8/2QBq2p/P2n3p/2B3P1/1P5K/8,,,,,,,,
board_20260308_062238_497761.png,3q1r1k/pQ5p/2pb1p2/3N4/P6r/8/4P1RP/6RK,,,,,,,,
board_20260308_062412_879783.png,1Q5R/1p1k1pp1/p1b1p3/3pPP2/8/b7/1KP5/3q4,w,,,,,,,
board_20260308_062412_910233.png,6k1/8/6P1/3b4/8/1pKp4/2p5/R7,,,,,,,,
board_20260308_062449_897598.png,3q4/1k4b1/1p6/p7/2Q1Np2/2n2P2/7r/2K1R3,,,,,,,,
board_20260308_062449_927440.png,3r2k1/1b2bp2/p3p1PQ/1pq5/8/8/PPP2P1P/2K3R1,,,,,,,,
board_20260308_062449_954500.png,3k4/1pp2P1p/2p2P2/6r1/pr6/2N5/1PP5/2K5,,,,,,,,
board_20260308_062449_982685.png,2b4r/2r3k1/p1P1p3/4q1nQ/8/2N1n3/P1B3PP/2R1R2K,,,,,,,,
board_20260308_062611_504718.png,4r1k1/pb4pp/5pn1/2pq1B1Q/2N5/PP4R1/r5PP/3R2K1,,,,,,,,
board_20260308_062611_536665.png,q1k5/2pr4/2Q5/1RPp2p1/2n2p2/P4P1N/4rKPP/1R6,w,,,,,,,
board_20260308_062611_567152.png,r2qr1k1/pp3p2/7Q/2pbN1b1/8/2NP4/PPP3PP/R4R1K,,,,,,,,
board_20260308_062611_598813.png,5R2/4Nppk/7p/7P/4P1K1/1p4P1/8/5r2,,,,,,,,
board_20260308_062654_828139.png,3qb1k1/pp2bp2/4pp2/3pP3/1B1P3Q/r6P/P5P1/5RK1,,,,,,,,
board_20260308_062654_859933.png,6k1/pp2ppb1/1q5p/6P1/3PQ3/P1r2NB1/1Pn3P1/1K5R,,,,,,,,
board_20260308_062654_888712.png,4r1k1/p2R1Qp1/1p5p/7P/q1p5/2b3B1/PP2rPP1/K2R4 b - - 0 1,b,,,,,,,
board_20260308_062654_916287.png,q2r1rk1/1b2bppp/pp1p1n2/3P4/2PN1P2/1P5Q/PB4PP/4RR1K,,,,,,,,
board_20260308_062901_408330.png,4R3/5p1k/3p2p1/3P4/6PK/2Q4P/5P2/6q1,,,,,,,,
board_20260308_062901_438761.png,5r1k/4b1np/pq1p2p1/1pr1p3/4P1N1/PQ1P4/1P4PP/2R2RK1,,,,,,,,
board_20260308_062901_468207.png,r1b1r1k1/ppp2ppp/3b2q1/8/3n4/2P1PQN1/PP3PPP/RN2KB1R,,,,,,,,
board_20260308_062901_496630.png,r3k3/pp5r/2p1B3/2B1pbpp/P3q3/8/1PP1N2P/3R1RK1,,,,,,,,
board_20260308_062942_852953.png,5k2/3R2Rp/8/2P3Nq/5r2/8/5P1P/7K,,,,,,,,
board_20260308_062942_881803.png,2R1r3/2Q1N1pk/2P2p2/7K/6PP/8/8/5q2,,,,,,,,
board_20260308_062942_910725.png,k7/p2q4/5Q2/8/K1p5/3r2P1/PP2RP1P/8,w,,,,,,,
board_20260308_062942_938512.png,4r2k/ppq1rR1p/4B1p1/2p1b1Q1/3npB2/7P/PP1R2P1/6K1,,,,,,,,
board_20260308_063131_854712.png,5r1k/R3p3/3p1r1p/2pP4/2P1Q1pq/1N6/P3RPKP/8,,,,,,,,
board_20260308_063131_887288.png,1kb5/5rrp/Pp1p4/2pPp1B1/2P4P/2P3Pq/1Q3P2/1R4K1,,,,,,,,
board_20260308_063131_916769.png,r1r2n1k/1bq1bP1p/p2pp2B/8/3NP1Q1/1P5R/1pP2P1P/1K6,,,,,,,,
board_20260308_063131_945713.png,7k/6b1/3p4/p6p/PpP4q/1P1p1pR1/4rN1P/2BQ2K1,,,,,,,,
board_20260308_063336_272975.png,6k1/5p2/p3pQp1/3b4/P6P/6R1/1pr2PPK/5r2,,,,,,,,
board_20260308_063336_303303.png,4k1Q1/5r2/2p5/1qPpB2p/3P3P/4p1P1/6bK/8 b - - 0 1,b,,,,,,,
board_20260308_063336_332768.png,4kr2/1bb2pN1/3p1P2/1r2p3/1p2q3/p2N2Q1/PPP5/1K1R3R b - - 0 1,b,,,,,,,
board_20260308_063336_362261.png,rn1q1r1k/2pp4/5pQ1/1b1PB3/8/4P3/PP1K1P1P/R7,,,,,,,,
board_20260309_063256_585796.png,4r1k1/ppq1rR1p/4n1p1/2p1B1Q1/4p3/7P/PP1R2P1/6K1,,,,,,,,
board_20260309_063256_634549.png,5k2/3R2Rp/8/2P4q/4Nr2/8/5P1P/7K,,,,,,,,
board_20260309_063256_661222.png,1q2r2k/pp1R3p/2n1B1p1/2p1b1Q1/4pB2/7P/PP4P1/6K1,,,,,,,,
board_20260309_063524_549370.png,8/3k4/p3p1p1/Pp1pP1P1/3P4/1PP5/5K2/8,,,,,,,,
board_20260309_063524_577393.png,3Q4/5p2/p1k1q1p1/Pp1pP1P1/3P4/1PP1Kp2/8/8,,,,,,,,
board_20260309_063524_605889.png,8/3k1p2/pQ2q1p1/P2pP1P1/1p1P4/1PP5/5K2/8,,,,,,,,
board_20260309_070522_531005.png,r1q2k1r/1p1bb3/p3ppBp/4B1pR/2P5/6Q1/P4PPP/3R2K1,,,,,,,,
board_20260414_053349_968490.png,6k1/R7/1p3pp1/3r4/8/4r2P/P5P1/R5K1,,,,,,,,
board_20260414_053518_118007.png,6k1/8/p7/r1r2Pp1/3R2Pp/1p6/1P4P1/3R2K1,,,,,,,,
board_20260414_053518_148287.png,r2r2k1/pb6/1p2pQ2/n1qP4/2P5/8/P4PPP/3RR1K1,,,,,,,,
board_20260414_053603_784562.png,1q3rbk/Q5pp/8/3P4/1r3n2/R3N3/2B2PPP/5RK1,,,,,,,,
board_20260414_053603_813416.png,6k1/p4p1p/3p1p2/2p1r3/2PnrqN1/P6P/1P1Q1PP1/3R1RK1,,,,,,,,
board_20260414_053603_841739.png,6k1/5pp1/8/5P2/R6p/1P3N1P/3rnrPK/6R1,,,,,,,,
board_20260414_053810_385112.png,6k1/5pp1/8/5P2/R6p/1P3n1P/3r4/6RK,,,,,,,,
board_20260414_053810_413845.png,r2q2rk/ppp4p/3p4/2b2Q2/3pPPR1/2P2n2/PP3P1P/RNB4K,,,,,,,,
board_20260414_053810_442192.png,r4rk1/1pb2ppp/p2qbnn1/3pp3/1P6/1BP2N1P/PBN2PP1/R2Q1RK1,,,,,,,,
board_20260414_053939_342655.png,rb2r1k1/1p1b1ppp/p1nq4/3p4/3Nn3/1QB1PN2/PP2BPPP/2R2RK1,,,,,,,,
board_20260414_053939_372527.png,5rk1/pp1nqrp1/2p3p1/4p3/4P1P1/1BP2P2/PP2Q3/3RK2R,,,,,,,,
board_20260414_053939_400438.png,5rk1/qp1r2pp/1bpp1p1B/p1nPpP1Q/P1P1P3/2N4P/1P3P1K/1R4R1,,,,,,,,
board_20260414_054017_368608.png,2k1rb1r/ppp3pp/2np1q2/5b2/2B2P2/2P1BQ2/PP1N1P1P/2KR3R,,,,,,,,
board_20260414_054017_397841.png,2kr1bnr/pp1nqppp/2p1b3/8/4PB2/2N2NP1/PPP1Q2P/2KR1B1R,,,,,,,,
board_20260414_054455_732594.png,3r1rk1/pp3ppp/3pn3/1qpN4/5PP1/P5PQ/1PP5/1K1R4,,,,,,,,
board_20260414_054455_763420.png,5r2/p3Qnkp/1p3Np1/2p3P1/3q4/5P2/PP3R1r/4R1K1,,,,,,,,
board_20260414_054455_790742.png,6R1/2p1qr1k/1p1p1r1p/p3p3/2P1P3/2P3Q1/PP3P2/2K3R1,,,,,,,,
board_20260414_054455_820711.png,r1b2r1k/ppb2ppB/3q4/8/2PN1n1Q/PP6/1B3PPP/R4RK1,,,,,,,,
board_20260414_054455_849599.png,2kr2nr/pp1n1ppp/2p1p3/8/1P1P1B2/2N2Q1P/1PPKBPP1/7q,,,,,,,,
board_20260414_054455_878982.png,5r1k/6p1/p2p1rRp/2pPpq1Q/8/PPp1P3/5P1R/K7,,,,,,,,
board_20260414_054838_695696.png,r1n3k1/pp2q2p/2ppr1pQ/4p3/8/2N4R/PPP3PP/5RK1,,,,,,,,
board_20260414_054838_728581.png,k1r5/1p4pq/p7/5n2/3nQ3/P7/RPP2PPP/2B2RK1,,,,,,,,
board_20260414_054838_758501.png,4rr1k/p4pb1/5R1p/1p2q3/3p4/3P2R1/PP1Q2BP/7K,,,,,,,,
board_20260414_054838_789682.png,5r1k/1p1br2p/pqnbpp2/3p4/3P4/P1NQ1N2/1PB2PPP/R3R1K1,,,,,,,,
board_20260414_054838_817589.png,r4r1k/ppn4p/2p2N2/4P3/2pP1N2/5K2/PPP5/6R1,,,,,,,,
board_20260414_054838_846535.png,2kr1r2/pp1n3p/2p1bp2/8/5B2/8/PP2BP1P/2R1K1R1,,,,,,,,
board_20260414_055350_793346.png,r1bq1rk1/4bppp/p1n1pn2/1p1P4/8/P1N2N2/BP3PPP/R1BQR1K1,,,,,,,,
board_20260414_055350_827448.png,r2q1rk1/1b2bppp/p1n5/1p5Q/8/P4N2/BP3PPP/R1B1R1K1,,,,,,,,
board_20260414_055528_155438.png,5rk1/1b3Np1/p1n3p1/1p4B1/8/P7/BP3PPP/4R1K1,,,,,,,,
board_20260414_055528_190376.png,r4rk1/1b3p1p/p2q2pQ/1p4B1/3n4/P7/BP3PPP/3RR1K1,,,,,,,,
board_20260414_055528_227350.png,r4rk1/1bq2pp1/p5Qp/np4N1/8/P3R3/BP3PPP/R5K1,,,,,,,,
board_20260416_034036_761390.png,8/3k1p2/pQ2q1p1/P2pP1P1/1p1P4/1PP5/5K2/8,,,,,,,,
board_20260416_034046_613426.png,8/3k4/p3p1p1/Pp1pP1P1/3P4/1PP5/5K2/8,,,,,,,,
board_20260416_034046_640105.png,3Q4/5p2/p1k1q1p1/Pp1pP1P1/3P4/1PP1Kp2/8/8,,,,,,,,
board_20260416_034046_666346.png,8/3k1p2/pQ2q1p1/P2pP1P1/1p1P4/1PP5/5K2/8,,,,,,,,
board_20260416_041530_057626.png,r4rk1/ppq2p1p/1b2nPpQ/3p4/6N1/8/PB3PPP/R4RK1,,,,,,,,
board_20260416_041530_083750.png,r4rk1/ppp2ppp/4b3/8/4P3/2Pn4/PP2QB1q/1K1R2R1,,,,,,,,
board_20260416_041530_115761.png,2rqnrk1/pp3ppp/1b1p4/3p2Q1/2n1P3/3B1P2/PB2NP1P/R5RK,,,,,,,,
board_20260416_041530_147781.png,1r2k1r1/pbppnp1p/1bn2P2/8/Q7/B1PB1q2/P4PPP/3RR1K1,,,,,,,,
board_20260725_083335_787288.png,r2nk2r/1ppn1p2/1b1pq1pp/p2Np3/P2PP3/2P2N1P/1P3PP1/R1BQR1K1,,,,,,,,
board_20260725_083403_011585.png,6rr/ppqb1pkp/2pb1pn1/3p3Q/3P1P1N/3B1RN1/PPP3PP/5RK1,,,,,,,,
board_20260725_083435_738066.png,rn3q1k/1bp2ppp/p7/3P4/2QP4/2NB4/PP4PP/2K1R3,,,,,,,,
board_20260725_083509_273801.png,4r1k1/p1qr1p2/2pb1Bp1/1p5p/3P1n1R/3B1P2/PP3PK1/2Q4R,w,,,,,,,
board_20260725_083544_612593.png,3r2k1/p4rPp/1b1q3Q/n1p1pP2/1p6/3B1NR1/P4P1P/6RK,,,,,,,,
board_20260725_083613_680774.png,6r1/pp3p1k/4qBbr/3p4/2pP2P1/2P2R2/P1PQ2R1/6K1,,,,,,,,
board_20260725_083825_790043.png,5r1k/2p3pp/3pQ3/3P1rN1/pp5q/5PR1/P4PKP/B7,,,,,,,,
board_20260725_083845_841375.png,4k3/p1P3p1/2q1np1p/3N4/8/1Q3PP1/6KP/8,,,,,,,,
board_20260725_083927_423929.png,kn1r1b1r/p1p1n3/Qp1p1p1p/P3p3/4P1pq/2PPB3/1P1N1PPP/R3NR1K,,,,,,,,
board_20260725_084013_012651.png,2b2rk1/2R3p1/6Pp/3p1r2/pp1PpN2/1q2P1QP/5P2/6RK,,,,,,,,
board_20260725_084132_079465.png,8/p5Q1/2ppq2p/3n2p1/3B2Pk/2P2P2/P7/6K1,,,,,,,,
board_20260725_084151_773283.png,rn1q1rk1/pppbb1pp/4p3/3pP1p1/3P3P/2NB4/PPP2PP1/R2QK2R,,,,,,,,
board_20260726_063149_443432.png,r4rn1/ppp1q3/2bp2kp/6P1/3QpP2/2N5/PPP1B3/2KR3R w - - 0 1,w,Schiller - The Big Book of Combinations (1994).pdf,32,4,embedded,2026-07-26T06:31:49Z,,
board_20260726_063247_532053.png,4r2k/pppb2pp/2np2q1/3B4/2P2P2/1PB1R1P1/PQ5P/6K1 w - - 0 1,w,Schiller - The Big Book of Combinations (1994).pdf,32,1,embedded,2026-07-26T06:32:47Z,,
board_20260726_063247_568055.png,r3q1r1/8/bpp1pBpk/p1bpP1Rp/5P1P/4P3/PP2Q1P1/1BR3K1 w - - 0 1,w,Schiller - The Big Book of Combinations (1994).pdf,32,2,embedded,2026-07-26T06:32:47Z,,
board_20260726_063247_602962.png,2r3kr/ppp2n1p/7B/5q1N/1bp5/2Pp4/PP2RPPP/R2Q2K1 w - - 0 1,w,Schiller - The Big Book of Combinations (1994).pdf,32,3,embedded,2026-07-26T06:32:47Z,,
board_20260726_063247_638535.png,r4rn1/ppp1q3/2bp2kp/6P1/3QpP2/2N5/PPP1B3/2KR3R w - - 0 1,w,Schiller - The Big Book of Combinations (1994).pdf,32,4,embedded,2026-07-26T06:32:47Z,,
board_20260726_063247_672292.png,3b1rk1/qbr2ppp/pN2p3/P2nN3/1p1P1R2/3BP3/1P2Q1PP/5RK1 w - - 0 1,w,Schiller - The Big Book of Combinations (1994).pdf,32,5,embedded,2026-07-26T06:32:47Z,,
board_20260726_063247_706704.png,1rb2nk1/p1r1qppp/4p3/2P5/4B1N1/6Q1/P4PPP/R3R1K1 w - - 0 1,w,Schiller - The Big Book of Combinations (1994).pdf,32,6,embedded,2026-07-26T06:32:47Z,,
board_20260726_063913_071293.png,k5r1/p4b2/2P5/5p2/3P1P2/4QBRq/P5P1/4R1K1 w - - 0 1,w,Schiller - The Big Book of Combinations (1994).pdf,26,1,embedded,2026-07-26T06:39:13Z,,
board_20260726_063913_106357.png,7k/p1p3pp/2R2q2/1pP5/3Q2R1/3P3P/PP4PK/8 w - - 0 1,w,Schiller - The Big Book of Combinations (1994).pdf,26,2,embedded,2026-07-26T06:39:13Z,,
board_20260726_063913_139359.png,r2r4/p4pk1/2p3p1/1p1nPR2/5p1Q/2N5/PPPQ4/1K4R1 w - - 0 1,w,Schiller - The Big Book of Combinations (1994).pdf,26,3,embedded,2026-07-26T06:39:13Z,,
board_20260726_063913_172425.png,1k4q1/1p2Rprp/p1p5/2Pp4/1P1Q3P/6P1/P5K1/8 w - - 0 1,w,Schiller - The Big Book of Combinations (1994).pdf,26,4,contour,2026-07-26T06:39:13Z,,
board_20260726_063913_205941.png,3r2k1/p1rn1p1p/1p2pp2/6q1/3PQNP1/5P2/P1P4R/N5K1 b - - 0 1,b,Schiller - The Big Book of Combinations (1994).pdf,26,5,contour,2026-07-26T06:39:13Z,,
board_20260726_063913_239517.png,2R5/2R4p/5p1k/6n1/8/1P2QPPq/r7/6K1 b - - 0 1,b,Schiller - The Big Book of Combinations (1994).pdf,26,6,contour,2026-07-26T06:39:13Z,,
board_20260726_084237_429043.png,3q3r/p2r1pkp/bp1N1np1/n2p4/5Q2/B1P5/P4PPP/R3R1K1 w - - 0 1,w,Schiller - The Big Book of Combinations (1994).pdf,41,1,,2026-07-26T08:42:37Z,,
board_20260726_084610_022096.png,3q3r/p2r1pkp/bp1N1np1/n2p4/5Q2/B1P5/P4PPP/R3R1K1 w - - 0 1,w,Schiller - The Big Book of Combinations (1994).pdf,41,1,embedded,2026-07-26T08:46:10Z,,
board_20260726_084610_085803.png,r1b3kr/p1npqp1p/1p4pB/4p3/2P1N3/6Q1/P2R1PPP/3R2K1 w - - 0 1,w,Schiller - The Big Book of Combinations (1994).pdf,41,2,embedded,2026-07-26T08:46:10Z,,
board_20260726_084610_149768.png,7R/p4kp1/1p1p1nN1/1B1P4/4PK2/8/2r3b1/8 w - - 0 1,w,Schiller - The Big Book of Combinations (1994).pdf,41,3,embedded,2026-07-26T08:46:10Z,,
board_20260726_084610_215175.png,2r2rk1/pp2bppp/3q1n2/3nNRB1/3P4/1B5Q/PP4PP/3R2K1 w - - 0 1,w,Schiller - The Big Book of Combinations (1994).pdf,41,4,embedded,2026-07-26T08:46:10Z,,
board_20260726_084610_269775.png,5r1k/ppp2qnp/1n1p1N1Q/3Ppb2/2P4P/7B/PP6/2KR2R1 w - - 0 1,w,Schiller - The Big Book of Combinations (1994).pdf,41,5,embedded,2026-07-26T08:46:10Z,,
board_20260726_084610_345609.png,1qr1b1k1/4bpp1/pn2p2p/1p1nN3/3P4/P2BBN1Q/1P3PPP/4R1K1 w - - 0 1,w,Schiller - The Big Book of Combinations (1994).pdf,41,6,embedded,2026-07-26T08:46:10Z,,
board_20260726_085401_744458.png,3r2k1/1p5p/6p1/p2q1p2/P1Q5/1P5P/1P6/5RK1 w - - 0 1,w,Reinfeld_1001_Sacrificios_y_Combinaciones_Brillantes_1977.pdf,7,1,contour,2026-07-26T08:54:01Z,,
board_20260726_085401_786402.png,r2k4/1pp2rpp/pn1b1p2/3n4/8/P4NB1/1PP3PP/2KRR3 w - - 0 1,w,Reinfeld_1001_Sacrificios_y_Combinaciones_Brillantes_1977.pdf,7,2,contour,2026-07-26T08:54:01Z,,
board_20260726_085401_839711.png,5rk1/ppp1qn1p/3pB1pr/3Pp3/2P1Pn2/PPB5/1Q4RP/5RK1 w - - 0 1,w,Reinfeld_1001_Sacrificios_y_Combinaciones_Brillantes_1977.pdf,7,3,contour,2026-07-26T08:54:01Z,,
board_20260726_085401_915384.png,r1bq4/1p4kp/3p1n2/5pB1/p1pQ4/8/1P4PP/4RRK1 w - - 0 1,w,Reinfeld_1001_Sacrificios_y_Combinaciones_Brillantes_1977.pdf,7,4,contour,2026-07-26T08:54:01Z,,
board_20260726_085401_983378.png,r4k1r/pp3ppp/1bppbq2/4n3/3pPB2/1B1P2Q1/PPPN2PP/R4RK1 w - - 0 1,w,Reinfeld_1001_Sacrificios_y_Combinaciones_Brillantes_1977.pdf,7,5,contour,2026-07-26T08:54:01Z,,
board_20260726_085402_050882.png,5r1k/4R3/p1pp4/3p1bQ1/3q1P2/7P/P2B2P1/7K w - - 0 1,w,Reinfeld_1001_Sacrificios_y_Combinaciones_Brillantes_1977.pdf,7,6,contour,2026-07-26T08:54:02Z,,
board_20260726_085703_090129.png,1k6/5p2/1p5P/pPp2p2/2P2N1K/3P2P1/8/r7 b - - 0 1,b,A Matter of Endgame Technique – Jacob Aagaard.pdf,16,6,contour,2026-07-26T08:57:03Z,,
board_20260726_085737_013831.png,3q1rk1/Q4pp1/1p2pn2/4N2p/3P4/4P1P1/5PKP/2R5 w - - 0 1,w,A Matter of Endgame Technique – Jacob Aagaard.pdf,14,1,contour,2026-07-26T08:57:37Z,,
board_20260726_092807_143149.png,8/1k6/4pb2/p2r2p1/P1R1K1P1/4B3/5P2/8 w - - 0 1,w,A Matter of Endgame Technique – Jacob Aagaard.pdf,17,9,contour,2026-07-26T09:28:07Z,,
board_20260726_093319_710968.png,8/2k5/8/pKpP4/P5P1/8/8/2b5 w - - 0 1,w,A Matter of Endgame Technique – Jacob Aagaard.pdf,18,1,contour,2026-07-26T09:33:19Z,,
board_20260726_093319_756390.png,5k2/p4ppp/8/2p1P3/4p3/1P2P2P/P5P1/6K1 w - - 0 1,w,A Matter of Endgame Technique – Jacob Aagaard.pdf,18,2,contour,2026-07-26T09:33:19Z,,
board_20260726_093319_807033.png,8/5ppp/8/p1pkPK2/4p3/1P2P2P/P5P1/8 w - - 0 1,w,A Matter of Endgame Technique – Jacob Aagaard.pdf,18,3,contour,2026-07-26T09:33:19Z,,
board_20260726_093319_867512.png,8/1B6/7p/1b2k1p1/p2p2P1/P4P2/1P1K4/8 b - - 0 1,b,A Matter of Endgame Technique – Jacob Aagaard.pdf,18,4,contour,2026-07-26T09:33:19Z,,
board_20260726_093319_922647.png,8/Pb6/7p/6p1/5k2/3p4/3K4/3B4 w - - 0 1,w,A Matter of Endgame Technique – Jacob Aagaard.pdf,18,5,contour,2026-07-26T09:33:19Z,,
board_20260726_093319_967622.png,8/3n4/p7/P2K1k2/8/4B3/6P1/8 w - - 0 1,w,A Matter of Endgame Technique – Jacob Aagaard.pdf,18,6,contour,2026-07-26T09:33:19Z,,
board_20260726_093320_019307.png,8/3B3p/6p1/8/p4K2/P7/4n2k/8 w - - 0 1,w,A Matter of Endgame Technique – Jacob Aagaard.pdf,18,7,contour,2026-07-26T09:33:20Z,,
board_20260726_093320_076874.png,8/8/1bp5/p4k2/4p3/1PP2P1p/P3K2B/8 w - - 0 1,w,A Matter of Endgame Technique – Jacob Aagaard.pdf,18,8,contour,2026-07-26T09:33:20Z,,
board_20260726_093320_141412.png,8/1R1k4/8/P2pnp2/3pp3/5P2/3K4/8 b - - 0 1,b,A Matter of Endgame Technique – Jacob Aagaard.pdf,18,9,contour,2026-07-26T09:33:20Z,,
board_20260726_094154_249679.png,8/8/8/p1Ppk1p1/P7/4K1P1/8/8 b - - 0 1,b,A Matter of Endgame Technique – Jacob Aagaard.pdf,20,1,contour,2026-07-26T09:41:54Z,,
board_20260727_054731_614270.png,r3k2r/ppp2ppp/2n1bq2/2b3N1/2pp2P1/2N5/PPP2P1P/R1BQR1K1 w - - 0 1,w,Karpov A - Chess Combinations -World Champions-1 (2011).pdf,8,6,embedded,2026-07-27T05:47:31Z,,
board_20260727_060546_215540.png,8/p2k1p2/1bp3q1/3b4/1P3Rp1/3pN1Pr/P1pQ3P/4R1K1 b - - 0 1,b,Karpov A - Chess Combinations -World Champions-1 (2011).pdf,9,1,,2026-07-27T06:05:46Z,,
board_20260727_060705_411937.png,r6r/1pp3k1/1b6/p2P1p2/P1N1pnp1/2P2P2/BP3P1P/4RR1K b - - 0 1,b,Karpov A - Chess Combinations -World Champions-1 (2011).pdf,9,1,,2026-07-27T06:07:05Z,,
board_20260727_060837_191265.png,r3Qb1r/pp5p/1q2bP1p/2p1P3/2kP4/2N5/PP4PP/R4R1K w - - 0 1,w,Karpov A - Chess Combinations -World Champions-1 (2011).pdf,9,1,,2026-07-27T06:08:37Z,,
board_20260728_040601_798019.png,r3k2r/ppp2ppp/2n1bq2/2b3N1/2pp2P1/2N5/PPP2P1P/R1BQR1K1 w - - 0 1,w,Karpov A - Chess Combinations -World Champions-1 (2011).pdf,8,6,embedded,2026-07-28T04:06:01Z,,
board_20260809_081950_816914.png,3r2k1/1p5p/6p1/p2q1p2/P1Q5/1P5P/1P6/5RK1 w - - 0 1,w,Reinfeld_1001_Sacrificios_y_Combinaciones_Brillantes_1977.pdf,7,1,contour,2026-08-09T08:19:50Z,,
board_20260809_081950_865636.png,r2k4/1pp2rpp/pn1b1p2/3n4/8/P4NB1/1PP3PP/2KRR3 w - - 0 1,w,Reinfeld_1001_Sacrificios_y_Combinaciones_Brillantes_1977.pdf,7,2,contour,2026-08-09T08:19:50Z,,
board_20260809_081950_917560.png,5rk1/ppp1qn1p/3pB1pr/3Pp3/2P1Pn2/PPB5/1Q4RP/5RK1 w - - 0 1,w,Reinfeld_1001_Sacrificios_y_Combinaciones_Brillantes_1977.pdf,7,3,contour,2026-08-09T08:19:50Z,,
board_20260809_081950_966638.png,r1bq4/1p4kp/3p1n2/5pB1/p1pQ4/8/1P4PP/4RRK1 w - - 0 1,w,Reinfeld_1001_Sacrificios_y_Combinaciones_Brillantes_1977.pdf,7,4,contour,2026-08-09T08:19:50Z,,
board_20260809_081951_034462.png,r4k1r/pp3ppp/1bppbq2/4n3/3pPB2/1B1P2Q1/PPPN2PP/R4RK1 w - - 0 1,w,Reinfeld_1001_Sacrificios_y_Combinaciones_Brillantes_1977.pdf,7,5,contour,2026-08-09T08:19:51Z,,
board_20260809_081951_077765.png,5r1k/4R3/p1pp4/3p1bQ1/3q1P2/7P/P2B2P1/7K w - - 0 1,w,Reinfeld_1001_Sacrificios_y_Combinaciones_Brillantes_1977.pdf,7,6,contour,2026-08-09T08:19:51Z,,
board_20260809_082442_718506.png,3r2k1/p2r1pp1/5b2/7p/1P1p1q2/2BR4/P3Q1PP/3R2K1 b - - 0 1,b,Karpov A - Chess Combinations -World Champions-1 (2011).pdf,99,1,embedded,2026-08-09T08:24:42Z,,
board_20260809_082442_756054.png,r1bq2k1/pp1n2pp/8/2ppp3/2PPP3/P1N5/1P1QB1PP/5RK1 w - - 0 1,w,Karpov A - Chess Combinations -World Champions-1 (2011).pdf,99,2,embedded,2026-08-09T08:24:42Z,,
board_20260809_082442_792815.png,r1bqrnk1/pp4p1/2p5/3pn2p/8/2NBP2P/PP4PB/R2Q1RK1 w - - 0 1,w,Karpov A - Chess Combinations -World Champions-1 (2011).pdf,99,3,embedded,2026-08-09T08:24:42Z,,
board_20260809_082442_827223.png,8/p7/1pQ2nk1/5p2/5Pp1/P1P3K1/3r3p/8 b - - 0 1,b,Karpov A - Chess Combinations -World Champions-1 (2011).pdf,99,4,embedded,2026-08-09T08:24:42Z,,
board_20260809_082442_862692.png,2k1r3/p2nrp2/1pb1q1pp/2p1p2n/2P5/2QNPPB1/PPBR2PP/2KR4 w - - 0 1,w,Karpov A - Chess Combinations -World Champions-1 (2011).pdf,99,5,embedded,2026-08-09T08:24:42Z,,
board_20260809_082442_896954.png,r3r1k1/ppp2ppp/3b4/3p1q2/1n1P1N2/1Q2B3/PPP2PPP/2R1R1K1 b - - 0 1,b,Karpov A - Chess Combinations -World Champions-1 (2011).pdf,99,6,embedded,2026-08-09T08:24:42Z,,
board_20260809_082839_324332.png,r5k1/pp1b2pp/2q5/n4p2/1R1Pr3/P2B4/5QPP/2B2RK1 w - - 0 1,w,Karpov A - Chess Combinations -World Champions-1 (2011).pdf,260,1,embedded,2026-08-09T08:28:39Z,,
board_20260809_082839_364062.png,r4nk1/pp1brp1p/2p3pq/3p1P2/3P4/P1NBP3/1P3QPP/4RRK1 w - - 0 1,w,Karpov A - Chess Combinations -World Champions-1 (2011).pdf,260,2,embedded,2026-08-09T08:28:39Z,,
board_20260809_082839_409274.png,2b2rk1/1p4bp/1R1p1r2/2nPp1pq/2P1P1p1/2N1B1P1/3NQP1P/2R3K1 w - - 0 1,w,Karpov A - Chess Combinations -World Champions-1 (2011).pdf,260,3,contour,2026-08-09T08:28:39Z,,
board_20260809_082839_477696.png,r3r1k1/1pqn1pbp/p2p2p1/3P4/1RP5/4B3/P3BPPP/3Q1RK1 b - - 0 1,b,Karpov A - Chess Combinations -World Champions-1 (2011).pdf,260,4,embedded,2026-08-09T08:28:39Z,,
board_20260809_083126_204292.png,5r1k/pR5p/3p4/2pP4/P1P2PN1/2n5/3r4/6RK w - - 0 1,w,Karpov A - Chess Combinations -World Champions-1 (2011).pdf,259,1,embedded,2026-08-09T08:31:26Z,,
board_20260809_083126_233742.png,3q1rk1/rb1nb1pp/1ppp4/p1nP1p2/2P1p3/PPN1B1P1/2QNPPBP/R4RK1 w - - 0 1,w,Karpov A - Chess Combinations -World Champions-1 (2011).pdf,259,2,contour,2026-08-09T08:31:26Z,,
board_20260809_083126_273960.png,3r1rk1/3nqppp/1p2p1b1/pBb5/2N5/PP2P3/1B2QPPP/R2R2K1 w - - 0 1,w,Karpov A - Chess Combinations -World Champions-1 (2011).pdf,259,3,embedded,2026-08-09T08:31:26Z,,
board_20260809_083126_313537.png,r1n2rk1/1q1b2b1/p1Np2p1/3Ppp1p/1P2P3/3QB1PP/5P2/R1R2BK1 w - - 0 1,w,Karpov A - Chess Combinations -World Champions-1 (2011).pdf,259,4,embedded,2026-08-09T08:31:26Z,,
board_20260809_083126_349973.png,rn3rk1/pp2qppp/2pb1n2/3p1b2/3P4/P1N1PPP1/1P2N1BP/R1BQ1RK1 w - - 0 1,w,Karpov A - Chess Combinations -World Champions-1 (2011).pdf,259,5,embedded,2026-08-09T08:31:26Z,,
board_20260809_083126_386290.png,r1b2rk1/pp1nqpb1/6pp/3B4/2Q1PB2/5N2/PP3PPP/2KR3R w - - 0 1,w,Karpov A - Chess Combinations -World Champions-1 (2011).pdf,259,6,embedded,2026-08-09T08:31:26Z,,
board_20260809_083517_632793.png,r2qk1br/1pp1n2p/p1n3pQ/2bpPpN1/8/1BN5/PP3PPP/R1B2RK1 b - - 0 1,b,1937 Kemeri.pdf,15,1,embedded,2026-08-09T08:35:17Z,,
board_20260809_083517_678062.png,r3k2r/pppqbppp/2np1n2/5P2/2B3P1/2N5/PPP2P1P/R1BQ1RK1 w - - 0 1,w,1937 Kemeri.pdf,15,2,embedded,2026-08-09T08:35:17Z,,
board_20260809_083627_523257.png,rnbqkbnr/pppp2pp/8/4pp2/4P3/5N2/PPPP1PPP/RNBQKB1R w - - 0 1,w,1937 Kemeri.pdf,4,1,embedded,2026-08-09T08:36:27Z,,
board_20260809_083744_241288.png,5k1r/1pp2p2/3q4/1p1pn3/r6b/4BP2/PPP1N1P1/R2Q1RK1 w - - 0 1,w,1937 Kemeri.pdf,10,1,embedded,2026-08-09T08:37:44Z,,
board_20260809_083828_584553.png,r4rk1/2p3pp/Pb6/5p2/5B2/R3PQ2/1Pqp2PP/3R2K1 w - - 0 1,w,1937 Kemeri.pdf,13,1,embedded,2026-08-09T08:38:28Z,,
board_20260809_083828_632485.png,r6k/6pp/P1p5/1P3p2/8/5QP1/2qp2KP/R2Rr3 w - - 0 1,w,1937 Kemeri.pdf,13,2,embedded,2026-08-09T08:38:28Z,,
board_20260809_084001_271544.png,r2qk1br/1pp1n2p/p1n3pQ/2bpPpN1/8/1BN5/PP3PPP/R1B2RK1 b - - 0 1,b,1937 Kemeri.pdf,15,1,embedded,2026-08-09T08:40:01Z,,
board_20260809_084001_320557.png,r3k2r/pppqbppp/2np1n2/5P2/2B3P1/2N5/PPP2P1P/R1BQ1RK1 w - - 0 1,w,1937 Kemeri.pdf,15,2,embedded,2026-08-09T08:40:01Z,,
board_20260809_084043_174822.png,6B1/5P2/5Knk/8/7P/8/8/8 w - - 0 1,w,1937 Kemeri.pdf,17,1,embedded,2026-08-09T08:40:43Z,,
board_20260809_084043_218967.png,8/3K4/8/5Bp1/8/6B1/6p1/6kb w - - 0 1,w,1937 Kemeri.pdf,17,2,embedded,2026-08-09T08:40:43Z,,
board_20260809_084120_807107.png,6bq/7p/1k6/7R/7B/K7/8/8 w - - 0 1,w,1937 Kemeri.pdf,19,1,embedded,2026-08-09T08:41:20Z,,
board_20260809_084120_850312.png,8/8/7p/3KNN1k/2p4p/8/3P2p1/8 w - - 0 1,w,1937 Kemeri.pdf,19,2,embedded,2026-08-09T08:41:20Z,,
board_20260809_084154_247785.png,1q1r1nk1/r2b2pp/2pP1N2/1p1p1P2/p2P1Q2/3B1R2/PP4PP/5R1K b - - 0 1,b,1937 Kemeri.pdf,21,1,embedded,2026-08-09T08:41:54Z,,
board_20260809_084455_052531.png,8/K3N3/1P1r4/8/5kr1/8/6P1/8 w - - 0 1,w,1937 Kemeri.pdf,25,1,,2026-08-09T08:44:55Z,,
board_20260809_084540_192984.png,8/8/8/3R4/8/3K4/nb2p2b/1k6 b - - 0 1,b,1937 Kemeri.pdf,25,1,,2026-08-09T08:45:40Z,,
board_20260809_084611_076019.png,1r1k4/3b2R1/p1n1pN2/P2pP3/n2P4/2p2q2/7P/1R2Q1K1 w - - 0 1,w,1937 Kemeri.pdf,26,1,embedded,2026-08-09T08:46:11Z,,
board_20260809_084639_356317.png,r3kb1r/ppq3pp/2npPn2/8/4p3/2N5/PPP2PPP/R1BQKB1R w - - 0 1,w,1937 Kemeri.pdf,29,1,embedded,2026-08-09T08:46:39Z,,
board_20260809_084736_382370.png,1kr1r3/pp5p/2q2p2/8/1b1pN1Q1/5P2/PPP3PP/2RK3R b - - 0 1,b,1937 Kemeri.pdf,30,1,embedded,2026-08-09T08:47:36Z,,
board_20260809_084800_198238.png,1r1q1rk1/2p3p1/2pbPn1p/p7/3P3B/1B3P2/PPQp2PP/2R2RK1 w - - 0 1,w,1937 Kemeri.pdf,31,1,embedded,2026-08-09T08:48:00Z,,
board_20260809_084946_926278.png,3r4/2N4b/2n1B3/pR3p2/K2pk3/3Nn2r/4Q1P1/4b3 w - - 0 1,w,1937 Kemeri.pdf,32,1,embedded,2026-08-09T08:49:46Z,,
board_20260809_084946_971420.png,5R2/1K6/2QpN3/1p1pkB2/1p4p1/3pNb2/n7/1r2b2n w - - 0 1,w,1937 Kemeri.pdf,32,2,embedded,2026-08-09T08:49:46Z,,
board_20260809_100255_603502.png,7k/6p1/8/p7/Pp5P/8/1K4P1/8 w - - 0 1,w,1937 Kemeri.pdf,176,1,embedded,2026-08-09T10:02:55Z,,
board_20260809_100336_594776.png,4r3/3Q1pk1/5p2/4qP1p/8/2P2P1K/R6P/8 w - - 0 1,w,1937 Kemeri.pdf,178,1,embedded,2026-08-09T10:03:36Z,,
board_20260809_100410_910614.png,r2q1rk1/ppp2p2/2b1pbpp/6N1/3P1P1P/P3Q3/1PP3P1/2KR1B1R w - - 0 1,w,1937 Kemeri.pdf,179,1,embedded,2026-08-09T10:04:10Z,,
board_20260809_100445_502980.png,1B4k1/p2r1pp1/1p4n1/1P6/4p2p/P3P3/5PPP/6K1 b - - 0 1,b,1937 Kemeri.pdf,180,1,contour,2026-08-09T10:04:45Z,,
board_20260809_100517_270050.png,2r2rk1/1b2qp1p/4p1pQ/p1b1P2n/PpN5/3B1N2/1P3PPP/2RR2K1 w - - 0 1,w,1937 Kemeri.pdf,181,1,contour,2026-08-09T10:05:17Z,,
board_20260809_100605_652383.png,2r2rk1/1b2q2p/4pPpQ/p1b3Nn/PpN5/3B4/1P3PPP/2RR2K1 b - - 0 1,b,1937 Kemeri.pdf,182,1,contour,2026-08-09T10:06:05Z,,
board_20260809_100812_019138.png,r2qkb1r/ppp1pp1p/2n1b1p1/1Q1n4/3P4/2N2N2/PP2PPPP/R1B1KB1R b - - 0 1,b,1937 Kemeri.pdf,183,1,contour,2026-08-09T10:08:12Z,,
board_20260809_100812_064469.png,r4rk1/1pp1q2p/p2bpnp1/3b1p2/3P4/2BQPB2/PP1N1PPP/R2R2K1 w - - 0 1,w,1937 Kemeri.pdf,183,2,contour,2026-08-09T10:08:12Z,,
board_20260809_100906_233981.png,4nrk1/4bpn1/pp5p/3b4/5P2/P2B3K/1B5N/3R2R1 w - - 0 1,w,1937 Kemeri.pdf,187,1,embedded,2026-08-09T10:09:06Z,,
board_20260809_100923_965718.png,8/k1r2p2/4p1p1/1p2N3/1P1n4/3P4/6PP/4R1K1 b - - 0 1,b,1937 Kemeri.pdf,188,1,embedded,2026-08-09T10:09:23Z,,
board_20260809_101019_665793.png,rnb1k1nr/pp2ppbp/1qp3p1/8/3PP3/2N2N2/PP1B1PPP/R2QKB1R w - - 0 1,w,1937 Kemeri.pdf,190,1,embedded,2026-08-09T10:10:19Z,,
board_20260809_101051_453915.png,r5k1/4p2p/4P1pn/8/4R1P1/p1B4P/1P5K/8 w - - 0 1,w,1937 Kemeri.pdf,192,1,embedded,2026-08-09T10:10:51Z,,
board_20260809_101121_564426.png,6rk/r4ppp/3N4/p3PP2/3p2Q1/2p1q3/R5PP/R6K b - - 0 1,b,1937 Kemeri.pdf,194,1,embedded,2026-08-09T10:11:21Z,,
board_20260809_101404_992341.png,4r1k1/7p/2p3p1/1pNn1p1P/pPnP4/P4QP1/2R2PK1/2B1q3 b - - 0 1,b,1937 Kemeri.pdf,200,1,embedded,2026-08-09T10:14:04Z,,
board_20260809_101444_935588.png,r1bq1rk1/p2nppbp/1p3np1/2pp4/3P4/1PPBPN2/PB1N1PPP/R2Q1RK1 b - - 0 1,b,1937 Kemeri.pdf,201,1,embedded,2026-08-09T10:14:44Z,,
board_20260809_101503_653791.png,3r4/p1q1r1k1/2b3p1/1p1pbp1p/1Pp4P/2P1P1P1/PB1R1PBK/2RQ4 b - - 0 1,b,1937 Kemeri.pdf,202,1,embedded,2026-08-09T10:15:03Z,,
board_20260809_101525_255946.png,1R6/8/1r4p1/5p1p/2p2P1P/1k4P1/3K4/8 w - - 0 1,w,1937 Kemeri.pdf,203,1,embedded,2026-08-09T10:15:25Z,,
board_20260809_101619_852134.png,rnb2rk1/pp3ppp/2p1p3/8/2PPQ3/4P3/Pq1N1PPP/R3KB1R b - - 0 1,b,1937 Kemeri.pdf,204,1,embedded,2026-08-09T10:16:19Z,,
board_20260809_101646_018090.png,r1b2rk1/pp3p1p/5B2/2P1n3/3p4/P7/1P2BPqP/R2QK2R w - - 0 1,w,1937 Kemeri.pdf,206,1,embedded,2026-08-09T10:16:46Z,,
board_20260809_101728_372269.png,8/1Q3ppk/4p1np/p3P3/1p2N3/1P1q1P1P/1P4P1/6K1 w - - 0 1,w,1937 Kemeri.pdf,210,1,embedded,2026-08-09T10:17:28Z,,
board_20260809_101728_417195.png,3n4/3K2p1/7p/p7/1p5k/1P3P1P/3N4/8 w - - 0 1,w,1937 Kemeri.pdf,210,2,embedded,2026-08-09T10:17:28Z,,
board_20260809_101747_738744.png,r1b1k3/pp3ppp/3P4/2P5/3p4/P2B4/8/5RK1 w - - 0 1,w,1937 Kemeri.pdf,212,1,embedded,2026-08-09T10:17:47Z,,
board_20260809_102021_787389.png,q3rbk1/2r2ppp/2p5/3p3b/pP1Bn1P1/P3PN1B/5P1P/R1RQ2K1 b - - 0 1,b,1937 Kemeri.pdf,213,1,embedded,2026-08-09T10:20:21Z,,
board_20260809_102021_836358.png,rnbqkb1r/p3pppp/2p2n2/8/PppP4/4PN2/1P3PPP/RNBQKB1R w - - 0 1,w,1937 Kemeri.pdf,213,2,embedded,2026-08-09T10:20:21Z,,
board_20260809_102051_360805.png,2rq1rk1/p3bppp/1pb1pn2/8/4P3/1P4P1/PB1NQPBP/R4RK1 b - - 0 1,b,1937 Kemeri.pdf,215,1,embedded,2026-08-09T10:20:51Z,,
board_20260809_102120_738586.png,2rrbbk1/p4ppp/q2Np3/1p2P3/P3BP2/1P4P1/2R1Q2P/2R3K1 b - - 0 1,b,1937 Kemeri.pdf,216,1,embedded,2026-08-09T10:21:20Z,,
board_20260809_102204_768125.png,rnbqk2r/p4ppp/2p1p3/1p1nP1N1/P1pP4/2P5/3B1PPP/R2QKB1R b - - 0 1,b,1937 Kemeri.pdf,217,1,embedded,2026-08-09T10:22:04Z,,
board_20260809_135321_240205.png,8/1Q3ppk/4p1np/p3P3/1p2N3/1P1q1P1P/1P4P1/6K1 w - - 0 1,w,1937 Kemeri.pdf,210,1,embedded,2026-08-09T13:53:21Z,,
board_20260809_135321_284356.png,3n4/3K2p1/7p/p7/1p5k/1P3P1P/3N4/8 w - - 0 1,w,1937 Kemeri.pdf,210,2,embedded,2026-08-09T13:53:21Z,,
board_20260810_003701_700847.png,2rr2k1/1p1b1p2/8/1p6/1PBPP1p1/5P1n/7K/2R2R2 w - - 0 1,w,Karpov A - Chess Combinations -World Champions-1 (2011).pdf,81,5,embedded,2026-08-10T00:37:01Z,ocr-corrigido,
board_20260810_004014_724737.png,r2r1b2/p3q1k1/2pp1pP1/2p3p1/2Q1P3/1P4B1/P1P3PP/3RR1K1 w - - 0 1,w,Karpov A - Chess Combinations -World Champions-1 (2011).pdf,81,1,embedded,2026-08-10T00:40:14Z,ocr-aceito,
board_20260810_004014_791228.png,r1b1qrk1/p1pp1ppp/2p5/8/1b2n1N1/2N5/PPPP1PPP/R1BQ1RK1 w - - 0 1,w,Karpov A - Chess Combinations -World Champions-1 (2011).pdf,81,2,embedded,2026-08-10T00:40:14Z,ocr-aceito,
board_20260810_004014_850093.png,2bqk1nr/3p1p1p/2n1p1p1/rp2P3/2B1PB2/2N5/PP4PP/R2Q1RK1 w - - 0 1,w,Karpov A - Chess Combinations -World Champions-1 (2011).pdf,81,3,embedded,2026-08-10T00:40:14Z,ocr-corrigido,
board_20260810_004014_900621.png,r2qk2r/ppp2ppp/8/2p1n2n/2B1P1b1/3PBN2/PPP3PP/R2QK2R w - - 0 1,w,Karpov A - Chess Combinations -World Champions-1 (2011).pdf,81,4,embedded,2026-08-10T00:40:14Z,ocr-aceito,
board_20260810_004014_950711.png,2rr2k1/1p1b1p2/8/1p6/1PBPP1p1/5P1n/7K/2R2R2 w - - 0 1,w,Karpov A - Chess Combinations -World Champions-1 (2011).pdf,81,5,embedded,2026-08-10T00:40:14Z,ocr-corrigido,
board_20260810_004015_000618.png,r1b1kb1r/1p2p2p/p3Pnp1/2p5/2B2B2/2N2P2/PqP1Q2P/R3K2R w - - 0 1,w,Karpov A - Chess Combinations -World Champions-1 (2011).pdf,81,6,embedded,2026-08-10T00:40:15Z,ocr-aceito,
board_20260810_004733_237762.png,r4rk1/pp2ppbp/2n3p1/5q2/3P2P1/3n1PK1/PP2N1BP/R1BQ3R b - - 0 1,b,Karpov A - Chess Combinations -World Champions-1 (2011).pdf,82,1,embedded,2026-08-10T00:47:33Z,ocr-corrigido,
board_20260810_004733_294854.png,6k1/p1p2ppp/1r4bn/4r1N1/2PN4/1P5P/P5P1/3R1RK1 w - - 0 1,w,Karpov A - Chess Combinations -World Champions-1 (2011).pdf,82,2,embedded,2026-08-10T00:47:33Z,ocr-aceito,
board_20260810_004733_347928.png,br1q1rk1/p3p1bp/6p1/1p1n2B1/2pPB3/P1P4P/2Q2PP1/1R1R1NK1 b - - 0 1,b,Karpov A - Chess Combinations -World Champions-1 (2011).pdf,82,3,embedded,2026-08-10T00:47:33Z,ocr-aceito,
board_20260810_004733_399608.png,r1b2rk1/p1p3pp/8/R4p2/3q4/2nB4/2QN1PPP/2R3K1 b - - 0 1,b,Karpov A - Chess Combinations -World Champions-1 (2011).pdf,82,4,embedded,2026-08-10T00:47:33Z,ocr-aceito,
board_20260810_004733_453067.png,1r2nrk1/3bbppp/p2pp3/qp6/4PP2/2N1BB2/PPPR1QPP/5R1K w - - 0 1,w,Karpov A - Chess Combinations -World Champions-1 (2011).pdf,82,5,embedded,2026-08-10T00:47:33Z,ocr-aceito,
board_20260810_004733_503803.png,2k4r/1p2n1p1/3rpnB1/p2p3p/PqpP3P/2N1P3/1PPKQP2/3R2R1 b - - 0 1,b,Karpov A - Chess Combinations -World Champions-1 (2011).pdf,82,6,embedded,2026-08-10T00:47:33Z,ocr-aceito,
board_20260810_004957_827499.png,3q2k1/5ppp/2p5/8/p1N1P3/Pr1n1P2/5QPP/3R2K1 b - - 0 1,b,Karpov A - Chess Combinations -World Champions-1 (2011).pdf,84,1,embedded,2026-08-10T00:49:57Z,ocr-aceito,
board_20260810_004957_877269.png,r1bqk1r1/pppp3N/6pQ/4p3/3n2p1/1PNP4/1PP2P1P/R3K2R w - - 0 1,w,Karpov A - Chess Combinations -World Champions-1 (2011).pdf,84,2,embedded,2026-08-10T00:49:57Z,ocr-aceito,
board_20260810_004957_925084.png,6k1/6pp/4bp2/4p2P/4P1PK/2p2P2/2Q5/3N2q1 b - - 0 1,b,Karpov A - Chess Combinations -World Champions-1 (2011).pdf,84,3,embedded,2026-08-10T00:49:57Z,ocr-aceito,
board_20260810_004957_976466.png,6r1/1k4r1/3q4/3p1P1p/p1p1n2P/2P1QRPB/7K/6R1 w - - 0 1,w,Karpov A - Chess Combinations -World Champions-1 (2011).pdf,84,4,embedded,2026-08-10T00:49:57Z,ocr-aceito,
board_20260810_004958_027444.png,5rk1/2p2ppp/1q1b1n2/1p2N1Q1/3p2P1/1B1P3P/1PP2P2/R5K1 w - - 0 1,w,Karpov A - Chess Combinations -World Champions-1 (2011).pdf,84,5,embedded,2026-08-10T00:49:58Z,ocr-aceito,
board_20260810_004958_076256.png,r2q1rk1/2p1b1pp/p1n5/1p1p4/4nBb1/1NPQ1N2/PPB2PPP/R3R1K1 w - - 0 1,w,Karpov A - Chess Combinations -World Champions-1 (2011).pdf,84,6,embedded,2026-08-10T00:49:58Z,ocr-aceito,
board_20260810_005212_132848.png,r3k2r/1p2n3/3p3p/1pqPpp1P/5n1R/2N2B2/PPP5/1K1RQ3 w - - 0 1,w,Karpov A - Chess Combinations -World Champions-1 (2011).pdf,85,1,contour,2026-08-10T00:52:12Z,ocr-aceito,
board_20260810_005212_183975.png,r1q2rk1/p2bb2p/1p1p2p1/2pPp2n/2P1PpP1/3B1P2/PP2QR1P/R1B2NK1 b - - 0 1,b,Karpov A - Chess Combinations -World Champions-1 (2011).pdf,85,2,embedded,2026-08-10T00:52:12Z,ocr-aceito,
board_20260810_005212_232918.png,3r1k2/p4pp1/1q3n1p/3rRN2/1p3P2/1PP2Q1P/1P2R1PK/8 w - - 0 1,w,Karpov A - Chess Combinations -World Champions-1 (2011).pdf,85,3,embedded,2026-08-10T00:52:12Z,ocr-aceito,
board_20260810_005212_284025.png,r1bk1n1r/pp1n1q1p/2p2p1R/3p4/3PpN2/2NB2Q1/PPP2PP1/2K1R3 w - - 0 1,w,Karpov A - Chess Combinations -World Champions-1 (2011).pdf,85,4,embedded,2026-08-10T00:52:12Z,ocr-aceito,
board_20260810_005212_332989.png,r2k4/ppp2ppp/2n5/8/3PR3/5N2/PP1K1PPP/8 w - - 0 1,w,Karpov A - Chess Combinations -World Champions-1 (2011).pdf,85,5,embedded,2026-08-10T00:52:12Z,ocr-aceito,
board_20260810_005212_383033.png,2kr1b1r/Q1p2ppp/2p1q3/2P1n3/4N3/5P2/PP3PKP/R1B2R2 b - - 0 1,b,Karpov A - Chess Combinations -World Champions-1 (2011).pdf,85,6,embedded,2026-08-10T00:52:12Z,ocr-aceito,
board_20260810_005410_324261.png,1k6/pnp2p1p/3rpp2/r2P4/2Q2P2/2q3P1/PNP4P/K2R3R b - - 0 1,b,Karpov A - Chess Combinations -World Champions-1 (2011).pdf,86,1,embedded,2026-08-10T00:54:10Z,ocr-aceito,
board_20260810_005410_383889.png,r2qr1k1/pb1nb1pp/1p2pn2/2p1Np2/2PP1B2/3B1N2/PP2QPPP/R4RK1 w - - 0 1,w,Karpov A - Chess Combinations -World Champions-1 (2011).pdf,86,2,embedded,2026-08-10T00:54:10Z,ocr-aceito,
board_20260810_005410_443178.png,k1rb4/p3r3/P2Q1p2/1pPP2q1/P6p/1R4nP/2R3PK/6B1 w - - 0 1,w,Karpov A - Chess Combinations -World Champions-1 (2011).pdf,86,3,embedded,2026-08-10T00:54:10Z,ocr-aceito,
board_20260810_005410_498972.png,4rr2/pb1n1p1k/1p2P1pp/2pP4/2P3nq/3B2N1/PB1Q2PP/4RRK1 w - - 0 1,w,Karpov A - Chess Combinations -World Champions-1 (2011).pdf,86,4,embedded,2026-08-10T00:54:10Z,ocr-aceito,
board_20260810_005410_555220.png,r1b2rk1/ppp2ppp/8/q1bN2B1/3n4/3B1Q2/PP3PPP/3RR1K1 w - - 0 1,w,Karpov A - Chess Combinations -World Champions-1 (2011).pdf,86,5,embedded,2026-08-10T00:54:10Z,ocr-aceito,
board_20260810_005410_611330.png,r1b1k2r/ppp3p1/2n1q2p/4N1B1/4Q3/2P5/PPP3PP/2KR3R w - - 0 1,w,Karpov A - Chess Combinations -World Champions-1 (2011).pdf,86,6,embedded,2026-08-10T00:54:10Z,ocr-aceito,
board_20260810_020939_354930.png,r1b1kb1r/1p2p2p/p3Pnp1/2p5/2B2B2/2N2P2/PqP1Q2P/R3K2R w - - 0 1,w,Karpov A - Chess Combinations -World Champions-1 (2011).pdf,81,6,embedded,2026-08-10T02:09:39Z,ocr-aceito,
board_20260810_021124_689343.png,2k4r/1p2n1p1/3rpnB1/p2p3p/PqpP3P/2N1P3/1PPKQP2/3R2R1 b - - 0 1,b,Karpov A - Chess Combinations -World Champions-1 (2011).pdf,82,6,embedded,2026-08-10T02:11:24Z,ocr-aceito,
board_20260810_021311_532389.png,4r1k1/pp3p1p/5bp1/3r4/2p2PPP/3nBQ2/1PP5/1K4R1 b - - 0 1,b,Karpov A - Chess Combinations -World Champions-1 (2011).pdf,83,6,embedded,2026-08-10T02:13:11Z,ocr-aceito,
board_20260810_021641_982478.png,3q2k1/5ppp/2p5/8/p1N1P3/Pr1n1P2/5QPP/3R2K1 b - - 0 1,b,Karpov A - Chess Combinations -World Champions-1 (2011).pdf,84,1,embedded,2026-08-10T02:16:41Z,ocr-aceito,
board_20260810_021818_753992.png,2kr1b1r/Q1p2ppp/2p1q3/2P1n3/4N3/5P2/PP3PKP/R1B2R2 b - - 0 1,b,Karpov A - Chess Combinations -World Champions-1 (2011).pdf,85,6,embedded,2026-08-10T02:18:18Z,ocr-aceito,
board_20260810_022032_183260.png,r1b1k2r/ppp3p1/2n1q2p/4N1B1/4Q3/2P5/PPP3PP/2KR3R w - - 0 1,w,Karpov A - Chess Combinations -World Champions-1 (2011).pdf,86,6,embedded,2026-08-10T02:20:32Z,ocr-aceito,
board_20260810_022139_872501.png,3rr1k1/pp5p/2nB1qpP/6N1/2b2P2/2P4P/P2Q4/3RR1K1 w - - 0 1,w,Karpov A - Chess Combinations -World Champions-1 (2011).pdf,87,6,embedded,2026-08-10T02:21:39Z,ocr-aceito,
board_20260810_035556_807024.png,k7/pq6/R7/5K2/8/6B1/6B1/8 w - - 0 1,w,Niemeijer - Zwarte Magie 100 zwarte dame‑problemen (1945).pdf,10,1,,2026-08-10T03:55:56Z,ocr-corrigido,
board_20260810_035657_014325.png,2R4Q/b2NKp1n/8/3k1r2/3PNB2/3P4/6B1/4q3 w - - 0 1,w,Niemeijer - Zwarte Magie 100 zwarte dame‑problemen (1945).pdf,10,1,,2026-08-10T03:56:57Z,ocr-corrigido,
board_20260810_035815_652578.png,1R6/8/B1p5/2N2P2/1pQ4q/kN4P1/P1R5/3K4 b - - 0 1,b,Niemeijer - Zwarte Magie 100 zwarte dame‑problemen (1945).pdf,10,1,,2026-08-10T03:58:15Z,ocr-corrigido,
board_20260810_040016_057788.png,b1K3R1/pn3k1B/P1n1RB1q/1NQ5/3N3p/4p2P/4P3/8 w - - 0 1,w,Niemeijer - Zwarte Magie 100 zwarte dame‑problemen (1945).pdf,10,1,,2026-08-10T04:00:16Z,ocr-corrigido,
board_20260810_064108_831949.png,r2r2k1/pb6/1p2pQ2/n1qP4/2P5/8/P4PPP/3RR1K1 w - - 0 1,w,📚Yusupov Artur. Build Up Your Chess (all volumes).pdf,12,2,contour,2026-08-10T06:41:08Z,ocr-aceito,
board_20260810_064206_518344.png,6k1/5pp1/8/5P2/R6p/1P3N1P/3rnrPK/6R1 b - - 0 1,b,📚Yusupov Artur. Build Up Your Chess (all volumes).pdf,13,3,contour,2026-08-10T06:42:06Z,ocr-aceito,
board_20260810_064255_565826.png,r4rk1/1pb2ppp/p2qbnn1/3pp3/1P6/1BP2N1P/PBN2PP1/R2Q1RK1 b - - 0 1,b,📚Yusupov Artur. Build Up Your Chess (all volumes).pdf,14,3,embedded,2026-08-10T06:42:55Z,ocr-aceito,
board_20260810_074757_925053.png,7Q/1b5P/8/8/6R1/8/8/K6k w - - 0 1,w,📚Yusupov Artur. Build Up Your Chess (all volumes).pdf,100,1,contour,2026-08-10T07:47:57Z,ocr-aceito,
board_20260810_074757_975304.png,8/8/3B4/8/8/3Pk1p1/2K3Q1/8 w - - 0 1,w,📚Yusupov Artur. Build Up Your Chess (all volumes).pdf,100,2,embedded,2026-08-10T07:47:57Z,ocr-aceito,
board_20260810_074758_031522.png,8/8/8/8/8/2N1p1K1/6B1/2B1r1k1 w - - 0 1,w,📚Yusupov Artur. Build Up Your Chess (all volumes).pdf,100,3,embedded,2026-08-10T07:47:58Z,ocr-aceito,
board_20260810_074758_086740.png,8/8/8/8/8/5K2/1QBk4/8 w - - 0 1,w,📚Yusupov Artur. Build Up Your Chess (all volumes).pdf,100,4,contour,2026-08-10T07:47:58Z,ocr-aceito,
board_20260810_074758_141027.png,B1n5/5RK1/4k3/4p3/8/8/8/3R4 w - - 0 1,w,📚Yusupov Artur. Build Up Your Chess (all volumes).pdf,100,5,embedded,2026-08-10T07:47:58Z,ocr-aceito,
board_20260810_074758_191402.png,2nR4/Q3b3/8/1Pppk3/8/2P2K1B/8/8 w - - 0 1,w,📚Yusupov Artur. Build Up Your Chess (all volumes).pdf,100,6,embedded,2026-08-10T07:47:58Z,ocr-aceito,
board_20260810_074851_550019.png,k7/P7/1P1NpP2/1p2q3/4NR2/5B2/4K3/8 w - - 0 1,w,📚Yusupov Artur. Build Up Your Chess (all volumes).pdf,101,1,contour,2026-08-10T07:48:51Z,ocr-aceito,
board_20260810_074851_590871.png,br1n4/BkP2n2/2R5/3R4/8/K2B4/8/8 w - - 0 1,w,📚Yusupov Artur. Build Up Your Chess (all volumes).pdf,101,2,contour,2026-08-10T07:48:51Z,ocr-aceito,
board_20260810_074851_640047.png,5Q2/3N4/2K1k2r/7b/4P3/8/8/8 w - - 0 1,w,📚Yusupov Artur. Build Up Your Chess (all volumes).pdf,101,3,contour,2026-08-10T07:48:51Z,ocr-aceito,
board_20260810_074851_689847.png,4Q3/8/8/6rR/4N1k1/4K1p1/8/8 w - - 0 1,w,📚Yusupov Artur. Build Up Your Chess (all volumes).pdf,101,4,contour,2026-08-10T07:48:51Z,ocr-aceito,
board_20260810_074851_741512.png,5Q2/5B1k/6r1/6p1/6N1/6K1/8/8 w - - 0 1,w,📚Yusupov Artur. Build Up Your Chess (all volumes).pdf,101,5,contour,2026-08-10T07:48:51Z,ocr-aceito,
board_20260810_074851_790118.png,2K4Q/8/2N5/1k6/3B4/8/P5P1/8 w - - 0 1,w,📚Yusupov Artur. Build Up Your Chess (all volumes).pdf,101,6,contour,2026-08-10T07:48:51Z,ocr-aceito,
board_20260810_080949_615835.png,8/8/8/3bk3/8/3QK3/8/8 w - - 0 1,w,📚Yusupov Artur. Build Up Your Chess (all volumes).pdf,1022,1,contour,2026-08-10T08:09:49Z,ocr-aceito,
board_20260810_080949_656975.png,8/8/3nk3/8/8/8/8/KQ6 w - - 0 1,w,📚Yusupov Artur. Build Up Your Chess (all volumes).pdf,1022,2,contour,2026-08-10T08:09:49Z,ocr-aceito,
board_20260810_081022_225094.png,8/4kn2/4n1K1/8/8/8/5Q2/8 b - - 0 1,b,📚Yusupov Artur. Build Up Your Chess (all volumes).pdf,1024,1,contour,2026-08-10T08:10:22Z,ocr-aceito,
board_20260810_081022_266215.png,8/4k3/3bb3/8/8/8/3QK3/8 w - - 0 1,w,📚Yusupov Artur. Build Up Your Chess (all volumes).pdf,1024,2,contour,2026-08-10T08:10:22Z,ocr-aceito,
board_20260810_081022_315332.png,8/3kb3/1K2b3/8/4Q3/8/8/8 b - - 0 1,b,📚Yusupov Artur. Build Up Your Chess (all volumes).pdf,1024,3,contour,2026-08-10T08:10:22Z,ocr-aceito,
board_20260810_081042_397922.png,8/4k3/3nn3/8/8/8/3QK3/8 w - - 0 1,w,📚Yusupov Artur. Build Up Your Chess (all volumes).pdf,1023,1,embedded,2026-08-10T08:10:42Z,ocr-aceito,
board_20260810_081042_438544.png,8/5n2/1Q2nk2/7K/8/8/8/8 b - - 0 1,b,📚Yusupov Artur. Build Up Your Chess (all volumes).pdf,1023,2,embedded,2026-08-10T08:10:42Z,ocr-aceito,
board_20260810_081114_722376.png,8/1k6/1bbQ4/8/1K6/8/8/8 w - - 0 1,w,📚Yusupov Artur. Build Up Your Chess (all volumes).pdf,1025,1,embedded,2026-08-10T08:11:14Z,ocr-aceito,
board_20260810_081131_156621.png,8/4k3/3bn3/8/8/8/3QK3/8 w - - 0 1,w,📚Yusupov Artur. Build Up Your Chess (all volumes).pdf,1026,1,embedded,2026-08-10T08:11:31Z,ocr-aceito,
board_20260810_081131_199073.png,4K1k1/6b1/8/4n2Q/8/8/8/8 w - - 0 1,w,📚Yusupov Artur. Build Up Your Chess (all volumes).pdf,1026,2,embedded,2026-08-10T08:11:31Z,ocr-aceito,
board_20260810_081202_067231.png,8/7k/8/8/4R3/3q4/8/K2B4 w - - 0 1,w,📚Yusupov Artur. Build Up Your Chess (all volumes).pdf,1027,1,contour,2026-08-10T08:12:02Z,ocr-aceito,
board_20260810_081202_123753.png,4q1k1/8/5P2/8/8/8/8/K2B4 w - - 0 1,w,📚Yusupov Artur. Build Up Your Chess (all volumes).pdf,1027,2,contour,2026-08-10T08:12:02Z,ocr-aceito,
board_20260810_081202_197546.png,K7/B1q5/1R6/k7/8/8/8/8 w - - 0 1,w,📚Yusupov Artur. Build Up Your Chess (all volumes).pdf,1027,3,contour,2026-08-10T08:12:02Z,ocr-aceito,
board_20260810_081202_252796.png,8/8/8/8/8/6P1/4KNpk/8 w - - 0 1,w,📚Yusupov Artur. Build Up Your Chess (all volumes).pdf,1027,4,contour,2026-08-10T08:12:02Z,ocr-aceito,
board_20260810_081202_301202.png,1k6/8/1KP5/3N4/8/8/8/2q5 w - - 0 1,w,📚Yusupov Artur. Build Up Your Chess (all volumes).pdf,1027,5,contour,2026-08-10T08:12:02Z,ocr-aceito,
board_20260810_081202_350038.png,K1k5/8/2P5/1N6/8/8/p7/8 w - - 0 1,w,📚Yusupov Artur. Build Up Your Chess (all volumes).pdf,1027,6,contour,2026-08-10T08:12:02Z,ocr-aceito,
board_20260810_081308_730166.png,kN3K2/8/8/N7/8/8/8/q7 w - - 0 1,w,📚Yusupov Artur. Build Up Your Chess (all volumes).pdf,1028,1,contour,2026-08-10T08:13:08Z,ocr-aceito,
board_20260810_081308_771772.png,5k2/5b2/8/5K2/1b6/8/8/Q7 w - - 0 1,w,📚Yusupov Artur. Build Up Your Chess (all volumes).pdf,1028,2,contour,2026-08-10T08:13:08Z,ocr-aceito,
board_20260810_081308_822500.png,3K2k1/5b2/7Q/3n4/8/8/8/8 w - - 0 1,w,📚Yusupov Artur. Build Up Your Chess (all volumes).pdf,1028,3,contour,2026-08-10T08:13:08Z,ocr-aceito,
board_20260810_081308_875462.png,5k1K/q7/5B2/4N3/8/8/8/8 w - - 0 1,w,📚Yusupov Artur. Build Up Your Chess (all volumes).pdf,1028,4,contour,2026-08-10T08:13:08Z,ocr-aceito,
board_20260810_081308_923712.png,1k6/8/2K5/qN6/8/8/8/6B1 w - - 0 1,w,📚Yusupov Artur. Build Up Your Chess (all volumes).pdf,1028,5,contour,2026-08-10T08:13:08Z,ocr-aceito,
board_20260810_081308_971536.png,1k1q4/8/K7/8/6B1/4B3/8/8 w - - 0 1,w,📚Yusupov Artur. Build Up Your Chess (all volumes).pdf,1028,6,contour,2026-08-10T08:13:08Z,ocr-aceito,
board_20260810_081359_124488.png,r1b2nk1/ppq2ppp/8/1BP1p1NQ/5p2/8/PP3PPP/3R2K1 w - - 0 1,w,📚Yusupov Artur. Build Up Your Chess (all volumes).pdf,1032,1,contour,2026-08-10T08:13:59Z,ocr-aceito,
board_20260810_081359_167061.png,3r3k/5pp1/Q7/3q3p/4n3/3R4/PP3rPP/3R2K1 b - - 0 1,b,📚Yusupov Artur. Build Up Your Chess (all volumes).pdf,1032,2,contour,2026-08-10T08:13:59Z,ocr-aceito,
board_20260810_081503_587453.png,rn1qkb1r/pbpnpppp/8/1N1P4/Bp6/5P2/PPPPQ1PP/R1B1K1NR w - - 0 1,w,📚Yusupov Artur. Build Up Your Chess (all volumes).pdf,1033,1,contour,2026-08-10T08:15:03Z,ocr-aceito,
board_20260810_081503_629624.png,8/8/r2p4/3R4/2P5/pN6/kbK5/8 w - - 0 1,w,📚Yusupov Artur. Build Up Your Chess (all volumes).pdf,1033,2,contour,2026-08-10T08:15:03Z,ocr-aceito,
board_20260810_081503_678769.png,8/6N1/8/7p/4np1P/7K/5k2/8 b - - 0 1,b,📚Yusupov Artur. Build Up Your Chess (all volumes).pdf,1033,3,contour,2026-08-10T08:15:03Z,ocr-aceito,
board_20260810_081541_682559.png,r4rk1/pNqp3p/4p1pP/8/2Bp2Q1/8/P1P2PP1/4R1K1 w - - 0 1,w,📚Yusupov Artur. Build Up Your Chess (all volumes).pdf,1034,1,contour,2026-08-10T08:15:41Z,ocr-aceito,
board_20260810_081541_724237.png,r4r1k/p2p3p/3N2RP/3q4/3p2Q1/8/P1P2PP1/6K1 w - - 0 1,w,📚Yusupov Artur. Build Up Your Chess (all volumes).pdf,1034,2,contour,2026-08-10T08:15:41Z,ocr-aceito,
board_20260810_081541_776197.png,5N2/2B5/K1p4p/2k5/p1P5/7p/8/8 w - - 0 1,w,📚Yusupov Artur. Build Up Your Chess (all volumes).pdf,1034,3,contour,2026-08-10T08:15:41Z,ocr-aceito,
board_20260810_081620_030753.png,4k3/4p1p1/8/3P3P/1p6/5PPr/1P2N3/6K1 w - - 0 1,w,📚Yusupov Artur. Build Up Your Chess (all volumes).pdf,1035,1,contour,2026-08-10T08:16:20Z,ocr-aceito,
board_20260810_081620_075553.png,8/7b/8/8/7p/1pp5/7Q/k1K1N3 w - - 0 1,w,📚Yusupov Artur. Build Up Your Chess (all volumes).pdf,1035,2,contour,2026-08-10T08:16:20Z,ocr-aceito,
board_20260810_081620_130485.png,8/7b/8/8/1N5p/1pp5/7Q/k1K5 w - - 0 1,w,📚Yusupov Artur. Build Up Your Chess (all volumes).pdf,1035,3,contour,2026-08-10T08:16:20Z,ocr-aceito,
board_20260810_081630_891582.png,8/4B2p/8/3p3P/8/3Pk1K1/p7/6N1 w - - 0 1,w,📚Yusupov Artur. Build Up Your Chess (all volumes).pdf,1036,1,contour,2026-08-10T08:16:30Z,ocr-aceito,
board_20260810_081745_349501.png,7R/p7/1p6/8/8/1P2n1Pn/P3k2P/7K b - - 0 1,b,📚Yusupov Artur. Build Up Your Chess (all volumes).pdf,1037,6,contour,2026-08-10T08:17:45Z,ocr-aceito,
board_20260810_081749_082372.png,3r2k1/p1q2ppp/3Npn2/2P5/3Q1P1P/1P6/6P1/5RK1 w - - 0 1,w,📚Yusupov Artur. Build Up Your Chess (all volumes).pdf,1037,1,contour,2026-08-10T08:17:49Z,ocr-aceito,
board_20260810_081749_132517.png,4r1k1/p4ppp/b5q1/2QN4/1B3PP1/P7/1PP1r2P/2KR4 w - - 0 1,w,📚Yusupov Artur. Build Up Your Chess (all volumes).pdf,1037,2,contour,2026-08-10T08:17:49Z,ocr-aceito,
board_20260810_081749_184463.png,3q1rk1/pp3ppp/4n3/1prNR2Q/5P2/8/PP4PP/3R2K1 w - - 0 1,w,📚Yusupov Artur. Build Up Your Chess (all volumes).pdf,1037,3,contour,2026-08-10T08:17:49Z,ocr-aceito,
board_20260810_081749_239928.png,r1bn1k1r/ppp2ppp/1b1p3n/2qNp1N1/2B1P2Q/2PP4/PP4PP/R1BK1R2 w - - 0 1,w,📚Yusupov Artur. Build Up Your Chess (all volumes).pdf,1037,4,contour,2026-08-10T08:17:49Z,ocr-aceito,
board_20260810_081749_291815.png,k6r/rb3R1p/NQ4p1/2p2n2/1p6/8/PPn3PP/6K1 w - - 0 1,w,📚Yusupov Artur. Build Up Your Chess (all volumes).pdf,1037,5,contour,2026-08-10T08:17:49Z,ocr-aceito,
board_20260810_081749_344470.png,7R/p7/1p6/8/8/1P2n1Pn/P3k2P/7K b - - 0 1,b,📚Yusupov Artur. Build Up Your Chess (all volumes).pdf,1037,6,contour,2026-08-10T08:17:49Z,ocr-aceito,
board_20260810_081936_502232.png,1Q6/B1qpN1p1/3k4/p1p3p1/8/1p1pR3/8/7K w - - 0 1,w,Niemeijer - Zwarte Magie 100 zwarte dame‑problemen (1945).pdf,13,1,,2026-08-10T08:19:36Z,ocr-aceito,
board_20260810_082616_151380.png,7B/5pq1/3pp3/bp1p4/1P5p/2k1NP2/1R1R4/K7 w - - 0 1,w,Niemeijer - Zwarte Magie 100 zwarte dame‑problemen (1945).pdf,13,1,,2026-08-10T08:26:16Z,ocr-corrigido,
board_20260810_105336_467361.png,r2qkb1r/1b3ppp/p3pn2/1p6/1n1P4/1BN2N2/PP2QPPP/R1BR2K1 w - - 0 1,w,Karpov A - Chess Combinations -World Champions-2 (2011).pdf,8,1,contour,2026-08-10T10:53:36Z,ocr-aceito,
board_20260810_105336_509077.png,r2q1k1r/4bp2/p4p2/1p1p1N1p/8/8/PP2QPPP/R2R2K1 w - - 0 1,w,Karpov A - Chess Combinations -World Champions-2 (2011).pdf,8,2,contour,2026-08-10T10:53:36Z,ocr-aceito,
board_20260810_105336_560601.png,rnb1k2r/pp5p/2pbp1n1/3pNp1q/2PPP3/PP1B4/2Q3PP/RNB2RK1 w - - 0 1,w,Karpov A - Chess Combinations -World Champions-2 (2011).pdf,8,3,contour,2026-08-10T10:53:36Z,ocr-aceito,
board_20260810_105336_614841.png,r3k2r/ppQn3p/3P4/3ppR2/8/PP2q1pP/1B4K1/RN6 w - - 0 1,w,Karpov A - Chess Combinations -World Champions-2 (2011).pdf,8,4,contour,2026-08-10T10:53:36Z,ocr-aceito,
board_20260810_105336_666307.png,r3k2r/ppp3pp/2nbbq1n/1B1p4/3Pp3/2P1NP2/PP4PP/RNBQ1RK1 b - - 0 1,b,Karpov A - Chess Combinations -World Champions-2 (2011).pdf,8,5,contour,2026-08-10T10:53:36Z,ocr-aceito,
board_20260810_105336_716708.png,r1b1r1k1/1p2qppp/p4n2/2b5/PnB2P2/2N2Q1P/1PPBN1P1/2KR3R w - - 0 1,w,Karpov A - Chess Combinations -World Champions-2 (2011).pdf,8,6,contour,2026-08-10T10:53:36Z,ocr-aceito,
board_20260810_105536_230507.png,6k1/1bnq1pbp/3p1np1/2pP4/1pP2PP1/1P5P/r1N1Q1BN/2B2RK1 b - - 0 1,b,Karpov A - Chess Combinations -World Champions-2 (2011).pdf,9,1,contour,2026-08-10T10:55:36Z,ocr-aceito,
board_20260810_105536_274321.png,3r1rk1/1bq1bppp/pn2p3/1p1nN1B1/3P4/1BN5/PP2QPPP/3RR1K1 w - - 0 1,w,Karpov A - Chess Combinations -World Champions-2 (2011).pdf,9,2,contour,2026-08-10T10:55:36Z,ocr-aceito,
board_20260810_105536_324831.png,3rr1k1/p4pp1/3Pq3/1pp1PN2/5R2/2P1R2p/P2Q2bP/6K1 w - - 0 1,w,Karpov A - Chess Combinations -World Champions-2 (2011).pdf,9,3,contour,2026-08-10T10:55:36Z,ocr-aceito,
board_20260810_105536_376354.png,r2q3k/ppp1n1bp/3p1nr1/2PPp3/1P2Ppb1/1QNN4/P4BPP/R1R2BK1 b - - 0 1,b,Karpov A - Chess Combinations -World Champions-2 (2011).pdf,9,4,contour,2026-08-10T10:55:36Z,ocr-aceito,
board_20260810_105536_427291.png,r1b2rk1/ppppqppp/2n5/2b5/2B1P1n1/5P2/PPPQN1PP/R1BNK2R b - - 0 1,b,Karpov A - Chess Combinations -World Champions-2 (2011).pdf,9,5,contour,2026-08-10T10:55:36Z,ocr-aceito,
board_20260810_105536_479258.png,r4rk1/pp2nppp/4p1n1/2PpP2P/6Q1/2qP1N2/P4PP1/R1B2RK1 w - - 0 1,w,Karpov A - Chess Combinations -World Champions-2 (2011).pdf,9,6,contour,2026-08-10T10:55:36Z,ocr-aceito,
board_20260810_110024_159565.png,6k1/1pp2p2/p2p2q1/2PPb3/4r3/Pr4PK/2R5/2Q2NR1 b - - 0 1,b,Karpov A - Chess Combinations -World Champions-2 (2011).pdf,10,1,contour,2026-08-10T11:00:24Z,ocr-aceito,
board_20260810_110024_225690.png,2r2rk1/3nbppp/p3q3/3NP3/Ppp2B2/8/1P2QPPP/3R1RK1 w - - 0 1,w,Karpov A - Chess Combinations -World Champions-2 (2011).pdf,10,2,contour,2026-08-10T11:00:24Z,ocr-aceito,
board_20260810_110024_368697.png,rnbqk2r/1p1nbp2/p2pp2p/6P1/3NP2B/2N2Q2/PPP3PP/R3KB1R w - - 0 1,w,Karpov A - Chess Combinations -World Champions-2 (2011).pdf,10,4,contour,2026-08-10T11:00:24Z,ocr-aceito,
board_20260810_110024_428434.png,1rb2rk1/2q2pp1/pnpbp2p/4p3/2B5/2N3B1/PPP1QPPP/2KRR3 w - - 0 1,w,Karpov A - Chess Combinations -World Champions-2 (2011).pdf,10,5,contour,2026-08-10T11:00:24Z,ocr-aceito,
board_20260810_110024_489699.png,1r5k/6p1/p1pQ1p1p/1q6/1n2N3/1P6/1KP2PPP/3R4 w - - 0 1,w,Karpov A - Chess Combinations -World Champions-2 (2011).pdf,10,6,contour,2026-08-10T11:00:24Z,ocr-aceito,
board_20260810_110530_996736.png,r1b2r2/n1pnqkb1/p2p1pp1/3Pp3/2p1P1P1/2N1BPN1/PP5Q/2KR1B1R w - - 0 1,w,Karpov A - Chess Combinations -World Champions-2 (2011).pdf,10,1,,2026-08-10T11:05:30Z,ocr-aceito,
board_20260810_111212_331247.png,6k1/RP3pr1/4pQp1/4P3/6pP/3q4/5P2/2r2NK1 w - - 0 1,w,,,1,embedded,2026-08-10T11:12:12Z,ocr-aceito,
board_20260810_111233_451125.png,2Rq2k1/1P3pr1/4p1p1/4P3/6pP/8/5P2/3r1NK1 b - - 0 1,b,AAGAARD - Practical Chess Defence.pdf,6,1,embedded,2026-08-10T11:12:33Z,ocr-aceito,
board_20260810_111324_153636.png,1r3r1k/p3qppB/2p1p3/2bnP3/2P5/1Q2BR2/PP4PP/2R3K1 w - - 0 1,w,AAGAARD - Practical Chess Defence.pdf,7,2,embedded,2026-08-10T11:13:24Z,ocr-aceito,
board_20260810_111327_319292.png,1r3rk1/p3qppp/1np1p3/2b1P3/2P1B3/1Q2BR2/PP4PP/2R3K1 b - - 0 1,b,AAGAARD - Practical Chess Defence.pdf,7,1,embedded,2026-08-10T11:13:27Z,ocr-aceito,
board_20260810_111327_373994.png,1r3r1k/p3qppB/2p1p3/2bnP3/2P5/1Q2BR2/PP4PP/2R3K1 w - - 0 1,w,AAGAARD - Practical Chess Defence.pdf,7,2,embedded,2026-08-10T11:13:27Z,ocr-aceito,
board_20260811_082533_582350.png,8/8/3p4/3P4/5k2/3K4/8/8 w - - 0 1,w,Secrets of Chess Training School of Future Champions 1_ao_5.pdf,11,1,embedded,2026-08-11T08:25:33Z,ocr-aceito,
board_20260811_082533_641751.png,8/5p2/2k5/K7/8/1P6/8/8 b - - 0 1,b,Secrets of Chess Training School of Future Champions 1_ao_5.pdf,11,2,embedded,2026-08-11T08:25:33Z,ocr-aceito,
board_20260811_082551_949678.png,8/8/8/8/8/5p2/4rk1K/R7 w - - 0 1,w,Secrets of Chess Training School of Future Champions 1_ao_5.pdf,12,1,embedded,2026-08-11T08:25:51Z,ocr-aceito,
board_20260811_082615_635349.png,r1bbk1nr/pp3ppp/2p5/4p3/2B1P3/2P1B3/PP3PPP/RN3RK1 b - - 0 1,b,Secrets of Chess Training School of Future Champions 1_ao_5.pdf,13,1,embedded,2026-08-11T08:26:15Z,ocr-aceito,
board_20260811_082639_842776.png,8/p2kr1p1/5p1p/2pp4/P4P2/1P4R1/2P2KPP/8 w - - 0 1,w,Secrets of Chess Training School of Future Champions 1_ao_5.pdf,14,1,embedded,2026-08-11T08:26:39Z,ocr-aceito,
board_20260811_082654_708725.png,8/p3r1p1/5p1p/2p1k3/P1Kp4/1P4R1/2P3PP/8 w - - 0 1,w,Secrets of Chess Training School of Future Champions 1_ao_5.pdf,15,1,embedded,2026-08-11T08:26:54Z,ocr-aceito,
board_20260811_082717_762818.png,3brrk1/1p1q4/p2p3p/3Ppb2/2P1Npp1/1P3P2/1P2QBPP/R1R3K1 w - - 0 1,w,Secrets of Chess Training School of Future Champions 1_ao_5.pdf,16,1,embedded,2026-08-11T08:27:17Z,ocr-aceito,
board_20260811_082736_920030.png,rnbqkb1r/pp3ppp/2p1pn2/3p4/2PP4/1QN2N2/PP2PPPP/R1B1KB1R b - - 0 1,b,Secrets of Chess Training School of Future Champions 1_ao_5.pdf,18,1,embedded,2026-08-11T08:27:36Z,ocr-aceito,
board_20260811_082824_652623.png,r2q1rk1/p3bppp/1pp1pB2/4n3/3PP3/1QN5/PP3PPP/2KR1R2 b - - 0 1,b,Secrets of Chess Training School of Future Champions 1_ao_5.pdf,19,1,embedded,2026-08-11T08:28:24Z,segunda-opiniao,
board_20260811_082845_540903.png,r4rk1/p2nqppp/1pp1p3/8/3PPP2/1QN5/PP4PP/2KR1R2 b - - 0 1,b,Secrets of Chess Training School of Future Champions 1_ao_5.pdf,20,1,embedded,2026-08-11T08:28:45Z,ocr-aceito,
board_20260811_082927_291393.png,3r1r1k/p2nq1pp/1pp1p3/4Pp2/P2P1P2/1QN5/1P4PP/1K1R1R2 b - - 0 1,b,Secrets of Chess Training School of Future Champions 1_ao_5.pdf,21,1,contour,2026-08-11T08:29:27Z,ocr-aceito,
board_20260811_082958_156300.png,1n3r1k/q5pp/2p1p3/pr2Pp2/3P1P2/2Q1N3/1PR3PP/1K1R4 b - - 0 1,b,Secrets of Chess Training School of Future Champions 1_ao_5.pdf,22,1,embedded,2026-08-11T08:29:58Z,ocr-aceito,
board_20260811_083027_526664.png,1n3r1k/q5pp/2p1p3/pr2Pp2/3P1P2/2Q1N3/1PR3PP/1K1R4 b - - 0 1,b,Secrets of Chess Training School of Future Champions 1_ao_5.pdf,22,1,embedded,2026-08-11T08:30:27Z,ocr-aceito,
board_20260811_083046_698266.png,q6k/6p1/2p1p2p/1r1nPp2/2NP1P2/6P1/1PQ4P/1K1R4 w - - 0 1,w,Secrets of Chess Training School of Future Champions 1_ao_5.pdf,23,1,embedded,2026-08-11T08:30:46Z,ocr-aceito,
board_20260811_083046_748087.png,7k/6p1/2p1p2p/3nPp2/3P1P2/N2q2P1/1Q5P/K7 w - - 0 1,w,Secrets of Chess Training School of Future Champions 1_ao_5.pdf,23,2,embedded,2026-08-11T08:30:46Z,ocr-aceito,
board_20260812_035748_206373.png,q6k/6p1/2p1p2p/1r1nPp2/2NP1P2/6P1/1PQ4P/1K1R4 b - - 0 1,b,Secrets of Chess Training School of Future Champions 1_ao_5.pdf,23,1,,2026-08-12T03:57:48Z,ocr-aceito,
board_20260812_035817_811205.png,7k/6p1/2p1p2p/3nPp2/3P1P2/N2q2P1/1Q5P/K7 b - - 0 1,b,Secrets of Chess Training School of Future Champions 1_ao_5.pdf,23,1,,2026-08-12T03:58:17Z,ocr-aceito,
board_20260812_035850_998199.png,r2q1rk1/pp3p1p/3bbnp1/3p1p2/3P1N2/1N1BPQ2/PP3PPP/R4RK1 b - - 0 1,b,Secrets of Chess Training School of Future Champions 1_ao_5.pdf,25,1,,2026-08-12T03:58:50Z,ocr-aceito,
board_20260812_035915_959334.png,r4rk1/pp3p1p/3bb3/3p1pq1/3PnNp1/1N1BP3/PP2QPPP/R4RK1 w - - 0 1,w,Secrets of Chess Training School of Future Champions 1_ao_5.pdf,25,1,,2026-08-12T03:59:15Z,ocr-aceito,
board_20260812_035946_570800.png,r6k/pp2qp1p/3bb3/3p1p2/3PnNr1/3BPR2/PP2Q1PP/2N2R1K w - - 0 1,w,Secrets of Chess Training School of Future Champions 1_ao_5.pdf,26,1,,2026-08-12T03:59:46Z,ocr-aceito,
board_20260812_040015_485663.png,6rk/pp1bqp1p/8/3p1p2/3Pnb2/4P3/PPB1QNPP/5R1K w - - 0 1,w,Secrets of Chess Training School of Future Champions 1_ao_5.pdf,27,1,,2026-08-12T04:00:15Z,ocr-aceito,
board_20260812_051223_407078.png,2r2k2/p2b1p1p/1p5b/5p2/3P1N1P/P4BP1/1P1R1K2/8 b - - 0 1,b,Secrets of Chess Training School of Future Champions 1_ao_5.pdf,29,1,embedded,2026-08-12T05:12:23Z,ocr-aceito,
board_20260812_051521_040751.png,2r1r3/pp3nkp/1q1p2p1/3P4/3NNP2/6Pb/PP1Q4/4RR1K w - - 0 1,w,Secrets of Chess Training School of Future Champions 1_ao_5.pdf,30,3,contour,2026-08-12T05:15:21Z,ocr-aceito,
board_20260812_051631_576322.png,1rbqkb1r/p2p1ppp/2p2n2/4p1B1/2B1P3/2N5/PPP2PPP/R2QK2R b - - 0 1,b,Secrets of Chess Training School of Future Champions 1_ao_5.pdf,32,1,embedded,2026-08-12T05:16:31Z,ocr-aceito,
board_20260812_051815_798335.png,2r1k2r/1pq1b1p1/p1nppn1p/4p3/4P3/2NR1N1P/PPP1QPP1/R1B3K1 w - - 0 1,w,Secrets of Chess Training School of Future Champions 1_ao_5.pdf,33,3,contour,2026-08-12T05:18:15Z,ocr-corrigido,
board_20260812_051849_115149.png,r3k1nr/p2nppbp/2pp2p1/qp6/3PPPb1/2N1BN2/PPPQB1PP/R4RK1 w - - 0 1,w,Secrets of Chess Training School of Future Champions 1_ao_5.pdf,35,1,embedded,2026-08-12T05:18:49Z,ocr-aceito,
board_20260812_051923_706495.png,4k1r1/2prpp1p/p1p3bb/4B3/8/1P4N1/P1P2PPP/1K1RR3 b - - 0 1,b,Secrets of Chess Training School of Future Champions 1_ao_5.pdf,36,1,embedded,2026-08-12T05:19:23Z,ocr-aceito,
board_20260812_052208_037185.png,4k1r1/2prpp1p/p1p3bb/4B3/8/1P4N1/P1P2PPP/1K1RR3 b - - 0 1,b,Secrets of Chess Training School of Future Champions 1_ao_5.pdf,36,1,embedded,2026-08-12T05:22:08Z,ocr-aceito,
board_20260812_052230_612986.png,r1bq1rk1/1pp1npbp/p2p2p1/3Pp2n/1PP1P1P1/2N1BP2/P3N2P/1R1QKB1R b - - 0 1,b,Secrets of Chess Training School of Future Champions 1_ao_5.pdf,37,1,embedded,2026-08-12T05:22:30Z,ocr-aceito,
board_20260812_052246_350916.png,r1b1nrk1/pp1nq2p/2p2pp1/4p3/2N1P3/2P2NP1/PP1Q1PBP/3RR1K1 w - - 0 1,w,Secrets of Chess Training School of Future Champions 1_ao_5.pdf,38,1,embedded,2026-08-12T05:22:46Z,ocr-aceito,
board_20260812_052317_118005.png,r2q1rk1/2p2ppp/2n3b1/1p1pP3/3PN3/4B3/PpB2PPP/1R1Q1RK1 b - - 0 1,b,Secrets of Chess Training School of Future Champions 1_ao_5.pdf,41,1,embedded,2026-08-12T05:23:17Z,ocr-aceito,
board_20260812_052348_438952.png,rr4k1/2pq1ppp/2n5/1p1pP3/3P4/3QB3/PR3PPP/5RK1 w - - 0 1,w,Secrets of Chess Training School of Future Champions 1_ao_5.pdf,42,1,embedded,2026-08-12T05:23:48Z,ocr-aceito,
board_20260812_052447_470154.png,rr4k1/2pq1pp1/2n4p/3pP3/1p1P4/3QB2P/PR3PP1/2R3K1 b - - 0 1,b,Secrets of Chess Training School of Future Champions 1_ao_5.pdf,43,1,embedded,2026-08-12T05:24:47Z,ocr-aceito,
board_20260812_052512_826419.png,8/5qpk/6rp/3pP2Q/1p1P1P2/4B2K/P1R5/8 w - - 0 1,w,Secrets of Chess Training School of Future Champions 1_ao_5.pdf,45,2,embedded,2026-08-12T05:25:12Z,ocr-aceito,
board_20260812_052603_076561.png,rr4k1/2pq1ppp/2n5/3pP3/1p1P4/3QB2P/PR3PP1/1R4K1 b - - 0 1,b,Secrets of Chess Training School of Future Champions 1_ao_5.pdf,46,1,embedded,2026-08-12T05:26:03Z,ocr-aceito,
board_20260812_052654_980433.png,r1bqk2r/3n1pp1/2p1pb1p/1p6/p2PP3/2N2N2/PPQ2PPP/2KR1B1R w - - 0 1,w,Secrets of Chess Training School of Future Champions 1_ao_5.pdf,48,2,embedded,2026-08-12T05:26:54Z,ocr-aceito,
board_20260812_052742_847134.png,r1bqk2r/3n2p1/4pb1p/1p6/8/2N2N2/PpQ2PPP/1K1R1B1R w - - 0 1,w,Secrets of Chess Training School of Future Champions 1_ao_5.pdf,49,1,embedded,2026-08-12T05:27:42Z,ocr-corrigido,
board_20260812_052817_148914.png,Q1bq1rk1/3n2p1/4p2p/1p2p3/8/2b2N2/Pp3PPP/1K1R1B1R w - - 0 1,w,Secrets of Chess Training School of Future Champions 1_ao_5.pdf,50,1,embedded,2026-08-12T05:28:17Z,ocr-corrigido,
board_20260812_052858_859042.png,3r3k/6p1/4b1Qp/1Bn5/1p6/2b2N2/Pp3PPP/1K5R w - - 0 1,w,Secrets of Chess Training School of Future Champions 1_ao_5.pdf,51,2,embedded,2026-08-12T05:28:58Z,ocr-aceito,
board_20260812_052953_874668.png,2b2r1k/2q3p1/4p2p/4n3/1p2Q2N/2bB4/Pp3PPP/1K1R3R b - - 0 1,b,Secrets of Chess Training School of Future Champions 1_ao_5.pdf,53,1,embedded,2026-08-12T05:29:53Z,ocr-aceito,
board_20260812_053147_678374.png,2r5/4r1bk/1p2pqpp/5p2/2nP1N1P/3Q4/P4PP1/BR2R1K1 w - - 0 1,w,Secrets of Chess Training School of Future Champions 1_ao_5.pdf,55,2,embedded,2026-08-12T05:31:47Z,ocr-aceito,
board_20260812_053215_889243.png,rnb1kb1r/pp3pp1/4pq1p/2p5/2PP4/2PB1N2/P4PPP/R1BQK2R w - - 0 1,w,Secrets of Chess Training School of Future Champions 1_ao_5.pdf,57,1,embedded,2026-08-12T05:32:15Z,ocr-aceito,
board_20260812_053238_648038.png,r1q1k2r/1p1bbpp1/p3p2p/7R/2P2B2/3B1Q2/P4PPP/3R2K1 w - - 0 1,w,Secrets of Chess Training School of Future Champions 1_ao_5.pdf,58,1,embedded,2026-08-12T05:32:38Z,ocr-aceito,
board_20260812_053258_051434.png,r1q2k1r/1p1bb3/p3ppBp/4B1pR/2P5/6Q1/P4PPP/3R2K1 b - - 0 1,b,Secrets of Chess Training School of Future Champions 1_ao_5.pdf,59,1,embedded,2026-08-12T05:32:58Z,ocr-aceito,
board_20260812_053433_997747.png,r1q2k1r/1p1bb3/p3ppBp/4B1pR/2P5/6Q1/P4PPP/3R2K1 b - - 0 1,b,Secrets of Chess Training School of Future Champions 1_ao_5.pdf,59,1,embedded,2026-08-12T05:34:33Z,ocr-aceito,
board_20260812_053519_797157.png,r1bqkb1r/pp3pp1/4p2p/8/2P5/3B4/P4PPP/1RBQ1RK1 w - - 0 1,w,Secrets of Chess Training School of Future Champions 1_ao_5.pdf,61,3,embedded,2026-08-12T05:35:19Z,ocr-aceito,
board_20260812_054203_244649.png,r4rk1/1p3p1p/2qb2p1/3p4/2nP4/2N1PN2/2Q2PPP/R4RK1 w - - 0 1,w,Secrets of Chess Training School of Future Champions 1_ao_5.pdf,64,1,embedded,2026-08-12T05:42:03Z,ocr-aceito,
board_20260812_054240_343532.png,r2q1rk1/pbpn1ppp/1p1bpn2/3p4/2PP4/1PN1PN2/PB2BPPP/R2Q1RK1 w - - 0 1,w,Secrets of Chess Training School of Future Champions 1_ao_5.pdf,67,1,embedded,2026-08-12T05:42:40Z,ocr-aceito,
board_20260812_054303_486331.png,r4rk1/pb2qppp/1p1ppn2/3p4/2PPn3/1P2P3/PB1NBPPP/R2Q1RK1 w - - 0 1,w,Secrets of Chess Training School of Future Champions 1_ao_5.pdf,68,1,embedded,2026-08-12T05:43:03Z,ocr-aceito,
board_20260812_054529_955284.png,r1r3k1/pb2qppp/1p2pn2/3p4/3P4/1P1BPP2/PB1Q2PP/4RRK1 b - - 0 1,b,Secrets of Chess Training School of Future Champions 1_ao_5.pdf,69,1,contour,2026-08-12T05:45:29Z,ocr-corrigido,
board_20260812_054717_573791.png,2r1n1k1/pbr1qp1p/1p2p1p1/3pP3/3P1P2/1P1BR3/PB1Q2PP/5RK1 b - - 0 1,b,Secrets of Chess Training School of Future Champions 1_ao_5.pdf,70,1,embedded,2026-08-12T05:47:17Z,ocr-aceito,
board_20260812_054819_796450.png,2r4k/pb2q2P/1p6/3Pp3/1Q2p3/1P2R3/PBr3PP/5RK1 b - - 0 1,b,Secrets of Chess Training School of Future Champions 1_ao_5.pdf,71,2,embedded,2026-08-12T05:48:19Z,ocr-aceito,
board_20260812_054902_087794.png,r1b2rk1/pp2bppp/3qpn2/8/1n1P4/2N2N2/PP2QPPP/RBBR2K1 b - - 0 1,b,Secrets of Chess Training School of Future Champions 1_ao_5.pdf,73,1,embedded,2026-08-12T05:49:02Z,ocr-aceito,
board_20260812_055031_593921.png,3r1r2/pp3pkp/2q1pnp1/6Q1/3P4/P7/BP3PPP/R2R2K1 b - - 0 1,b,,,1,embedded,2026-08-12T05:50:31Z,ocr-aceito,
board_20260812_055146_317820.png,2r3k1/p4p1p/1b1q2p1/3P4/1p2Q3/1P4P1/4RPBP/6K1 w - - 0 1,w,,,1,embedded,2026-08-12T05:51:46Z,ocr-aceito,
board_20260812_055330_162869.png,3r2k1/5pb1/2p1p1pp/pq2P3/2R5/1P4BP/P3QPP1/6K1 w - - 0 1,w,,,2,embedded,2026-08-12T05:53:30Z,ocr-aceito,
board_20260812_060057_250302.png,3rr1k1/pp3pp1/2p1bn2/4q3/4P2p/1P6/P1B1QPPP/R2R1NK1 b - - 0 1,b,Secrets of Chess Training School of Future Champions 1_ao_5.pdf,79,1,embedded,2026-08-12T06:00:57Z,ocr-aceito,
board_20260812_060352_287697.png,3r2k1/pp3pp1/2p2P2/8/8/1P3QPp/P1B4P/q4NK1 b - - 0 1,b,Secrets of Chess Training School of Future Champions 1_ao_5.pdf,80,2,contour,2026-08-12T06:03:52Z,ocr-corrigido,
board_20260812_073117_953617.png,2rr2k1/pp3pp1/2p2n2/8/4P1b1/1Pq2PPp/P1B2Q1P/R2R1NK1 b - - 0 1,b,Secrets of Chess Training School of Future Champions 1_ao_5.pdf,80,2,contour,2026-08-12T07:31:17Z,ocr-corrigido,
board_20260812_073206_485542.png,1qr1n1k1/1p1r1p1p/pQbpp1p1/P3P3/4BP2/2N5/1PP3PP/3R1R1K w - - 0 1,w,Secrets of Chess Training School of Future Champions 1_ao_5.pdf,83,1,embedded,2026-08-12T07:32:06Z,ocr-aceito,
board_20260812_073225_821276.png,1r2n3/3R1pkp/pNp1p3/P3P1p1/2P3P1/8/1P5P/7K w - - 0 1,w,Secrets of Chess Training School of Future Champions 1_ao_5.pdf,85,1,embedded,2026-08-12T07:32:25Z,ocr-aceito,
board_20260812_073740_528057.png,r5k1/1pp1qpp1/p1b1p2p/4P3/2BR1P2/P1Q1P1P1/1P5P/6K1 b - - 0 1,b,,,1,embedded,2026-08-12T07:37:40Z,ocr-aceito,
board_20260812_073939_652122.png,rn2rnk1/pbq2pbp/1pp3p1/4p3/1PP1P3/4NNP1/P3QPBP/1RBR2K1 w - - 0 1,w,Secrets of Chess Training School of Future Champions 1_ao_5.pdf,87,2,embedded,2026-08-12T07:39:39Z,ocr-aceito,
board_20260812_074013_574058.png,r4rk1/pppq1pbp/2npbnp1/3Np3/2P5/3PP1P1/PP2NPBP/R1BQ1RK1 w - - 0 1,w,Secrets of Chess Training School of Future Champions 1_ao_5.pdf,88,1,embedded,2026-08-12T07:40:13Z,ocr-aceito,
board_20260812_074038_955912.png,2br1rk1/pp2bppp/3p2n1/3P4/4P1n1/1B3NN1/PP1B2PP/R3R1K1 b - - 0 1,b,Secrets of Chess Training School of Future Champions 1_ao_5.pdf,89,1,embedded,2026-08-12T07:40:38Z,ocr-aceito,
board_20260812_074103_255032.png,r4r2/pB3pkp/3p2p1/3P1b2/7q/8/PP1Q1PPP/R3R1K1 w - - 0 1,w,Secrets of Chess Training School of Future Champions 1_ao_5.pdf,90,2,embedded,2026-08-12T07:41:03Z,ocr-aceito,
board_20260812_074120_161905.png,R1n5/5rkp/3p2p1/2rNpq2/1NP4b/7P/4QPP1/5RK1 b - - 0 1,b,Secrets of Chess Training School of Future Champions 1_ao_5.pdf,90,1,embedded,2026-08-12T07:41:20Z,ocr-aceito,
board_20260812_074120_214452.png,r4r2/pB3pkp/3p2p1/3P1b2/7q/8/PP1Q1PPP/R3R1K1 w - - 0 1,w,Secrets of Chess Training School of Future Champions 1_ao_5.pdf,90,2,embedded,2026-08-12T07:41:20Z,ocr-aceito,
board_20260812_074211_174904.png,r2qk2r/pb3ppp/4pn2/3p4/PP2n3/5NP1/3NPPBP/R2Q1RK1 w - - 0 1,w,Secrets of Chess Training School of Future Champions 1_ao_5.pdf,91,1,embedded,2026-08-12T07:42:11Z,ocr-aceito,
board_20260812_074211_226460.png,r1bq1rk1/ppn1ppbp/2p1n1p1/3pP3/3P1N2/5N1P/PPP2PP1/R1BQRBK1 w - - 0 1,w,Secrets of Chess Training School of Future Champions 1_ao_5.pdf,91,2,embedded,2026-08-12T07:42:11Z,ocr-aceito,
board_20260812_074211_278479.png,rn2r1k1/5p1p/b1p2qp1/p3p3/1pB1P3/6QP/PPPN1PP1/2KR3R b - - 0 1,b,Secrets of Chess Training School of Future Champions 1_ao_5.pdf,91,3,embedded,2026-08-12T07:42:11Z,ocr-aceito,
board_20260812_074243_322748.png,2r1r1k1/2pq1pbp/Q1pp1np1/8/4P3/2N5/PPP2PPP/R1B2RK1 b - - 0 1,b,Secrets of Chess Training School of Future Champions 1_ao_5.pdf,94,1,embedded,2026-08-12T07:42:43Z,ocr-aceito,
board_20260812_074301_370177.png,rnb1k2r/pp3p2/2p2p1p/3p4/3P4/2q1P3/P2N1PPP/1R1QKB1R b - - 0 1,b,Secrets of Chess Training School of Future Champions 1_ao_5.pdf,95,1,embedded,2026-08-12T07:43:01Z,ocr-aceito,
board_20260812_075420_212496.png,3r2rk/1QR1R1pp/p4p2/8/1P1p4/6P1/q4P2/6K1 b - - 0 1,b,Secrets of Chess Training School of Future Champions 1_ao_5.pdf,983,1,embedded,2026-08-12T07:54:20Z,ocr-aceito,
board_20260812_075801_752685.png,3r3k/1Q5p/p4p2/8/1P4R1/6P1/3p1P1K/1q6 b - - 0 1,b,,,1,embedded,2026-08-12T07:58:01Z,ocr-aceito,
board_20260812_075801_793735.png,2rqr1k1/1p2bppp/p3pn2/3bN1B1/P2P3Q/1B5R/1P3PPP/R5K1 w - - 0 1,w,,,2,embedded,2026-08-12T07:58:01Z,ocr-aceito,
board_20260812_075918_319696.png,8/8/3p4/3P4/5k2/3K4/8/8 w - - 0 1,w,Secrets of Chess Training School of Future Champions 1_ao_5.pdf,11,1,embedded,2026-08-12T07:59:18Z,ocr-aceito,
board_20260812_075918_371493.png,8/5p2/2k5/K7/8/1P6/8/8 b - - 0 1,b,Secrets of Chess Training School of Future Champions 1_ao_5.pdf,11,2,embedded,2026-08-12T07:59:18Z,ocr-aceito,
board_20260812_075935_127894.png,8/8/8/8/8/5p2/4rk1K/R7 w - - 0 1,w,Secrets of Chess Training School of Future Champions 1_ao_5.pdf,12,1,embedded,2026-08-12T07:59:35Z,ocr-aceito,
board_20260812_080031_486157.png,8/p3r1p1/5p1p/2p1k3/P1Kp4/1P4R1/2P3PP/8 w - - 0 1,w,Secrets of Chess Training School of Future Champions 1_ao_5.pdf,15,1,embedded,2026-08-12T08:00:31Z,ocr-aceito,
board_20260812_080310_751850.png,3brrk1/1p1q4/p2p3p/3Ppb2/2P1Npp1/1P3P2/1P2QBPP/R1R3K1 w - - 0 1,w,Secrets of Chess Training School of Future Champions 1_ao_5.pdf,16,1,embedded,2026-08-12T08:03:10Z,ocr-aceito,
board_20260812_080328_772030.png,rnbqkb1r/pp3ppp/2p1pn2/3p4/2PP4/1QN2N2/PP2PPPP/R1B1KB1R b - - 0 1,b,Secrets of Chess Training School of Future Champions 1_ao_5.pdf,18,1,embedded,2026-08-12T08:03:28Z,ocr-aceito,
board_20260812_080350_794709.png,r2q1rk1/p3bppp/1pp1pB2/4n3/3PP2P/1QN5/PP3PPP/2KR1R2 b - - 0 1,b,Secrets of Chess Training School of Future Champions 1_ao_5.pdf,19,1,embedded,2026-08-12T08:03:50Z,ocr-aceito,
board_20260812_080414_717467.png,r4rk1/p2nqppp/1pp1p3/8/3PPP2/1QN5/PP4PP/2KR1R2 b - - 0 1,b,Secrets of Chess Training School of Future Champions 1_ao_5.pdf,20,1,embedded,2026-08-12T08:04:14Z,ocr-aceito,
board_20260812_080435_676509.png,3r1r1k/p2nq1pp/1pp1p3/4Pp2/P2P1P2/1QN5/1P4PP/1K1R1R2 b - - 0 1,b,Secrets of Chess Training School of Future Champions 1_ao_5.pdf,21,1,contour,2026-08-12T08:04:35Z,ocr-aceito,
board_20260812_080455_475655.png,1n3r1k/q5pp/2p1p3/pr2Pp2/3P1P2/2Q1N3/1PR3PP/1K1R4 b - - 0 1,b,Secrets of Chess Training School of Future Champions 1_ao_5.pdf,22,1,embedded,2026-08-12T08:04:55Z,ocr-aceito,
board_20260812_080521_890576.png,q6k/6p1/2p1p2p/1r1nPp2/2NP1P2/6P1/1PQ4P/1K1R4 b - - 0 1,b,Secrets of Chess Training School of Future Champions 1_ao_5.pdf,23,1,embedded,2026-08-12T08:05:21Z,ocr-aceito,
board_20260812_080521_942056.png,7k/6p1/2p1p2p/3nPp2/3P1P2/N2q2P1/1Q5P/K7 b - - 0 1,b,Secrets of Chess Training School of Future Champions 1_ao_5.pdf,23,2,embedded,2026-08-12T08:05:21Z,ocr-aceito,
board_20260812_080553_043170.png,r2q1rk1/pp3p1p/3bbnp1/3p1p2/3P1N2/1N1BPQ2/PP3PPP/R4RK1 b - - 0 1,b,Secrets of Chess Training School of Future Champions 1_ao_5.pdf,25,1,contour,2026-08-12T08:05:53Z,ocr-aceito,
board_20260812_080553_097193.png,r4rk1/pp3p1p/3bb3/3p1pq1/3PnNp1/1N1BP3/PP2QPPP/R4RK1 w - - 0 1,w,Secrets of Chess Training School of Future Champions 1_ao_5.pdf,25,2,embedded,2026-08-12T08:05:53Z,ocr-aceito,
board_20260812_080701_616760.png,r6k/pp2qp1p/3bb3/3p1p2/3PnNr1/3BPR2/PP2Q1PP/2N2R1K w - - 0 1,w,Secrets of Chess Training School of Future Champions 1_ao_5.pdf,26,1,embedded,2026-08-12T08:07:01Z,ocr-aceito,
board_20260812_080719_399093.png,6rk/pp1bqp1p/8/3p1p2/3Pnb2/4P3/PPB1QNPP/5R1K w - - 0 1,w,Secrets of Chess Training School of Future Champions 1_ao_5.pdf,27,1,embedded,2026-08-12T08:07:19Z,ocr-aceito,
board_20260812_080748_222910.png,1b5k/pp1b1p1p/8/5p2/3P4/4rB1N/PP4PP/5R1K b - - 0 1,b,Secrets of Chess Training School of Future Champions 1_ao_5.pdf,28,1,embedded,2026-08-12T08:07:48Z,ocr-aceito,
board_20260812_080813_674168.png,2r2k2/p2b1p1p/1p5b/5p2/3P1N1P/P4BP1/1P1R1K2/8 w - - 0 1,w,Secrets of Chess Training School of Future Champions 1_ao_5.pdf,29,1,embedded,2026-08-12T08:08:13Z,ocr-aceito,
board_20260812_080902_953977.png,r4rk1/pp2p1bp/4b1p1/8/2qP4/1Q2BB2/PP3PP1/R3K2R b - - 0 1,b,Secrets of Chess Training School of Future Champions 1_ao_5.pdf,30,1,embedded,2026-08-12T08:09:02Z,ocr-aceito,
board_20260812_080903_005376.png,3r1rk1/pp5p/2n2ppQ/2p5/b7/2P1RNP1/P1q2PBP/4R1K1 w - - 0 1,w,Secrets of Chess Training School of Future Champions 1_ao_5.pdf,30,2,contour,2026-08-12T08:09:03Z,ocr-aceito,
board_20260812_080903_057355.png,2r1r3/pp3nkp/1q1p2p1/3P4/3NNP2/6Pb/PP1Q4/4RR1K w - - 0 1,w,Secrets of Chess Training School of Future Champions 1_ao_5.pdf,30,3,contour,2026-08-12T08:09:03Z,ocr-aceito,
board_20260812_081005_814037.png,1rbqkb1r/p2p1ppp/2p2n2/4p1B1/2B1P3/2N5/PPP2PPP/R2QK2R b - - 0 1,b,,,1,embedded,2026-08-12T08:10:05Z,ocr-aceito,
board_20260812_081145_980933.png,2rqkb1r/1p4p1/p1nppn1p/4p3/P3P3/N1NQ4/1PP2PPP/R1B2RK1 b - - 0 1,b,,,1,embedded,2026-08-12T08:11:45Z,ocr-aceito,
board_20260812_081146_032317.png,rn1qkb1r/1p4p1/p2ppn1p/4p3/4P2N/2N1B3/PPP2PPP/R2QK2R b - - 0 1,b,,,2,contour,2026-08-12T08:11:46Z,ocr-aceito,
board_20260812_081146_082764.png,2r1k2r/1pq1b1n1/p1nppn1p/4p3/4P3/2NR1N1P/PPP1QPP1/R1B3K1 w - - 0 1,w,,,3,contour,2026-08-12T08:11:46Z,ocr-corrigido,
board_20260812_081231_347886.png,r3k1nr/p2nppbp/2pp2p1/qp6/3PPPb1/2N1BN2/PPPQB1PP/R4RK1 w - - 0 1,w,Secrets of Chess Training School of Future Champions 1_ao_5.pdf,35,1,embedded,2026-08-12T08:12:31Z,ocr-aceito,
board_20260812_081247_786452.png,4k1r1/2prpp1p/p1p3bb/4B3/8/1P4N1/P1P2PPP/1K1RR3 w - - 0 1,w,Secrets of Chess Training School of Future Champions 1_ao_5.pdf,36,1,embedded,2026-08-12T08:12:47Z,ocr-aceito,
board_20260812_081312_032281.png,r1bq1rk1/1pp1npbp/p2p2p1/3Pp2n/1PP1P1P1/2N1BP2/P3N2P/1R1QKB1R b - - 0 1,b,,,1,embedded,2026-08-12T08:13:12Z,ocr-aceito,
board_20260812_081342_813509.png,r1b1nrk1/pp1nq2p/2p2pp1/4p3/2N1P3/2P2NP1/PP1Q1PBP/3RR1K1 w - - 0 1,w,Secrets of Chess Training School of Future Champions 1_ao_5.pdf,38,1,embedded,2026-08-12T08:13:42Z,ocr-aceito,
board_20260812_081409_078379.png,r2q1rk1/2p2ppp/2n3b1/1p1pP3/3PN3/4B3/PpB2PPP/1R1Q1RK1 b - - 0 1,b,Secrets of Chess Training School of Future Champions 1_ao_5.pdf,41,1,embedded,2026-08-12T08:14:09Z,ocr-aceito,
board_20260812_081431_696227.png,rr4k1/2pq1ppp/2n5/1p1pP3/3P4/3QB3/PR3PPP/5RK1 w - - 0 1,w,Secrets of Chess Training School of Future Champions 1_ao_5.pdf,42,1,embedded,2026-08-12T08:14:31Z,ocr-aceito,
board_20260812_081457_750553.png,rr4k1/2pq1pp1/2n4p/3pP3/1p1P4/3QB2P/PR3PP1/2R3K1 b - - 0 1,b,Secrets of Chess Training School of Future Champions 1_ao_5.pdf,43,1,embedded,2026-08-12T08:14:57Z,ocr-aceito,
board_20260812_081526_350942.png,8/6pk/q5rp/3pPp2/1p1P2Pn/4B2P/P1R2P1K/3Q4 w - - 0 1,w,Secrets of Chess Training School of Future Champions 1_ao_5.pdf,45,1,embedded,2026-08-12T08:15:26Z,ocr-aceito,
board_20260812_081526_402244.png,8/5qpk/6rp/3pP2Q/1p1P1P2/4B2K/P1R5/8 w - - 0 1,w,Secrets of Chess Training School of Future Champions 1_ao_5.pdf,45,2,embedded,2026-08-12T08:15:26Z,ocr-aceito,
board_20260812_081614_349451.png,rr4k1/2pq1ppp/2n5/3pP3/1p1P4/3QB2P/PR3PP1/1R4K1 b - - 0 1,b,Secrets of Chess Training School of Future Champions 1_ao_5.pdf,46,1,embedded,2026-08-12T08:16:14Z,ocr-aceito,
board_20260812_081614_400713.png,r5k1/2pq1pp1/1rn4p/3pP3/1p1P4/4B2P/PR3PP1/1QR3K1 b - - 0 1,b,Secrets of Chess Training School of Future Champions 1_ao_5.pdf,46,2,embedded,2026-08-12T08:16:14Z,ocr-aceito,
board_20260812_081710_890993.png,rnbqk2r/p4pp1/2p1pb1p/1p6/3P4/1QN2N2/PP2PPPP/2KR1B1R b - - 0 1,b,Secrets of Chess Training School of Future Champions 1_ao_5.pdf,48,1,embedded,2026-08-12T08:17:10Z,ocr-aceito,
board_20260812_081710_943939.png,r1bqk2r/3n1pp1/2p1pb1p/1p6/p2PP3/2N2N2/PPQ2PPP/2KR1B1R w - - 0 1,w,Secrets of Chess Training School of Future Champions 1_ao_5.pdf,48,2,embedded,2026-08-12T08:17:10Z,ocr-aceito,
board_20260812_081735_893425.png,r1bqk2r/3n2p1/4pb1p/1p6/8/2N2N2/PpQ2PPP/1K1R1B1R w - - 0 1,w,Secrets of Chess Training School of Future Champions 1_ao_5.pdf,49,1,embedded,2026-08-12T08:17:35Z,ocr-corrigido,
board_20260812_081803_835666.png,Q1bq1rk1/3n2p1/4p2p/1p6/8/2b2N2/Pp3PPP/1K1R1B1R w - - 0 1,w,Secrets of Chess Training School of Future Champions 1_ao_5.pdf,50,1,embedded,2026-08-12T08:18:03Z,ocr-aceito,
board_20260812_082016_331166.png,2bq1rk1/3n2p1/2Q1p2p/8/1p6/2b2N2/Pp3PPP/1K1R1B1R w - - 0 1,w,,,1,embedded,2026-08-12T08:20:16Z,ocr-aceito,
board_20260812_082016_375150.png,3r3k/6p1/4b1Qp/1Bn5/1p6/2b2N2/Pp3PPP/1K5R w - - 0 1,w,,,2,embedded,2026-08-12T08:20:16Z,ocr-aceito,
board_20260812_082104_337891.png,2b2r1k/2q3p1/4p2p/4n3/1p2Q2N/2bB4/Pp3PPP/1K1R3R b - - 0 1,b,Secrets of Chess Training School of Future Champions 1_ao_5.pdf,53,1,embedded,2026-08-12T08:21:04Z,ocr-aceito,
board_20260812_082104_388756.png,2b3k1/2q3p1/4p1Np/8/1p2Q3/2b2P2/Pp5P/1K5R b - - 0 1,b,Secrets of Chess Training School of Future Champions 1_ao_5.pdf,53,2,embedded,2026-08-12T08:21:04Z,ocr-aceito,
board_20260812_082149_838604.png,7k/6p1/r2B3p/4P3/4b3/3n3B/6PP/5RK1 w - - 0 1,w,Secrets of Chess Training School of Future Champions 1_ao_5.pdf,55,1,embedded,2026-08-12T08:21:49Z,ocr-aceito,
board_20260812_082149_888905.png,2r5/4r1bk/1p2pqpp/5p2/2nP1N1P/3Q4/P4PP1/BR2R1K1 w - - 0 1,w,Secrets of Chess Training School of Future Champions 1_ao_5.pdf,55,2,embedded,2026-08-12T08:21:49Z,ocr-aceito,
board_20260812_082149_939709.png,r5k1/4qppp/3Rn3/p3p3/2P1P3/4B2P/5PP1/3Q2K1 w - - 0 1,w,Secrets of Chess Training School of Future Champions 1_ao_5.pdf,55,3,embedded,2026-08-12T08:21:49Z,ocr-aceito,
board_20260812_082220_554930.png,rnb1kb1r/pp3pp1/4pq1p/2p5/2PP4/2PB1N2/P4PPP/R1BQK2R w - - 0 1,w,Secrets of Chess Training School of Future Champions 1_ao_5.pdf,57,1,embedded,2026-08-12T08:22:20Z,ocr-aceito,
board_20260812_082242_981203.png,r1q1k2r/1p1bbpp1/p3p2p/7R/2P2B2/3B1Q2/P4PPP/3R2K1 w - - 0 1,w,,,1,embedded,2026-08-12T08:22:42Z,ocr-aceito,
board_20260812_082319_020993.png,r1q2k1r/1p1bb3/p3ppBp/4B1pR/2P5/6Q1/P4PPP/3R2K1 w - - 0 1,w,Secrets of Chess Training School of Future Champions 1_ao_5.pdf,59,1,embedded,2026-08-12T08:23:19Z,ocr-aceito,
board_20260812_082456_379296.png,r1q2k1r/1p1bb1p1/p3pp1p/4B2R/2P5/3B2Q1/P4PPP/3R2K1 w - - 0 1,w,,,1,embedded,2026-08-12T08:24:56Z,ocr-aceito,
board_20260812_082456_431094.png,r1b1k2r/ppq1bpp1/4p2p/8/2P5/3B1Q2/P4PPP/1RBR2K1 w - - 0 1,w,,,2,embedded,2026-08-12T08:24:56Z,ocr-aceito,
board_20260812_082456_481629.png,r1bqkb1r/pp3pp1/4p2p/8/2P5/3B4/P4PPP/1RBQ1RK1 w - - 0 1,w,,,3,embedded,2026-08-12T08:24:56Z,ocr-aceito,
board_20260812_082541_757336.png,r4rk1/1p3p1p/2qb2p1/3p4/2nP4/2N1PN2/2Q2PPP/R4RK1 w - - 0 1,w,Secrets of Chess Training School of Future Champions 1_ao_5.pdf,64,1,embedded,2026-08-12T08:25:41Z,ocr-aceito,
board_20260812_082601_198310.png,r2q1rk1/pbpn1ppp/1p1bpn2/3p4/2PP4/1PN1PN2/PB2BPPP/R2Q1RK1 b - - 0 1,b,Secrets of Chess Training School of Future Champions 1_ao_5.pdf,67,1,embedded,2026-08-12T08:26:01Z,ocr-aceito,
board_20260812_082623_048616.png,r4rk1/pb2qppp/1p1ppn2/3p4/2PPn3/1P2P3/PB1NBPPP/R2Q1RK1 w - - 0 1,w,Secrets of Chess Training School of Future Champions 1_ao_5.pdf,68,1,embedded,2026-08-12T08:26:23Z,ocr-aceito,
board_20260812_082648_675177.png,3K4/pP6/2PP3P/4Q2P/P3r2p/P2r3P/3n4/5k2 b - - 0 1,b,Secrets of Chess Training School of Future Champions 1_ao_5.pdf,69,1,contour,2026-08-12T08:26:48Z,ocr-aceito,
board_20260812_082715_988354.png,2r1n1k1/pbr1qp1p/1p2p1p1/3pP3/3P1P2/1P1BR3/PB1Q2PP/5RK1 b - - 0 1,b,Secrets of Chess Training School of Future Champions 1_ao_5.pdf,70,1,embedded,2026-08-12T08:27:15Z,ocr-aceito,
board_20260812_082740_573524.png,2r3k1/pbr1q2p/1p2p1p1/5P2/3Pp3/1P2R3/PB1Q2PP/5RK1 w - - 0 1,w,Secrets of Chess Training School of Future Champions 1_ao_5.pdf,71,1,embedded,2026-08-12T08:27:40Z,ocr-aceito,
board_20260812_082740_626970.png,2r4k/pb2q2P/1p6/3Pp3/1Q2p3/1P2R3/PBr3PP/5RK1 b - - 0 1,b,Secrets of Chess Training School of Future Champions 1_ao_5.pdf,71,2,embedded,2026-08-12T08:27:40Z,ocr-aceito,
board_20260812_082833_181110.png,r1b2rk1/pp2bppp/3qpn2/8/1n1P4/2N2N2/PP2QPPP/RBBR2K1 b - - 0 1,b,Secrets of Chess Training School of Future Champions 1_ao_5.pdf,73,1,embedded,2026-08-12T08:28:33Z,ocr-aceito,
board_20260812_082855_113240.png,3r1r2/pp3pkp/2q1pnp1/6Q1/3P4/P7/BP3PPP/R2R2K1 b - - 0 1,b,,,1,embedded,2026-08-12T08:28:55Z,ocr-aceito,
board_20260812_082917_487870.png,3r4/pp1r1pkp/1q2pnp1/8/3P4/P2R4/BP1Q1PPP/3R2K1 b - - 0 1,b,Secrets of Chess Training School of Future Champions 1_ao_5.pdf,75,1,embedded,2026-08-12T08:29:17Z,ocr-aceito,
board_20260812_082945_265622.png,2r3k1/p4p1p/1b1q2p1/3P4/1p2Q3/1P4P1/4RPBP/6K1 w - - 0 1,w,,,1,embedded,2026-08-12T08:29:45Z,ocr-aceito,
board_20260812_083045_902789.png,r2q1rk1/4np1p/p2p1QB1/1p2p3/8/N7/PPP2PPP/R3K2R b - - 0 1,b,,,1,embedded,2026-08-12T08:30:45Z,ocr-aceito,
board_20260812_083045_954771.png,3r2k1/5pb1/2p1p1pp/pq2P3/2R5/1P4BP/P3QPP1/6K1 w - - 0 1,w,,,2,embedded,2026-08-12T08:30:45Z,ocr-aceito,
board_20260812_083138_299058.png,3rr1k1/pp3pp1/2p1bn2/4q3/4P2p/1P6/P1B1QPPP/R2R1NK1 b - - 0 1,b,Secrets of Chess Training School of Future Champions 1_ao_5.pdf,79,1,embedded,2026-08-12T08:31:38Z,ocr-aceito,
board_20260812_083357_503717.png,3rr1k1/pp3pp1/2p2n2/8/4P1b1/1Pq2PPp/P1B2Q1P/R2R1NK1 w - - 0 1,w,Secrets of Chess Training School of Future Champions 1_ao_5.pdf,80,1,contour,2026-08-12T08:33:57Z,ocr-aceito,
board_20260812_083357_557576.png,3r2k1/pp3pp1/2p2P2/8/8/1P3QPp/P1B4P/q4NK1 b - - 0 1,b,Secrets of Chess Training School of Future Champions 1_ao_5.pdf,80,2,contour,2026-08-12T08:33:57Z,ocr-corrigido,
board_20260812_105416_697471.png,1qr1n1k1/1p1r1p1p/pQbpp1p1/P3P3/4BP2/2N5/1PP3PP/3R1R1K w - - 0 1,w,Secrets of Chess Training School of Future Champions 1_ao_5.pdf,83,1,embedded,2026-08-12T10:54:16Z,ocr-aceito,
board_20260812_105447_048487.png,1r2n3/3R1pkp/pNp1p3/P3P1p1/2P3P1/8/1P5P/7K w - - 0 1,w,Secrets of Chess Training School of Future Champions 1_ao_5.pdf,85,1,embedded,2026-08-12T10:54:47Z,ocr-aceito,
board_20260812_105512_463433.png,r5k1/1pp1qpp1/p1b1p2p/4P3/2BR1P2/P1Q1P1P1/1P5P/6K1 b - - 0 1,b,Secrets of Chess Training School of Future Champions 1_ao_5.pdf,86,1,embedded,2026-08-12T10:55:12Z,ocr-aceito,
board_20260812_105601_049200.png,r4rk1/1bqn2pp/p2bpn2/1p4B1/2p1P3/2N2N2/PPB1QPPP/3R1RK1 w - - 0 1,w,Secrets of Chess Training School of Future Champions 1_ao_5.pdf,87,1,embedded,2026-08-12T10:56:01Z,ocr-aceito,
board_20260812_105601_102528.png,rn2rnk1/pbq2pbp/1pp3p1/4p3/1PP1P3/4NNP1/P3QPBP/1RBR2K1 w - - 0 1,w,Secrets of Chess Training School of Future Champions 1_ao_5.pdf,87,2,embedded,2026-08-12T10:56:01Z,ocr-aceito,
board_20260812_105632_627862.png,r4rk1/pppq1pbp/2npbnp1/3Np3/2P5/3PP1P1/PP2NPBP/R1BQ1RK1 w - - 0 1,w,,,1,embedded,2026-08-12T10:56:32Z,ocr-aceito,
board_20260812_105653_496136.png,2br1rk1/pp2bppp/3p2n1/3P4/4P1n1/1B3NN1/PP1B2PP/R3R1K1 b - - 0 1,b,Secrets of Chess Training School of Future Champions 1_ao_5.pdf,89,1,embedded,2026-08-12T10:56:53Z,ocr-aceito,
board_20260813_032334_297423.png,R1n5/5rkp/3p2p1/2rNpq2/1NP4b/7P/4QPP1/5RK1 b - - 0 1,b,,,1,embedded,2026-08-13T03:23:34Z,ocr-aceito,
board_20260813_032334_351626.png,r4r2/pB3pkp/3p2p1/3P1b2/7q/8/PP1Q1PPP/R3R1K1 b - - 0 1,b,,,2,embedded,2026-08-13T03:23:34Z,ocr-aceito,
board_20260813_032542_642633.png,r2qk2r/pb3ppp/4pn2/3p4/PP2n3/5NP1/3NPPBP/R2Q1RK1 w - - 0 1,w,,,1,embedded,2026-08-13T03:25:42Z,ocr-aceito,
board_20260813_032542_698358.png,r1bq1rk1/ppn1ppbp/2p1n1p1/3pP3/3P1N2/5N1P/PPP2PP1/R1BQRBK1 w - - 0 1,w,,,2,embedded,2026-08-13T03:25:42Z,ocr-aceito,
board_20260813_032542_750502.png,rn2r1k1/5p1p/b1p2qp1/p3p3/1pB1P3/6QP/PPPN1PP1/2KR3R b - - 0 1,b,,,3,embedded,2026-08-13T03:25:42Z,ocr-aceito,
board_20260813_032626_613285.png,2r1r1k1/2pq1pbp/Q1pp1np1/8/4P3/2N5/PPP2PPP/R1B2RK1 w - - 0 1,w,,,1,embedded,2026-08-13T03:26:26Z,ocr-aceito,
board_20260813_032656_255822.png,rnb1k2r/pp3p2/2p2p1p/3p4/3P4/2q1P3/P2N1PPP/1R1QKB1R b - - 0 1,b,Secrets of Chess Training School of Future Champions 1_ao_5.pdf,95,1,embedded,2026-08-13T03:26:56Z,ocr-aceito,
board_20260813_032721_707276.png,r3k2r/pp1bppbp/n4np1/q2PB3/2Q5/2N1P3/PP3PPP/R3KBNR w - - 0 1,w,Secrets of Chess Training School of Future Champions 1_ao_5.pdf,96,1,embedded,2026-08-13T03:27:21Z,ocr-aceito,
board_20260813_032758_155649.png,rnb1k2r/p2p2pp/1p2p3/q1p2p2/2PP4/P1P5/1B1QPPPP/R3KB1R w - - 0 1,w,Secrets of Chess Training School of Future Champions 1_ao_5.pdf,98,1,embedded,2026-08-13T03:27:58Z,ocr-aceito,
board_20260813_032828_558276.png,r1r3k1/5ppp/q3pn2/p1b5/PpN5/1P2PQ2/5PPP/R1NR2K1 b - - 0 1,b,Secrets of Chess Training School of Future Champions 1_ao_5.pdf,102,1,embedded,2026-08-13T03:28:28Z,ocr-aceito,
board_20260813_033052_838286.png,r1r3k1/2q2ppp/3Rp3/p7/PpN1P3/1Pn2Q2/5PPP/4R1K1 b - - 0 1,b,Secrets of Chess Training School of Future Champions 1_ao_5.pdf,104,1,contour,2026-08-13T03:30:52Z,ocr-aceito,
board_20260813_033052_893011.png,r1r3k1/2q2ppp/3R4/p3pQ2/PpN1P3/1P6/4nPPP/4R1K1 w - - 0 1,w,Secrets of Chess Training School of Future Champions 1_ao_5.pdf,104,2,contour,2026-08-13T03:30:52Z,ocr-corrigido,
board_20260813_033127_570055.png,r1r3k1/5ppp/3R4/p3Q3/Ppq1P3/8/5PPP/4R1K1 w - - 0 1,w,Secrets of Chess Training School of Future Champions 1_ao_5.pdf,105,1,embedded,2026-08-13T03:31:27Z,ocr-aceito,
board_20260813_033246_981433.png,5rk1/pp3rpp/2bpp3/8/1QP1P3/P2R2P1/1P3qBP/4R2K b - - 0 1,b,Secrets of Chess Training School of Future Champions 1_ao_5.pdf,106,1,embedded,2026-08-13T03:32:46Z,ocr-aceito,
board_20260813_033247_037646.png,1r1q1rk1/p1p2ppp/3pbn2/2p5/2P1PP1Q/3B4/PP4PP/R2NK2R b - - 0 1,b,Secrets of Chess Training School of Future Champions 1_ao_5.pdf,106,2,contour,2026-08-13T03:32:47Z,ocr-aceito,
board_20260813_033247_090851.png,r2q1rk1/pb1nppbp/1p4p1/3p4/3P1P2/1QN1P3/PP1B2PP/2R1KB1R b - - 0 1,b,Secrets of Chess Training School of Future Champions 1_ao_5.pdf,106,3,contour,2026-08-13T03:32:47Z,ocr-aceito,
board_20260813_033313_246196.png,5rk1/1p3rpp/3pp3/p1q5/1PP1b3/P1QR2P1/6BP/4R2K w - - 0 1,w,Secrets of Chess Training School of Future Champions 1_ao_5.pdf,107,1,embedded,2026-08-13T03:33:13Z,ocr-aceito,
board_20260813_033345_698189.png,1r1r2k1/p1p2ppp/4b3/2ppP3/2P1nP2/3B4/PP4PP/R2NK2R w - - 0 1,w,Secrets of Chess Training School of Future Champions 1_ao_5.pdf,109,1,embedded,2026-08-13T03:33:45Z,ocr-aceito,
board_20260813_033345_750642.png,r2q1rk1/pb3pbp/1p4p1/4P3/3p4/1QN1P3/PP1B2PP/2R1KB1R w - - 0 1,w,Secrets of Chess Training School of Future Champions 1_ao_5.pdf,109,2,embedded,2026-08-13T03:33:45Z,ocr-aceito,
board_20260813_033416_440688.png,rnbqk2r/pp2bppp/4p3/3n4/3N4/5N2/PPP2PPP/R1BQKB1R w - - 0 1,w,Secrets of Chess Training School of Future Champions 1_ao_5.pdf,113,1,embedded,2026-08-13T03:34:16Z,ocr-aceito,
board_20260813_033449_479393.png,r4rk1/1bqn1ppp/pp2pn2/8/1bPN4/1P1B1N2/PB2QPPP/R2R2K1 w - - 0 1,w,Secrets of Chess Training School of Future Champions 1_ao_5.pdf,114,1,embedded,2026-08-13T03:34:49Z,ocr-aceito,
board_20260813_035821_160659.png,r3r1k1/1bqn1ppp/pp3n2/5N2/1bP1p3/1P1BQN2/PB3PPP/2RR2K1 w - - 0 1,w,Secrets of Chess Training School of Future Champions 1_ao_5.pdf,115,1,embedded,2026-08-13T03:58:21Z,ocr-aceito,
board_20260813_035855_652952.png,r1bqkb1r/2pn1ppp/p1p1p3/3pP3/2PP4/5N2/PP1N1PPP/R1BQK2R b - - 0 1,b,Secrets of Chess Training School of Future Champions 1_ao_5.pdf,117,1,embedded,2026-08-13T03:58:55Z,ocr-aceito,
board_20260813_035915_713967.png,r3kb1r/2p2ppp/p3p3/1b1qP3/2pP4/2P1QN2/P4PPP/R1B1K2R b - - 0 1,b,Secrets of Chess Training School of Future Champions 1_ao_5.pdf,118,1,embedded,2026-08-13T03:59:15Z,ocr-aceito,
board_20260813_040022_781841.png,1r2k2r/2p1bppp/p1b1p3/3qP3/2pP3P/2P1QN2/P4PP1/R1B1R1K1 b - - 0 1,b,Secrets of Chess Training School of Future Champions 1_ao_5.pdf,119,1,embedded,2026-08-13T04:00:22Z,ocr-aceito,
board_20260813_040041_360211.png,4k2r/5p2/pp2p3/3bP1P1/2pP4/2P5/P4PN1/R5K1 b - - 0 1,b,Secrets of Chess Training School of Future Champions 1_ao_5.pdf,120,1,embedded,2026-08-13T04:00:41Z,ocr-aceito,
board_20260813_040059_920168.png,r3kb1r/pp1bn1pp/1q2p3/n2pPp2/2pP1B2/P1P2N2/1PQNBPPP/R3K2R w - - 0 1,w,Secrets of Chess Training School of Future Champions 1_ao_5.pdf,121,1,embedded,2026-08-13T04:00:59Z,ocr-aceito,
board_20260813_040120_022326.png,4kb1r/pp2n1p1/2r4p/3pPp1P/b1pP1B1N/PqP5/1P1QBP2/R3K2R w - - 0 1,w,Secrets of Chess Training School of Future Champions 1_ao_5.pdf,122,1,embedded,2026-08-13T04:01:20Z,ocr-aceito,
board_20260813_040145_078642.png,7r/pp2kB2/1q5p/3pPp2/b1pP4/P1P2P2/1P1Q4/5R1K w - - 0 1,w,Secrets of Chess Training School of Future Champions 1_ao_5.pdf,123,1,embedded,2026-08-13T04:01:45Z,ocr-aceito,
board_20260813_040205_424788.png,r1b1k2r/ppq1nppp/2n1p3/2ppP3/P2P4/2P2N2/2P2PPP/R1BQKB1R b - - 0 1,b,Secrets of Chess Training School of Future Champions 1_ao_5.pdf,124,1,embedded,2026-08-13T04:02:05Z,ocr-aceito,
board_20260813_040225_024702.png,r1b1k2r/ppq1nppp/4p3/3pP3/Pn1P4/5N2/2P1BPPP/R1BQK2R w - - 0 1,w,Secrets of Chess Training School of Future Champions 1_ao_5.pdf,125,1,embedded,2026-08-13T04:02:25Z,ocr-aceito,
board_20260813_040255_100957.png,r1b1k2r/pp2nppp/4p3/3pP3/Pn1P4/5N2/2q1BPPP/R1B1QRK1 b - - 0 1,b,Secrets of Chess Training School of Future Champions 1_ao_5.pdf,126,1,embedded,2026-08-13T04:02:55Z,ocr-aceito,
board_20260813_040319_080718.png,r3k2r/1pqbnppp/4p3/3pP3/PQ1P4/5N2/5PPP/R2B1RK1 b - - 0 1,b,Secrets of Chess Training School of Future Champions 1_ao_5.pdf,127,1,embedded,2026-08-13T04:03:19Z,ocr-aceito,
board_20260813_040341_129282.png,r3k2r/2qb1ppp/2n1p3/3pP3/Pp1P4/3Q1N2/2B2PPP/R4RK1 b - - 0 1,b,Secrets of Chess Training School of Future Champions 1_ao_5.pdf,128,1,embedded,2026-08-13T04:03:41Z,ocr-aceito,
board_20260813_040432_508302.png,r1q1r1k1/1b1n1pbp/p1p1n1p1/BpP1p3/P3P3/1N1N2PP/1PQ2PB1/R2R2K1 w - - 0 1,w,,,1,embedded,2026-08-13T04:04:32Z,ocr-aceito,
board_20260813_040432_560612.png,2rr1k2/3b1ppp/n2p2p1/p1qN4/1p1NP3/1P3QPP/P2R1PBK/3R4 w - - 0 1,w,,,2,embedded,2026-08-13T04:04:32Z,ocr-aceito,
board_20260813_040432_615485.png,1k1r3r/p1pq1pp1/1pn1pn2/7p/3PP2P/B1P3N1/P3QPP1/R3K2R w - - 0 1,w,,,3,embedded,2026-08-13T04:04:32Z,ocr-aceito,
board_20260813_040432_671068.png,8/2K5/8/k7/pp6/3N4/8/5B2 w - - 0 1,w,,,4,embedded,2026-08-13T04:04:32Z,ocr-aceito,
board_20260813_040544_775743.png,4kr2/r2bb2Q/p3p3/2q1pp2/1p6/3B2N1/PPP3PP/1K1RR3 w - - 0 1,w,Secrets of Chess Training School of Future Champions 1_ao_5.pdf,130,1,embedded,2026-08-13T04:05:44Z,ocr-aceito,
board_20260813_040544_827583.png,1r6/pPk2p2/R4P2/2q1p3/2pb4/4B1P1/5PBP/6K1 w - - 0 1,w,Secrets of Chess Training School of Future Champions 1_ao_5.pdf,130,2,embedded,2026-08-13T04:05:44Z,ocr-corrigido,
board_20260813_040613_943106.png,r3r1k1/pppq1ppp/2nb4/3p4/3P1N2/3QB3/PPP2PPP/R4RK1 w - - 0 1,w,Secrets of Chess Training School of Future Champions 1_ao_5.pdf,134,1,embedded,2026-08-13T04:06:13Z,ocr-aceito,
board_20260813_040645_731078.png,r3r1k1/ppp2ppp/8/3p4/1b1P4/3PB3/PP3PPP/R3R1K1 b - - 0 1,b,Secrets of Chess Training School of Future Champions 1_ao_5.pdf,136,1,embedded,2026-08-13T04:06:45Z,ocr-aceito,
board_20260813_040735_211112.png,8/R4ppk/1p4q1/2ppr3/7P/6P1/PP3P2/3Q2K1 w - - 0 1,w,,,1,contour,2026-08-13T04:07:35Z,ocr-aceito,
board_20260813_040735_262076.png,r3r1k1/p1p2pp1/1p1b4/1Q1p1q1p/3P3P/4B1P1/PP2RP2/4R1K1 b - - 0 1,b,,,2,embedded,2026-08-13T04:07:35Z,ocr-aceito,
board_20260813_040806_258448.png,4R3/p1p2ppk/1p1b4/3p1q1p/3P3P/6P1/PP1B1P2/4R1K1 w - - 0 1,w,Secrets of Chess Training School of Future Champions 1_ao_5.pdf,138,1,embedded,2026-08-13T04:08:06Z,ocr-aceito,
board_20260813_040833_946020.png,1r4k1/4qpp1/1b1p3p/3Bp3/4P2P/2P3P1/1P2QP2/4R1K1 b - - 0 1,b,Secrets of Chess Training School of Future Champions 1_ao_5.pdf,140,1,embedded,2026-08-13T04:08:33Z,ocr-aceito,
board_20260813_040913_124842.png,5r2/b3qpk1/3p3p/3BpQpP/1PK1P1P1/2P2R2/5P2/8 w - - 0 1,w,Secrets of Chess Training School of Future Champions 1_ao_5.pdf,141,1,contour,2026-08-13T04:09:13Z,ocr-aceito,
board_20260813_040913_176187.png,r3kb1r/1p1b1ppp/nq2pn2/1N2N3/1pB5/4P3/PB3PPP/2RQ1RK1 w - - 0 1,w,Secrets of Chess Training School of Future Champions 1_ao_5.pdf,141,2,contour,2026-08-13T04:09:13Z,ocr-aceito,
board_20260813_040934_680412.png,2r3k1/r4pbp/1pn1p1p1/p1p1P3/P1B2P2/2P1B2P/1PKR1P2/3R4 w - - 0 1,w,Secrets of Chess Training School of Future Champions 1_ao_5.pdf,142,1,embedded,2026-08-13T04:09:34Z,ocr-aceito,
board_20260813_041037_607997.png,5b2/ppk2pp1/4p2p/2p1P2P/q1P1Q3/P3B1P1/1P3P2/2K5 w - - 0 1,w,Secrets of Chess Training School of Future Champions 1_ao_5.pdf,143,1,embedded,2026-08-13T04:10:37Z,ocr-aceito,
board_20260813_041037_660365.png,5k2/ppq3p1/4Q2p/2p1b2P/2P3P1/PP2B3/2K5/8 w - - 0 1,w,Secrets of Chess Training School of Future Champions 1_ao_5.pdf,143,2,embedded,2026-08-13T04:10:37Z,ocr-aceito,
board_20260813_041037_712345.png,r3k2r/5pp1/p1pp4/P6p/1p1pPb2/1B1P1P1P/1PP2P2/R2R2K1 b - - 0 1,b,Secrets of Chess Training School of Future Champions 1_ao_5.pdf,143,3,embedded,2026-08-13T04:10:37Z,ocr-aceito,
board_20260813_041129_865696.png,r5k1/2q2p1p/5bp1/1p1R4/2n1Q3/1B2P2P/5PP1/4B1K1 w - - 0 1,w,,,1,embedded,2026-08-13T04:11:29Z,ocr-aceito,
board_20260813_041254_654963.png,5rk1/p3Q1p1/1pbN1p1p/3q1P2/2p5/2P4P/PP2R1P1/6K1 w - - 0 1,w,Secrets of Chess Training School of Future Champions 1_ao_5.pdf,145,1,embedded,2026-08-13T04:12:54Z,ocr-aceito,
board_20260813_041254_709451.png,1R3Q2/q1r3pk/4p2p/3nPp2/p1p4P/P1P2bP1/3B4/1R3K2 b - - 0 1,b,Secrets of Chess Training School of Future Champions 1_ao_5.pdf,145,2,embedded,2026-08-13T04:12:54Z,ocr-aceito,
board_20260813_050403_040556.png,2r2rk1/1bpR1p2/1pq1pQp1/p3P2p/P1PR3P/5N2/2P2PPK/8 w - - 0 1,w,Secrets of Chess Training School of Future Champions 1_ao_5.pdf,146,1,embedded,2026-08-13T05:04:03Z,ocr-aceito,
board_20260813_050403_093487.png,8/1p6/7k/p4R2/2B3R1/1P5P/6PK/q3r3 w - - 0 1,w,Secrets of Chess Training School of Future Champions 1_ao_5.pdf,146,2,embedded,2026-08-13T05:04:03Z,ocr-aceito,
board_20260813_050403_147193.png,5rk1/p4p2/B3p2p/P3Q1p1/3P4/4P1P1/4KPPR/1q6 b - - 0 1,b,Secrets of Chess Training School of Future Champions 1_ao_5.pdf,146,3,embedded,2026-08-13T05:04:03Z,ocr-aceito,
board_20260813_050459_109034.png,8/1kp1q2p/1p4p1/5n2/1P2b1N1/1Q3N1P/4rPP1/2R3K1 w - - 0 1,w,Secrets of Chess Training School of Future Champions 1_ao_5.pdf,147,1,contour,2026-08-13T05:04:59Z,ocr-aceito,
board_20260813_050459_165837.png,1rbq3r/1n3pk1/1b1p1n2/1p1Pp1B1/2p1P3/2P2QN1/1PB2PPP/R3R1K1 b - - 0 1,b,Secrets of Chess Training School of Future Champions 1_ao_5.pdf,147,2,embedded,2026-08-13T05:04:59Z,ocr-aceito,
board_20260813_050459_218681.png,N7/8/8/6rq/4pK2/2PR2P1/1PP1Pk2/3Q4 w - - 0 1,w,Secrets of Chess Training School of Future Champions 1_ao_5.pdf,147,3,contour,2026-08-13T05:04:59Z,ocr-aceito,
board_20260813_050459_273439.png,Q7/p1NqNpkp/1p1P2p1/2p5/3b1P2/1P4P1/P4r1P/7K b - - 0 1,b,Secrets of Chess Training School of Future Champions 1_ao_5.pdf,147,4,embedded,2026-08-13T05:04:59Z,ocr-aceito,
board_20260813_050546_208553.png,2r2rk1/1bpR1p2/1pq1pQp1/p3P2p/P1PR3P/5N2/2P2PPK/8 w - - 0 1,w,,,1,embedded,2026-08-13T05:05:46Z,ocr-aceito,
board_20260813_050546_262485.png,8/1p6/7k/p4R2/2B3R1/1P5P/6PK/q3r3 w - - 0 1,w,,,2,embedded,2026-08-13T05:05:46Z,ocr-aceito,
board_20260813_050546_318290.png,5rk1/p4p2/B3p2p/P3Q1p1/3P4/4P1P1/4KPPR/1q6 b - - 0 1,b,,,3,embedded,2026-08-13T05:05:46Z,ocr-aceito,
board_20260813_050754_035225.png,6k1/6p1/6Pp/ppp5/3pn2P/1P3K2/1PP2P2/3N4 b - - 0 1,b,Secrets of Chess Training School of Future Champions 1_ao_5.pdf,155,1,embedded,2026-08-13T05:07:54Z,ocr-aceito,
board_20260813_050754_089317.png,2kr3r/Qpp1n1p1/2b2pp1/4b3/8/6N1/PPP2P2/R1B2RK1 b - - 0 1,b,Secrets of Chess Training School of Future Champions 1_ao_5.pdf,155,2,embedded,2026-08-13T05:07:54Z,ocr-corrigido,
board_20260813_050754_142470.png,8/3r1Np1/b7/8/8/8/1k3K2/5R2 w - - 0 1,w,Secrets of Chess Training School of Future Champions 1_ao_5.pdf,155,3,embedded,2026-08-13T05:07:54Z,ocr-aceito,
board_20260813_050754_201374.png,8/pkp4Q/q6P/3pb3/1p6/1P1PP3/PB4r1/1K1R3R w - - 0 1,w,Secrets of Chess Training School of Future Champions 1_ao_5.pdf,155,4,embedded,2026-08-13T05:07:54Z,ocr-aceito,
board_20260813_050754_260609.png,7k/2r2ppp/1q1p1n2/r1pP1P2/5pN1/1Pb5/P1P4R/1KQ3R1 w - - 0 1,w,Secrets of Chess Training School of Future Champions 1_ao_5.pdf,155,5,embedded,2026-08-13T05:07:54Z,ocr-aceito,
board_20260813_050754_316824.png,5r1k/p4Pp1/7p/1b6/2p1P3/1n2BP2/4BK1P/3R4 w - - 0 1,w,Secrets of Chess Training School of Future Champions 1_ao_5.pdf,155,6,embedded,2026-08-13T05:07:54Z,ocr-aceito,
board_20260813_050903_651092.png,4B1k1/p1r5/4bP2/8/4R3/1np1B3/5K1P/8 b - - 0 1,b,Secrets of Chess Training School of Future Champions 1_ao_5.pdf,156,1,embedded,2026-08-13T05:09:03Z,ocr-aceito,
board_20260813_050903_709313.png,3r2k1/p4ppp/n3q3/8/2Q5/5BP1/P2rPP1P/2R2RK1 b - - 0 1,b,Secrets of Chess Training School of Future Champions 1_ao_5.pdf,156,2,embedded,2026-08-13T05:09:03Z,ocr-aceito,
board_20260813_050903_769287.png,8/3R1ppp/1p2pk2/8/Pp6/2r1PKP1/5P1P/8 w - - 0 1,w,Secrets of Chess Training School of Future Champions 1_ao_5.pdf,156,3,embedded,2026-08-13T05:09:03Z,ocr-aceito,
board_20260813_050903_823870.png,r2r4/pp2ppkp/2n1b3/2PN2p1/8/P4PP1/1P1R2BP/3R2K1 w - - 0 1,w,Secrets of Chess Training School of Future Champions 1_ao_5.pdf,156,4,embedded,2026-08-13T05:09:03Z,ocr-aceito,
board_20260813_050903_877688.png,2r1r1k1/pp1b1ppp/3p4/3B4/3P4/6P1/PP1K1P1P/2R4R w - - 0 1,w,Secrets of Chess Training School of Future Champions 1_ao_5.pdf,156,5,embedded,2026-08-13T05:09:03Z,ocr-aceito,
board_20260813_050903_931650.png,8/8/5N2/B1pK4/1p6/k7/8/8 w - - 0 1,w,Secrets of Chess Training School of Future Champions 1_ao_5.pdf,156,6,embedded,2026-08-13T05:09:03Z,ocr-aceito,
board_20260813_051024_394040.png,8/5pk1/7p/3Q2p1/3N2K1/P2n2P1/7P/5q2 b - - 0 1,b,Secrets of Chess Training School of Future Champions 1_ao_5.pdf,157,1,contour,2026-08-13T05:10:24Z,ocr-aceito,
board_20260813_051024_448749.png,2rr1bk1/p4p1p/4bp2/3p3Q/Nqp5/1P2P1P1/P4PBP/2RR2K1 w - - 0 1,w,Secrets of Chess Training School of Future Champions 1_ao_5.pdf,157,2,embedded,2026-08-13T05:10:24Z,ocr-aceito,
board_20260813_051024_501876.png,8/p6B/5k2/3p4/3P2P1/4K2n/P7/8 b - - 0 1,b,Secrets of Chess Training School of Future Champions 1_ao_5.pdf,157,3,embedded,2026-08-13T05:10:24Z,ocr-aceito,
board_20260813_051024_556129.png,8/2R5/1p2pkp1/6Np/nP6/6P1/4rPKP/8 w - - 0 1,w,Secrets of Chess Training School of Future Champions 1_ao_5.pdf,157,4,contour,2026-08-13T05:10:24Z,ocr-aceito,
board_20260813_051024_609722.png,r3kbnr/ppp2ppp/2n5/3qp3/3P2b1/2P2N2/PP1N1PPP/R1BQKB1R w - - 0 1,w,Secrets of Chess Training School of Future Champions 1_ao_5.pdf,157,5,embedded,2026-08-13T05:10:24Z,ocr-aceito,
board_20260813_051024_663452.png,r1bqr1k1/pp1n1pp1/2pb3p/8/2PpB3/4PN2/PBQ2PPP/3R1RK1 w - - 0 1,w,Secrets of Chess Training School of Future Champions 1_ao_5.pdf,157,6,embedded,2026-08-13T05:10:24Z,ocr-aceito,
board_20260813_051200_641546.png,3K4/2P3pk/8/3R4/1p2P3/p1r5/7P/8 w - - 0 1,w,Secrets of Chess Training School of Future Champions 1_ao_5.pdf,158,1,embedded,2026-08-13T05:12:00Z,ocr-aceito,
board_20260813_051200_696900.png,5r2/1p1nr1k1/6pp/1Np5/2N3n1/7P/1PPRp1P1/4R1K1 b - - 0 1,b,Secrets of Chess Training School of Future Champions 1_ao_5.pdf,158,2,embedded,2026-08-13T05:12:00Z,ocr-aceito,
board_20260813_051200_752520.png,2rq2k1/pp1r1p1p/3n2pb/2BPp3/1Q6/5BP1/PPR2P1P/4R1K1 w - - 0 1,w,Secrets of Chess Training School of Future Champions 1_ao_5.pdf,158,3,embedded,2026-08-13T05:12:00Z,ocr-aceito,
board_20260813_051200_814531.png,N1k2r2/4R3/8/2P5/7K/8/4p3/8 w - - 0 1,w,Secrets of Chess Training School of Future Champions 1_ao_5.pdf,158,4,embedded,2026-08-13T05:12:00Z,ocr-aceito,
board_20260813_051200_873045.png,2br2k1/5pb1/p1nr1npp/1ppNp1N1/4P3/2P1BQ1P/PPB2PP1/R3R1K1 w - - 0 1,w,Secrets of Chess Training School of Future Champions 1_ao_5.pdf,158,5,embedded,2026-08-13T05:12:00Z,ocr-aceito,
board_20260813_051200_929185.png,6k1/2rn1p2/p3r3/2p5/2N2B2/P2r3P/1PR2PPK/8 b - - 0 1,b,Secrets of Chess Training School of Future Champions 1_ao_5.pdf,158,6,embedded,2026-08-13T05:12:00Z,ocr-aceito,
board_20260813_051300_730746.png,8/2p4R/3pk3/8/2P1PK2/3rNP2/8/1b6 b - - 0 1,b,,,1,embedded,2026-08-13T05:13:00Z,ocr-aceito,
board_20260813_051300_783975.png,r1b1k2r/1pq1nppp/p3p3/3pP3/3b1P2/N2B4/PPP1Q1PP/R1B1K2R w - - 0 1,w,,,2,embedded,2026-08-13T05:13:00Z,ocr-aceito,
board_20260813_051300_839974.png,r2q1rk1/pp1b2bp/3p2p1/3Pp2n/1n2Pp2/2NB1P2/PP1QNBPP/1K1R3R w - - 0 1,w,,,3,embedded,2026-08-13T05:13:00Z,ocr-aceito,
board_20260813_051300_895809.png,6k1/p1r2pbp/Bp2p1p1/n7/q2PP3/B2QP2P/P5P1/5RK1 w - - 0 1,w,,,4,embedded,2026-08-13T05:13:00Z,ocr-aceito,
board_20260813_051300_951747.png,7k/5qp1/1Q5p/8/6P1/1p3P2/1P1r2PK/4R3 w - - 0 1,w,,,5,embedded,2026-08-13T05:13:00Z,ocr-aceito,
board_20260813_051301_007046.png,4r3/2r1k1p1/1pp1pn1p/1p6/4PP2/P2NK3/1P1R2PP/3R4 b - - 0 1,b,,,6,embedded,2026-08-13T05:13:01Z,ocr-aceito,
board_20260813_051430_807952.png,r1bq1rk1/pp3p1p/5npb/2B5/2P1Pp2/2N2B2/PP4PP/R2QK2R b - - 0 1,b,Secrets of Chess Training School of Future Champions 1_ao_5.pdf,161,1,embedded,2026-08-13T05:14:30Z,ocr-aceito,
board_20260813_051430_861428.png,1r2r1k1/pp1bqp2/3p1nn1/2pP2p1/2P1p1P1/2P1P1B1/P1QNBP2/2K3RR w - - 0 1,w,Secrets of Chess Training School of Future Champions 1_ao_5.pdf,161,2,embedded,2026-08-13T05:14:30Z,ocr-aceito,
board_20260813_051430_915127.png,2r2rk1/1pq3bp/p2p1np1/3Ppb2/1P6/1NN1BP2/P2Q2PP/2R2RK1 b - - 0 1,b,Secrets of Chess Training School of Future Champions 1_ao_5.pdf,161,3,embedded,2026-08-13T05:14:30Z,ocr-aceito,
board_20260813_051430_970399.png,5n2/4nk2/4b1p1/2QpPpP1/3P1N2/4BBK1/q7/8 w - - 0 1,w,Secrets of Chess Training School of Future Champions 1_ao_5.pdf,161,4,embedded,2026-08-13T05:14:30Z,ocr-aceito,
board_20260813_051431_027640.png,r4r1k/1p2q1pp/8/p2B1p1Q/Pb2p3/1P2P2P/5PP1/R4RK1 b - - 0 1,b,Secrets of Chess Training School of Future Champions 1_ao_5.pdf,161,5,embedded,2026-08-13T05:14:31Z,ocr-aceito,
board_20260813_051431_081428.png,r1b1k1nr/bppp1ppp/p1n5/P3P2q/1P6/2PB1N2/5PPP/RNBQ1RK1 w - - 0 1,w,Secrets of Chess Training School of Future Champions 1_ao_5.pdf,161,6,embedded,2026-08-13T05:14:31Z,ocr-aceito,
board_20260813_051556_273634.png,r1bq1rk1/pp3p1p/5npb/2B5/2P1Pp2/2N2B2/PP4PP/R2QK2R b - - 0 1,b,,,1,embedded,2026-08-13T05:15:56Z,ocr-aceito,
board_20260813_051556_327851.png,1r2r1k1/pp1bqp2/3p1nn1/2pP2p1/2P1p1P1/2P1P1B1/P1QNBP2/2K3RR w - - 0 1,w,,,2,embedded,2026-08-13T05:15:56Z,ocr-aceito,
board_20260813_051556_380057.png,2r2rk1/1pq3bp/p2p1np1/3Ppb2/1P6/1NN1BP2/P2Q2PP/2R2RK1 b - - 0 1,b,,,3,embedded,2026-08-13T05:15:56Z,ocr-aceito,
board_20260813_051556_435651.png,5n2/4nk2/4b1p1/2QpPpP1/3P1N2/4BBK1/q7/8 w - - 0 1,w,,,4,embedded,2026-08-13T05:15:56Z,ocr-aceito,
board_20260813_051556_489332.png,r4r1k/1p2q1pp/8/p2B1p1Q/Pb2p3/1P2P2P/5PP1/R4RK1 b - - 0 1,b,,,5,embedded,2026-08-13T05:15:56Z,ocr-aceito,
board_20260813_051556_543948.png,r1b1k1nr/bppp1ppp/p1n5/P3P2q/1P6/2PB1N2/5PPP/RNBQ1RK1 w - - 0 1,w,,,6,embedded,2026-08-13T05:15:56Z,ocr-aceito,
board_20260813_051706_654105.png,2Q5/6N1/4K3/8/8/8/2p5/k7 w - - 0 1,w,Secrets of Chess Training School of Future Champions 1_ao_5.pdf,162,1,embedded,2026-08-13T05:17:06Z,ocr-aceito,
board_20260813_051706_710164.png,3q1rk1/ppp2r2/3p2p1/1P1Pp3/P3P1n1/3P1NPb/2R1Q3/2R3KB b - - 0 1,b,Secrets of Chess Training School of Future Champions 1_ao_5.pdf,162,2,embedded,2026-08-13T05:17:06Z,ocr-aceito,
board_20260813_051706_765417.png,r3r1k1/pq3ppp/2P5/1p6/5B2/P5P1/1PQ1RK1n/3R4 b - - 0 1,b,Secrets of Chess Training School of Future Champions 1_ao_5.pdf,162,3,embedded,2026-08-13T05:17:06Z,ocr-aceito,
board_20260813_051706_819690.png,2r3k1/1p3RPp/pB1b4/Pq1Pp3/8/6P1/4r2P/3Q1R1K w - - 0 1,w,Secrets of Chess Training School of Future Champions 1_ao_5.pdf,162,4,embedded,2026-08-13T05:17:06Z,ocr-aceito,
board_20260813_051706_874599.png,r2r2k1/pp2p2p/4bppB/n1qP4/4P3/3B1P2/P3N1PP/QR5K w - - 0 1,w,Secrets of Chess Training School of Future Champions 1_ao_5.pdf,162,5,embedded,2026-08-13T05:17:06Z,ocr-aceito,
board_20260813_051706_932093.png,4r1k1/1p2qpp1/p1p4p/4P3/1P1Q1P1P/P5P1/3R2K1/8 w - - 0 1,w,Secrets of Chess Training School of Future Champions 1_ao_5.pdf,162,6,embedded,2026-08-13T05:17:06Z,ocr-aceito,
board_20260813_051936_410529.png,r1b2rk1/ppp1qppp/1n1b1n2/8/1P1Pp3/P1N1P3/1B1NBPPP/R2QK2R w - - 0 1,w,Secrets of Chess Training School of Future Champions 1_ao_5.pdf,163,1,embedded,2026-08-13T05:19:36Z,ocr-corrigido,
board_20260813_051936_462909.png,2k1r2r/pp1b4/3npp2/q2p2p1/P1pP1P2/2P2B1P/2PQ2PB/R4RK1 b - - 0 1,b,Secrets of Chess Training School of Future Champions 1_ao_5.pdf,163,2,embedded,2026-08-13T05:19:36Z,ocr-corrigido,
board_20260813_051936_516561.png,8/p2n4/P4k2/7p/2BK4/8/6PP/8 w - - 0 1,w,Secrets of Chess Training School of Future Champions 1_ao_5.pdf,163,3,embedded,2026-08-13T05:19:36Z,ocr-aceito,
board_20260813_051936_572241.png,r4rk1/pp1npqb1/2p2npp/3p1p2/2PP4/1PNQ1PP1/PB2P1BP/R4RK1 w - - 0 1,w,Secrets of Chess Training School of Future Champions 1_ao_5.pdf,163,4,embedded,2026-08-13T05:19:36Z,ocr-corrigido,
board_20260813_051936_625347.png,r6k/pp3p2/4bq1p/4R2Q/2p1BP2/2P3P1/r6P/4R2K w - - 0 1,w,Secrets of Chess Training School of Future Champions 1_ao_5.pdf,163,5,embedded,2026-08-13T05:19:36Z,ocr-aceito,
board_20260813_051936_680501.png,r2qr1k1/p4ppp/2b2n2/2pp4/8/P1BBP3/1P3PPP/R2Q1RK1 w - - 0 1,w,Secrets of Chess Training School of Future Champions 1_ao_5.pdf,163,6,embedded,2026-08-13T05:19:36Z,ocr-aceito,
board_20260813_052037_653287.png,r1b2rk1/ppp1qppp/1n1b1n2/8/1P1Pp3/P1N1P3/1B1NBPPP/R2QK2R w - - 0 1,w,Secrets of Chess Training School of Future Champions 1_ao_5.pdf,163,1,embedded,2026-08-13T05:20:37Z,ocr-corrigido,
board_20260813_052037_712953.png,2k1r2r/pp1b4/3npp2/q2p2p1/P1pP1P2/2P2B1P/2PQ2PB/R4RK1 b - - 0 1,b,Secrets of Chess Training School of Future Champions 1_ao_5.pdf,163,2,embedded,2026-08-13T05:20:37Z,ocr-corrigido,
board_20260813_052037_767867.png,8/p2n4/P4k2/7p/2BK4/8/6PP/8 w - - 0 1,w,Secrets of Chess Training School of Future Champions 1_ao_5.pdf,163,3,embedded,2026-08-13T05:20:37Z,ocr-aceito,
board_20260813_052037_823713.png,r4rk1/pp1npqb1/2p2npp/3p1p2/2PP4/1PNQ1PP1/PB2P1BP/R4RK1 w - - 0 1,w,Secrets of Chess Training School of Future Champions 1_ao_5.pdf,163,4,embedded,2026-08-13T05:20:37Z,ocr-corrigido,
board_20260813_052037_878022.png,r6k/pp3p2/4bq1p/4R2Q/2p1BP2/2P3P1/r6P/4R2K w - - 0 1,w,Secrets of Chess Training School of Future Champions 1_ao_5.pdf,163,5,embedded,2026-08-13T05:20:37Z,ocr-aceito,
board_20260813_052037_931754.png,r2qr1k1/p4ppp/2b2n2/2pp4/8/P1BBP3/1P3PPP/R2Q1RK1 w - - 0 1,w,Secrets of Chess Training School of Future Champions 1_ao_5.pdf,163,6,embedded,2026-08-13T05:20:37Z,ocr-aceito,
board_20260813_052234_643450.png,1r2r1k1/2n2nqp/3p1rp1/p1pP4/1p2PP2/2P4P/P2Q1BP1/R3RB1K w - - 0 1,w,Secrets of Chess Training School of Future Champions 1_ao_5.pdf,164,1,contour,2026-08-13T05:22:34Z,ocr-aceito,
board_20260813_052234_699091.png,2krr3/1pq1bpp1/pn1p1n1p/4pP2/5P2/2NB3Q/PPP2BPP/2KR3R w - - 0 1,w,Secrets of Chess Training School of Future Champions 1_ao_5.pdf,164,2,embedded,2026-08-13T05:22:34Z,ocr-corrigido,
board_20260813_052234_752672.png,r4rk1/ppp3np/3p4/3Pb3/2P1p2q/4B2P/PPB1Q1P1/2KR3R w - - 0 1,w,Secrets of Chess Training School of Future Champions 1_ao_5.pdf,164,3,embedded,2026-08-13T05:22:34Z,ocr-corrigido,
board_20260813_052234_805766.png,r4k2/3n1pr1/3P1bp1/8/4N2P/4B1P1/5P2/1R3K2 b - - 0 1,b,Secrets of Chess Training School of Future Champions 1_ao_5.pdf,164,4,contour,2026-08-13T05:22:34Z,ocr-aceito,
board_20260813_052234_860252.png,6k1/p5p1/2p5/3pr1N1/4n2P/7K/PP6/4R3 w - - 0 1,w,Secrets of Chess Training School of Future Champions 1_ao_5.pdf,164,5,embedded,2026-08-13T05:22:34Z,ocr-corrigido,
board_20260813_052234_913862.png,2b2rk1/3r2pn/p1p1p3/4Q1b1/8/8/P1P3PP/1R3R1K b - - 0 1,b,Secrets of Chess Training School of Future Champions 1_ao_5.pdf,164,6,embedded,2026-08-13T05:22:34Z,ocr-aceito,
board_20260813_052509_426287.png,3r2k1/p2q1pp1/4p2p/2p1P3/2P5/1P2R1P1/2K2P1P/4Q3 b - - 0 1,b,,,1,embedded,2026-08-13T05:25:09Z,ocr-aceito,
board_20260813_052509_490249.png,r4rk1/1b2qppp/p1nbpn2/1p6/1P6/P1N1PN2/1B2QPPP/1BR2RK1 b - - 0 1,b,,,2,embedded,2026-08-13T05:25:09Z,ocr-aceito,
board_20260813_052509_544831.png,4r3/p4ppp/1kp5/3p4/8/1P4P1/5PBP/2R2K2 w - - 0 1,w,,,3,embedded,2026-08-13T05:25:09Z,ocr-aceito,
board_20260813_052509_600962.png,r4r2/1p1qnp1k/p2p2pb/2p1p2p/P1P1P3/2NP1N2/1P3PPP/1R1QR1K1 b - - 0 1,b,,,4,embedded,2026-08-13T05:25:09Z,ocr-aceito,
board_20260813_052509_655935.png,rnbq1rk1/pp2ppb1/3p1npp/2pP4/4P1P1/2N4P/PPP1BP2/R1BQK1NR w - - 0 1,w,,,5,embedded,2026-08-13T05:25:09Z,ocr-aceito,
board_20260813_052509_709320.png,1r3rk1/2q2p1p/b2p2p1/p1nPp3/4P3/B3N2P/P1BQ1PP1/2R3K1 b - - 0 1,b,,,6,embedded,2026-08-13T05:25:09Z,ocr-aceito,
board_20260813_164026_499375.png,r4rk1/pb2qppp/1p1ppn2/3p4/2PPn3/1P2P3/PB1NBPPP/R2Q1RK1 w - - 0 1,w,Secrets of Chess Training School of Future Champions 1_ao_5.pdf,69,1,embedded,2026-08-13T16:40:26Z,ocr-aceito,
board_20260814_045549_788823.png,r1r4k/pb2qppp/1p2pn2/3p4/3P4/1P1BPP2/PB1Q2PP/4RRK1 b - - 0 1,b,,,1,contour,2026-08-14T04:55:49Z,ocr-corrigido,
board_20260814_051254_485486.png,3r1r2/pp3pkp/2q1pnp1/6Q1/3P4/P7/BP3PPP/R2R2K1 b - - 0 1,b,,,1,embedded,2026-08-14T05:12:54Z,ocr-aceito,
board_20260814_051326_173972.png,2r3k1/p4p1p/1b1q2p1/3P4/1p2Q3/1P4P1/4RPBP/6K1 w - - 0 1,w,Secrets of Chess Training School of Future Champions 1_ao_5.pdf,76,1,embedded,2026-08-14T05:13:26Z,ocr-aceito,
board_20260814_051448_077551.png,r2q1rk1/4np1p/p2p1QB1/1p2p3/8/N7/PPP2PPP/R3K2R b - - 0 1,b,,,1,embedded,2026-08-14T05:14:48Z,ocr-aceito,
board_20260814_051448_130619.png,3r2k1/5pb1/2p1p1pp/pq2P3/2R5/1P4BP/P3QPP1/6K1 w - - 0 1,w,,,2,embedded,2026-08-14T05:14:48Z,ocr-aceito,
board_20260814_051804_363737.png,2r2b1r/ppk3pp/5n2/2p5/1P2q3/2B1P1PQ/P2P3P/2R2RK1 w - - 0 1,w,Secrets of Chess Training School of Future Champions 1_ao_5.pdf,200,1,embedded,2026-08-14T05:18:04Z,ocr-aceito,
board_20260814_052015_023978.png,r2q1r1k/5p1p/p1bP1bp1/1p3B2/3B3Q/P1N5/1PP3PP/4R1K1 b - - 0 1,b,Secrets of Chess Training School of Future Champions 1_ao_5.pdf,204,1,embedded,2026-08-14T05:20:15Z,ocr-aceito,
board_20260814_052036_959681.png,r4rk1/4qpp1/p3p2p/3b4/1p3PPP/3B4/PP2Q3/1NKR3R w - - 0 1,w,Secrets of Chess Training School of Future Champions 1_ao_5.pdf,205,1,embedded,2026-08-14T05:20:36Z,ocr-aceito,
board_20260814_052127_378483.png,r3k2r/ppp2ppp/2n5/7b/2BPPBnq/P1N5/1P4PP/R2QK2R w - - 0 1,w,Secrets of Chess Training School of Future Champions 1_ao_5.pdf,208,1,embedded,2026-08-14T05:21:27Z,ocr-aceito,
board_20260814_052127_432386.png,2k4r/pppr1ppp/6q1/3N3b/2BnPQn1/P5B1/1P4PP/2R2RK1 b - - 0 1,b,Secrets of Chess Training School of Future Champions 1_ao_5.pdf,208,2,embedded,2026-08-14T05:21:27Z,ocr-aceito,
board_20260814_052157_731210.png,1k1r3r/pp2nppp/1q2p3/3pP3/2pP4/P1P5/1PBQ1PPP/1R3RK1 w - - 0 1,w,,,1,embedded,2026-08-14T05:21:57Z,ocr-aceito,
board_20260814_052258_069046.png,rnb2r1k/ppqpbppp/4pn2/8/2P5/2NBPN2/PPQB1PPP/2KR3R w - - 0 1,w,,,1,embedded,2026-08-14T05:22:58Z,ocr-aceito,
board_20260814_052258_126742.png,2k4r/ppqb1p2/3p1pn1/P1pPp3/2P1P3/1QPB2P1/1R4Nr/1R4K1 w - - 0 1,w,,,2,embedded,2026-08-14T05:22:58Z,ocr-aceito,
board_20260814_052314_134290.png,r2r2k1/pb2q1p1/4pnBp/4N3/1p6/4Q3/PP3PPP/R2R2K1 w - - 0 1,w,Secrets of Chess Training School of Future Champions 1_ao_5.pdf,211,1,embedded,2026-08-14T05:23:14Z,ocr-aceito,
board_20260814_052434_848001.png,2qr2k1/r3b1p1/pp1pp2p/4n3/2P1N3/1P1Q2P1/P3P1BP/3R1RK1 w - - 0 1,w,Secrets of Chess Training School of Future Champions 1_ao_5.pdf,212,1,embedded,2026-08-14T05:24:34Z,ocr-aceito,
board_20260814_052434_905344.png,1q1r3k/4b1p1/p3B2p/3pn3/1r6/1PN3P1/P3PQ1P/2R2R1K b - - 0 1,b,Secrets of Chess Training School of Future Champions 1_ao_5.pdf,212,2,embedded,2026-08-14T05:24:34Z,ocr-aceito,
board_20260814_052519_208782.png,r3rq1k/ppp4p/1n1nBp2/3Pp3/2p1P3/P7/PB2RP1K/2Q3R1 b - - 0 1,b,,,1,embedded,2026-08-14T05:25:19Z,ocr-aceito,
board_20260814_052519_267917.png,8/1R2bk2/5p2/r3P2K/5P2/4P3/8/5B2 b - - 0 1,b,,,2,embedded,2026-08-14T05:25:19Z,ocr-aceito,
board_20260814_052558_477594.png,r1b3k1/pp1nR1b1/2p5/8/1PP5/2pQP1q1/P5P1/5RK1 b - - 0 1,b,Secrets of Chess Training School of Future Champions 1_ao_5.pdf,214,1,embedded,2026-08-14T05:25:58Z,ocr-aceito,
board_20260814_052558_530688.png,2b2k2/1p1nnp1p/6p1/NPPp4/3N1P2/8/4B1PP/6K1 w - - 0 1,w,Secrets of Chess Training School of Future Champions 1_ao_5.pdf,214,2,embedded,2026-08-14T05:25:58Z,ocr-aceito,
board_20260814_052744_871122.png,r2q1rk1/ppp1ppbp/3p1np1/n2P1b2/2P5/2N2NP1/PP2PPBP/R1BQ1RK1 w - - 0 1,w,,,1,embedded,2026-08-14T05:27:44Z,ocr-aceito,
board_20260815_051708_623594.png,2rq1rk1/p3ppbp/3p1np1/np1P4/4P1b1/P1N3P1/1PQN1PBP/R1B1R1K1 b - - 0 1,b,Secrets of Chess Training School of Future Champions 1_ao_5.pdf,232,1,embedded,2026-08-15T05:17:08Z,ocr-aceito,
board_20260815_051836_984966.png,3qr1k1/N4p1p/3p2p1/n2Q4/6P1/Prn1B2P/1b3PB1/1R2R1K1 w - - 0 1,w,,,1,embedded,2026-08-15T05:18:36Z,ocr-aceito,
board_20260815_051837_046666.png,3B2k1/N4p1p/3p2p1/n2Q4/6P1/Prn4P/1b3P2/4rBK1 w - - 0 1,w,,,2,embedded,2026-08-15T05:18:37Z,ocr-aceito,
board_20260815_051910_701156.png,3qr1k1/N4p1p/3p2p1/n2Q4/6P1/Prn1B2P/1b3PB1/1R2R1K1 w - - 0 1,w,Secrets of Chess Training School of Future Champions 1_ao_5.pdf,235,1,embedded,2026-08-15T05:19:10Z,ocr-aceito,
board_20260815_051910_757948.png,3B2k1/N4p1p/3p2p1/n2Q4/6P1/Prn4P/1b3P2/4rBK1 w - - 0 1,w,Secrets of Chess Training School of Future Champions 1_ao_5.pdf,235,2,embedded,2026-08-15T05:19:10Z,ocr-aceito,
board_20260815_051932_774170.png,3BkbQ1/4Np2/3p2p1/8/2n2nP1/Pr5P/5P1K/4rB2 b - - 0 1,b,Secrets of Chess Training School of Future Champions 1_ao_5.pdf,235,1,embedded,2026-08-15T05:19:32Z,ocr-aceito,
board_20260815_052013_089370.png,r1b2rk1/2p1qppp/p2p1n2/1p2p3/4P3/1P1P1N2/1PPB1PPP/R2Q1RK1 b - - 0 1,b,Secrets of Chess Training School of Future Champions 1_ao_5.pdf,237,1,embedded,2026-08-15T05:20:13Z,ocr-aceito,
board_20260815_052044_168812.png,rnbq1rk1/p3bppp/1p2pn2/2pp4/2PP1B2/2N1PN2/PP3PPP/2RQKB1R w - - 0 1,w,Secrets of Chess Training School of Future Champions 1_ao_5.pdf,239,1,embedded,2026-08-15T05:20:44Z,ocr-aceito,
board_20260815_052112_212447.png,3qr1k1/1b2bppp/rn3n2/pNppN3/P4B2/4PB2/1P3PPP/2RQ1RK1 w - - 0 1,w,Secrets of Chess Training School of Future Champions 1_ao_5.pdf,240,1,embedded,2026-08-15T05:21:12Z,ocr-aceito,
board_20260815_052128_107483.png,3qr1k1/1bn2ppp/5n2/rNRP4/P7/4PB2/5PPP/3Q1RK1 w - - 0 1,w,Secrets of Chess Training School of Future Champions 1_ao_5.pdf,241,1,embedded,2026-08-15T05:21:28Z,ocr-aceito,
board_20260815_052145_277634.png,r3brk1/pp1nq1pp/2pbpn2/3p1p2/2PP4/1PNNP1P1/PB3PBP/R2Q1RK1 b - - 0 1,b,Secrets of Chess Training School of Future Champions 1_ao_5.pdf,243,1,embedded,2026-08-15T05:21:45Z,ocr-aceito,
board_20260815_052203_138349.png,r4rk1/pp1nq2p/2pbp3/3p1pPb/P1PPn3/1PNNP1P1/1B4BP/R1Q2RK1 b - - 0 1,b,Secrets of Chess Training School of Future Champions 1_ao_5.pdf,244,1,embedded,2026-08-15T05:22:03Z,ocr-aceito,
board_20260815_052257_656691.png,3r1r2/pb3pkp/1p1qp1p1/n2P4/2p1P2P/2P5/P1BQNPP1/2R2RK1 b - - 0 1,b,,,1,embedded,2026-08-15T05:22:57Z,ocr-aceito,
board_20260815_052315_235110.png,3r1r2/pb2q1kp/1p2P1p1/5P2/B1pPp2P/8/P2Q2P1/2R2RK1 b - - 0 1,b,Secrets of Chess Training School of Future Champions 1_ao_5.pdf,247,1,embedded,2026-08-15T05:23:15Z,ocr-aceito,
board_20260815_052339_398787.png,rn2k2r/3b1p1p/p2p1qpQ/2pP3n/1p2P3/8/PP1N1PPP/R2NKB1R w - - 0 1,w,Secrets of Chess Training School of Future Champions 1_ao_5.pdf,249,1,embedded,2026-08-15T05:23:39Z,ocr-aceito,
board_20260815_052658_728656.png,2r1rbk1/1b1q1ppp/ppnpp3/2n3P1/P2NPP2/2N1B1Q1/1PP2RBP/3R2K1 w - - 0 1,w,Secrets of Chess Training School of Future Champions 1_ao_5.pdf,253,1,embedded,2026-08-15T05:26:58Z,ocr-aceito,
board_20260815_053457_493721.png,8/8/3K4/8/3k4/5Q2/2R5/8 w - - 0 1,w,1000 Chess Problems - Yakov Vladimirov 2015 .pdf,12,1,contour,2026-08-15T05:34:57Z,ocr-aceito,
board_20260815_053457_542455.png,1k6/8/3K4/8/6B1/8/8/7Q w - - 0 1,w,1000 Chess Problems - Yakov Vladimirov 2015 .pdf,12,2,contour,2026-08-15T05:34:57Z,ocr-aceito,
board_20260815_053457_597790.png,k7/1R6/nK6/8/8/8/8/8 w - - 0 1,w,1000 Chess Problems - Yakov Vladimirov 2015 .pdf,12,3,contour,2026-08-15T05:34:57Z,ocr-aceito,
board_20260815_053457_652816.png,8/k3P3/8/K7/4Q3/8/8/8 w - - 0 1,w,1000 Chess Problems - Yakov Vladimirov 2015 .pdf,12,4,contour,2026-08-15T05:34:57Z,ocr-aceito,
board_20260815_053703_762921.png,8/8/3K4/8/3k4/5Q2/2R5/8 w - - 0 1,w,,,1,contour,2026-08-15T05:37:03Z,ocr-aceito,
board_20260815_053703_817327.png,1k6/8/3K4/8/6B1/8/8/7Q w - - 0 1,w,,,2,contour,2026-08-15T05:37:03Z,ocr-aceito,
board_20260815_053703_871829.png,k7/1R6/nK6/8/8/8/8/8 w - - 0 1,w,,,3,contour,2026-08-15T05:37:03Z,ocr-aceito,
board_20260815_053703_928076.png,8/k3P3/8/K7/4Q3/8/8/8 w - - 0 1,w,,,4,contour,2026-08-15T05:37:03Z,ocr-aceito,
board_20260815_053719_661048.png,8/8/8/1p6/3Q4/k7/2K5/8 w - - 0 1,w,,,1,contour,2026-08-15T05:37:19Z,ocr-aceito,
board_20260815_053719_717590.png,8/7B/5Q2/6p1/6k1/8/5K2/8 w - - 0 1,w,,,2,contour,2026-08-15T05:37:19Z,ocr-aceito,
board_20260815_053719_772824.png,5B2/8/8/4k3/7K/8/B1Q5/8 w - - 0 1,w,,,3,contour,2026-08-15T05:37:19Z,ocr-aceito,
board_20260815_053719_827983.png,B7/8/8/1k6/7R/8/K7/4Q3 w - - 0 1,w,,,4,contour,2026-08-15T05:37:19Z,ocr-aceito,
board_20260815_053752_324665.png,8/5p2/5K2/7k/7p/7Q/8/8 w - - 0 1,w,,,1,contour,2026-08-15T05:37:52Z,ocr-aceito,
board_20260815_053752_380256.png,8/8/6Q1/8/8/5N2/3Bk3/7K w - - 0 1,w,,,2,contour,2026-08-15T05:37:52Z,ocr-aceito,
board_20260815_053752_435444.png,8/8/8/6Q1/4R3/2K2p2/5k2/5b2 w - - 0 1,w,,,3,contour,2026-08-15T05:37:52Z,ocr-aceito,
board_20260815_053752_492155.png,8/8/8/8/8/Qp6/Np6/1k2K3 w - - 0 1,w,,,4,contour,2026-08-15T05:37:52Z,ocr-aceito,
board_20260815_053822_718183.png,n6k/7b/Q4Kp1/8/8/8/8/8 w - - 0 1,w,,,1,contour,2026-08-15T05:38:22Z,ocr-aceito,
board_20260815_053822_773121.png,2R5/8/3k4/3N2p1/4K1Q1/8/8/8 w - - 0 1,w,,,2,contour,2026-08-15T05:38:22Z,ocr-aceito,
board_20260815_053822_828829.png,8/8/4K3/1kB5/1P4Q1/5B2/8/8 w - - 0 1,w,,,3,contour,2026-08-15T05:38:22Z,ocr-aceito,
board_20260815_053822_886548.png,K7/3B4/1k6/b7/8/8/R7/Q7 w - - 0 1,w,,,4,contour,2026-08-15T05:38:22Z,ocr-aceito,
board_20260815_053850_151438.png,8/3Q4/8/2B3kP/8/6P1/7K/8 w - - 0 1,w,,,1,contour,2026-08-15T05:38:50Z,ocr-aceito,
board_20260815_053850_206929.png,8/Q7/2kp4/8/8/1K6/3R4/5B2 w - - 0 1,w,,,2,contour,2026-08-15T05:38:50Z,ocr-aceito,
board_20260815_053850_261556.png,8/P2k1N2/3B4/3B3K/8/8/8/8 w - - 0 1,w,,,3,contour,2026-08-15T05:38:50Z,ocr-aceito,
board_20260815_053850_316807.png,2b2K2/2pk4/8/R3P3/1Q6/8/8/8 w - - 0 1,w,,,4,contour,2026-08-15T05:38:50Z,ocr-aceito,
board_20260815_053918_872160.png,5Q2/5B1k/6r1/6p1/6N1/6K1/8/8 w - - 0 1,w,,,1,contour,2026-08-15T05:39:18Z,ocr-aceito,
board_20260815_053918_928665.png,N5Q1/nkPP4/8/8/4K3/8/8/8 w - - 0 1,w,,,2,contour,2026-08-15T05:39:18Z,ocr-aceito,
board_20260815_053918_983722.png,8/8/8/5N1K/8/3P1k2/R7/Q1b5 w - - 0 1,w,,,3,contour,2026-08-15T05:39:18Z,ocr-aceito,
board_20260815_053919_039502.png,7Q/2p5/1P1N3R/3k4/8/2K5/8/8 w - - 0 1,w,,,4,contour,2026-08-15T05:39:19Z,ocr-aceito,
board_20260815_054316_846126.png,b2K4/2p5/3k4/1Q6/5P2/1B6/8/8 w - - 0 1,w,1000 Chess Problems - Yakov Vladimirov 2015 .pdf,18,1,contour,2026-08-15T05:43:16Z,ocr-aceito,
board_20260815_054316_902322.png,8/5p2/8/8/1B3K2/6N1/5kpQ/8 w - - 0 1,w,1000 Chess Problems - Yakov Vladimirov 2015 .pdf,18,2,contour,2026-08-15T05:43:16Z,ocr-aceito,
board_20260815_054316_958124.png,8/8/8/7K/8/2R3P1/3R2Pk/2Q5 w - - 0 1,w,1000 Chess Problems - Yakov Vladimirov 2015 .pdf,18,3,contour,2026-08-15T05:43:16Z,ocr-aceito,
board_20260815_054317_013203.png,8/8/6Q1/8/7B/5R2/6q1/R3K1k1 w - - 0 1,w,1000 Chess Problems - Yakov Vladimirov 2015 .pdf,18,4,contour,2026-08-15T05:43:17Z,ocr-aceito,
board_20260815_054352_625801.png,8/8/8/5R2/8/2KPkB1b/8/5R2 w - - 0 1,w,1000 Chess Problems - Yakov Vladimirov 2015 .pdf,19,1,contour,2026-08-15T05:43:52Z,ocr-aceito,
board_20260815_054352_682851.png,2K5/2N5/Q1BkN3/8/8/8/5B2/8 w - - 0 1,w,1000 Chess Problems - Yakov Vladimirov 2015 .pdf,19,2,contour,2026-08-15T05:43:52Z,ocr-aceito,
board_20260815_054352_737997.png,6B1/1p6/1p6/3R4/1k6/8/Q2K4/8 w - - 0 1,w,1000 Chess Problems - Yakov Vladimirov 2015 .pdf,19,3,contour,2026-08-15T05:43:52Z,ocr-aceito,
board_20260815_054352_794727.png,5B2/1K6/8/pkp5/5Q2/8/2P5/8 w - - 0 1,w,1000 Chess Problems - Yakov Vladimirov 2015 .pdf,19,4,contour,2026-08-15T05:43:52Z,ocr-aceito,
board_20260815_054409_834569.png,5Q2/3kp3/1P6/3PKP2/8/8/8/8 w - - 0 1,w,1000 Chess Problems - Yakov Vladimirov 2015 .pdf,20,1,contour,2026-08-15T05:44:09Z,ocr-aceito,
board_20260815_054409_891576.png,5r2/8/8/8/8/6k1/1Q5R/BK1B4 w - - 0 1,w,1000 Chess Problems - Yakov Vladimirov 2015 .pdf,20,2,contour,2026-08-15T05:44:09Z,ocr-aceito,
board_20260815_054409_948710.png,8/K2B4/8/2kNR3/1N6/B7/8/8 w - - 0 1,w,1000 Chess Problems - Yakov Vladimirov 2015 .pdf,20,3,contour,2026-08-15T05:44:09Z,ocr-aceito,
board_20260815_054410_004836.png,1N3Q2/8/p7/8/k2N4/3P4/8/2K5 w - - 0 1,w,1000 Chess Problems - Yakov Vladimirov 2015 .pdf,20,4,contour,2026-08-15T05:44:10Z,ocr-aceito,
board_20260815_054447_521210.png,5K2/8/6N1/1QPk4/6N1/8/8/6B1 w - - 0 1,w,1000 Chess Problems - Yakov Vladimirov 2015 .pdf,21,1,contour,2026-08-15T05:44:47Z,ocr-aceito,
board_20260815_054447_578285.png,BR6/3p4/1R6/2k5/3p4/3K4/8/8 w - - 0 1,w,1000 Chess Problems - Yakov Vladimirov 2015 .pdf,21,2,contour,2026-08-15T05:44:47Z,ocr-aceito,
board_20260815_054447_634974.png,8/8/2R5/6pk/4B3/6PN/7K/8 w - - 0 1,w,1000 Chess Problems - Yakov Vladimirov 2015 .pdf,21,3,contour,2026-08-15T05:44:47Z,ocr-aceito,
board_20260815_054447_690139.png,8/7B/6p1/5R2/7P/5KBk/8/8 w - - 0 1,w,1000 Chess Problems - Yakov Vladimirov 2015 .pdf,21,4,contour,2026-08-15T05:44:47Z,ocr-aceito,
board_20260815_054532_481844.png,8/6K1/4P3/2Q1Npk1/8/8/5P2/3B4 w - - 0 1,w,1000 Chess Problems - Yakov Vladimirov 2015 .pdf,22,1,contour,2026-08-15T05:45:32Z,ocr-aceito,
board_20260815_054532_538310.png,8/8/4K3/8/2npk2p/1Q5N/3P4/8 w - - 0 1,w,1000 Chess Problems - Yakov Vladimirov 2015 .pdf,22,2,contour,2026-08-15T05:45:32Z,ocr-aceito,
board_20260815_054532_597450.png,8/3p4/8/pp6/k7/8/2P4K/2B1Q3 w - - 0 1,w,1000 Chess Problems - Yakov Vladimirov 2015 .pdf,22,3,contour,2026-08-15T05:45:32Z,ocr-aceito,
board_20260815_054532_654523.png,2kr4/K1pp4/1p6/8/8/8/7Q/3R4 w - - 0 1,w,1000 Chess Problems - Yakov Vladimirov 2015 .pdf,22,4,contour,2026-08-15T05:45:32Z,ocr-aceito,
board_20260815_054556_571791.png,8/5K2/1N3p2/7Q/3pk3/8/3P2N1/7B w - - 0 1,w,1000 Chess Problems - Yakov Vladimirov 2015 .pdf,23,1,contour,2026-08-15T05:45:56Z,ocr-aceito,
board_20260815_054556_632254.png,8/3p1p1Q/1K2k3/1N1Np3/8/1B6/8/8 w - - 0 1,w,1000 Chess Problems - Yakov Vladimirov 2015 .pdf,23,2,contour,2026-08-15T05:45:56Z,ocr-aceito,
board_20260815_054556_692281.png,8/5K2/1p6/1BBkp3/8/P3Q3/3n4/8 w - - 0 1,w,1000 Chess Problems - Yakov Vladimirov 2015 .pdf,23,3,contour,2026-08-15T05:45:56Z,ocr-aceito,
board_20260815_054556_748448.png,3B4/8/2p5/2k5/p3KP2/P7/3RQ3/8 w - - 0 1,w,1000 Chess Problems - Yakov Vladimirov 2015 .pdf,23,4,contour,2026-08-15T05:45:56Z,ocr-aceito,
board_20260815_054642_957465.png,7K/B5R1/8/8/7p/8/3R2qk/6Nb w - - 0 1,w,1000 Chess Problems - Yakov Vladimirov 2015 .pdf,24,1,contour,2026-08-15T05:46:42Z,ocr-aceito,
board_20260815_054643_015721.png,4b3/1K1p3Q/2P1k3/1N6/8/2B2B2/8/8 w - - 0 1,w,1000 Chess Problems - Yakov Vladimirov 2015 .pdf,24,2,contour,2026-08-15T05:46:43Z,ocr-aceito,
board_20260815_054643_073872.png,8/8/2Qn4/k1N5/2b5/Pn6/1P6/6K1 w - - 0 1,w,1000 Chess Problems - Yakov Vladimirov 2015 .pdf,24,3,contour,2026-08-15T05:46:43Z,ocr-aceito,
board_20260815_054643_128967.png,8/8/8/8/3B1N2/4N3/3RpkPR/1K6 w - - 0 1,w,1000 Chess Problems - Yakov Vladimirov 2015 .pdf,24,4,contour,2026-08-15T05:46:43Z,ocr-aceito,
board_20260815_072350_797227.png,5Q2/3kp3/1P6/3PKP2/8/8/8/8 w - - 0 1,w,1000 Chess Problems - Yakov Vladimirov 2015 .pdf,20,1,contour,2026-08-15T07:23:50Z,ocr-aceito,
board_20260815_072350_845413.png,5r2/8/8/8/8/6k1/1Q5R/BK1B4 w - - 0 1,w,1000 Chess Problems - Yakov Vladimirov 2015 .pdf,20,2,contour,2026-08-15T07:23:50Z,ocr-aceito,
board_20260815_072350_904052.png,8/K2B4/8/2kNR3/1N6/B7/8/8 w - - 0 1,w,1000 Chess Problems - Yakov Vladimirov 2015 .pdf,20,3,contour,2026-08-15T07:23:50Z,ocr-aceito,
board_20260815_072350_959140.png,1N3Q2/8/p7/8/k2N4/3P4/8/2K5 w - - 0 1,w,1000 Chess Problems - Yakov Vladimirov 2015 .pdf,20,4,contour,2026-08-15T07:23:50Z,ocr-aceito,
board_20260815_072406_737281.png,5K2/8/6N1/1QPk4/6N1/8/8/6B1 w - - 0 1,w,1000 Chess Problems - Yakov Vladimirov 2015 .pdf,21,1,contour,2026-08-15T07:24:06Z,ocr-aceito,
board_20260815_072406_792185.png,BR6/3p4/1R6/2k5/3p4/3K4/8/8 w - - 0 1,w,1000 Chess Problems - Yakov Vladimirov 2015 .pdf,21,2,contour,2026-08-15T07:24:06Z,ocr-aceito,
board_20260815_072406_847352.png,8/8/2R5/6pk/4B3/6PN/7K/8 w - - 0 1,w,1000 Chess Problems - Yakov Vladimirov 2015 .pdf,21,3,contour,2026-08-15T07:24:06Z,ocr-aceito,
board_20260815_072406_900709.png,8/7B/6p1/5R2/7P/5KBk/8/8 w - - 0 1,w,1000 Chess Problems - Yakov Vladimirov 2015 .pdf,21,4,contour,2026-08-15T07:24:06Z,ocr-aceito,
board_20260815_072423_599826.png,8/6K1/4P3/2Q1Npk1/8/8/5P2/3B4 w - - 0 1,w,1000 Chess Problems - Yakov Vladimirov 2015 .pdf,22,1,contour,2026-08-15T07:24:23Z,ocr-aceito,
board_20260815_072423_654173.png,8/8/4K3/8/2npk2p/1Q5N/3P4/8 w - - 0 1,w,1000 Chess Problems - Yakov Vladimirov 2015 .pdf,22,2,contour,2026-08-15T07:24:23Z,ocr-aceito,
board_20260815_072423_709393.png,8/3p4/8/pp6/k7/8/2P4K/2B1Q3 w - - 0 1,w,1000 Chess Problems - Yakov Vladimirov 2015 .pdf,22,3,contour,2026-08-15T07:24:23Z,ocr-aceito,
board_20260815_072423_764500.png,2kr4/K1pp4/1p6/8/8/8/7Q/3R4 w - - 0 1,w,1000 Chess Problems - Yakov Vladimirov 2015 .pdf,22,4,contour,2026-08-15T07:24:23Z,ocr-aceito,
board_20260815_072448_046870.png,8/5K2/1N3p2/7Q/3pk3/8/3P2N1/7B w - - 0 1,w,1000 Chess Problems - Yakov Vladimirov 2015 .pdf,23,1,contour,2026-08-15T07:24:48Z,ocr-aceito,
board_20260815_072448_103370.png,8/3p1p1Q/1K2k3/1N1Np3/8/1B6/8/8 w - - 0 1,w,1000 Chess Problems - Yakov Vladimirov 2015 .pdf,23,2,contour,2026-08-15T07:24:48Z,ocr-aceito,
board_20260815_072448_158995.png,8/5K2/1p6/1BBkp3/8/P3Q3/3n4/8 w - - 0 1,w,1000 Chess Problems - Yakov Vladimirov 2015 .pdf,23,3,contour,2026-08-15T07:24:48Z,ocr-aceito,
board_20260815_072448_214507.png,3B4/8/2p5/2k5/p3KP2/P7/3RQ3/8 w - - 0 1,w,1000 Chess Problems - Yakov Vladimirov 2015 .pdf,23,4,contour,2026-08-15T07:24:48Z,ocr-aceito,
board_20260815_072507_805978.png,7K/B5R1/8/8/7p/8/3R2qk/6Nb w - - 0 1,w,1000 Chess Problems - Yakov Vladimirov 2015 .pdf,23,1,contour,2026-08-15T07:25:07Z,ocr-aceito,
board_20260815_072507_861288.png,4b3/1K1p3Q/2P1k3/1N6/8/2B2B2/8/8 w - - 0 1,w,1000 Chess Problems - Yakov Vladimirov 2015 .pdf,23,2,contour,2026-08-15T07:25:07Z,ocr-aceito,
board_20260815_072507_917893.png,8/8/2Qn4/k1N5/2b5/Pn6/1P6/6K1 w - - 0 1,w,1000 Chess Problems - Yakov Vladimirov 2015 .pdf,23,3,contour,2026-08-15T07:25:07Z,ocr-aceito,
board_20260815_072507_971898.png,8/8/8/8/3B1N2/4N3/3RpkPR/1K6 w - - 0 1,w,1000 Chess Problems - Yakov Vladimirov 2015 .pdf,23,4,contour,2026-08-15T07:25:07Z,ocr-aceito,
board_20260815_072535_333311.png,8/8/4pQ2/5b2/2B1k3/4p2P/4N3/4K3 w - - 0 1,w,1000 Chess Problems - Yakov Vladimirov 2015 .pdf,25,1,contour,2026-08-15T07:25:35Z,ocr-aceito,
board_20260815_072535_395987.png,5R2/8/2p3B1/3k1N2/4R3/1K2b3/8/7Q w - - 0 1,w,1000 Chess Problems - Yakov Vladimirov 2015 .pdf,25,2,contour,2026-08-15T07:25:35Z,ocr-aceito,
board_20260815_072535_455150.png,1Q6/3K2N1/7n/4Npk1/8/3P4/5P2/8 w - - 0 1,w,1000 Chess Problems - Yakov Vladimirov 2015 .pdf,25,3,contour,2026-08-15T07:25:35Z,ocr-aceito,
board_20260815_072535_514877.png,6r1/6p1/4N2B/4N1R1/8/4k2K/1Q6/8 w - - 0 1,w,1000 Chess Problems - Yakov Vladimirov 2015 .pdf,25,4,contour,2026-08-15T07:25:35Z,ocr-aceito,
board_20260815_072549_737558.png,8/8/4pQ2/5b2/2B1k3/4p2P/4N3/4K3 w - - 0 1,w,1000 Chess Problems - Yakov Vladimirov 2015 .pdf,25,1,contour,2026-08-15T07:25:49Z,ocr-aceito,
board_20260815_072549_794383.png,5R2/8/2p3B1/3k1N2/4R3/1K2b3/8/7Q w - - 0 1,w,1000 Chess Problems - Yakov Vladimirov 2015 .pdf,25,2,contour,2026-08-15T07:25:49Z,ocr-aceito,
board_20260815_072549_849627.png,1Q6/3K2N1/7n/4Npk1/8/3P4/5P2/8 w - - 0 1,w,1000 Chess Problems - Yakov Vladimirov 2015 .pdf,25,3,contour,2026-08-15T07:25:49Z,ocr-aceito,
board_20260815_072549_905120.png,6r1/6p1/4N2B/4N1R1/8/4k2K/1Q6/8 w - - 0 1,w,1000 Chess Problems - Yakov Vladimirov 2015 .pdf,25,4,contour,2026-08-15T07:25:49Z,ocr-aceito,
board_20260815_072619_878118.png,2B5/5p2/1n3Pk1/8/6NK/8/3P3Q/8 w - - 0 1,w,1000 Chess Problems - Yakov Vladimirov 2015 .pdf,27,1,contour,2026-08-15T07:26:19Z,ocr-aceito,
board_20260815_072619_934023.png,8/8/8/1n1Q4/8/8/1PN4K/nkBR4 w - - 0 1,w,1000 Chess Problems - Yakov Vladimirov 2015 .pdf,27,2,contour,2026-08-15T07:26:19Z,ocr-aceito,
board_20260815_072619_991646.png,8/2pNK3/p1k5/8/8/8/1Q3p2/5B1b w - - 0 1,w,1000 Chess Problems - Yakov Vladimirov 2015 .pdf,27,3,contour,2026-08-15T07:26:19Z,ocr-aceito,
board_20260815_072620_046560.png,4Q3/1R6/3p4/3k1NK1/1P6/3p4/3P4/8 w - - 0 1,w,1000 Chess Problems - Yakov Vladimirov 2015 .pdf,27,4,contour,2026-08-15T07:26:20Z,ocr-aceito,
board_20260816_021726_095912.png,r4rk1/pp1nqppp/2p2n2/2b1p3/4P3/2P2BPP/PP1N1P2/R1BQ1RK1 w - - 0 1,w,,,1,contour,2026-08-16T02:17:26Z,ocr-aceito,
board_20260816_021759_534289.png,2rr2k1/pp1nqppp/1b3n2/1Pp1p3/P3P3/2P3PP/2QNBP2/R1B2RK1 b - - 0 1,b,"Simple Chess - Stean, M_.pdf",9,1,contour,2026-08-16T02:17:59Z,ocr-aceito,
board_20260816_022440_860649.png,r2q1rk1/pp3p1p/2np2pb/2p1p2n/2P3b1/PPNP2P1/1B1NPPBP/R2Q1RK1 w - - 0 1,w,"Simple Chess - Stean, M_.pdf",14,1,contour,2026-08-16T02:24:40Z,ocr-aceito,
board_20260816_022509_757921.png,2kr3r/1pp3pp/p1pb1n2/4p3/2N1P3/3R1P2/PPP2P1P/R1B3K1 w - - 0 1,w,"Simple Chess - Stean, M_.pdf",17,1,contour,2026-08-16T02:25:09Z,ocr-aceito,
board_20260816_022604_975125.png,r1b2rk1/4bppp/pqn2n2/1pp1p3/4P3/2P2N1P/PPBN1PP1/R1BQR1K1 w - - 0 1,w,"Simple Chess - Stean, M_.pdf",23,1,contour,2026-08-16T02:26:04Z,ocr-aceito,
board_20260816_022621_797006.png,3r1rk1/4bp1p/pqn1bnp1/1pp1p3/4P3/2P1NN1P/PPB1QPP1/R1B1R1K1 w - - 0 1,w,"Simple Chess - Stean, M_.pdf",24,1,contour,2026-08-16T02:26:21Z,ocr-aceito,
board_20260816_022645_142620.png,3r1r2/2q1bpkp/4bnp1/np1Np3/2p1P3/2P2N1P/1PB1QPP1/1RB1R1K1 b - - 0 1,b,"Simple Chess - Stean, M_.pdf",26,1,contour,2026-08-16T02:26:45Z,ocr-aceito,
board_20260816_022807_510930.png,3rr3/4bpkp/6pB/1p1nN3/8/1pP4P/1P3PP1/R3R1K1 b - - 0 1,b,"Simple Chess - Stean, M_.pdf",27,1,contour,2026-08-16T02:28:07Z,ocr-aceito,
board_20260816_023116_149577.png,rn1q1rk1/pp3pb1/3p4/2pPp1p1/2P1Pnb1/2N2NB1/PPQ2PP1/R3KB1R b - - 0 1,b,,,1,contour,2026-08-16T02:31:16Z,ocr-aceito,
board_20260816_023138_043235.png,r2qr1k1/pp1n1pb1/3p4/2pPp1p1/2P1Pn2/2N2PBB/PPQ2P2/2KR3R b - - 0 1,b,"Simple Chess - Stean, M_.pdf",30,1,contour,2026-08-16T02:31:38Z,ocr-aceito,
board_20260816_023157_019280.png,3q1rk1/ppr3b1/3p1pn1/2pPpNp1/2P1PP2/6BR/PP3P2/2KQ3R b - - 0 1,b,"Simple Chess - Stean, M_.pdf",31,1,contour,2026-08-16T02:31:57Z,ocr-aceito,
board_20260816_023217_494333.png,r2q1rk1/pb1nbppp/1p2pn2/8/1P6/P4NP1/1B1NPPBP/R2Q1RK1 w - - 0 1,w,"Simple Chess - Stean, M_.pdf",32,1,contour,2026-08-16T02:32:17Z,ocr-aceito,
board_20260816_023305_351793.png,r1r3k1/pq1nbppp/1p2pn2/1P6/3NP3/P4QP1/1B1N1PKP/R1R5 b - - 0 1,b,,,1,contour,2026-08-16T02:33:05Z,ocr-aceito,
board_20260816_023320_880858.png,r4bk1/1q1n1ppp/1pN1pn2/1P6/4P3/5QP1/1B1N1PKP/R7 w - - 0 1,w,"Simple Chess - Stean, M_.pdf",34,1,contour,2026-08-16T02:33:20Z,ocr-aceito,
board_20260816_023339_414188.png,r2qkb1r/5ppp/p1bppn2/1p6/4PP2/1BN5/PPP3PP/R1BQ1RK1 w - - 0 1,w,"Simple Chess - Stean, M_.pdf",36,1,contour,2026-08-16T02:33:39Z,ocr-aceito,
board_20260816_023413_314778.png,2rq2k1/5ppp/p1rp1b2/1p1NpP2/4P3/2PQ4/PP4PP/3R1R1K b - - 0 1,b,"Simple Chess - Stean, M_.pdf",39,1,contour,2026-08-16T02:34:13Z,ocr-aceito,
board_20260816_023520_464697.png,r4rk1/4bppp/1q1p4/1p1QpP2/4P3/1N6/1PP3PP/R4R1K b - - 0 1,b,"Simple Chess - Stean, M_.pdf",41,1,contour,2026-08-16T02:35:20Z,ocr-aceito,
board_20260816_023538_298309.png,r1bq1rk1/1p4pp/p1nbp3/3p4/3P4/P4N2/1P3PPP/R1BQRBK1 w - - 0 1,w,"Simple Chess - Stean, M_.pdf",41,1,contour,2026-08-16T02:35:38Z,ocr-aceito,
board_20260816_023550_991802.png,r4rk1/4bppp/1q1p4/1p1QpP2/4P3/1N6/1PP3PP/R4R1K b - - 0 1,b,"Simple Chess - Stean, M_.pdf",41,1,contour,2026-08-16T02:35:50Z,ocr-aceito,
board_20260816_023622_872613.png,r4rk1/p2qbbpp/2pp2n1/4pN2/4P3/1P3N1P/P4PP1/R1BQR1K1 w - - 0 1,w,"Simple Chess - Stean, M_.pdf",44,1,contour,2026-08-16T02:36:22Z,ocr-aceito,
board_20260816_023718_752003.png,r1bqkbnr/5ppp/p1p1p3/3p4/2P1P3/3B4/PP3PPP/RNBQ1RK1 b - - 0 1,b,"Simple Chess - Stean, M_.pdf",47,1,contour,2026-08-16T02:37:18Z,ocr-corrigido,
board_20260816_023740_135765.png,r4rk1/4bppp/p3bn2/3p4/N7/3BB3/PP3PPP/R3R1K1 w - - 0 1,w,"Simple Chess - Stean, M_.pdf",49,1,contour,2026-08-16T02:37:40Z,ocr-aceito,
board_20260816_023756_700256.png,r1b2k2/4rppp/p4n2/2Np4/1P6/3B1P2/P5PP/R3R1K1 b - - 0 1,b,"Simple Chess - Stean, M_.pdf",51,1,contour,2026-08-16T02:37:56Z,ocr-aceito,
board_20260816_023854_830951.png,r3k3/1R3R2/p2r2p1/5p2/1PBp1n1p/8/P2K2PP/8 b - - 0 1,b,,,1,contour,2026-08-16T02:38:54Z,ocr-aceito,
board_20260816_023948_718155.png,r1bq1rk1/ppp2ppp/3p1n2/4p3/2P1P3/1P1P1N2/2P2PPP/R1BQ1RK1 b - - 0 1,b,,,1,contour,2026-08-16T02:39:48Z,ocr-aceito,
board_20260816_024010_426983.png,r1bq1rk1/6p1/1p3npp/p1pPp3/P1P1P3/2PBB3/6PP/R2Q1RK1 w - - 0 1,w,"Simple Chess - Stean, M_.pdf",58,1,contour,2026-08-16T02:40:10Z,ocr-aceito,
board_20260816_024037_848872.png,5k2/3b2p1/1p4qp/p1pPp1p1/P1P1Pn2/2P5/2Q3PP/3BB2K b - - 0 1,b,"Simple Chess - Stean, M_.pdf",59,1,contour,2026-08-16T02:40:37Z,ocr-aceito,
board_20260816_024056_927348.png,rn2k2r/pb1p1ppp/1p2pq2/2p5/2PP4/P1Q2NP1/1P2PP1P/R3KB1R w - - 0 1,w,"Simple Chess - Stean, M_.pdf",61,1,contour,2026-08-16T02:40:56Z,ocr-aceito,
board_20260816_024119_330548.png,4k2r/p2p1ppp/2n1p3/2p5/2P5/Pr3PP1/1P1R1PBP/4K2R w - - 0 1,w,"Simple Chess - Stean, M_.pdf",63,1,contour,2026-08-16T02:41:19Z,ocr-aceito,
board_20260816_024148_483527.png,r2q1rk1/pbpnbppp/1p6/3p4/3P4/5NP1/PPQ1PPBP/R1BR2K1 b - - 0 1,b,"Simple Chess - Stean, M_.pdf",66,1,contour,2026-08-16T02:41:48Z,ocr-aceito,
board_20260816_024205_178570.png,2r1r1k1/Qb2qppp/1p6/3p4/4nN2/4P1P1/BP3PBP/R2R2K1 b - - 0 1,b,"Simple Chess - Stean, M_.pdf",68,1,contour,2026-08-16T02:42:05Z,ocr-aceito,
board_20260816_024239_831556.png,r3r1k1/pp3pb1/2p3p1/4p2p/P3P3/2P2P2/1PK3PP/R1B4R w - - 0 1,w,"Simple Chess - Stean, M_.pdf",70,1,contour,2026-08-16T02:42:39Z,ocr-aceito,
board_20260816_024322_812271.png,r4rk1/pp2ppbp/3pbnp1/3N4/2P1P3/4BP2/PP1K2PP/2R2B1R b - - 0 1,b,,,1,contour,2026-08-16T02:43:22Z,ocr-aceito,
board_20260816_024335_320438.png,2r3k1/pp2ppbp/3p1np1/3P4/4P3/4BPP1/PP1K3P/5B1R b - - 0 1,b,"Simple Chess - Stean, M_.pdf",73,1,contour,2026-08-16T02:43:35Z,ocr-aceito,
board_20260816_024412_697115.png,r4r2/1p3pkp/p2p1np1/P2Pp3/4P3/2N2P2/1P4PP/2R2RK1 w - - 0 1,w,,,1,contour,2026-08-16T02:44:12Z,ocr-aceito,
board_20260816_024449_362946.png,r2r2k1/pp2pp1p/3p1npb/7q/2P1P3/1PNQ1PP1/P2B2KP/2RR4 w - - 0 1,w,,,1,contour,2026-08-16T02:44:49Z,ocr-aceito,
board_20260816_024511_891219.png,2rq2k1/5p1p/p1R1p1p1/3PQ3/P5PP/5P2/6K1/8 w - - 0 1,w,"Simple Chess - Stean, M_.pdf",78,1,contour,2026-08-16T02:45:11Z,ocr-aceito,
board_20260816_024538_236875.png,rn1q1rk1/pb2pp1p/1p4p1/2pp4/2P5/1PQ2NP1/P2PPPBP/R4RK1 w - - 0 1,w,"Simple Chess - Stean, M_.pdf",80,1,contour,2026-08-16T02:45:38Z,ocr-aceito,
board_20260816_024612_851162.png,2r1qr2/p2Rp1kp/1p2Qpp1/8/8/1P4P1/P3PPbP/3R2K1 b - - 0 1,b,"Simple Chess - Stean, M_.pdf",82,1,contour,2026-08-16T02:46:12Z,ocr-aceito,
board_20260816_024629_355813.png,2rr2k1/1p3ppp/8/pB1p4/P2Pb1P1/8/1P3PP1/R3R1K1 w - - 0 1,w,"Simple Chess - Stean, M_.pdf",83,1,contour,2026-08-16T02:46:29Z,ocr-aceito,
board_20260816_024659_201874.png,rnbqkbnr/ppp2ppp/8/3p4/3P4/8/PP2PPPP/RNBQKBNR w - - 0 1,w,,,1,contour,2026-08-16T02:46:59Z,ocr-aceito,
board_20260816_024735_574925.png,r1bqrnk1/pp2bppp/2p2n2/3p2B1/3P4/2NBPN2/PPQ2PPP/1R3RK1 b - - 0 1,b,,,1,contour,2026-08-16T02:47:35Z,ocr-aceito,
board_20260816_024802_214898.png,r3r1k1/1p2qppp/2p3n1/1P1p4/3Pn1b1/2NBPN2/2Q2PPP/1R3RK1 w - - 0 1,w,"Simple Chess - Stean, M_.pdf",90,1,contour,2026-08-16T02:48:02Z,ocr-aceito,
board_20260816_024821_195925.png,rnbqk2r/ppp1ppbp/6p1/8/8/2P3P1/P2PPPBP/R1BQK1NR w - - 0 1,w,"Simple Chess - Stean, M_.pdf",92,1,contour,2026-08-16T02:48:21Z,ocr-aceito,
board_20260816_024835_374211.png,3r1rk1/p1q1pp1p/1p3np1/2p5/2P5/1RNP2P1/PQ2PP1P/R5K1 w - - 0 1,w,"Simple Chess - Stean, M_.pdf",93,1,contour,2026-08-16T02:48:35Z,ocr-aceito,
board_20260816_024914_323497.png,r1b2rk1/2q1bppp/p2ppn2/1p6/3QPP2/2N1B3/PPP1B1PP/3R1R1K w - - 0 1,w,"Simple Chess - Stean, M_.pdf",96,1,contour,2026-08-16T02:49:14Z,ocr-aceito,
board_20260816_024938_555861.png,r5k1/4bp2/p3pnp1/Bp6/2r2P1p/P1N2R1P/1PPR2P1/7K w - - 0 1,w,"Simple Chess - Stean, M_.pdf",98,1,contour,2026-08-16T02:49:38Z,ocr-aceito,
board_20260816_024959_233152.png,6k1/4bp2/p1r1p1p1/B2n4/P4P1p/1P5P/3RN1P1/7K w - - 0 1,w,"Simple Chess - Stean, M_.pdf",99,1,contour,2026-08-16T02:49:59Z,ocr-aceito,
board_20260816_025041_559339.png,r3kb1r/ppqb1ppp/4pn2/8/3N4/1B6/PPP2PPP/R1BQ1RK1 w - - 0 1,w,,,1,contour,2026-08-16T02:50:41Z,ocr-aceito,
board_20260816_025115_264981.png,Q7/pp1bkp1p/4p2q/8/4n3/1B3N2/PPP2PPb/R4R1K b - - 0 1,b,"Simple Chess - Stean, M_.pdf",104,1,contour,2026-08-16T02:51:15Z,ocr-aceito,
board_20260816_025303_397602.png,5bk1/7p/2q3p1/p1p1p3/P1P1P3/4B1P1/6KP/3Q4 w - - 0 1,w,"Simple Chess - Stean, M_.pdf",108,1,contour,2026-08-16T02:53:03Z,ocr-aceito,
board_20260816_025323_674345.png,3b4/2p5/2Pp2k1/1P2p3/4P1K1/4B3/8/8 w - - 0 1,w,,,1,contour,2026-08-16T02:53:23Z,ocr-aceito,
board_20260816_025349_833104.png,4r1k1/2rb1pp1/p3p2p/1p1pP3/3K1P2/1P1B2P1/P1P2R1P/R7 w - - 0 1,w,,,1,contour,2026-08-16T02:53:49Z,ocr-corrigido,
board_20260816_025408_729884.png,8/2rb1pk1/p3p3/1p1pP1PR/3K4/1P1B4/P1P5/8 w - - 0 1,w,"Simple Chess - Stean, M_.pdf",113,1,contour,2026-08-16T02:54:08Z,ocr-aceito,
board_20260816_025424_185805.png,8/2rb1pk1/p3p3/1p1pP1PR/3K4/1P1B4/P1P5/8 b - - 0 1,b,,,1,contour,2026-08-16T02:54:24Z,ocr-aceito,
board_20260816_025515_594908.png,2r3k1/5pp1/5n1p/1ppP4/1q6/1P2QB1P/5PP1/2R3K1 w - - 0 1,w,"Simple Chess - Stean, M_.pdf",115,1,contour,2026-08-16T02:55:15Z,ocr-aceito,
board_20260816_025556_185856.png,2b5/5k2/p1p1p1p1/P1P1P1P1/2B2K2/8/8/8 w - - 0 1,w,"Simple Chess - Stean, M_.pdf",118,1,contour,2026-08-16T02:55:56Z,ocr-aceito,
board_20260816_025610_901750.png,2b2rk1/p3rp1p/2p3p1/3p3n/N4P1P/P2B4/1PP3P1/2KR1R2 w - - 0 1,w,"Simple Chess - Stean, M_.pdf",119,1,contour,2026-08-16T02:56:10Z,ocr-aceito,
board_20260816_025637_537933.png,rnbq1rk1/ppp2pbp/3p1np1/3Pp3/2P1P3/2N2N2/PP2BPPP/R1BQK3 b - - 0 1,b,"Simple Chess - Stean, M_.pdf",122,1,contour,2026-08-16T02:56:37Z,ocr-aceito,
board_20260816_025710_009588.png,r1bq1rk1/1pp2pb1/3p3p/p1nPp1p1/2P1PnB1/2N2PB1/PP1N2PP/R2Q1RK1 b - - 0 1,b,"Simple Chess - Stean, M_.pdf",125,1,contour,2026-08-16T02:57:10Z,ocr-aceito,
board_20260816_025734_528024.png,r2q1rk1/1p3pbp/2p1bnp1/p3p3/Pn2P3/N3B3/1PPNBPPP/R2Q1RK1 w - - 0 1,w,,,1,contour,2026-08-16T02:57:34Z,ocr-aceito,
board_20260816_025830_225188.png,3r1rk1/1p1q1pbp/2p3p1/p3p2n/Pn2P3/1B2BPP1/1PPN3P/R2Q1RK1 b - - 0 1,b,,,1,contour,2026-08-16T02:58:30Z,ocr-aceito,
board_20260816_025852_878792.png,3rr1k1/n1q2pb1/1p3npp/p1p1p3/P1Q1P3/NBP1BPP1/1P4KP/R2R4 w - - 0 1,w,"Simple Chess - Stean, M_.pdf",130,1,contour,2026-08-16T02:58:52Z,ocr-aceito,
board_20260816_025920_923265.png,r4rk1/pbq1pp1p/1p4p1/P1p1b3/2B1P3/2P3P1/1PQ2P1P/R1B1R1K1 w - - 0 1,w,,,1,contour,2026-08-16T02:59:20Z,ocr-aceito,
board_20260816_025936_860508.png,4rr1k/2q3bp/1p4p1/2pPp3/2P1Qp2/6P1/1P3P1P/R1BR2K1 b - - 0 1,b,"Simple Chess - Stean, M_.pdf",133,1,contour,2026-08-16T02:59:36Z,ocr-aceito,
board_20260816_030126_580038.png,r1bq1rk1/pp1nppbp/3p1np1/2pP4/2P1P3/2N2N2/PP2BPPP/R1BQ1RK1 w - - 0 1,w,,,1,contour,2026-08-16T03:01:26Z,ocr-aceito,
board_20260816_030126_634934.png,r2q1rk1/pp1nppbp/3p2p1/2pP4/2P1P3/5N2/PP3PPP/R1BQ1RK1 w - - 0 1,w,,,2,contour,2026-08-16T03:01:26Z,ocr-aceito,
board_20260816_030145_959457.png,r1bqr1k1/ppp1bpp1/2np1n1p/8/2PP4/2NB1N1P/PP3PP1/R1BQ1RK1 w - - 0 1,w,"Simple Chess - Stean, M_.pdf",139,1,contour,2026-08-16T03:01:45Z,ocr-aceito,
board_20260816_030215_157704.png,r1q2bk1/pppb1pp1/n2p3p/3P4/2PNBB2/7P/PP1Q1PP1/R5K1 b - - 0 1,b,"Simple Chess - Stean, M_.pdf",141,1,contour,2026-08-16T03:02:15Z,ocr-aceito,
board_20260816_030246_588284.png,r4b1k/2pbqpp1/1p1p3p/p1nP4/2PQ1B2/5NRP/PPB2PP1/6K1 b - - 0 1,b,"Simple Chess - Stean, M_.pdf",142,1,contour,2026-08-16T03:02:46Z,ocr-aceito,
board_20260816_030320_844970.png,r1b2rk1/2q1bppp/p2p1n2/npp1p3/3PP3/2P2N1P/BPBN1PP1/R1BQR1K1 b - - 0 1,b,,,1,contour,2026-08-16T03:03:20Z,ocr-aceito,
board_20260816_030343_973865.png,r1b2rk1/2q1bppp/p2p1n2/npp1p3/3PP3/2P2N1P/PPBN1PP1/R1BQR1K1 b - - 0 1,b,,,1,contour,2026-08-16T03:03:43Z,ocr-corrigido,
board_20260816_030600_391318.png,r2qrbk1/1ppb1pp1/p1np1n1p/4p3/B2PP3/2P2NN1/PP3PPP/R1BQR1K1 w - - 0 1,w,"Simple Chess - Stean, M_.pdf",146,1,contour,2026-08-16T03:06:00Z,ocr-corrigido,
board_20260816_030634_440260.png,r2qrbk1/3b1pp1/p2p1n1p/nppPp3/4P3/1PP2NN1/P1BB1PPP/R2QR1K1 b - - 0 1,b,"Simple Chess - Stean, M_.pdf",147,1,contour,2026-08-16T03:06:34Z,ocr-aceito,
board_20260816_030704_745307.png,r2qr1k1/1n1bbppn/p2p3p/2pPpN2/pP2P3/2P2N1P/2BB1PP1/R2QR1K1 b - - 0 1,b,,,1,contour,2026-08-16T03:07:04Z,ocr-aceito,
board_20260816_030740_253904.png,rrbq2k1/Rn2bpp1/1PBp1n1p/2pPp3/2N1P3/5N1P/2QB1PP1/4R1K1 b - - 0 1,b,"Simple Chess - Stean, M_.pdf",150,1,contour,2026-08-16T03:07:40Z,ocr-aceito,
board_20260816_030832_846422.png,r1bq1rk1/pp2ppbp/3p1np1/6B1/2P1P3/2NB4/PP1Q1PPP/R3K2R b - - 0 1,b,"Simple Chess - Stean, M_.pdf",153,1,contour,2026-08-16T03:08:32Z,ocr-aceito,
board_20260816_030856_904001.png,2r2rk1/1p1bppbp/3p1np1/q2N1PB1/2P1P3/1P1B4/2Q3PP/2R2R1K b - - 0 1,b,"Simple Chess - Stean, M_.pdf",155,1,contour,2026-08-16T03:08:56Z,ocr-aceito,
board_20260816_030929_470681.png,1rb2r2/2q2pkp/p2p2p1/nppP4/2P3n1/1P3NP1/P2N1PBP/R2Q1RK1 w - - 0 1,w,"Simple Chess - Stean, M_.pdf",157,1,contour,2026-08-16T03:09:29Z,ocr-aceito,
board_20260816_030956_511702.png,1r1q4/1n1b1nkp/p2p1pp1/2pP4/2P1NPPN/2Q4P/P7/4RBK1 b - - 0 1,b,"Simple Chess - Stean, M_.pdf",160,1,contour,2026-08-16T03:09:56Z,ocr-aceito,
board_20260816_031027_585439.png,r2rn3/p2pbpkp/1p2p3/n3P1p1/2PN4/1PN1B1P1/P4PKP/R2R4 w - - 0 1,w,"Simple Chess - Stean, M_.pdf",162,1,contour,2026-08-16T03:10:27Z,ocr-aceito,
board_20260816_031233_323682.png,8/pp3ppp/8/1Pp1p3/P3P3/2P3PP/5P2/8 w - - 0 1,w,"Simple Chess - Stean, M_.pdf",12,1,contour,2026-08-16T03:12:33Z,ocr-corrigido,1
board_20260816_031257_201598.png,8/pp3ppp/8/1P2p3/P1p1P3/2P3PP/5P2/8 w - - 0 1,w,"Simple Chess - Stean, M_.pdf",13,1,contour,2026-08-16T03:12:57Z,ocr-corrigido,1
board_20260816_031337_230217.png,8/1p3pp1/p2p4/P3pP2/4P2p/2P4P/1P4P1/8 w - - 0 1,w,"Simple Chess - Stean, M_.pdf",22,1,contour,2026-08-16T03:13:37Z,ocr-corrigido,1
board_20260816_031716_524430.png,8/1p2pp1p/p2p2p1/3P4/P1P5/1P6/5PPP/8 w - - 0 1,w,"Simple Chess - Stean, M_.pdf",152,1,contour,2026-08-16T03:17:16Z,ocr-corrigido,1
board_20260816_050423_096840.png,8/pp3ppp/8/1P2p3/P1p1P3/2P3PP/5P2/8 w - - 0 1,w,"Simple Chess - Stean, M_.pdf",13,1,contour,2026-08-16T05:04:23Z,ocr-corrigido,1
board_20260816_085923_730852.png,4r1k1/2rb1pp1/p3p2p/1p1pP3/3K1P2/1P1B2P1/P1P2R1P/R7 w - - 0 1,w,"Simple Chess - Stean, M_.pdf",111,1,contour,2026-08-16T08:59:23Z,ocr-corrigido,
board_20260819_044730_732352.png,4R3/4p3/8/3p1p1B/1B1p1p2/2r3r1/1n4p1/2Qnk1K1 w - - 0 1,w,1937 Kemeri.pdf,33,1,embedded,2026-08-19T04:47:30Z,ocr-aceito,
board_20260819_044730_789354.png,2BKb1R1/1Q2N3/1p3kP1/1p1p4/2pq3p/2np1N2/1B3p2/8 w - - 0 1,w,1937 Kemeri.pdf,33,2,embedded,2026-08-19T04:47:30Z,ocr-aceito,
board_20260819_044730_854845.png,8/1n2P2K/3p2p1/2p3pk/6pr/4ppr1/6p1/1b6 w - - 0 1,w,1937 Kemeri.pdf,33,3,embedded,2026-08-19T04:47:30Z,ocr-aceito,
board_20260819_044730_921281.png,8/1R6/p1B1p3/p1P1P2p/P1kp1p1P/1p1N2P1/1P6/2N2K2 w - - 0 1,w,1937 Kemeri.pdf,33,4,embedded,2026-08-19T04:47:30Z,ocr-aceito,
board_20260819_044838_590094.png,2b1Q3/2prn1P1/n4qRp/2Pk4/2pNNPP1/2P5/6B1/KR4B1 w - - 0 1,w,1937 Kemeri.pdf,34,1,embedded,2026-08-19T04:48:38Z,ocr-aceito,
board_20260819_044838_646663.png,3B4/5k1p/5N1P/1P2R3/3P4/4K2B/8/8 w - - 0 1,w,1937 Kemeri.pdf,34,2,embedded,2026-08-19T04:48:38Z,ocr-aceito,
board_20260819_044838_713597.png,8/4n3/1P2Pp1B/QPR4b/2P3p1/P1Pk4/R1NNp3/4K3 w - - 0 1,w,1937 Kemeri.pdf,34,3,contour,2026-08-19T04:48:38Z,ocr-aceito,
board_20260819_044838_778118.png,8/8/8/2P5/3N4/PRNpB3/2pP3p/2k3nK w - - 0 1,w,1937 Kemeri.pdf,34,4,embedded,2026-08-19T04:48:38Z,ocr-aceito,
board_20260819_044956_316452.png,r5k1/ppbn2pp/2p1p3/2Pn2q1/3PB3/1P4P1/PB5P/RN2Q1K1 b - - 0 1,b,1937 Kemeri.pdf,51,1,embedded,2026-08-19T04:49:56Z,ocr-aceito,
board_20260819_045016_408157.png,2r5/pb3ppk/1pq3np/4p3/4P3/1B2QN2/PPR2PPP/6K1 b - - 0 1,b,1937 Kemeri.pdf,52,1,embedded,2026-08-19T04:50:16Z,ocr-aceito,
board_20260819_045049_858436.png,3r1nk1/1p3rb1/3p2q1/PQ1Pp1pp/4Pp2/5P2/3BN1PP/2R2RK1 w - - 0 1,w,1937 Kemeri.pdf,54,1,embedded,2026-08-19T04:50:49Z,ocr-aceito,
board_20260819_045103_657765.png,3r1nk1/1p3rb1/3p2q1/PQ1Pp1pp/4Pp2/5P2/3BN1PP/2R2RK1 b - - 0 1,b,1937 Kemeri.pdf,54,1,embedded,2026-08-19T04:51:03Z,ocr-aceito,
board_20260819_045119_166751.png,2r2rk1/1ppbq3/p1np2pp/5p2/2PNnP2/1P2P1P1/P1Q3BP/B3RRK1 b - - 0 1,b,1937 Kemeri.pdf,55,1,embedded,2026-08-19T04:51:19Z,ocr-aceito,
board_20260819_045134_603838.png,6k1/8/8/5Q2/4pP2/2q1P1Pp/5K2/8 w - - 0 1,w,1937 Kemeri.pdf,57,1,embedded,2026-08-19T04:51:34Z,ocr-aceito,
board_20260819_045153_127223.png,1rb1k2r/5ppp/4pn2/1p1qN3/1b1p4/3B2Q1/PP2KPPP/R1B4R b - - 0 1,b,1937 Kemeri.pdf,58,1,embedded,2026-08-19T04:51:53Z,ocr-aceito,
board_20260819_045239_101747.png,2R5/5pkp/4q1p1/1p2r3/1b1Q4/3p4/PP4PP/R5K1 b - - 0 1,b,1937 Kemeri.pdf,59,1,embedded,2026-08-19T04:52:39Z,ocr-aceito,
board_20260819_045300_317527.png,5rk1/8/1n5p/3Pp1p1/2r2p2/P1N2PB1/R5PP/5RK1 b - - 0 1,b,1937 Kemeri.pdf,60,1,embedded,2026-08-19T04:53:00Z,ocr-aceito,
board_20260819_045313_364797.png,3r2k1/1B4pp/5n2/3P1p2/2R5/6P1/5P1P/6K1 w - - 0 1,w,1937 Kemeri.pdf,62,1,embedded,2026-08-19T04:53:13Z,ocr-aceito,
board_20260819_045333_051243.png,r3brk1/pp2q1p1/1nnNp2p/3pP3/3P4/3B1N2/PPQ3PP/R4RK1 w - - 0 1,w,1937 Kemeri.pdf,63,1,embedded,2026-08-19T04:53:33Z,ocr-aceito,
board_20260819_045353_267127.png,4rrk1/p2b2q1/1bp1p2p/3pPp2/P5p1/1NP5/1P1Q1PPP/R3RBK1 b - - 0 1,b,1937 Kemeri.pdf,64,1,embedded,2026-08-19T04:53:53Z,ocr-aceito,
board_20260819_045413_298357.png,r3r1k1/p3bppp/1p1p1n2/2pP1q2/8/PnN1PN2/1P2QPPP/1RB1K2R w - - 0 1,w,1937 Kemeri.pdf,66,1,embedded,2026-08-19T04:54:13Z,ocr-aceito,
board_20260819_045458_296799.png,7r/ppr1b1kp/1q4p1/2ppp3/6P1/1PP1PP2/P1B1Q1P1/4RRK1 b - - 0 1,b,1937 Kemeri.pdf,68,1,embedded,2026-08-19T04:54:58Z,ocr-aceito,
board_20260819_045516_030472.png,1r1q1rk1/1b2bppp/p1n1p3/1p1n4/4N3/P2Q1N2/BP3PPP/2R2RK1 b - - 0 1,b,1937 Kemeri.pdf,69,1,embedded,2026-08-19T04:55:16Z,ocr-aceito,
board_20260819_045554_018195.png,r2qkbr1/pb1n1p1p/4pp2/8/Qp1NP3/3B4/PP3PPP/R1B2RK1 b - - 0 1,b,1937 Kemeri.pdf,70,1,embedded,2026-08-19T04:55:54Z,ocr-aceito,
board_20260819_045612_013076.png,4k3/pq1n3p/4pp2/2b5/Qp6/5NBP/PP1R2PK/2r5 w - - 0 1,w,1937 Kemeri.pdf,71,1,embedded,2026-08-19T04:56:12Z,ocr-aceito,
board_20260819_045632_940093.png,r1q2rk1/pp1nbpp1/2p4p/3p1b2/2PP4/1Q2PN2/P2BBPPP/2R2RK1 w - - 0 1,w,1937 Kemeri.pdf,72,1,embedded,2026-08-19T04:56:32Z,ocr-aceito,
board_20260819_045707_621658.png,4rr1k/ppb3pp/2p3nn/3p1bN1/NP3P2/1BP3PP/P2B4/R3R1K1 b - - 0 1,b,1937 Kemeri.pdf,73,1,embedded,2026-08-19T04:57:07Z,ocr-aceito,
board_20260819_045732_403600.png,1rr3k1/2q2pbp/p3p1p1/1pnpn3/3N4/1PP1P3/P1Q2PPP/2RRBBK1 b - - 0 1,b,1937 Kemeri.pdf,75,1,embedded,2026-08-19T04:57:32Z,ocr-aceito,
board_20260819_045750_712119.png,rn5r/p1k3bp/2P2pp1/2p1p3/B1b1P3/2N1B3/P4PPP/2KR3R b - - 0 1,b,1937 Kemeri.pdf,77,1,embedded,2026-08-19T04:57:50Z,ocr-aceito,
board_20260819_045813_429866.png,8/K7/1P6/4b2p/4k1p1/R4p2/6PP/8 w - - 0 1,w,1937 Kemeri.pdf,78,1,embedded,2026-08-19T04:58:13Z,ocr-aceito,
board_20260819_045825_686869.png,r2k3r/ppq1b1p1/2p1p1Bp/8/3P4/5N2/PP3PPP/R2Q2K1 w - - 0 1,w,1937 Kemeri.pdf,79,1,embedded,2026-08-19T04:58:25Z,ocr-aceito,
board_20260819_050035_606958.png,2r2rk1/1bb2ppp/p1n1p3/1p5q/3PP3/PB3N2/4QPPP/R1B2RK1 b - - 0 1,b,1937 Kemeri.pdf,80,1,embedded,2026-08-19T05:00:35Z,ocr-aceito,
board_20260819_050046_317477.png,5rkn/1R3p1p/5p2/3Bp2P/4P3/6P1/5P2/6K1 b - - 0 1,b,1937 Kemeri.pdf,81,1,embedded,2026-08-19T05:00:46Z,ocr-aceito,
board_20260819_050109_891761.png,3rr1k1/pbqpp1bp/1p1n2p1/2pP1p2/2P1PB2/5NP1/PPQ2PBP/R4RK1 b - - 0 1,b,1937 Kemeri.pdf,83,1,embedded,2026-08-19T05:01:09Z,ocr-aceito,
board_20260819_050209_617162.png,8/p3q1k1/1p1pPrp1/1Pp3Qp/P1P2P1P/7K/4R3/8 b - - 0 1,b,,,1,embedded,2026-08-19T05:02:09Z,ocr-aceito,
board_20260819_050213_615545.png,8/p3q1k1/1p1pPrp1/1Pp3Qp/P1P2P1P/7K/4R3/8 b - - 0 1,b,,,1,embedded,2026-08-19T05:02:13Z,ocr-aceito,
board_20260819_050232_224585.png,8/p3q1k1/1p1pPrp1/1Pp3Qp/P1P2P1P/7K/4R3/8 b - - 0 1,b,,,1,embedded,2026-08-19T05:02:32Z,ocr-aceito,
board_20260819_050308_329426.png,2rq2k1/6pp/p1r1b3/1pppPp2/3P4/PQP1PBP1/4K2P/2RR4 w - - 0 1,w,1937 Kemeri.pdf,88,1,embedded,2026-08-19T05:03:08Z,ocr-aceito,
board_20260819_050341_260017.png,r3kb1r/1b3ppp/pqn2n2/2pB4/1p6/2N1PN2/PP2QPPP/R1BR2K1 w - - 0 1,w,1937 Kemeri.pdf,89,1,embedded,2026-08-19T05:03:41Z,ocr-aceito,
board_20260819_050341_316999.png,r3kr2/1b2b1pp/pqn1Qn2/2p1N3/1p6/2N1P3/PP3PPP/R1BR2K1 w - - 0 1,w,1937 Kemeri.pdf,89,2,embedded,2026-08-19T05:03:41Z,ocr-aceito,
board_20260819_050422_403814.png,r2qk2r/pbp1bppp/1pn1pn2/8/3PN3/P2QB3/1PP1NPPP/2KR1B1R w - - 0 1,w,1937 Kemeri.pdf,91,1,embedded,2026-08-19T05:04:22Z,ocr-aceito,
board_20260819_050437_286786.png,r5k1/p4pp1/1bR2n1p/4p3/4P3/5B2/PP1r1PPP/3N1RK1 w - - 0 1,w,1937 Kemeri.pdf,93,1,embedded,2026-08-19T05:04:37Z,ocr-aceito,
board_20260819_050601_079350.png,2Rb4/p4ppk/5n1p/P3p3/1r2P3/4NB2/3r1PPP/5RK1 w - - 0 1,w,1937 Kemeri.pdf,94,1,embedded,2026-08-19T05:06:01Z,ocr-aceito,
board_20260819_050601_137494.png,r1bqk1nr/pp1p1pbp/2n1p1p1/2p5/2P1PP2/2NP1N2/PP4PP/R1BQKB1R w - - 0 1,w,1937 Kemeri.pdf,94,2,embedded,2026-08-19T05:06:01Z,ocr-aceito,
board_20260819_050619_391716.png,2Rb4/p4ppk/5n1p/P3p3/1r2P3/4NB2/3r1PPP/5RK1 w - - 0 1,w,,,1,embedded,2026-08-19T05:06:19Z,ocr-aceito,
board_20260819_050619_450374.png,r1bqk1nr/pp1p1pbp/2n1p1p1/2p5/2P1PP2/2NP1N2/PP4PP/R1BQKB1R b - - 0 1,b,,,2,embedded,2026-08-19T05:06:19Z,ocr-aceito,
board_20260819_050708_452598.png,r1bqk2r/ppp2ppp/3p1n2/n1b1p1B1/2B1P3/2NP1N2/PPP2PPP/R2QK2R w - - 0 1,w,,,1,embedded,2026-08-19T05:07:08Z,ocr-aceito,
board_20260819_050751_293636.png,rnbqk2r/pp2ppbp/1np3p1/8/3PP3/5NP1/PP3PBP/RNBQK2R w - - 0 1,w,1937 Kemeri.pdf,97,1,embedded,2026-08-19T05:07:51Z,ocr-aceito,
board_20260819_050810_494794.png,1k1r1r2/pp2ppbp/6p1/1NP1n3/8/4P1P1/PP2BK1P/R2R4 w - - 0 1,w,1937 Kemeri.pdf,98,1,embedded,2026-08-19T05:08:10Z,ocr-aceito,
board_20260819_050858_259228.png,8/2b2kp1/2p1np2/pp3N1p/4P3/P1B3P1/1P2KP1P/8 w - - 0 1,w,1937 Kemeri.pdf,100,1,embedded,2026-08-19T05:08:58Z,ocr-aceito,
board_20260819_050938_712970.png,4rrk1/1b5p/p2np1p1/1p1p2P1/8/P1N3P1/2P1RPB1/4R1K1 b - - 0 1,b,1937 Kemeri.pdf,101,1,contour,2026-08-19T05:09:38Z,ocr-aceito,
board_20260820_081850_572135.png,rn3q1k/1p6/p1n1Q2p/6pP/3pp3/2P4N/PP6/R1B3K1 b - - 0 1,b,Vishy_Anand_Great_Chess_Combinations.pdf,105,1,contour,2026-08-20T08:18:50Z,ocr-aceito,
board_20260820_081927_523456.png,5r2/5pk1/7N/6pQ/5b2/8/rq4PP/4RR1K w - - 0 1,w,Vishy_Anand_Great_Chess_Combinations.pdf,9,1,contour,2026-08-20T08:19:27Z,ocr-aceito,
board_20260820_081937_359891.png,2r1r1k1/pp3p1p/b4Q2/4p1Pp/1n2PP1P/qPN1B3/P1P5/1K1R3R w - - 0 1,w,Vishy_Anand_Great_Chess_Combinations.pdf,10,1,contour,2026-08-20T08:19:37Z,ocr-aceito,
board_20260820_081942_745673.png,r5k1/2R2ppp/1P3b2/Pq1r4/3p1R2/5Q2/3B1PP1/7K w - - 0 1,w,Vishy_Anand_Great_Chess_Combinations.pdf,11,1,contour,2026-08-20T08:19:42Z,ocr-aceito,
board_20260820_081954_946562.png,6k1/2pb3p/1p1p1qp1/p1nP1p2/2P5/1P2N1PB/P1Q2P1P/6K1 w - - 0 1,w,Vishy_Anand_Great_Chess_Combinations.pdf,12,1,contour,2026-08-20T08:19:54Z,ocr-aceito,
board_20260820_082003_805256.png,4rbk1/p3pq2/1pQ1Rp1p/8/5B1P/1PPr4/1P4P1/4R1K1 w - - 0 1,w,Vishy_Anand_Great_Chess_Combinations.pdf,13,1,contour,2026-08-20T08:20:03Z,ocr-aceito,
board_20260820_082023_121335.png,5rk1/5r2/p3pn1p/Pp1P2q1/2p1BB1p/2P5/R5P1/2Q3K1 b - - 0 1,b,Vishy_Anand_Great_Chess_Combinations.pdf,14,1,contour,2026-08-20T08:20:23Z,ocr-aceito,
board_20260820_082029_327011.png,4r1k1/Q4ppp/4r3/3p1b2/1q1P4/5PBP/1P4PK/R6R w - - 0 1,w,Vishy_Anand_Great_Chess_Combinations.pdf,15,1,contour,2026-08-20T08:20:29Z,ocr-aceito,
board_20260820_082035_470141.png,3r2k1/4qppp/p7/1pp1n3/4P3/BP6/P2R1PPP/3Q2K1 w - - 0 1,w,Vishy_Anand_Great_Chess_Combinations.pdf,16,1,contour,2026-08-20T08:20:35Z,ocr-aceito,
board_20260820_082041_090026.png,3rnrk1/1b3ppp/1q2p3/p3P1P1/1p1N4/3BQ3/PPP4P/2KR1R2 w - - 0 1,w,Vishy_Anand_Great_Chess_Combinations.pdf,17,1,contour,2026-08-20T08:20:41Z,ocr-aceito,
board_20260820_082049_210512.png,8/8/8/2k4K/p1N5/2P5/8/8 w - - 0 1,w,Vishy_Anand_Great_Chess_Combinations.pdf,18,1,contour,2026-08-20T08:20:49Z,ocr-aceito,
board_20260820_082100_243459.png,2rq1rk1/p3bppp/bpn1p3/3n4/1P1P4/P1N2N2/1BB2PPP/R2QR1K1 w - - 0 1,w,Vishy_Anand_Great_Chess_Combinations.pdf,19,1,contour,2026-08-20T08:21:00Z,ocr-aceito,
board_20260820_082128_996620.png,2r1r2k/3b1p1p/p1qpnP2/1p5Q/4P3/2P5/PP3P1P/2KR2R1 w - - 0 1,w,Vishy_Anand_Great_Chess_Combinations.pdf,20,1,contour,2026-08-20T08:21:28Z,ocr-aceito,
board_20260820_082133_844831.png,r4r1k/3q3p/pR1b1n2/1p1p2p1/1P1Pp3/PN2P1P1/1Q2BP2/2R3K1 w - - 0 1,w,Vishy_Anand_Great_Chess_Combinations.pdf,21,1,contour,2026-08-20T08:21:33Z,ocr-aceito,
board_20260820_082139_208434.png,4R2r/4bpk1/2p1q3/4p1p1/r3P2p/2P1BQ1P/P5P1/5R1K w - - 0 1,w,Vishy_Anand_Great_Chess_Combinations.pdf,22,1,contour,2026-08-20T08:21:39Z,ocr-aceito,
board_20260820_082146_526249.png,r1q1r1k1/2pb1pb1/1p1p1npp/1n1P4/1PN1P1PB/3Q1N1P/2B2P2/1R2R1K1 w - - 0 1,w,Vishy_Anand_Great_Chess_Combinations.pdf,23,1,contour,2026-08-20T08:21:46Z,ocr-aceito,
board_20260820_082152_249326.png,3k4/5pb1/2P5/pN5P/1p6/1P3p2/1P6/4K3 w - - 0 1,w,Vishy_Anand_Great_Chess_Combinations.pdf,24,1,contour,2026-08-20T08:21:52Z,ocr-aceito,
board_20260820_082157_154820.png,5k2/bppr1q1b/p2pR3/P4PQ1/2P3P1/2B5/1P5P/7K w - - 0 1,w,Vishy_Anand_Great_Chess_Combinations.pdf,25,1,contour,2026-08-20T08:21:57Z,ocr-aceito,
board_20260820_082203_400936.png,8/5b2/6p1/P1N4p/1n3k2/1PN5/6P1/6K1 w - - 0 1,w,Vishy_Anand_Great_Chess_Combinations.pdf,26,1,contour,2026-08-20T08:22:03Z,ocr-aceito,
board_20260820_082217_664399.png,8/pR5p/3p1rpk/1Q2pn2/P2r4/2qN2P1/5PKP/3R4 w - - 0 1,w,Vishy_Anand_Great_Chess_Combinations.pdf,27,1,contour,2026-08-20T08:22:17Z,ocr-aceito,
board_20260820_082224_758848.png,3r1kr1/pp3pbp/2b1pq2/5p2/8/1PPB2N1/PKQ1R1PP/5R2 b - - 0 1,b,Vishy_Anand_Great_Chess_Combinations.pdf,28,1,contour,2026-08-20T08:22:24Z,ocr-aceito,
board_20260820_082231_821969.png,2k1rr2/ppp3pp/2n3q1/3p1p2/3Pn2b/NNPB1P1b/PPQ3PP/R1B2R1K b - - 0 1,b,Vishy_Anand_Great_Chess_Combinations.pdf,29,1,contour,2026-08-20T08:22:31Z,ocr-aceito,
board_20260820_082236_311181.png,r1br2k1/pp2bppp/1qn1pB2/8/4p3/1NN2P2/PPPQ2PP/1K1R1B1R w - - 0 1,w,Vishy_Anand_Great_Chess_Combinations.pdf,30,1,contour,2026-08-20T08:22:36Z,ocr-aceito,
board_20260820_082242_439917.png,2qr1r2/1p4kp/p1nR1p2/2P1pb2/1P2NpB1/7P/P3QPP1/3R2K1 w - - 0 1,w,Vishy_Anand_Great_Chess_Combinations.pdf,31,1,contour,2026-08-20T08:22:42Z,ocr-aceito,
board_20260820_082246_318983.png,r3k2r/1pqbbpp1/p1nppn2/6BP/3NP3/2N5/PPPQBP2/2KR2R1 w - - 0 1,w,Vishy_Anand_Great_Chess_Combinations.pdf,32,1,contour,2026-08-20T08:22:46Z,ocr-aceito,
board_20260820_082251_227963.png,3rkr2/3b1p2/p1npp2p/2q4B/4PP1Q/2N3R1/PPP5/2KR4 w - - 0 1,w,Vishy_Anand_Great_Chess_Combinations.pdf,33,1,contour,2026-08-20T08:22:51Z,ocr-aceito,
board_20260820_082303_231074.png,r2qr1k1/1pp2pbp/3pb1p1/3Nn3/1PP1P3/6P1/2Q2PBP/1RB1R1K1 w - - 0 1,w,Vishy_Anand_Great_Chess_Combinations.pdf,34,1,contour,2026-08-20T08:23:03Z,ocr-aceito,
board_20260820_082308_434478.png,4r2k/2P2r1p/1p1Q1p1P/3P2p1/2b5/8/5PP1/6K1 w - - 0 1,w,Vishy_Anand_Great_Chess_Combinations.pdf,35,1,contour,2026-08-20T08:23:08Z,ocr-aceito,
board_20260820_082312_641416.png,r3k2r/3b1pbp/p1q1p1p1/3pP3/3B1P2/1BP4Q/P5PP/R4R1K w - - 0 1,w,Vishy_Anand_Great_Chess_Combinations.pdf,36,1,contour,2026-08-20T08:23:12Z,ocr-aceito,
board_20260820_082316_854083.png,5r1r/p1k1n3/1pn1p1qp/3pP1p1/b1pP4/P1P1N1P1/1RPBQPB1/5RK1 w - - 0 1,w,Vishy_Anand_Great_Chess_Combinations.pdf,37,1,contour,2026-08-20T08:23:16Z,ocr-aceito,
board_20260820_082323_954409.png,4k2r/p4q2/2nQp2p/B3P1p1/b3r3/P5P1/1RP2P2/5RK1 w - - 0 1,w,Vishy_Anand_Great_Chess_Combinations.pdf,38,1,contour,2026-08-20T08:23:23Z,ocr-aceito,
board_20260820_082328_030980.png,5r1k/R6p/p4N2/1p2pb2/1P3pP1/8/4rP1P/5RK1 w - - 0 1,w,Vishy_Anand_Great_Chess_Combinations.pdf,39,1,contour,2026-08-20T08:23:28Z,ocr-aceito,
board_20260820_082331_901265.png,1r6/1p1q1n1p/p2b3k/N1pPp2P/2P1Pp2/2Q2P2/PP1B2r1/2KR3R w - - 0 1,w,Vishy_Anand_Great_Chess_Combinations.pdf,40,1,contour,2026-08-20T08:23:31Z,ocr-aceito,
board_20260820_082335_436802.png,3k3r/p4p1p/bp2pN2/3pP3/3Q4/1q4P1/1r5P/2R1N1KR w - - 0 1,w,Vishy_Anand_Great_Chess_Combinations.pdf,41,1,contour,2026-08-20T08:23:35Z,ocr-aceito,
board_20260820_082341_331257.png,5rk1/p1q2p1N/1p4p1/3bP2P/5Q2/2r1n3/P3B1P1/1K1R3R b - - 0 1,b,Vishy_Anand_Great_Chess_Combinations.pdf,42,1,contour,2026-08-20T08:23:41Z,ocr-aceito,
board_20260820_082354_425427.png,5k2/pBp5/1p6/4Pnp1/3B1p2/P2n1P1K/3R2P1/5r2 w - - 0 1,w,Vishy_Anand_Great_Chess_Combinations.pdf,43,1,contour,2026-08-20T08:23:54Z,ocr-aceito,
board_20260820_082402_725987.png,k2r4/p7/5pp1/3q4/2p5/5Q2/P4PPP/5RK1 w - - 0 1,w,Vishy_Anand_Great_Chess_Combinations.pdf,44,1,contour,2026-08-20T08:24:02Z,ocr-aceito,
board_20260820_082408_152206.png,1rb1r1k1/1pqnbppp/p3p3/2n1P3/P2N4/2N1B1P1/1PP3BP/R2Q1RK1 w - - 0 1,w,Vishy_Anand_Great_Chess_Combinations.pdf,45,1,contour,2026-08-20T08:24:08Z,ocr-aceito,
board_20260820_082412_180612.png,br4k1/1qrnbppp/pp1ppn2/8/NPPBP3/PN3P2/5QPP/2RR1B1K w - - 0 1,w,Vishy_Anand_Great_Chess_Combinations.pdf,46,1,contour,2026-08-20T08:24:12Z,ocr-aceito,
board_20260820_082416_930542.png,8/2r5/p2bkp2/1p2p3/7P/PP4R1/K1P1RB2/3r4 w - - 0 1,w,Vishy_Anand_Great_Chess_Combinations.pdf,47,1,contour,2026-08-20T08:24:16Z,ocr-aceito,
board_20260820_082420_597880.png,r1b1k2r/pp3ppp/4pb2/2n5/3RB3/4BN2/PqP1QPPP/3R2K1 w - - 0 1,w,Vishy_Anand_Great_Chess_Combinations.pdf,48,1,contour,2026-08-20T08:24:20Z,ocr-aceito,
board_20260820_082424_334246.png,2r3k1/1q3pp1/2n1p2p/pN1bP3/Np3PPP/1P6/P3Q2K/3R4 w - - 0 1,w,Vishy_Anand_Great_Chess_Combinations.pdf,49,1,contour,2026-08-20T08:24:24Z,ocr-aceito,
board_20260820_082427_824635.png,3br2k/1p4pp/1Nq1pr2/1pPp3R/1P1Q1P2/P3P3/4KP1P/6R1 w - - 0 1,w,Vishy_Anand_Great_Chess_Combinations.pdf,50,1,contour,2026-08-20T08:24:27Z,ocr-aceito,
board_20260820_082431_999872.png,3r2kn/2R2pp1/3Bp3/1p1pP1P1/qP1P4/P4Q2/5PP1/6K1 w - - 0 1,w,Vishy_Anand_Great_Chess_Combinations.pdf,51,1,contour,2026-08-20T08:24:31Z,ocr-aceito,
board_20260820_082436_081135.png,6k1/1p4pp/6p1/p1Pp4/6n1/2P4Q/P5K1/3q3R w - - 0 1,w,Vishy_Anand_Great_Chess_Combinations.pdf,52,1,contour,2026-08-20T08:24:36Z,ocr-aceito,
board_20260820_082438_485274.png,6k1/1p4pp/6p1/p1Pp4/6n1/2P4Q/P5K1/3q3R b - - 0 1,b,Vishy_Anand_Great_Chess_Combinations.pdf,52,1,contour,2026-08-20T08:24:38Z,ocr-aceito,
board_20260820_082458_827282.png,5rk1/R1pq1ppp/1r6/1p1pP2b/1n1P1b2/1BN2N1P/1P2QPP1/R5K1 w - - 0 1,w,Vishy_Anand_Great_Chess_Combinations.pdf,53,1,contour,2026-08-20T08:24:58Z,ocr-aceito,
board_20260820_082502_923046.png,2r2rk1/pb2bppp/1pnqp3/1R6/3P3P/2PB1N2/P4PP1/2BQR1K1 w - - 0 1,w,Vishy_Anand_Great_Chess_Combinations.pdf,54,1,contour,2026-08-20T08:25:02Z,ocr-aceito,
board_20260820_082506_746857.png,2kr3r/ppp2pbp/5qp1/2Pp1b2/3Pn3/2NBB1P1/PP3P1P/R2Q1RK1 w - - 0 1,w,Vishy_Anand_Great_Chess_Combinations.pdf,55,1,contour,2026-08-20T08:25:06Z,ocr-aceito,
board_20260820_082511_704751.png,2k5/1p3b2/p2p4/3P1pp1/1PP3q1/1PB3Pp/1K3Q1P/8 w - - 0 1,w,Vishy_Anand_Great_Chess_Combinations.pdf,56,1,contour,2026-08-20T08:25:11Z,ocr-aceito,
board_20260820_082518_068547.png,5rk1/2q1bp1p/2b1p1p1/3pP3/1PpB1P2/2P1Q3/2B3PP/5RK1 w - - 0 1,w,Vishy_Anand_Great_Chess_Combinations.pdf,57,1,contour,2026-08-20T08:25:18Z,ocr-aceito,
board_20260820_082526_571305.png,3q1rk1/5p2/2b3p1/3pP1bp/1PpB2B1/2P5/4Q1PP/5RK1 b - - 0 1,b,Vishy_Anand_Great_Chess_Combinations.pdf,58,1,contour,2026-08-20T08:25:26Z,ocr-aceito,
board_20260820_082528_886512.png,3q1rk1/5p2/2b3p1/3pP1bp/1PpB2B1/2P5/4Q1PP/5RK1 b - - 0 1,b,Vishy_Anand_Great_Chess_Combinations.pdf,58,1,contour,2026-08-20T08:25:28Z,ocr-aceito,
board_20260820_082530_079313.png,3q1rk1/5p2/2b3p1/3pP1bp/1PpB2B1/2P5/4Q1PP/5RK1 w - - 0 1,w,Vishy_Anand_Great_Chess_Combinations.pdf,58,1,contour,2026-08-20T08:25:30Z,ocr-aceito,
board_20260820_082536_201860.png,1k1rr3/1p3p1p/p1p5/2P3p1/Q2b2q1/1R1BB1P1/PP3P1P/6K1 w - - 0 1,w,Vishy_Anand_Great_Chess_Combinations.pdf,59,1,contour,2026-08-20T08:25:36Z,ocr-aceito,
board_20260820_082540_649593.png,r1b1kb1r/p3pppp/n7/qppPP3/2p1nB2/2N2P2/PP2N1PP/R2QKB1R w - - 0 1,w,Vishy_Anand_Great_Chess_Combinations.pdf,60,1,contour,2026-08-20T08:25:40Z,ocr-aceito,
board_20260820_082544_892381.png,rn2n2k/p1q2r1p/2pb1P2/1p1p4/3B3Q/P2B2N1/1PP4P/2KN2R1 w - - 0 1,w,Vishy_Anand_Great_Chess_Combinations.pdf,61,1,contour,2026-08-20T08:25:44Z,ocr-aceito,
board_20260820_082548_882696.png,1r6/3nk3/2Q5/p3p3/P3P1N1/2P2P2/1q2BKP1/8 w - - 0 1,w,Vishy_Anand_Great_Chess_Combinations.pdf,62,1,contour,2026-08-20T08:25:48Z,ocr-aceito,
board_20260820_082613_310779.png,5rk1/3nppbp/2np2p1/q7/p2PP3/N2QB1PP/Pr3P2/R3RBK1 b - - 0 1,b,Vishy_Anand_Great_Chess_Combinations.pdf,64,1,contour,2026-08-20T08:26:13Z,ocr-aceito,
board_20260820_083642_175726.png,r7/1p2pkb1/3pb1p1/1P3p1r/p1P1P3/P2K1P2/2R2BP1/1R3B2 b - - 0 1,b,Vishy_Anand_Great_Chess_Combinations.pdf,63,1,,2026-08-20T08:36:42Z,ocr-corrigido,
board_20260820_093037_086008.png,3R4/5p1k/8/p4q2/Ppb3p1/3N3P/1P2Q1PK/1r6 w - - 0 1,w,Vishy_Anand_Great_Chess_Combinations.pdf,65,1,contour,2026-08-20T09:30:37Z,ocr-aceito,
board_20260820_093046_821974.png,1kb2r2/p1qnrpbp/2p2np1/1pN1p3/4P1P1/P1N1BP2/1PPQ3P/1K1R1B1R w - - 0 1,w,Vishy_Anand_Great_Chess_Combinations.pdf,66,1,contour,2026-08-20T09:30:46Z,ocr-aceito,
board_20260820_093052_837309.png,7r/4kp2/p2p1p2/1p3q1p/5N1P/P4QP1/1PP5/1K6 w - - 0 1,w,Vishy_Anand_Great_Chess_Combinations.pdf,67,1,contour,2026-08-20T09:30:52Z,ocr-aceito,
board_20260820_093059_329141.png,4r1k1/4bp1p/q4np1/p2pQ1N1/7P/P1B1R3/1P1K1PP1/8 w - - 0 1,w,Vishy_Anand_Great_Chess_Combinations.pdf,68,1,contour,2026-08-20T09:30:59Z,ocr-aceito,
board_20260820_093102_392410.png,4r1k1/4bp1p/q4np1/p2pQ1N1/7P/P1B1R3/1P1K1PP1/8 b - - 0 1,b,Vishy_Anand_Great_Chess_Combinations.pdf,68,1,contour,2026-08-20T09:31:02Z,ocr-aceito,
board_20260820_093112_570163.png,r2b1nk1/8/r4p2/P2Rp2p/R1p1P1pP/2P1B1P1/N3KP2/8 w - - 0 1,w,Vishy_Anand_Great_Chess_Combinations.pdf,69,1,contour,2026-08-20T09:31:12Z,ocr-aceito,
board_20260820_093119_413071.png,4R3/5P2/1P1p4/6pk/3q3p/5b2/5P2/4Q1K1 w - - 0 1,w,Vishy_Anand_Great_Chess_Combinations.pdf,70,1,contour,2026-08-20T09:31:19Z,ocr-aceito,
board_20260820_093129_935864.png,2b1k1r1/2qnbp2/p2p1n1p/4pP2/1r2P1p1/1NN1B1Q1/1PP1B1PP/2KRR3 b - - 0 1,b,Vishy_Anand_Great_Chess_Combinations.pdf,71,1,contour,2026-08-20T09:31:29Z,ocr-aceito,
board_20260820_093139_187062.png,r3rbk1/1p3ppp/1B2qn2/PQ2p3/2P1P3/5B1P/6P1/1R1R3K w - - 0 1,w,Vishy_Anand_Great_Chess_Combinations.pdf,72,1,contour,2026-08-20T09:31:39Z,ocr-aceito,
board_20260820_093148_476599.png,3r2k1/4n1q1/p4pP1/4p3/2p1P3/2P2RR1/P1Br1PK1/7Q w - - 0 1,w,Vishy_Anand_Great_Chess_Combinations.pdf,73,1,contour,2026-08-20T09:31:48Z,ocr-aceito,
board_20260820_093158_445408.png,3rrbk1/1bp2pp1/p6p/1pn1p3/1Pq1P3/P1P2N2/2BBQPPP/1R2R1K1 b - - 0 1,b,Vishy_Anand_Great_Chess_Combinations.pdf,74,1,contour,2026-08-20T09:31:58Z,ocr-aceito,
board_20260820_093208_549074.png,4r2k/6b1/8/p5qp/1pP1p1N1/8/PP1R1P1P/3Q3K w - - 0 1,w,Vishy_Anand_Great_Chess_Combinations.pdf,75,1,contour,2026-08-20T09:32:08Z,ocr-aceito,
board_20260820_093216_407766.png,3rkb1r/8/5p2/p1n1p2p/1pN3n1/1P3N2/P1PBR1PP/5RK1 w - - 0 1,w,Vishy_Anand_Great_Chess_Combinations.pdf,76,1,contour,2026-08-20T09:32:16Z,ocr-aceito,
board_20260820_093225_931180.png,4rb1k/2r3pp/pp2p3/2nq2P1/P5N1/4B2Q/1PP3RP/5R1K w - - 0 1,w,Vishy_Anand_Great_Chess_Combinations.pdf,77,1,contour,2026-08-20T09:32:25Z,ocr-aceito,
board_20260820_093233_954028.png,2r3k1/5p1n/4n1pB/1p2pN1p/1q2P3/5Q1P/5PP1/3R2K1 w - - 0 1,w,Vishy_Anand_Great_Chess_Combinations.pdf,78,1,contour,2026-08-20T09:32:33Z,ocr-aceito,
board_20260820_093242_097678.png,5bk1/1p4p1/p1r5/3Np2q/2R1N2p/1P3r1P/1PP1Q3/3R3K w - - 0 1,w,Vishy_Anand_Great_Chess_Combinations.pdf,79,1,contour,2026-08-20T09:32:42Z,ocr-aceito,
board_20260820_093254_710803.png,r2r2k1/pp3ppp/2p1bn2/4R3/1PP2Q2/2Bq2P1/1P3PBP/R5K1 w - - 0 1,w,Vishy_Anand_Great_Chess_Combinations.pdf,80,1,contour,2026-08-20T09:32:54Z,ocr-aceito,
board_20260820_093307_212719.png,r1bq1rk1/1p3ppp/p1pp2n1/3N3Q/B1PPR2b/8/PP3PPP/R1B3K1 w - - 0 1,w,Vishy_Anand_Great_Chess_Combinations.pdf,81,1,contour,2026-08-20T09:33:07Z,ocr-aceito,
board_20260820_093316_137313.png,rn3rk1/2q2ppp/b2b4/1R1pN3/3P1B2/3B4/5PPP/3Q1RK1 w - - 0 1,w,Vishy_Anand_Great_Chess_Combinations.pdf,82,1,contour,2026-08-20T09:33:16Z,ocr-aceito,
board_20260820_093322_875330.png,r4rk1/1b2qp2/6p1/ppnPp2p/2p1P3/2P3NP/PPB2QP1/4RRK1 w - - 0 1,w,Vishy_Anand_Great_Chess_Combinations.pdf,83,1,contour,2026-08-20T09:33:22Z,ocr-aceito,
board_20260820_093329_783648.png,3r1bnr/pk1q3p/1pp2pp1/P1pb4/4N3/3PBN1P/1PP2PP1/R2QR1K1 w - - 0 1,w,Vishy_Anand_Great_Chess_Combinations.pdf,84,1,contour,2026-08-20T09:33:29Z,ocr-aceito,
board_20260820_093338_343369.png,r1bq1rk1/1p3pb1/p3p2p/2p1n1p1/4N3/1B1P2Q1/PPP3PP/R1B2R1K w - - 0 1,w,Vishy_Anand_Great_Chess_Combinations.pdf,85,1,contour,2026-08-20T09:33:38Z,ocr-aceito,
board_20260820_093350_453317.png,qr4k1/2p2pp1/3p2p1/2n1p1P1/1nB1P3/2QPP2P/1P6/2B1R1K1 b - - 0 1,b,Vishy_Anand_Great_Chess_Combinations.pdf,86,1,contour,2026-08-20T09:33:50Z,ocr-aceito,
board_20260820_093401_549625.png,b4rk1/3nq1r1/p1p1p3/1p2P1bQ/PPpPN3/6PB/6PP/R4R1K b - - 0 1,b,Vishy_Anand_Great_Chess_Combinations.pdf,87,1,contour,2026-08-20T09:34:01Z,ocr-aceito,
board_20260820_093409_982832.png,3rk2r/pR3ppp/2p1p3/3n3P/3q2P1/3BRP2/P1P2Kb1/2BQ4 w - - 0 1,w,Vishy_Anand_Great_Chess_Combinations.pdf,88,1,contour,2026-08-20T09:34:09Z,ocr-aceito,
board_20260820_093418_683651.png,3br1k1/1b4p1/1ppq1r1p/p2p1p2/P2P1N2/1PR1P1P1/2Q2PBP/2R3K1 w - - 0 1,w,Vishy_Anand_Great_Chess_Combinations.pdf,89,1,contour,2026-08-20T09:34:18Z,ocr-aceito,
board_20260820_093433_228202.png,r1bq2k1/ppp1n1b1/3p1rn1/1NPPp2p/PPN1Ppp1/B5P1/5P1P/R2QRBK1 w - - 0 1,w,Vishy_Anand_Great_Chess_Combinations.pdf,90,1,contour,2026-08-20T09:34:33Z,ocr-aceito,
board_20260820_093443_677224.png,r3k2r/2Rb1p2/p3p1pp/1pBnP3/4q2P/5N2/2P2PP1/1R1Q2K1 w - - 0 1,w,Vishy_Anand_Great_Chess_Combinations.pdf,91,1,contour,2026-08-20T09:34:43Z,ocr-aceito,
board_20260820_093452_914862.png,2Q5/5pbk/3p1qp1/3Pn3/4P2p/4B1PP/3N1PK1/8 w - - 0 1,w,Vishy_Anand_Great_Chess_Combinations.pdf,92,1,contour,2026-08-20T09:34:52Z,ocr-aceito,
board_20260820_093502_897503.png,4br1k/2p3rp/1b1p1N2/q6p/3P1p2/2P2P2/2BQ2P1/3KR2R b - - 0 1,b,Vishy_Anand_Great_Chess_Combinations.pdf,93,1,contour,2026-08-20T09:35:02Z,ocr-aceito,
board_20260820_093534_499184.png,r4rk1/pb1nqppp/1p3n2/2p1p3/1PPp4/P2P1NP1/1B1QPPBP/R4RK1 w - - 0 1,w,Vishy_Anand_Great_Chess_Combinations.pdf,94,1,contour,2026-08-20T09:35:34Z,ocr-aceito,
board_20260820_093542_353819.png,4r1k1/2R2p1q/p2Qr1p1/8/6p1/2B1P1P1/1P2KP1b/3R4 w - - 0 1,w,Vishy_Anand_Great_Chess_Combinations.pdf,95,1,contour,2026-08-20T09:35:42Z,ocr-aceito,
board_20260820_093551_516166.png,2r4k/5Qp1/1Bq4p/P3R3/8/2np3P/2p2PP1/2R3K1 w - - 0 1,w,Vishy_Anand_Great_Chess_Combinations.pdf,96,1,contour,2026-08-20T09:35:51Z,ocr-aceito,
board_20260820_093604_729303.png,2rr2k1/5pp1/p2p3p/qp1Pp1bP/8/5P2/PPP3P1/1K1QRB1R b - - 0 1,b,Vishy_Anand_Great_Chess_Combinations.pdf,97,1,contour,2026-08-20T09:36:04Z,ocr-aceito,
board_20260820_093613_825840.png,2r1r1k1/1q5p/n3p1p1/1p1bP1P1/4pP2/2P1B2Q/2PR2B1/3R2K1 w - - 0 1,w,Vishy_Anand_Great_Chess_Combinations.pdf,98,1,contour,2026-08-20T09:36:13Z,ocr-aceito,
board_20260820_093623_617050.png,3b3r/1bp2pk1/1p2q1p1/pP1pN2r/P2P4/2R1PQP1/5PB1/2R3K1 w - - 0 1,w,Vishy_Anand_Great_Chess_Combinations.pdf,99,1,contour,2026-08-20T09:36:23Z,ocr-aceito,
board_20260820_093634_436468.png,2q3k1/2p1nbpp/1r1pN3/3P4/6P1/7P/5P2/R1BQ2K1 w - - 0 1,w,Vishy_Anand_Great_Chess_Combinations.pdf,100,1,contour,2026-08-20T09:36:34Z,ocr-aceito,
board_20260820_093648_023773.png,2rr2k1/pp1bbpp1/4pn2/q3P1P1/8/2N1Q3/PPP1B1P1/1K1R3R b - - 0 1,b,Vishy_Anand_Great_Chess_Combinations.pdf,101,1,contour,2026-08-20T09:36:48Z,ocr-aceito,
board_20260820_164646_407248.png,4rkbQ/R7/1p4q1/2pPBp1n/P1P2P2/8/6B1/6K1 w - - 0 1,w,Vishy_Anand_Great_Chess_Combinations.pdf,102,1,contour,2026-08-20T16:46:46Z,ocr-aceito,
board_20260820_164656_284871.png,r4k1r/pp2bppp/2p3b1/3q4/3P1BP1/2Q2N2/PP3P1P/R3R1K1 w - - 0 1,w,Vishy_Anand_Great_Chess_Combinations.pdf,103,1,contour,2026-08-20T16:46:56Z,ocr-aceito,
