filename,split
board_20260225_220736_268077.png,train
board_20260225_220830_563858.png,train
board_20260225_220928_580562.png,train
board_20260225_221547_414412.png,test
board_20260225_221648_814164.png,train
board_20260225_221807_137303.png,train
board_20260225_222027_411963.png,train
board_20260225_222321_653530.png,test
board_20260225_222418_197258.png,train
board_20260225_222518_326688.png,train
board_20260225_222638_059609.png,train
board_20260225_222734_705194.png,train
board_20260225_222821_416952.png,train
board_20260225_223051_185127.png,train
board_20260225_223145_881339.png,train
board_20260225_223255_265154.png,train
board_20260225_223450_052819.png,train
board_20260225_223611_105100.png,train
board_20260225_223931_630268.png,train
board_20260225_224022_820353.png,train
board_20260225_224242_545980.png,train
board_20260225_224448_437214.png,train
board_20260225_224521_351432.png,train
board_20260225_224634_518407.png,train
board_20260225_224802_150986.png,train
board_20260225_225413_044123.png,train
board_20260225_225719_489767.png,train
board_20260225_230035_698176.png,train
board_20260225_230123_415627.png,train
board_20260225_230319_962595.png,train
board_20260225_230356_568872.png,val
board_20260225_230416_769697.png,train
board_20260225_230456_969339.png,train
board_20260225_230606_047175.png,train
board_20260225_230922_175182.png,train
board_20260225_231551_081929.png,train
board_20260225_231607_471596.png,train
board_20260225_231621_868171.png,train
board_20260225_233115_437797.png,train
board_20260225_233539_349892.png,val
board_20260225_233616_677174.png,train
board_20260225_233630_526747.png,train
board_20260225_233707_327257.png,val
board_20260225_234611_790130.png,train
board_20260225_234821_733637.png,train
board_20260225_234841_859226.png,train
board_20260225_235150_767958.png,train
board_20260225_235304_010323.png,val
board_20260225_235332_872144.png,train
board_20260225_235400_696286.png,train
board_20260225_235447_497205.png,train
board_20260225_235529_035316.png,train
board_20260225_235644_857020.png,train
board_20260225_235745_241498.png,train
board_20260225_235832_470426.png,train
board_20260225_235902_595675.png,train
board_20260225_235936_330292.png,train
board_20260226_000014_731746.png,train
board_20260226_000034_046431.png,train
board_20260226_000046_337935.png,test
board_20260226_000103_366749.png,train
board_20260226_000132_875847.png,train
board_20260226_000306_176866.png,train
board_20260226_000341_309113.png,train
board_20260226_000516_685439.png,train
board_20260226_000648_217807.png,train
board_20260226_000648_253840.png,train
board_20260226_000711_162750.png,train
board_20260226_000711_194781.png,train
board_20260226_000721_636180.png,train
board_20260226_001008_653222.png,test
board_20260226_001029_320001.png,train
board_20260226_001112_730685.png,val
board_20260226_001112_763732.png,train
board_20260226_001150_862242.png,train
board_20260226_001150_898564.png,train
board_20260226_001208_641973.png,train
board_20260226_001342_476844.png,train
board_20260226_001342_512875.png,train
board_20260226_001402_918685.png,train
board_20260226_001457_084930.png,train
board_20260226_002006_986685.png,val
board_20260226_002027_871541.png,test
board_20260226_002027_906237.png,train
board_20260226_003238_523654.png,train
board_20260226_003238_547011.png,train
board_20260226_003238_579137.png,train
board_20260226_003351_412608.png,train
board_20260226_003351_475064.png,train
board_20260226_003524_841234.png,train
board_20260226_003524_874491.png,train
board_20260226_004644_367083.png,train
board_20260226_004644_401092.png,train
board_20260226_005241_108684.png,train
board_20260226_005241_141702.png,train
board_20260226_005241_168729.png,val
board_20260226_005241_196713.png,train
board_20260226_005241_225791.png,train
board_20260226_005241_254728.png,train
board_20260226_005942_193001.png,train
board_20260226_005942_225657.png,train
board_20260226_005942_256664.png,train
board_20260226_005942_284670.png,train
board_20260226_005942_313676.png,train
board_20260226_005942_341683.png,train
board_20260226_011740_524973.png,train
board_20260226_011908_080824.png,train
board_20260226_012405_318706.png,train
board_20260226_012453_345179.png,train
board_20260226_012555_249193.png,test
board_20260226_012629_314539.png,train
board_20260226_012702_371897.png,train
board_20260226_012739_504447.png,train
board_20260226_012801_681355.png,train
board_20260226_012824_393598.png,val
board_20260226_012912_720265.png,train
board_20260226_012952_672138.png,val
board_20260226_013013_060750.png,train
board_20260226_013036_203687.png,train
board_20260226_013101_576304.png,train
board_20260226_013131_542970.png,train
board_20260226_013150_955570.png,test
board_20260226_013213_125677.png,test
board_20260226_013244_482964.png,train
board_20260226_013318_653565.png,train
board_20260226_013339_795132.png,train
board_20260226_013403_416235.png,train
board_20260226_013422_135974.png,train
board_20260226_013446_126960.png,train
board_20260226_013506_321917.png,train
board_20260226_013527_762996.png,train
board_20260226_013618_773780.png,val
board_20260226_013658_710202.png,train
board_20260226_013723_180837.png,train
board_20260226_013740_540133.png,test
board_20260226_013805_718158.png,train
board_20260226_013825_708994.png,test
board_20260226_013846_992869.png,test
board_20260226_013910_442662.png,train
board_20260226_013937_777947.png,train
board_20260226_014326_152096.png,train
board_20260226_014420_589626.png,train
board_20260226_014442_641088.png,test
board_20260226_014505_443466.png,train
board_20260226_014527_336304.png,train
board_20260226_014551_545370.png,train
board_20260226_014618_391488.png,train
board_20260226_014638_984971.png,train
board_20260226_014711_499916.png,train
board_20260226_014736_482835.png,val
board_20260226_014755_992713.png,train
board_20260226_014816_358343.png,val
board_20260226_014834_988123.png,test
board_20260226_014957_853527.png,test
board_20260226_015046_150518.png,train
board_20260226_015610_484338.png,train
board_20260226_015809_894312.png,train
board_20260226_015847_424304.png,val
board_20260226_020809_316415.png,train
board_20260226_020903_258636.png,train
board_20260226_020917_468222.png,train
board_20260226_021106_180701.png,train
board_20260226_021119_916113.png,val
board_20260226_021152_898625.png,train
board_20260226_021227_061034.png,test
board_20260226_021604_232285.png,train
board_20260226_021622_992089.png,train
board_20260226_021635_696290.png,train
board_20260226_021650_356355.png,val
board_20260226_021700_822106.png,train
board_20260226_021712_685030.png,train
board_20260226_021723_541263.png,train
board_20260226_021738_382620.png,val
board_20260226_021749_959351.png,train
board_20260226_021805_778003.png,train
board_20260226_021822_957192.png,train
board_20260226_021836_565005.png,train
board_20260226_021848_097747.png,train
board_20260226_021856_962062.png,train
board_20260226_021907_042734.png,train
board_20260226_022048_666660.png,val
board_20260226_022205_441702.png,train
board_20260226_022241_468281.png,train
board_20260226_022323_321660.png,train
board_20260226_022350_200072.png,train
board_20260226_022522_093699.png,val
board_20260226_022538_438504.png,train
board_20260226_022629_351400.png,val
board_20260226_022654_107694.png,train
board_20260226_022709_835888.png,train
board_20260226_022730_029064.png,val
board_20260226_022745_592505.png,train
board_20260226_022800_433102.png,train
board_20260226_022919_795569.png,train
board_20260226_022936_665895.png,train
board_20260226_022956_259067.png,train
board_20260226_181309_314729.png,train
board_20260226_181331_098323.png,train
board_20260226_181417_842037.png,train
board_20260226_182450_474117.png,train
board_20260226_182518_009086.png,train
board_20260226_182539_017792.png,train
board_20260226_182644_689076.png,train
board_20260226_182722_698057.png,train
board_20260226_182736_298075.png,test
board_20260226_182751_393060.png,train
board_20260226_182819_273053.png,train
board_20260226_182833_618060.png,train
board_20260226_183049_081861.png,train
board_20260226_183114_617487.png,val
board_20260226_183239_112987.png,train
board_20260226_183239_144041.png,train
board_20260226_183239_172038.png,train
board_20260226_183239_201045.png,train
board_20260226_183239_230052.png,train
board_20260226_183239_258058.png,train
board_20260226_183337_241735.png,train
board_20260226_183337_273742.png,train
board_20260226_183337_304750.png,val
board_20260226_183337_335758.png,train
board_20260226_183337_365764.png,val
board_20260226_183337_396771.png,val
board_20260226_183444_393947.png,train
board_20260226_183636_089186.png,val
board_20260226_183656_385406.png,train
board_20260226_183744_937378.png,train
board_20260226_183744_969384.png,test
board_20260226_183744_999391.png,train
board_20260226_183818_881560.png,val
board_20260226_183818_914591.png,train
board_20260226_184022_904871.png,test
board_20260226_184022_935903.png,train
board_20260226_184022_964909.png,train
board_20260226_184022_994915.png,train
board_20260226_184023_024922.png,train
board_20260226_184023_052929.png,train
board_20260226_184145_841863.png,train
board_20260226_184145_872870.png,train
board_20260226_184145_903868.png,test
board_20260226_184145_932874.png,test
board_20260226_184145_961881.png,train
board_20260226_184145_992888.png,val
board_20260226_184310_217591.png,train
board_20260226_184325_041660.png,val
board_20260226_184345_281369.png,train
board_20260226_184345_312376.png,train
board_20260226_185155_265240.png,test
board_20260226_185216_841016.png,train
board_20260226_185255_041770.png,train
board_20260226_185255_071776.png,train
board_20260226_185406_712655.png,train
board_20260226_185406_743664.png,train
board_20260226_185406_772670.png,train
board_20260226_185406_801677.png,train
board_20260226_185406_831581.png,train
board_20260226_185406_860588.png,val
board_20260226_185550_968641.png,train
board_20260226_185550_999658.png,test
board_20260226_185551_028656.png,train
board_20260226_185551_058891.png,test
board_20260226_185551_087898.png,train
board_20260226_185551_116904.png,train
board_20260226_192911_248130.png,train
board_20260226_192942_952134.png,train
board_20260226_192942_983165.png,train
board_20260226_192943_012171.png,test
board_20260226_193008_649089.png,train
board_20260226_193008_680086.png,train
board_20260226_193008_711094.png,train
board_20260226_193024_736326.png,train
board_20260226_193220_928582.png,train
board_20260226_193220_961590.png,train
board_20260226_193220_991597.png,train
board_20260226_193221_021604.png,train
board_20260226_193221_050610.png,val
board_20260226_193221_079617.png,train
board_20260226_193317_864846.png,test
board_20260226_193317_894852.png,train
board_20260226_193317_925859.png,train
board_20260226_193317_954865.png,train
board_20260226_193317_984242.png,train
board_20260226_193318_013248.png,train
board_20260226_193356_072071.png,train
board_20260226_193356_116115.png,train
board_20260226_193435_456061.png,train
board_20260226_193435_487102.png,train
board_20260226_193454_800056.png,train
board_20260226_193454_831136.png,train
board_20260226_193538_944527.png,train
board_20260226_193614_328691.png,train
board_20260226_193614_358698.png,train
board_20260226_193614_387704.png,train
board_20260226_193614_417710.png,train
board_20260226_193614_447718.png,test
board_20260226_193614_477724.png,test
board_20260226_193702_112013.png,train
board_20260226_193702_143021.png,val
board_20260226_193702_171028.png,train
board_20260226_193702_201035.png,val
board_20260226_193702_232041.png,test
board_20260226_193702_262049.png,train
board_20260226_193828_920530.png,test
board_20260226_193828_965553.png,train
board_20260226_194117_071962.png,val
board_20260226_194117_103135.png,train
board_20260226_194157_920522.png,train
board_20260226_194157_951520.png,val
board_20260226_194157_982527.png,train
board_20260226_194332_215915.png,train
board_20260226_194332_239922.png,train
board_20260226_194332_269952.png,train
board_20260226_194358_440078.png,train
board_20260226_194358_472087.png,val
board_20260226_194531_920762.png,train
board_20260226_194531_952771.png,train
board_20260226_194531_982776.png,val
board_20260226_194532_012775.png,train
board_20260226_194532_043782.png,train
board_20260226_194532_074788.png,train
board_20260226_194639_783881.png,train
board_20260226_194639_816926.png,train
board_20260226_194639_846943.png,train
board_20260226_194639_876939.png,train
board_20260226_194639_907490.png,train
board_20260226_194639_937497.png,train
board_20260226_194749_504223.png,train
board_20260226_194749_549243.png,train
board_20260226_194818_735844.png,train
board_20260226_194818_767852.png,train
board_20260226_194818_798860.png,train
board_20260226_195216_509801.png,train
board_20260226_195216_541834.png,train
board_20260226_195216_569841.png,val
board_20260226_195241_614279.png,train
board_20260226_195444_143392.png,train
board_20260226_195444_174649.png,train
board_20260226_195444_212223.png,val
board_20260226_195444_227849.png,val
board_20260226_195444_259101.png,train
board_20260226_195444_296867.png,train
board_20260226_200242_895641.png,train
board_20260226_200242_927659.png,test
board_20260226_200242_955665.png,train
board_20260226_200242_985672.png,train
board_20260226_200243_015670.png,train
board_20260226_200243_045686.png,train
board_20260226_200308_520645.png,train
board_20260226_201042_991520.png,train
board_20260226_201043_023551.png,train
board_20260226_201133_143508.png,train
board_20260226_201133_175540.png,train
board_20260226_201453_647458.png,val
board_20260226_201453_679512.png,train
board_20260226_201453_708519.png,test
board_20260226_201526_984242.png,train
board_20260226_201638_815669.png,train
board_20260226_201638_846711.png,train
board_20260226_201638_877709.png,val
board_20260226_201638_907716.png,train
board_20260226_201638_936722.png,train
board_20260226_201638_966728.png,train
board_20260226_201737_656408.png,train
board_20260226_201737_687430.png,train
board_20260226_201737_717436.png,train
board_20260226_201737_747443.png,train
board_20260226_201737_777450.png,train
board_20260226_201737_807457.png,train
board_20260226_202226_752047.png,train
board_20260226_202226_783271.png,train
board_20260226_202226_814278.png,train
board_20260226_202338_007681.png,train
board_20260226_202338_038703.png,train
board_20260226_202338_068709.png,test
board_20260226_202507_896317.png,train
board_20260226_202507_927347.png,train
board_20260226_202507_956353.png,train
board_20260226_202647_639281.png,train
board_20260226_202647_671323.png,train
board_20260226_202647_701320.png,train
board_20260226_202647_732327.png,train
board_20260226_202647_762334.png,train
board_20260226_202647_791341.png,train
board_20260226_202807_743352.png,train
board_20260226_202807_776367.png,train
board_20260226_202807_807365.png,train
board_20260226_202807_838372.png,train
board_20260226_202807_868379.png,train
board_20260226_202807_899386.png,train
board_20260226_202838_415253.png,train
board_20260226_202931_232253.png,train
board_20260226_202931_263257.png,train
board_20260226_203032_423226.png,train
board_20260226_203032_455242.png,train
board_20260226_203032_486242.png,test
board_20260226_203056_759831.png,test
board_20260226_203056_790839.png,train
board_20260226_203215_759200.png,val
board_20260226_203215_790792.png,train
board_20260226_203215_819449.png,val
board_20260226_203215_849446.png,test
board_20260226_203215_878462.png,train
board_20260226_203215_909460.png,train
board_20260226_204056_343069.png,train
board_20260226_204056_375112.png,train
board_20260226_204056_405109.png,val
board_20260226_204056_436116.png,train
board_20260226_204056_467123.png,train
board_20260226_204056_498749.png,train
board_20260226_204117_207065.png,train
board_20260226_204156_175042.png,train
board_20260226_204156_207052.png,train
board_20260226_204156_237058.png,train
board_20260226_204220_247048.png,train
board_20260226_204220_281080.png,train
board_20260226_204220_312087.png,train
board_20260226_204233_816472.png,test
board_20260226_204344_159714.png,train
board_20260226_204344_191722.png,train
board_20260226_204344_222729.png,train
board_20260226_204344_252736.png,train
board_20260226_204344_283743.png,train
board_20260226_204344_314749.png,train
board_20260226_204417_351019.png,train
board_20260226_204417_383596.png,train
board_20260226_204417_412601.png,test
board_20260226_204417_442608.png,train
board_20260226_204417_473615.png,train
board_20260226_204417_503622.png,train
board_20260226_204540_030999.png,train
board_20260226_204540_076056.png,train
board_20260226_204600_879652.png,train
board_20260226_204600_910659.png,train
board_20260226_204600_941665.png,train
board_20260226_204623_790987.png,train
board_20260226_204623_823017.png,train
board_20260226_204623_852024.png,train
board_20260226_204653_630981.png,train
board_20260226_204653_664013.png,test
board_20260226_204746_231192.png,test
board_20260226_204746_263222.png,train
board_20260226_204746_292228.png,train
board_20260226_204746_322235.png,train
board_20260226_204746_352242.png,train
board_20260226_204746_382249.png,train
board_20260226_205354_278874.png,test
board_20260226_205354_310928.png,train
board_20260226_205354_340935.png,val
board_20260226_205354_370932.png,train
board_20260226_205354_401939.png,train
board_20260226_205354_433401.png,train
board_20260226_220457_215747.png,val
board_20260226_223719_259947.png,test
board_20260226_223750_614266.png,train
board_20260226_223750_645503.png,train
board_20260226_223823_277570.png,val
board_20260226_223823_309843.png,train
board_20260226_223906_917310.png,train
board_20260226_223906_949664.png,train
board_20260226_223930_925303.png,train
board_20260226_224057_758308.png,train
board_20260226_224057_788764.png,test
board_20260226_224057_817141.png,train
board_20260226_224057_847561.png,train
board_20260226_224057_877757.png,train
board_20260226_224057_907025.png,train
board_20260226_224258_798131.png,train
board_20260226_224258_829476.png,val
board_20260226_224258_857713.png,train
board_20260226_224258_888972.png,train
board_20260226_224258_919226.png,train
board_20260226_224258_949381.png,train
board_20260226_224317_957247.png,train
board_20260227_002326_072099.png,train
board_20260227_002326_181122.png,train
board_20260227_002326_222131.png,train
board_20260227_002425_629813.png,train
board_20260227_002425_675823.png,train
board_20260227_002507_011963.png,train
board_20260227_002507_053974.png,train
board_20260227_002507_105985.png,train
board_20260227_002533_436149.png,train
board_20260227_002533_480159.png,train
board_20260227_002652_676631.png,train
board_20260227_002652_724641.png,val
board_20260227_002652_767651.png,train
board_20260227_002652_814662.png,train
board_20260227_002652_857671.png,train
board_20260227_002652_891678.png,train
board_20260227_003151_475847.png,train
board_20260227_003151_524858.png,test
board_20260227_003151_592873.png,train
board_20260227_003151_640884.png,test
board_20260227_003151_686895.png,train
board_20260227_003151_730904.png,train
board_20260227_003233_006636.png,val
board_20260227_003233_060648.png,train
board_20260227_003551_253282.png,val
board_20260227_003551_306294.png,train
board_20260227_003628_668744.png,test
board_20260227_003628_706752.png,test
board_20260227_003822_555921.png,val
board_20260227_003822_602931.png,train
board_20260227_003851_236394.png,train
board_20260227_003851_279404.png,train
board_20260227_004014_853011.png,val
board_20260227_004014_892019.png,train
board_20260227_004014_939029.png,train
board_20260227_004014_992041.png,train
board_20260227_004015_048054.png,train
board_20260227_004015_118070.png,train
board_20260227_004136_660836.png,test
board_20260227_004136_699844.png,train
board_20260227_004136_739853.png,test
board_20260227_004136_773861.png,train
board_20260227_004136_818870.png,train
board_20260227_004136_855880.png,train
board_20260227_004209_092160.png,train
board_20260227_004209_153176.png,test
board_20260227_004233_845966.png,val
board_20260227_004233_886975.png,train
board_20260227_004307_132839.png,train
board_20260227_004307_174928.png,train
board_20260227_004336_692049.png,train
board_20260227_004336_732060.png,val
board_20260227_004439_203918.png,train
board_20260227_004439_243927.png,test
board_20260227_004439_282935.png,train
board_20260227_004439_337948.png,test
board_20260227_004439_380004.png,train
board_20260227_004439_417012.png,train
board_20260227_004951_163581.png,val
board_20260227_005100_915559.png,test
board_20260227_005207_011524.png,train
board_20260227_005219_588390.png,train
board_20260227_005237_164315.png,train
board_20260227_005258_499809.png,train
board_20260227_005258_534344.png,train
board_20260227_005313_203315.png,train
board_20260227_005328_507704.png,test
board_20260227_005339_404545.png,train
board_20260227_005355_412725.png,train
board_20260227_005406_843522.png,train
board_20260227_005421_828035.png,train
board_20260227_005434_499295.png,train
board_20260227_005451_572002.png,train
board_20260227_005515_195764.png,test
board_20260227_005547_835266.png,train
board_20260227_005558_379262.png,train
board_20260227_005609_443440.png,train
board_20260227_005618_523477.png,train
board_20260227_005629_347266.png,train
board_20260227_005645_331262.png,train
board_20260227_005645_365591.png,train
board_20260227_005706_203386.png,train
board_20260227_005716_171597.png,train
board_20260227_005727_004241.png,train
board_20260227_005736_619238.png,train
board_20260227_005815_003228.png,test
board_20260227_005815_037250.png,train
board_20260227_005830_284029.png,train
board_20260227_005850_995232.png,train
board_20260227_011407_916127.png,train
board_20260227_011421_036124.png,train
board_20260227_011440_971453.png,val
board_20260227_011458_964115.png,train
board_20260227_011508_755262.png,train
board_20260227_011518_180064.png,train
board_20260227_011538_539810.png,train
board_20260227_011601_347461.png,train
board_20260227_011623_403414.png,train
board_20260227_011623_438422.png,train
board_20260227_011637_884090.png,train
board_20260227_011647_292088.png,train
board_20260227_011727_175085.png,train
board_20260227_011736_611763.png,train
board_20260227_011803_347938.png,train
board_20260227_011825_588069.png,train
board_20260227_011840_428064.png,train
board_20260227_011913_395432.png,train
board_20260227_011922_187052.png,train
board_20260227_011930_467733.png,val
board_20260227_011940_442952.png,test
board_20260227_011951_507039.png,val
board_20260227_012019_315161.png,test
board_20260227_012047_883860.png,train
board_20260227_012057_012026.png,train
board_20260227_012108_515763.png,train
board_20260227_012117_203878.png,train
board_20260227_012134_555019.png,train
board_20260227_012203_819673.png,train
board_20260227_012214_563814.png,train
board_20260227_012247_468207.png,train
board_20260227_012258_852212.png,train
board_20260227_012310_387996.png,test
board_20260227_012329_051680.png,train
board_20260227_012348_027982.png,train
board_20260227_012418_811982.png,train
board_20260227_012418_845989.png,train
board_20260227_012437_443976.png,train
board_20260227_012509_291966.png,train
board_20260227_012523_411857.png,train
board_20260227_012532_883903.png,train
board_20260227_012542_859661.png,train
board_20260227_012553_027204.png,val
board_20260227_012602_754948.png,train
board_20260227_012610_547057.png,train
board_20260227_012628_642952.png,test
board_20260227_012637_763946.png,train
board_20260227_012812_276038.png,val
board_20260227_012827_482928.png,train
board_20260227_012835_314914.png,train
board_20260227_012914_331624.png,val
board_20260227_013124_707471.png,train
board_20260227_013134_931561.png,train
board_20260227_013145_811375.png,train
board_20260227_013159_019780.png,train
board_20260227_013217_675860.png,train
board_20260227_013233_202854.png,test
board_20260227_013244_139683.png,test
board_20260227_013304_107651.png,train
board_20260227_013320_346845.png,train
board_20260227_013331_667840.png,train
board_20260227_013345_211836.png,train
board_20260227_013355_106835.png,train
board_20260227_013423_267294.png,test
board_20260227_013453_412828.png,val
board_20260227_013509_610814.png,train
board_20260227_013627_211668.png,test
board_20260227_013637_371477.png,train
board_20260227_013649_219794.png,val
board_20260227_013702_234787.png,train
board_20260227_013716_219058.png,test
board_20260227_013736_059690.png,train
board_20260227_013810_242771.png,train
board_20260227_013823_379282.png,train
board_20260227_013836_435732.png,train
board_20260227_013904_122656.png,train
board_20260227_013904_157663.png,train
board_20260227_013912_403494.png,train
board_20260227_013923_635757.png,test
board_20260227_013953_538745.png,train
board_20260227_014020_250733.png,train
board_20260227_014020_285742.png,train
board_20260227_014034_171617.png,train
board_20260227_014103_571731.png,train
board_20260227_014103_605737.png,train
board_20260227_014121_962723.png,val
board_20260227_014137_314717.png,train
board_20260227_014158_946711.png,train
board_20260227_014158_982080.png,train
board_20260227_014230_146704.png,train
board_20260227_014244_651266.png,train
board_20260227_014244_685275.png,train
board_20260227_014252_963700.png,train
board_20260227_014303_955576.png,train
board_20260227_014327_098690.png,train
board_20260227_014335_346690.png,train
board_20260227_014353_363408.png,train
board_20260227_014401_371562.png,val
board_20260227_014410_090685.png,train
board_20260227_014428_106673.png,train
board_20260227_014437_378670.png,train
board_20260227_014517_290659.png,train
board_20260227_014529_618657.png,train
board_20260227_014541_547662.png,train
board_20260227_014604_683021.png,val
board_20260227_014616_538972.png,val
board_20260227_014626_650830.png,train
board_20260227_014633_747644.png,val
board_20260227_014712_827637.png,train
board_20260227_014723_962634.png,train
board_20260227_014817_141482.png,train
board_20260227_014853_291299.png,train
board_20260227_014920_067610.png,train
board_20260227_014920_102618.png,train
board_20260227_015000_138596.png,train
board_20260227_015011_746585.png,train
board_20260227_015026_011454.png,val
board_20260227_015041_906582.png,test
board_20260227_015108_018571.png,train
board_20260227_015108_052939.png,train
board_20260227_015142_475309.png,test
board_20260227_015213_611240.png,train
board_20260227_015226_122556.png,train
board_20260227_015251_667406.png,train
board_20260227_015308_386542.png,train
board_20260227_015317_771255.png,train
board_20260227_015337_507269.png,train
board_20260227_015352_082533.png,train
board_20260227_015400_603535.png,test
board_20260227_015427_403047.png,train
board_20260227_015437_571267.png,val
board_20260227_015446_306523.png,train
board_20260227_015512_531214.png,train
board_20260227_015528_843220.png,train
board_20260227_015537_931295.png,train
board_20260227_015557_162834.png,train
board_20260227_015613_803358.png,val
board_20260227_015708_178488.png,train
board_20260227_015708_214498.png,train
board_20260227_015733_627484.png,test
board_20260227_015749_259475.png,train
board_20260227_015821_634468.png,train
board_20260227_015838_418464.png,train
board_20260227_015857_338459.png,train
board_20260227_015911_874924.png,test
board_20260227_015921_618473.png,train
board_20260227_015939_658451.png,train
board_20260227_020007_194928.png,test
board_20260227_020057_867123.png,train
board_20260227_020114_107163.png,train
board_20260227_020130_451106.png,train
board_20260227_024052_914481.png,test
board_20260227_024111_626067.png,val
board_20260227_024132_354428.png,train
board_20260227_024148_506649.png,train
board_20260227_024208_058051.png,train
board_20260227_024228_073680.png,val
board_20260227_024244_994563.png,train
board_20260227_024255_786465.png,train
board_20260227_024341_162017.png,train
board_20260227_024416_810166.png,train
board_20260227_024416_845164.png,train
board_20260227_184134_449157.png,test
board_20260227_184228_086749.png,train
board_20260227_184254_726742.png,val
board_20260227_184316_022746.png,train
board_20260227_184325_430723.png,train
board_20260227_184403_462725.png,train
board_20260227_184430_902719.png,train
board_20260227_190030_151491.png,train
board_20260227_190045_270474.png,train
board_20260227_190115_030468.png,train
board_20260227_190124_998466.png,train
board_20260227_191429_703155.png,train
board_20260227_191458_343690.png,train
board_20260227_191509_830125.png,train
board_20260227_191526_815269.png,val
board_20260227_191535_223681.png,train
board_20260227_191543_030239.png,val
board_20260227_191553_398618.png,train
board_20260227_191602_231258.png,train
board_20260227_191610_239672.png,train
board_20260227_191619_774242.png,train
board_20260227_191741_135651.png,test
board_20260227_191749_622208.png,train
board_20260227_191812_870214.png,train
board_20260227_191812_902244.png,train
board_20260227_192937_694167.png,train
board_20260227_192951_102812.png,val
board_20260227_193000_758165.png,train
board_20260227_193010_734677.png,train
board_20260227_193050_526140.png,val
board_20260227_193102_182159.png,train
board_20260227_193254_246775.png,test
board_20260227_193309_790946.png,train
board_20260227_193330_526338.png,train
board_20260227_193342_206370.png,train
board_20260227_193353_198103.png,train
board_20260227_193423_022657.png,test
board_20260227_193443_286095.png,train
board_20260227_193702_334062.png,train
board_20260227_193735_821912.png,test
board_20260227_193742_733910.png,train
board_20260227_193754_069907.png,val
board_20260227_193806_013904.png,train
board_20260227_193813_997899.png,test
board_20260227_193823_253900.png,val
board_20260227_193844_781895.png,train
board_20260227_193844_817904.png,train
board_20260227_193856_069892.png,train
board_20260227_193908_053889.png,train
board_20260227_193919_846640.png,train
board_20260227_193928_246597.png,val
board_20260227_193943_149881.png,train
board_20260227_193953_037878.png,train
board_20260227_194001_781875.png,train
board_20260227_194009_685873.png,test
board_20260227_194016_157872.png,train
board_20260227_194023_670472.png,train
board_20260227_194037_422234.png,train
board_20260227_194049_301863.png,train
board_20260227_194123_533856.png,train
board_20260227_194131_142877.png,val
board_20260227_194146_101862.png,train
board_20260227_194208_767697.png,train
board_20260227_194223_894864.png,train
board_20260227_194236_047279.png,train
board_20260227_194244_342858.png,train
board_20260227_194301_293900.png,train
board_20260227_194357_006841.png,train
board_20260227_194512_062268.png,train
board_20260227_194610_222207.png,test
board_20260227_194707_813933.png,val
board_20260227_194718_973779.png,train
board_20260227_194736_245763.png,train
board_20260227_195126_637843.png,train
board_20260227_195134_773850.png,train
board_20260227_195142_382147.png,train
board_20260227_195200_766531.png,train
board_20260227_195217_414834.png,train
board_20260227_195225_301831.png,train
board_20260227_195240_446233.png,test
board_20260227_195313_590108.png,train
board_20260227_195322_014020.png,val
board_20260227_195329_029886.png,train
board_20260227_195338_342173.png,train
board_20260227_195346_838670.png,train
board_20260227_195402_461818.png,train
board_20260227_195420_303495.png,train
board_20260227_195451_870402.png,test
board_20260227_195519_055800.png,test
board_20260227_195543_541776.png,train
board_20260227_195543_575785.png,train
board_20260227_195550_957785.png,train
board_20260227_195559_398765.png,val
board_20260227_195618_478433.png,train
board_20260227_195641_151771.png,train
board_20260227_195650_454126.png,val
board_20260227_195706_501810.png,train
board_20260227_195715_910043.png,train
board_20260227_195730_069755.png,train
board_20260227_195730_103764.png,train
board_20260227_195737_701757.png,train
board_20260227_195746_861765.png,train
board_20260227_195756_413757.png,train
board_20260227_195807_846048.png,train
board_20260227_195820_102507.png,train
board_20260227_195829_118024.png,train
board_20260227_195836_405734.png,train
board_20260227_195844_726438.png,train
board_20260227_195853_829741.png,test
board_20260227_195902_693726.png,train
board_20260227_195923_637727.png,test
board_20260227_195923_672736.png,train
board_20260227_195931_973721.png,train
board_20260227_195939_405717.png,train
board_20260227_195957_725712.png,val
board_20260227_200007_357710.png,train
board_20260227_200020_926158.png,train
board_20260227_200029_566570.png,train
board_20260227_200037_806548.png,train
board_20260227_200059_054076.png,train
board_20260227_200059_088085.png,val
board_20260227_200107_686064.png,train
board_20260227_200120_309950.png,test
board_20260227_200128_534259.png,train
board_20260227_200136_774432.png,train
board_20260227_200145_414429.png,train
board_20260227_200152_373911.png,train
board_20260227_200203_230557.png,test
board_20260227_200214_317695.png,train
board_20260227_200222_437683.png,train
board_20260227_200233_405678.png,train
board_20260227_200240_653689.png,val
board_20260227_200248_405750.png,train
board_20260227_200257_349669.png,val
board_20260227_200305_574010.png,val
board_20260227_200313_629647.png,train
board_20260227_200329_405675.png,train
board_20260227_200349_838352.png,train
board_20260227_200349_871866.png,train
board_20260227_200357_445552.png,train
board_20260227_200405_861658.png,val
board_20260227_200420_846379.png,train
board_20260227_200431_461935.png,train
board_20260227_200442_181644.png,train
board_20260227_200442_215654.png,test
board_20260227_200451_893953.png,test
board_20260227_200459_317645.png,train
board_20260227_200506_285649.png,train
board_20260227_200516_117634.png,train
board_20260227_200559_517885.png,test
board_20260227_200609_957639.png,train
board_20260227_200626_862313.png,train
board_20260227_200626_896320.png,train
board_20260227_200638_990176.png,train
board_20260227_200648_645952.png,train
board_20260227_200749_325599.png,train
board_20260227_200758_429597.png,train
board_20260227_200847_469885.png,train
board_20260227_201021_597562.png,test
board_20260227_201021_632583.png,train
board_20260227_201042_389570.png,train
board_20260227_201103_677560.png,test
board_20260227_201321_245524.png,train
board_20260227_201420_061503.png,train
board_20260227_201430_573762.png,train
board_20260227_201439_438541.png,train
board_20260227_201448_534354.png,train
board_20260227_201459_534275.png,train
board_20260227_201509_125592.png,val
board_20260227_201521_477806.png,train
board_20260227_201709_629556.png,train
board_20260227_201717_485770.png,test
board_20260227_201727_357455.png,train
board_20260227_201736_374126.png,test
board_20260227_201750_397451.png,train
board_20260227_201750_431459.png,train
board_20260227_201800_829736.png,test
board_20260227_202032_101412.png,train
board_20260227_202041_181886.png,train
board_20260227_202058_789399.png,test
board_20260227_202058_823408.png,train
board_20260227_202107_893408.png,test
board_20260227_202118_789711.png,train
board_20260227_202128_997405.png,train
board_20260227_202138_685695.png,train
board_20260227_202147_533691.png,val
board_20260227_202217_213654.png,train
board_20260227_202225_141391.png,train
board_20260227_202231_781679.png,train
board_20260227_202602_949314.png,train
board_20260227_202610_061709.png,train
board_20260227_202621_197325.png,train
board_20260227_202629_933246.png,train
board_20260227_202639_037314.png,train
board_20260227_202646_949607.png,train
board_20260227_202657_629326.png,train
board_20260227_202738_797993.png,train
board_20260227_202747_557165.png,test
board_20260227_202914_429295.png,train
board_20260227_202923_557272.png,train
board_20260227_202932_781272.png,train
board_20260227_202943_877273.png,val
board_20260227_202951_333550.png,test
board_20260227_203000_269948.png,test
board_20260227_203052_325951.png,train
board_20260227_203106_062120.png,train
board_20260227_203106_095819.png,train
board_20260227_203113_941516.png,val
board_20260227_203129_365261.png,train
board_20260227_203139_237978.png,val
board_20260227_203308_630223.png,train
board_20260227_203326_750218.png,train
board_20260227_203338_125900.png,test
board_20260227_203350_629899.png,train
board_20260227_203359_429209.png,train
board_20260227_203408_629144.png,train
board_20260227_203426_589473.png,val
board_20260227_203426_622492.png,test
board_20260227_203437_829206.png,train
board_20260227_203446_853203.png,train
board_20260227_203456_157194.png,train
board_20260227_203505_829874.png,train
board_20260227_203514_565876.png,train
board_20260227_203522_757186.png,train
board_20260227_203530_693440.png,train
board_20260227_203539_709433.png,train
board_20260227_203550_765867.png,test
board_20260227_203558_517178.png,train
board_20260227_203606_501933.png,train
board_20260227_204102_309139.png,train
board_20260227_204112_813211.png,train
board_20260227_204122_677626.png,train
board_20260227_204132_277095.png,train
board_20260227_204216_765977.png,train
board_20260227_204216_799984.png,train
board_20260227_204227_637321.png,train
board_20260227_204237_845077.png,train
board_20260227_204250_269763.png,train
board_20260227_204258_309766.png,train
board_20260227_204306_013071.png,val
board_20260227_204318_301080.png,train
board_20260227_204327_133924.png,val
board_20260227_204336_957346.png,train
board_20260227_204345_989381.png,train
board_20260227_204358_333403.png,val
board_20260227_204405_349059.png,train
board_20260227_204414_813371.png,train
board_20260227_204422_997423.png,val
board_20260227_204430_493019.png,train
board_20260227_204440_964914.png,train
board_20260227_204510_029052.png,train
board_20260227_204525_525114.png,train
board_20260227_204533_557608.png,train
board_20260227_204543_269041.png,train
board_20260227_204600_837409.png,train
board_20260227_204600_871416.png,train
board_20260227_204610_629581.png,train
board_20260227_204619_005127.png,train
board_20260227_204640_293026.png,train
board_20260227_204652_621016.png,train
board_20260227_204704_597024.png,train
board_20260227_204716_285021.png,val
board_20260227_204724_213019.png,test
board_20260227_204732_213001.png,val
board_20260227_204739_541107.png,train
board_20260227_204754_157709.png,train
board_20260227_204754_191730.png,test
board_20260227_204810_909464.png,train
board_20260227_204810_943472.png,train
board_20260227_204826_157002.png,train
board_20260227_204826_191187.png,train
board_20260227_204845_956983.png,train
board_20260227_204903_453240.png,test
board_20260227_204903_486259.png,train
board_20260227_204913_109097.png,train
board_20260227_204928_269126.png,train
board_20260227_204937_173249.png,train
board_20260227_205029_805649.png,train
board_20260227_205037_492955.png,train
board_20260227_205049_044972.png,val
board_20260227_205156_981627.png,train
board_20260227_205209_612935.png,val
board_20260227_205218_493270.png,train
board_20260227_205226_485618.png,train
board_20260227_205234_604942.png,train
board_20260227_205241_253751.png,train
board_20260227_205248_340934.png,train
board_20260227_205255_677653.png,train
board_20260227_205303_380936.png,train
board_20260227_205311_780916.png,train
board_20260227_205323_149673.png,train
board_20260227_205338_604913.png,train
board_20260227_205338_638922.png,test
board_20260227_205357_588902.png,train
board_20260227_205407_964910.png,train
board_20260227_205425_077207.png,train
board_20260227_205432_653612.png,train
board_20260227_205441_236925.png,train
board_20260227_205458_876837.png,train
board_20260227_205458_911845.png,train
board_20260227_205505_917140.png,train
board_20260227_205513_997350.png,train
board_20260227_205522_676888.png,train
board_20260227_205532_876900.png,train
board_20260227_205545_092895.png,train
board_20260227_205553_476880.png,train
board_20260227_205601_580829.png,train
board_20260227_205617_077877.png,val
board_20260227_205627_021462.png,train
board_20260227_205635_605016.png,train
board_20260227_205701_890646.png,val
board_20260227_205701_936699.png,train
board_20260227_205709_749107.png,train
board_20260227_205719_060870.png,train
board_20260227_205728_900868.png,train
board_20260227_205738_428866.png,train
board_20260227_205756_572862.png,train
board_20260227_205813_717193.png,train
board_20260227_205825_116838.png,val
board_20260227_205835_061542.png,train
board_20260227_205846_061515.png,train
board_20260227_205905_965830.png,train
board_20260227_210812_909060.png,train
board_20260227_210822_204696.png,train
board_20260227_210831_740878.png,val
board_20260227_210841_781425.png,train
board_20260227_210850_708684.png,train
board_20260227_210857_957406.png,test
board_20260227_211030_452697.png,train
board_20260227_211030_486860.png,train
board_20260227_211039_709160.png,train
board_20260227_211047_652668.png,train
board_20260227_211113_541333.png,train
board_20260227_211113_575340.png,train
board_20260227_211122_628647.png,train
board_20260227_211135_388970.png,train
board_20260227_211146_516655.png,train
board_20260227_211155_085341.png,train
board_20260227_211205_540671.png,train
board_20260227_211217_988953.png,train
board_20260227_211231_812911.png,train
board_20260227_211244_565008.png,train
board_20260227_211253_477519.png,train
board_20260227_211303_196859.png,train
board_20260227_211350_940805.png,train
board_20260227_211359_140719.png,train
board_20260227_211406_132608.png,train
board_20260227_211418_237115.png,train
board_20260227_211426_516641.png,train
board_20260227_211434_036797.png,train
board_20260227_211443_132612.png,train
board_20260227_211453_373798.png,train
board_20260227_211504_484809.png,train
board_20260227_211545_660582.png,val
board_20260227_211624_076748.png,train
board_20260227_211635_908569.png,train
board_20260227_211643_676571.png,train
board_20260227_211653_220844.png,train
board_20260227_211700_069266.png,train
board_20260227_211712_900564.png,train
board_20260227_211722_525113.png,train
board_20260227_211731_029273.png,train
board_20260227_211738_588554.png,val
board_20260227_211750_444793.png,train
board_20260227_211846_164903.png,val
board_20260227_211855_812772.png,train
board_20260227_211910_836732.png,train
board_20260227_211910_870750.png,val
board_20260227_211929_476833.png,train
board_20260227_211941_732742.png,train
board_20260227_212101_332706.png,val
board_20260227_212110_021193.png,train
board_20260227_212127_556541.png,val
board_20260227_212127_591540.png,train
board_20260227_212230_485163.png,train
board_20260227_212239_981162.png,train
board_20260227_212253_676476.png,test
board_20260227_212310_732651.png,val
board_20260227_212424_676454.png,train
board_20260227_212432_901355.png,train
board_20260227_212444_564346.png,train
board_20260227_212501_620646.png,train
board_20260227_212501_654664.png,train
board_20260227_212511_212637.png,train
board_20260227_212539_085123.png,train
board_20260227_212832_708466.png,train
board_20260227_212832_743465.png,val
board_20260227_213436_101180.png,test
board_20260227_213447_788293.png,train
board_20260227_213455_236702.png,train
board_20260227_213508_717139.png,train
board_20260227_213519_548478.png,train
board_20260227_213532_860684.png,val
board_20260227_213541_788320.png,train
board_20260227_213550_516389.png,train
board_20260227_213558_756491.png,test
board_20260227_213609_053187.png,train
board_20260227_213617_412273.png,train
board_20260227_213633_397076.png,test
board_20260227_213633_431083.png,val
board_20260227_213641_804482.png,train
board_20260227_213652_236455.png,train
board_20260227_213701_884264.png,train
board_20260227_213711_157140.png,train
board_20260227_213721_340976.png,train
board_20260227_213731_348257.png,val
board_20260227_213802_956177.png,train
board_20260227_213802_991176.png,val
board_20260227_213812_573125.png,train
board_20260227_213836_100366.png,train
board_20260227_213852_212441.png,train
board_20260227_213859_052231.png,train
board_20260227_213906_476235.png,val
board_20260227_213913_476703.png,train
board_20260227_213921_932419.png,train
board_20260227_213930_796244.png,train
board_20260227_213952_108422.png,train
board_20260227_214000_908479.png,train
board_20260227_214009_100331.png,train
board_20260227_214020_548217.png,test
board_20260227_214030_548410.png,val
board_20260227_214253_172112.png,train
board_20260227_214313_316895.png,train
board_20260227_214330_820171.png,train
board_20260227_214330_854180.png,train
board_20260227_214341_204375.png,train
board_20260227_214357_205039.png,train
board_20260227_214407_196386.png,train
board_20260227_214419_148072.png,train
board_20260227_214428_612153.png,train
board_20260227_214442_180182.png,train
board_20260227_214451_908322.png,train
board_20260227_214500_708145.png,train
board_20260227_214521_860553.png,train
board_20260227_214532_508316.png,train
board_20260227_214542_148353.png,train
board_20260227_214550_468184.png,train
board_20260227_214559_012921.png,train
board_20260227_214614_156126.png,train
board_20260227_214747_572115.png,train
board_20260227_214755_508307.png,train
board_20260227_214808_644098.png,train
board_20260227_214821_516290.png,train
board_20260227_214835_868348.png,train
board_20260227_214835_902390.png,train
board_20260227_214844_028517.png,train
board_20260227_214857_604252.png,train
board_20260227_214906_596481.png,train
board_20260227_214913_812111.png,val
board_20260227_214922_252078.png,train
board_20260227_214947_508265.png,train
board_20260227_214954_524275.png,train
board_20260227_215008_252079.png,train
board_20260227_215008_287098.png,train
board_20260227_215019_012922.png,train
board_20260227_215027_076079.png,test
board_20260227_215034_580011.png,train
board_20260227_215043_452687.png,train
board_20260227_215054_460155.png,train
board_20260227_215105_940067.png,train
board_20260227_215128_467908.png,train
board_20260227_215128_501917.png,test
board_20260227_215138_924044.png,train
board_20260227_215146_516171.png,train
board_20260227_215154_484262.png,train
board_20260227_215203_372479.png,train
board_20260227_215221_852890.png,train
board_20260227_215221_886898.png,train
board_20260227_215232_964006.png,train
board_20260227_215240_100724.png,train
board_20260227_215249_468240.png,train
board_20260227_215259_740237.png,train
board_20260227_215308_996037.png,val
board_20260227_215318_484263.png,train
board_20260227_215333_068212.png,test
board_20260227_215333_103231.png,train
board_20260227_215345_292024.png,train
board_20260227_215432_299999.png,train
board_20260227_215439_452003.png,train
board_20260227_215452_875998.png,train
board_20260227_215504_996237.png,train
board_20260227_215515_571999.png,test
board_20260227_215523_852156.png,test
board_20260227_215537_460432.png,train
board_20260227_215546_900600.png,train
board_20260227_215554_740172.png,train
board_20260227_215615_275979.png,train
board_20260227_215615_310987.png,val
board_20260227_215624_859974.png,train
board_20260227_215635_332665.png,val
board_20260227_215646_996168.png,val
board_20260227_215656_188163.png,train
board_20260227_215703_129905.png,train
board_20260227_215717_964207.png,train
board_20260227_215726_836959.png,train
board_20260227_215742_518648.png,train
board_20260227_215756_067951.png,train
board_20260227_215803_404641.png,train
board_20260227_215841_364585.png,train
board_20260227_215854_012808.png,train
board_20260227_215911_132222.png,train
board_20260227_215911_167253.png,train
board_20260227_215949_124735.png,val
board_20260227_220002_923933.png,train
board_20260227_220002_958282.png,train
board_20260227_220012_172205.png,train
board_20260227_220023_707975.png,train
board_20260227_220031_292595.png,train
board_20260227_220040_548768.png,train
board_20260227_220053_324142.png,train
board_20260227_220132_860122.png,test
board_20260227_220141_628660.png,val
board_20260227_220149_604584.png,train
board_20260227_220157_428069.png,train
board_20260227_220217_971884.png,train
board_20260227_220218_006744.png,train
board_20260227_220227_820136.png,train
board_20260227_220238_372597.png,train
board_20260227_220245_740579.png,train
board_20260227_220255_212075.png,train
board_20260227_220306_324562.png,train
board_20260227_220313_820593.png,train
board_20260227_220329_643984.png,train
board_20260227_220329_678002.png,train
board_20260227_220342_627874.png,train
board_20260227_220354_171757.png,train
board_20260227_220418_499858.png,train
board_20260227_220428_820056.png,train
board_20260227_220437_819848.png,train
board_20260227_220445_572046.png,train
board_20260227_220508_156699.png,test
board_20260227_220508_191243.png,test
board_20260227_220517_883846.png,train
board_20260227_220526_380694.png,train
board_20260227_220539_036695.png,train
board_20260227_220539_070740.png,train
board_20260227_220546_172695.png,train
board_20260227_220554_556113.png,test
board_20260227_220600_628828.png,train
board_20260227_220615_075826.png,train
board_20260227_220615_109836.png,val
board_20260227_220623_323834.png,train
board_20260227_220637_731832.png,train
board_20260227_220637_766851.png,train
board_20260227_220646_179816.png,train
board_20260227_220654_484132.png,test
board_20260227_220701_412042.png,train
board_20260227_220709_979870.png,train
board_20260227_220808_380003.png,train
board_20260227_220819_148078.png,train
board_20260227_220826_964482.png,train
board_20260227_220833_604541.png,train
board_20260227_220840_075800.png,train
board_20260227_220853_355846.png,val
board_20260227_220901_068084.png,train
board_20260227_220909_043797.png,train
board_20260227_220922_419828.png,train
board_20260227_220929_027977.png,train
board_20260227_220936_564466.png,val
board_20260227_220945_851789.png,train
board_20260227_220954_828327.png,train
board_20260227_221007_715984.png,train
board_20260227_221015_315767.png,train
board_20260227_221025_643958.png,val
board_20260227_221032_691971.png,train
board_20260227_221317_571723.png,train
board_20260227_221317_618094.png,train
board_20260227_221411_363711.png,train
board_20260227_221411_396720.png,train
board_20260227_221411_427727.png,val
board_20260227_222039_972612.png,train
board_20260227_222112_604291.png,test
board_20260227_222144_459609.png,train
board_20260227_222144_484625.png,train
board_20260227_222203_027587.png,val
board_20260227_222231_620477.png,train
board_20260227_222231_648492.png,train
board_20260227_222251_596603.png,test
board_20260227_222316_923835.png,train
board_20260227_222334_459905.png,test
board_20260227_222406_564447.png,train
board_20260227_222406_593455.png,test
board_20260227_222500_931550.png,train
board_20260227_222500_960558.png,train
board_20260227_222549_331743.png,test
board_20260227_222828_980386.png,train
board_20260227_222846_228492.png,train
board_20260227_222901_795680.png,train
board_20260227_222931_052276.png,train
board_20260227_222931_080285.png,train
board_20260227_222957_835470.png,train
board_20260227_222957_863491.png,train
board_20260227_223021_387928.png,train
board_20260227_223032_700323.png,train
board_20260227_223055_844024.png,train
board_20260227_223055_874023.png,train
board_20260227_223330_299592.png,train
board_20260227_223358_668413.png,train
board_20260227_223358_695420.png,train
board_20260227_223411_835605.png,train
board_20260227_223432_004405.png,val
board_20260227_223432_029411.png,train
board_20260227_223450_092164.png,train
board_20260227_223508_187795.png,train
board_20260227_223554_643718.png,train
board_20260227_223554_673726.png,test
board_20260227_223607_259501.png,train
board_20260227_223831_532067.png,test
board_20260227_223831_559153.png,train
board_20260227_223856_595503.png,train
board_20260227_223856_622520.png,val
board_20260227_224256_593973.png,train
board_20260227_224256_623054.png,train
board_20260227_224313_259247.png,train
board_20260227_224313_279054.png,train
board_20260227_224331_779277.png,val
board_20260227_224342_759275.png,train
board_20260227_224401_759312.png,train
board_20260227_224401_789412.png,train
board_20260227_224412_099216.png,train
board_20260227_224430_829268.png,train
board_20260227_224430_859218.png,train
board_20260227_224524_179226.png,val
board_20260227_224733_689166.png,train
board_20260227_224733_719229.png,train
board_20260227_224752_579203.png,train
board_20260227_224752_609197.png,train
board_20260227_224820_769216.png,train
board_20260227_224820_799104.png,train
board_20260227_224820_824361.png,train
board_20260227_224850_389150.png,train
board_20260227_224850_419196.png,train
board_20260227_224850_449303.png,train
board_20260227_224915_549192.png,train
board_20260227_224915_579482.png,train
board_20260227_224915_609170.png,train
board_20260227_224946_759174.png,train
board_20260227_224946_789162.png,train
board_20260227_224946_814123.png,test
board_20260227_225011_079331.png,train
board_20260227_225011_109174.png,train
board_20260227_225011_134341.png,test
board_20260227_225034_319206.png,train
board_20260227_225034_348991.png,test
board_20260227_225034_379323.png,test
board_20260228_010741_954579.png,train
board_20260228_010742_011593.png,train
board_20260228_011512_265586.png,test
board_20260228_011512_313601.png,train
board_20260228_011622_395113.png,train
board_20260228_011622_440118.png,train
board_20260228_011622_483127.png,train
board_20260228_011742_769880.png,train
board_20260228_011742_879909.png,val
board_20260228_011910_938720.png,train
board_20260228_011910_983725.png,train
board_20260228_011911_021733.png,train
board_20260228_011945_242172.png,train
board_20260228_011945_298184.png,val
board_20260228_012251_001810.png,train
board_20260228_012251_042820.png,train
board_20260228_012251_080827.png,train
board_20260228_012251_155844.png,train
board_20260228_012251_204861.png,val
board_20260228_012424_298782.png,train
board_20260228_012424_341792.png,train
board_20260228_012424_391803.png,train
board_20260228_012424_479824.png,test
board_20260228_012424_522832.png,train
board_20260228_012627_698967.png,train
board_20260228_012627_740972.png,train
board_20260228_012802_697171.png,train
board_20260228_012802_742181.png,train
board_20260228_012802_789196.png,test
board_20260228_012859_649523.png,train
board_20260228_012859_699534.png,train
board_20260228_012920_881971.png,train
board_20260228_013005_024898.png,train
board_20260228_013005_078910.png,train
board_20260228_013005_123920.png,train
board_20260228_013141_153154.png,train
board_20260228_013141_195163.png,val
board_20260228_013141_233171.png,train
board_20260228_013622_745625.png,val
board_20260228_013642_033518.png,train
board_20260228_014042_169459.png,train
board_20260228_014042_231461.png,train
board_20260228_014042_282477.png,train
board_20260228_014042_326482.png,train
board_20260228_014042_362490.png,train
board_20260228_014042_408500.png,train
board_20260228_014209_394359.png,train
board_20260228_014209_438369.png,train
board_20260228_014209_483374.png,train
board_20260228_014209_530388.png,train
board_20260228_014209_565393.png,train
board_20260228_014209_607402.png,train
board_20260228_014820_818720.png,train
board_20260228_015322_640937.png,train
board_20260228_015322_696949.png,train
board_20260228_015322_745960.png,train
board_20260228_020256_080880.png,train
board_20260228_020256_122889.png,test
board_20260228_020437_120674.png,train
board_20260228_020437_165685.png,train
board_20260228_020437_228704.png,train
board_20260228_020437_265707.png,test
board_20260228_020437_314718.png,train
board_20260228_020437_355729.png,train
board_20260228_022030_441030.png,train
board_20260228_022030_480038.png,train
board_20260228_022030_527049.png,train
board_20260228_022030_581061.png,train
board_20260228_022030_620070.png,train
board_20260228_022030_666080.png,test
board_20260228_022102_153027.png,train
board_20260228_022102_192034.png,train
board_20260228_022127_434243.png,train
board_20260228_022127_491258.png,train
board_20260228_022619_753562.png,train
board_20260228_022619_789570.png,train
board_20260228_022619_826580.png,train
board_20260228_162702_071423.png,train
board_20260228_162702_124162.png,train
board_20260228_162702_156504.png,val
board_20260228_162702_188928.png,test
board_20260228_162702_221071.png,train
board_20260228_162702_252591.png,train
board_20260228_163522_991540.png,train
board_20260228_163641_744668.png,train
board_20260228_163641_797679.png,train
board_20260228_163829_462064.png,train
board_20260228_163829_508074.png,train
board_20260228_163907_350434.png,train
board_20260228_163907_406447.png,train
board_20260228_163948_110173.png,train
board_20260228_163948_151183.png,train
board_20260228_164044_518511.png,train
board_20260228_164044_559521.png,train
board_20260228_164544_718941.png,test
board_20260228_164544_754943.png,train
board_20260228_164639_680175.png,train
board_20260228_164639_720674.png,train
board_20260228_164747_646019.png,train
board_20260228_164747_702034.png,train
board_20260228_164834_798212.png,test
board_20260228_164834_847434.png,train
board_20260228_164940_654678.png,train
board_20260228_164940_695691.png,train
board_20260228_165140_246443.png,train
board_20260228_165140_292453.png,train
board_20260228_165451_671435.png,train
board_20260228_165451_710445.png,train
board_20260228_165739_213928.png,train
board_20260228_165739_251937.png,train
board_20260228_170211_118325.png,train
board_20260228_170420_031675.png,train
board_20260228_170420_083682.png,train
board_20260228_170544_150132.png,train
board_20260228_170544_187151.png,train
board_20260228_170718_488035.png,train
board_20260228_170718_537039.png,train
board_20260228_170810_654599.png,train
board_20260228_170810_703622.png,test
board_20260228_170928_182965.png,train
board_20260228_170928_227957.png,train
board_20260228_171035_207454.png,train
board_20260228_171035_263467.png,val
board_20260228_171228_014161.png,train
board_20260228_171228_065172.png,train
board_20260228_171819_190754.png,train
board_20260228_171819_249765.png,train
board_20260228_171903_997498.png,train
board_20260228_171904_037520.png,val
board_20260228_171938_470057.png,train
board_20260228_171938_522069.png,train
board_20260228_172021_614387.png,test
board_20260228_172021_668399.png,train
board_20260228_172156_438308.png,train
board_20260228_172156_490319.png,train
board_20260228_172242_494163.png,test
board_20260228_172242_548174.png,train
board_20260228_173607_231860.png,train
board_20260228_173607_289874.png,train
board_20260228_173811_566359.png,train
board_20260228_173811_614370.png,train
board_20260228_173847_245406.png,train
board_20260228_173847_305421.png,train
board_20260228_173940_518610.png,train
board_20260228_173940_566622.png,train
board_20260228_174031_646896.png,val
board_20260228_174031_696897.png,test
board_20260228_174114_757959.png,train
board_20260228_174114_803970.png,test
board_20260228_174156_830992.png,train
board_20260228_174156_879005.png,train
board_20260228_174239_198537.png,train
board_20260228_174239_241533.png,train
board_20260228_174344_162811.png,train
board_20260228_174344_213262.png,val
board_20260228_174442_197133.png,train
board_20260228_174442_237521.png,train
board_20260228_174532_528923.png,train
board_20260228_174532_577398.png,train
board_20260228_174626_367007.png,train
board_20260228_174626_407566.png,train
board_20260228_175130_103110.png,train
board_20260228_175130_144557.png,train
board_20260228_175207_854709.png,train
board_20260228_175207_906529.png,train
board_20260228_175258_972880.png,train
board_20260228_175259_031848.png,train
board_20260228_175343_390755.png,train
board_20260228_175343_442141.png,train
board_20260228_175428_638204.png,train
board_20260228_175428_690534.png,train
board_20260228_175523_742775.png,train
board_20260228_175523_796717.png,test
board_20260228_175630_109282.png,train
board_20260228_175630_164616.png,val
board_20260228_175743_124863.png,train
board_20260228_175743_170659.png,test
board_20260228_175914_093076.png,train
board_20260228_175914_149520.png,test
board_20260228_180114_596993.png,test
board_20260228_180114_655976.png,train
board_20260228_180417_421244.png,val
board_20260228_180417_471255.png,train
board_20260228_180447_462705.png,train
board_20260228_180447_512706.png,train
board_20260228_212658_246684.png,train
board_20260228_212741_786158.png,train
board_20260228_212741_823166.png,train
board_20260228_212848_146422.png,train
board_20260228_212941_290280.png,train
board_20260228_213157_298511.png,train
board_20260228_213629_974838.png,train
board_20260228_213726_848157.png,val
board_20260228_213726_892090.png,train
board_20260228_213726_933186.png,train
board_20260228_213811_649962.png,train
board_20260228_213811_698388.png,train
board_20260228_213845_573995.png,train
board_20260228_213845_622504.png,train
board_20260228_214114_914973.png,train
board_20260228_214114_955327.png,test
board_20260228_214114_987743.png,train
board_20260228_214146_026524.png,train
board_20260228_214146_079187.png,train
board_20260228_214210_242739.png,train
board_20260228_214210_286749.png,train
board_20260228_214251_850505.png,train
board_20260228_214251_887512.png,train
board_20260228_221152_258112.png,train
board_20260228_221152_297120.png,train
board_20260228_221152_346131.png,train
board_20260228_221238_194768.png,test
board_20260228_221238_242774.png,train
board_20260228_221238_291784.png,train
board_20260228_221319_185081.png,train
board_20260228_221319_241114.png,train
board_20260228_221319_291107.png,train
board_20260228_221559_987514.png,train
board_20260228_221600_028530.png,train
board_20260228_221600_070530.png,train
board_20260228_221932_858929.png,val
board_20260228_221932_901927.png,train
board_20260228_221932_959941.png,train
board_20260228_222128_274617.png,train
board_20260228_222128_320624.png,train
board_20260228_222128_377638.png,val
board_20260228_222222_562357.png,train
board_20260228_222307_833852.png,train
board_20260228_222346_241598.png,val
board_20260228_222346_280611.png,train
board_20260228_222441_433616.png,train
board_20260228_222441_462623.png,train
board_20260228_222512_897379.png,train
board_20260228_222512_936393.png,train
board_20260228_222558_922401.png,train
board_20260228_222558_964409.png,train
board_20260228_222559_015422.png,train
board_20260228_222559_075434.png,train
board_20260228_222643_874483.png,train
board_20260228_222643_912485.png,train
board_20260228_222643_953494.png,train
board_20260228_222745_409911.png,train
board_20260228_222745_451921.png,test
board_20260228_222745_489936.png,train
board_20260228_222745_528942.png,test
board_20260301_075407_884327.png,train
board_20260301_075424_105855.png,test
board_20260301_075435_258981.png,train
board_20260301_075443_262067.png,train
board_20260301_075455_147043.png,train
board_20260301_075455_170664.png,train
board_20260301_075503_696077.png,test
board_20260301_075518_868108.png,train
board_20260301_075526_588010.png,train
board_20260301_075535_116370.png,train
board_20260301_075543_748039.png,train
board_20260301_075553_588108.png,train
board_20260301_075603_066740.png,train
board_20260301_075613_330439.png,val
board_20260301_075624_364208.png,train
board_20260301_075631_981835.png,train
board_20260301_075640_988940.png,train
board_20260301_075649_970484.png,train
board_20260301_075709_388932.png,train
board_20260301_075709_410997.png,train
board_20260301_075717_410565.png,train
board_20260301_075727_339609.png,train
board_20260301_075738_331543.png,train
board_20260301_075746_749011.png,train
board_20260301_075755_912851.png,train
board_20260301_075806_214701.png,train
board_20260301_075821_239651.png,test
board_20260301_075821_262705.png,test
board_20260301_075830_371469.png,train
board_20260301_075838_651354.png,train
board_20260301_075850_551408.png,train
board_20260301_075850_577008.png,train
board_20260301_075858_976827.png,test
board_20260301_075926_818333.png,test
board_20260301_075936_785036.png,train
board_20260301_075944_405472.png,train
board_20260301_080653_981939.png,train
board_20260301_080753_217658.png,train
board_20260301_081022_174184.png,train
board_20260301_081332_164249.png,train
board_20260301_081359_003935.png,train
board_20260301_081418_792791.png,train
board_20260301_081418_815876.png,train
board_20260301_081439_066351.png,train
board_20260301_081505_091395.png,train
board_20260301_081517_630227.png,train
board_20260301_081525_522420.png,train
board_20260301_081532_598889.png,test
board_20260301_081539_639228.png,test
board_20260301_081547_499156.png,train
board_20260301_081557_692994.png,test
board_20260301_081615_436512.png,train
board_20260301_081615_459561.png,test
board_20260301_081627_915412.png,train
board_20260301_081638_644313.png,train
board_20260301_081646_758995.png,train
board_20260301_081654_792846.png,val
board_20260301_081704_519450.png,train
board_20260301_081712_976053.png,train
board_20260301_081721_061663.png,train
board_20260301_081728_317955.png,val
board_20260301_081738_161029.png,test
board_20260301_081747_378460.png,train
board_20260301_081755_990250.png,test
board_20260301_081803_792212.png,train
board_20260301_081812_801902.png,train
board_20260301_081820_373322.png,test
board_20260301_081835_450554.png,train
board_20260301_081835_476726.png,test
board_20260301_081845_840022.png,train
board_20260301_081906_879828.png,test
board_20260301_081915_984952.png,train
board_20260301_081925_125729.png,test
board_20260301_081932_048921.png,train
board_20260301_081939_134533.png,val
board_20260301_081951_904401.png,train
board_20260301_082007_351400.png,train
board_20260301_082007_373885.png,train
board_20260301_082047_102882.png,train
board_20260301_082054_841917.png,val
board_20260301_082108_069010.png,train
board_20260301_082108_091556.png,test
board_20260301_082116_226230.png,val
board_20260301_082123_122954.png,train
board_20260301_082132_164993.png,train
board_20260301_082138_919158.png,train
board_20260301_082145_452039.png,test
board_20260301_082205_745203.png,val
board_20260301_082205_768282.png,train
board_20260301_082213_226677.png,test
board_20260301_082226_041307.png,train
board_20260301_082226_064424.png,train
board_20260301_082233_546533.png,train
board_20260301_082242_246385.png,train
board_20260301_082249_158016.png,val
board_20260301_082258_478536.png,train
board_20260301_082308_109670.png,train
board_20260301_082323_705997.png,train
board_20260301_082323_730127.png,train
board_20260301_082331_598048.png,train
board_20260301_082339_144223.png,test
board_20260301_082346_313354.png,train
board_20260301_091126_977720.png,test
board_20260301_091127_002178.png,train
board_20260301_091505_340723.png,train
board_20260301_091505_372267.png,train
board_20260301_091505_400781.png,train
board_20260301_091505_425663.png,train
board_20260301_091505_472758.png,train
board_20260301_091505_499197.png,train
board_20260301_091535_779393.png,train
board_20260301_091535_807186.png,train
board_20260301_091557_049693.png,val
board_20260301_091557_079294.png,train
board_20260301_091629_142610.png,train
board_20260301_091629_168715.png,train
board_20260301_091823_366484.png,train
board_20260301_091823_396395.png,test
board_20260301_091823_451820.png,train
board_20260301_091823_504619.png,test
board_20260301_091934_116994.png,train
board_20260301_091934_145465.png,train
board_20260301_091934_171998.png,val
board_20260301_091934_199401.png,train
board_20260301_091934_225271.png,train
board_20260301_091934_251001.png,train
board_20260301_095903_219666.png,train
board_20260301_095903_247157.png,train
board_20260301_095915_015946.png,train
board_20260301_095915_041171.png,train
board_20260301_095930_444050.png,train
board_20260301_095930_473321.png,train
board_20260301_095947_901473.png,train
board_20260301_095947_926135.png,train
board_20260301_095947_950352.png,train
board_20260301_100005_334521.png,train
board_20260301_100005_360216.png,train
board_20260301_100005_388716.png,val
board_20260301_100049_844295.png,val
board_20260301_100049_873752.png,train
board_20260301_100049_899603.png,train
board_20260301_100049_927040.png,test
board_20260301_100049_951800.png,test
board_20260301_100049_975600.png,train
board_20260301_100120_013881.png,test
board_20260301_100120_039562.png,train
board_20260301_100120_063748.png,test
board_20260301_100120_088013.png,train
board_20260301_100120_112719.png,train
board_20260301_100120_138591.png,train
board_20260301_100144_817676.png,train
board_20260301_100144_844518.png,train
board_20260301_100217_985334.png,val
board_20260301_100218_011607.png,val
board_20260301_100218_037874.png,train
board_20260301_115442_253664.png,train
board_20260301_115526_006162.png,train
board_20260301_115526_031280.png,train
board_20260301_115526_054937.png,train
board_20260301_115526_078641.png,train
board_20260301_115526_102880.png,train
board_20260301_115526_127025.png,train
board_20260301_115717_951655.png,train
board_20260301_115717_975555.png,val
board_20260301_115718_002038.png,train
board_20260301_115718_026586.png,test
board_20260301_115718_050992.png,train
board_20260301_115718_074625.png,train
board_20260301_115718_099479.png,train
board_20260301_115718_124163.png,train
board_20260301_115718_147974.png,train
board_20260301_120138_227769.png,train
board_20260301_120138_255421.png,train
board_20260301_120138_281985.png,train
board_20260301_120138_306069.png,train
board_20260301_120138_330048.png,train
board_20260301_120138_354624.png,train
board_20260301_120138_379171.png,train
board_20260301_120138_403814.png,train
board_20260301_120138_427428.png,train
board_20260301_120241_849876.png,train
board_20260301_120241_877648.png,train
board_20260301_120241_903773.png,train
board_20260301_120241_928434.png,train
board_20260301_120241_953115.png,train
board_20260301_120241_976670.png,train
board_20260301_120242_001912.png,train
board_20260301_120242_025520.png,train
board_20260301_120242_050136.png,train
board_20260301_120416_240556.png,train
board_20260301_120416_266193.png,val
board_20260301_120416_291906.png,train
board_20260301_120416_317130.png,train
board_20260301_120416_341230.png,train
board_20260301_120416_365926.png,test
board_20260301_120416_390101.png,val
board_20260301_120416_414771.png,train
board_20260301_120416_439395.png,train
board_20260301_120521_518977.png,train
board_20260301_120521_546168.png,train
board_20260301_120521_573495.png,train
board_20260301_120521_601485.png,val
board_20260301_120521_626264.png,train
board_20260301_120521_650967.png,train
board_20260301_120521_678341.png,train
board_20260301_120521_703588.png,train
board_20260301_120521_728243.png,train
board_20260301_120825_519913.png,train
board_20260301_120825_545019.png,train
board_20260301_120825_570249.png,train
board_20260301_120825_598188.png,test
board_20260301_120825_623507.png,train
board_20260301_120825_649235.png,train
board_20260301_120825_675025.png,train
board_20260301_120825_700895.png,train
board_20260301_120825_725696.png,train
board_20260301_120959_443478.png,train
board_20260301_120959_471188.png,train
board_20260301_120959_495360.png,train
board_20260301_120959_520104.png,train
board_20260301_120959_545336.png,train
board_20260301_120959_572609.png,test
board_20260301_120959_598960.png,train
board_20260301_120959_625306.png,train
board_20260301_120959_651668.png,train
board_20260301_121138_452378.png,test
board_20260301_121138_480114.png,test
board_20260301_121138_506048.png,test
board_20260301_121138_530867.png,train
board_20260301_121138_556609.png,test
board_20260301_121138_581913.png,test
board_20260301_121138_607217.png,train
board_20260301_121138_633506.png,test
board_20260301_121138_661339.png,train
board_20260301_121325_265814.png,train
board_20260301_121325_290916.png,train
board_20260301_121325_314547.png,train
board_20260301_121325_338280.png,train
board_20260301_121325_361946.png,train
board_20260301_121325_385686.png,train
board_20260301_121325_408835.png,test
board_20260301_121325_432567.png,train
board_20260301_121325_457300.png,train
board_20260301_121512_484711.png,train
board_20260301_121512_511249.png,train
board_20260301_121512_535957.png,train
board_20260301_121512_560825.png,train
board_20260301_121512_586027.png,train
board_20260301_121512_610273.png,train
board_20260301_121512_635535.png,train
board_20260301_121512_661292.png,train
board_20260301_121512_686622.png,train
board_20260301_121553_299989.png,train
board_20260301_121553_326522.png,test
board_20260301_121553_350684.png,train
board_20260301_121553_375452.png,train
board_20260301_121553_400639.png,train
board_20260301_121725_831107.png,train
board_20260301_121725_857206.png,val
board_20260301_121807_301457.png,train
board_20260301_121807_328575.png,train
board_20260301_121855_014680.png,test
board_20260301_121855_067681.png,train
board_20260301_121855_091873.png,train
board_20260301_122230_948791.png,train
board_20260301_122230_977064.png,test
board_20260301_122231_003943.png,val
board_20260301_122308_536920.png,train
board_20260301_122308_564100.png,test
board_20260301_122336_141092.png,test
board_20260301_122336_165904.png,val
board_20260301_122336_189617.png,train
board_20260301_122358_594958.png,train
board_20260301_122358_621734.png,train
board_20260301_122426_774356.png,train
board_20260301_122426_799096.png,test
board_20260301_122446_995671.png,train
board_20260301_122447_021274.png,test
board_20260301_122447_046002.png,train
board_20260301_122509_240484.png,train
board_20260301_122509_267251.png,train
board_20260301_122526_266872.png,train
board_20260301_122526_291439.png,train
board_20260301_122548_489275.png,test
board_20260301_122548_519231.png,train
board_20260301_122548_543765.png,test
board_20260301_122616_114158.png,train
board_20260301_122616_142528.png,train
board_20260301_122647_714327.png,train
board_20260301_122647_741565.png,train
board_20260301_122647_766301.png,train
board_20260301_122740_846615.png,train
board_20260301_122740_875706.png,test
board_20260301_122740_902436.png,train
board_20260301_122802_445667.png,train
board_20260301_122802_496146.png,train
board_20260301_122826_269531.png,train
board_20260301_122826_294669.png,train
board_20260301_122852_469070.png,train
board_20260301_122923_561239.png,train
board_20260301_122923_586702.png,test
board_20260301_122954_989797.png,train
board_20260301_122955_017071.png,train
board_20260301_122955_044424.png,train
board_20260301_123031_155384.png,test
board_20260301_123031_181293.png,test
board_20260301_123031_206817.png,train
board_20260301_123128_467226.png,train
board_20260301_123128_494488.png,train
board_20260301_123128_520853.png,test
board_20260301_123128_550329.png,train
board_20260301_123201_341125.png,val
board_20260301_123201_369627.png,train
board_20260301_123201_396304.png,train
board_20260301_123231_325537.png,train
board_20260301_123231_355411.png,train
board_20260301_123231_382226.png,train
board_20260301_123301_145618.png,val
board_20260301_123301_171648.png,train
board_20260301_123426_826637.png,test
board_20260301_123426_851335.png,train
board_20260301_123426_875011.png,train
board_20260301_123505_106422.png,train
board_20260301_123505_132139.png,train
board_20260301_123505_159048.png,train
board_20260301_123505_183319.png,train
board_20260301_123528_668750.png,train
board_20260301_123528_723436.png,train
board_20260301_123615_353781.png,train
board_20260301_123615_383104.png,train
board_20260301_123615_410947.png,train
board_20260301_123641_809141.png,train
board_20260301_123641_836811.png,train
board_20260301_123641_861454.png,train
board_20260301_123702_171411.png,train
board_20260301_123724_535746.png,val
board_20260301_123724_561640.png,train
board_20260301_123811_523423.png,train
board_20260301_123811_551162.png,train
board_20260301_123811_577039.png,test
board_20260301_123836_506443.png,train
board_20260301_123836_531088.png,train
board_20260301_123836_557457.png,val
board_20260301_123855_384280.png,train
board_20260301_123855_412186.png,train
board_20260301_123921_212887.png,train
board_20260301_123921_238630.png,val
board_20260301_123921_263423.png,train
board_20260301_123950_904929.png,train
board_20260301_123950_930130.png,train
board_20260301_123950_955884.png,train
board_20260301_124040_125699.png,train
board_20260301_124040_150731.png,train
board_20260301_124040_175967.png,train
board_20260301_124115_412305.png,train
board_20260301_124115_466263.png,train
board_20260301_124149_254406.png,train
board_20260301_124149_304875.png,train
board_20260301_124149_329603.png,val
board_20260301_124236_099043.png,train
board_20260301_124236_125711.png,train
board_20260301_124322_390868.png,train
board_20260301_124322_415669.png,train
board_20260301_124322_439869.png,train
board_20260301_124341_039276.png,train
board_20260301_124442_551039.png,train
board_20260301_124442_576766.png,val
board_20260301_124442_601549.png,train
board_20260301_124548_171155.png,train
board_20260301_124548_197891.png,val
board_20260301_124722_529912.png,train
board_20260301_124738_746446.png,train
board_20260301_124756_248611.png,train
board_20260301_124818_978396.png,train
board_20260301_124819_030973.png,val
board_20260301_124850_101057.png,test
board_20260301_124850_129825.png,train
board_20260301_124850_157563.png,test
board_20260301_124850_182771.png,train
board_20260301_124931_038600.png,train
board_20260301_124931_065853.png,train
board_20260301_124931_091664.png,train
board_20260301_125001_992940.png,train
board_20260301_125002_024360.png,train
board_20260301_125002_050123.png,train
board_20260301_125025_945084.png,train
board_20260301_125025_973449.png,train
board_20260301_125058_107661.png,train
board_20260301_125058_132830.png,train
board_20260301_125058_158842.png,train
board_20260301_125115_787849.png,train
board_20260301_125115_813482.png,val
board_20260301_125219_532820.png,train
board_20260301_125219_566767.png,train
board_20260301_125248_167279.png,train
board_20260301_125248_193405.png,train
board_20260301_125248_218182.png,train
board_20260301_125321_535709.png,train
board_20260301_125321_587862.png,train
board_20260301_125344_318140.png,val
board_20260301_125344_344300.png,val
board_20260301_125442_544613.png,train
board_20260301_125442_570870.png,train
board_20260301_125442_596625.png,train
board_20260301_125442_621867.png,train
board_20260301_125503_999877.png,val
board_20260301_125504_051696.png,val
board_20260301_125547_248766.png,train
board_20260301_125547_275384.png,train
board_20260301_125547_299736.png,train
board_20260301_125632_090707.png,train
board_20260301_125632_116315.png,train
board_20260301_125659_701640.png,train
board_20260301_125659_728873.png,train
board_20260301_125659_756662.png,test
board_20260301_125728_306058.png,train
board_20260301_125728_335359.png,train
board_20260301_125728_359537.png,train
board_20260301_125728_383716.png,train
board_20260301_125751_237540.png,train
board_20260301_125751_265872.png,train
board_20260301_125751_292170.png,train
board_20260301_125815_037756.png,test
board_20260301_125852_963561.png,val
board_20260301_125852_990296.png,train
board_20260301_125919_281192.png,train
board_20260301_125919_311611.png,train
board_20260301_125919_339887.png,train
board_20260301_130024_648611.png,train
board_20260301_130024_675828.png,train
board_20260301_130024_701589.png,train
board_20260301_130024_727788.png,train
board_20260301_130045_814586.png,train
board_20260301_130045_839339.png,train
board_20260301_130141_023443.png,test
board_20260301_130141_051259.png,train
board_20260301_130141_076078.png,train
board_20260301_130224_597142.png,train
board_20260301_130224_622308.png,train
board_20260301_131727_727652.png,train
board_20260301_132034_435641.png,train
board_20260301_132251_628135.png,train
board_20260301_132251_657167.png,train
board_20260301_132251_682657.png,train
board_20260301_132329_877892.png,train
board_20260301_132329_903135.png,train
board_20260301_132329_926845.png,train
board_20260301_132420_425038.png,val
board_20260301_132437_493005.png,train
board_20260301_132510_407420.png,val
board_20260301_132541_852088.png,train
board_20260301_132606_422449.png,test
board_20260301_132625_932875.png,train
board_20260301_132647_437591.png,train
board_20260301_132751_490556.png,train
board_20260301_132751_518263.png,train
board_20260301_132823_794417.png,train
board_20260301_132920_206329.png,train
board_20260301_132920_233495.png,test
board_20260301_132958_635943.png,val
board_20260301_132958_662081.png,test
board_20260301_133022_042338.png,train
board_20260301_133101_978034.png,train
board_20260301_133102_004647.png,val
board_20260301_133206_034519.png,train
board_20260301_133206_063294.png,train
board_20260301_133252_699118.png,train
board_20260301_133252_725341.png,train
board_20260301_133328_752965.png,train
board_20260301_133437_888397.png,train
board_20260301_133437_916173.png,train
board_20260301_133457_768023.png,val
board_20260301_133457_795668.png,train
board_20260301_133527_581789.png,train
board_20260301_133613_188545.png,train
board_20260301_133657_143524.png,train
board_20260301_133716_224345.png,train
board_20260301_133829_730168.png,train
board_20260301_133829_757607.png,train
board_20260301_133852_479137.png,train
board_20260301_133908_461323.png,train
board_20260301_134001_649217.png,train
board_20260301_134001_675922.png,train
board_20260301_134057_505268.png,val
board_20260301_134057_530898.png,val
board_20260301_134123_452391.png,val
board_20260301_134123_480709.png,val
board_20260301_134143_563001.png,val
board_20260301_134219_956826.png,train
board_20260301_134219_983671.png,train
board_20260301_134245_297671.png,train
board_20260301_134429_577050.png,train
board_20260301_134429_603217.png,train
board_20260301_134443_627134.png,train
board_20260301_134529_700113.png,test
board_20260301_134529_726658.png,test
board_20260301_134617_835279.png,val
board_20260301_134758_931894.png,train
board_20260301_134758_957499.png,train
board_20260301_134840_778136.png,train
board_20260301_134840_804768.png,test
board_20260301_134854_102895.png,train
board_20260301_134949_144826.png,val
board_20260301_134949_171512.png,train
board_20260301_135029_851529.png,train
board_20260301_135137_880996.png,train
board_20260301_135137_907127.png,train
board_20260301_135137_934033.png,val
board_20260301_135157_977467.png,train
board_20260301_135306_553047.png,train
board_20260301_135306_578687.png,train
board_20260301_135337_319138.png,train
board_20260301_135417_543775.png,val
board_20260301_135417_573296.png,train
board_20260301_171349_974142.png,train
board_20260301_171426_117398.png,train
board_20260301_171426_147626.png,val
board_20260301_171447_307184.png,val
board_20260301_171523_328106.png,train
board_20260301_171523_362616.png,train
board_20260301_171648_089628.png,train
board_20260301_171648_123159.png,test
board_20260301_171728_992569.png,train
board_20260301_171729_024010.png,train
board_20260301_171803_784262.png,train
board_20260301_171803_816224.png,test
board_20260301_171844_780221.png,train
board_20260301_171911_504735.png,train
board_20260301_171951_480425.png,train
board_20260301_172024_599372.png,train
board_20260301_172024_635019.png,train
board_20260301_172120_450740.png,train
board_20260301_172241_594125.png,train
board_20260301_172345_306476.png,test
board_20260301_172345_340259.png,val
board_20260301_172345_368503.png,train
board_20260301_172411_692241.png,test
board_20260301_172435_199885.png,test
board_20260301_172435_229945.png,train
board_20260301_172558_442614.png,train
board_20260301_172558_472839.png,train
board_20260301_172810_256350.png,test
board_20260301_172810_288305.png,train
board_20260301_172827_087706.png,train
board_20260301_172846_318338.png,train
board_20260301_172914_215120.png,train
board_20260301_172914_247275.png,train
board_20260301_173007_574379.png,train
board_20260301_173007_605698.png,train
board_20260301_173057_970114.png,val
board_20260301_173058_030422.png,val
board_20260301_173116_215994.png,train
board_20260301_173116_249668.png,train
board_20260301_173206_599141.png,train
board_20260301_173206_627397.png,val
board_20260301_173206_655446.png,train
board_20260301_173231_106936.png,train
board_20260301_173231_140186.png,test
board_20260301_173231_172148.png,train
board_20260301_173324_222316.png,train
board_20260301_173324_282172.png,train
board_20260301_173324_311485.png,val
board_20260301_173348_487042.png,train
board_20260301_173348_516306.png,val
board_20260301_173348_545016.png,val
board_20260301_173418_909868.png,train
board_20260301_173418_939794.png,train
board_20260301_173454_915731.png,train
board_20260301_173454_944742.png,train
board_20260301_173528_728461.png,train
board_20260301_173528_757929.png,train
board_20260301_173528_786100.png,train
board_20260301_173608_156790.png,test
board_20260301_173608_186235.png,train
board_20260301_173608_216188.png,train
board_20260301_173626_106087.png,train
board_20260301_173655_098276.png,train
board_20260301_173717_074780.png,train
board_20260301_173717_105664.png,test
board_20260301_173717_134861.png,train
board_20260301_173803_789033.png,train
board_20260301_173803_819453.png,val
board_20260301_173803_847071.png,train
board_20260301_173803_875555.png,train
board_20260301_173847_706105.png,train
board_20260301_173847_735200.png,val
board_20260301_173911_383056.png,train
board_20260301_173911_412403.png,train
board_20260301_173911_441256.png,train
board_20260301_173911_469733.png,train
board_20260301_173927_979564.png,train
board_20260301_173928_008271.png,train
board_20260301_173952_283745.png,train
board_20260301_173952_312104.png,test
board_20260301_174006_259191.png,train
board_20260301_174023_639975.png,train
board_20260301_174023_703418.png,train
board_20260301_174046_773245.png,train
board_20260301_174046_804241.png,train
board_20260301_174046_832729.png,train
board_20260301_174111_142414.png,train
board_20260301_174111_201183.png,train
board_20260301_174122_389358.png,train
board_20260301_174142_655846.png,train
board_20260301_174217_890195.png,train
board_20260301_174217_918794.png,train
board_20260301_174217_947639.png,train
board_20260301_174243_872467.png,test
board_20260301_174243_902416.png,train
board_20260301_174243_930288.png,train
board_20260301_174257_028242.png,train
board_20260301_174257_057721.png,train
board_20260301_174319_304722.png,train
board_20260301_174319_334208.png,train
board_20260301_174319_362780.png,train
board_20260301_174319_391882.png,train
board_20260301_174346_894206.png,train
board_20260301_174346_927681.png,train
board_20260301_174346_957059.png,train
board_20260301_174346_986486.png,train
board_20260301_174411_179929.png,train
board_20260301_174411_209740.png,train
board_20260301_174411_238814.png,train
board_20260301_174434_558999.png,train
board_20260301_174434_591408.png,train
board_20260301_174434_619583.png,val
board_20260301_174434_649328.png,train
board_20260301_174456_177621.png,train
board_20260301_174456_206723.png,train
board_20260301_174456_235147.png,test
board_20260301_174521_600221.png,train
board_20260301_174521_630066.png,train
board_20260301_174521_658185.png,train
board_20260301_174543_535494.png,train
board_20260301_174543_565891.png,train
board_20260301_174543_595817.png,train
board_20260301_174607_493487.png,train
board_20260301_174607_522878.png,train
board_20260301_174607_551228.png,train
board_20260301_174629_454906.png,train
board_20260301_174629_484813.png,train
board_20260301_174646_724212.png,train
board_20260301_174646_754377.png,train
board_20260301_174646_783547.png,val
board_20260301_174707_716921.png,test
board_20260301_174707_745721.png,train
board_20260301_174707_774100.png,train
board_20260301_174739_089109.png,train
board_20260301_174739_120594.png,train
board_20260301_174739_154204.png,val
board_20260301_174802_039736.png,train
board_20260301_174802_069076.png,train
board_20260301_174802_099015.png,val
board_20260301_174819_424385.png,train
board_20260301_174819_454230.png,train
board_20260301_174819_482951.png,train
board_20260301_174853_121742.png,train
board_20260301_174853_154863.png,train
board_20260301_174853_186648.png,train
board_20260301_174925_887100.png,train
board_20260301_174925_916756.png,test
board_20260301_174925_945077.png,train
board_20260301_174949_345045.png,val
board_20260301_174949_382565.png,test
board_20260301_174949_411805.png,train
board_20260301_175010_203538.png,train
board_20260301_175010_232334.png,train
board_20260301_175028_315477.png,val
board_20260301_175104_808076.png,train
board_20260301_175104_838303.png,train
board_20260301_175104_869381.png,train
board_20260301_175104_898288.png,train
board_20260301_175137_232712.png,train
board_20260301_175137_265078.png,train
board_20260301_175137_296198.png,train
board_20260301_175137_330780.png,train
board_20260301_175512_214937.png,val
board_20260301_175512_245273.png,train
board_20260301_175512_273883.png,train
board_20260301_175606_490043.png,train
board_20260301_175641_931229.png,val
board_20260301_175641_966899.png,train
board_20260301_175953_567234.png,test
board_20260301_180100_032418.png,train
board_20260301_180100_062660.png,train
board_20260301_180146_231157.png,train
board_20260301_180146_261073.png,train
board_20260301_180635_640849.png,train
board_20260301_180653_024758.png,test
board_20260301_180722_583865.png,train
board_20260301_180722_613390.png,val
board_20260301_181020_973348.png,train
board_20260301_181021_004076.png,train
board_20260301_181021_032242.png,train
board_20260301_181102_838529.png,val
board_20260301_181102_866193.png,train
board_20260301_181142_634428.png,train
board_20260301_181142_664833.png,train
board_20260301_181142_692931.png,train
board_20260301_181211_919052.png,train
board_20260301_222945_233295.png,train
board_20260301_223028_948653.png,train
board_20260301_223028_977221.png,train
board_20260301_223100_469854.png,train
board_20260301_223100_497928.png,train
board_20260301_223127_858568.png,train
board_20260301_223127_889247.png,train
board_20260301_223204_801558.png,train
board_20260301_223204_828712.png,train
board_20260301_223204_854654.png,train
board_20260301_223238_620482.png,train
board_20260301_223238_651534.png,train
board_20260301_223309_943465.png,train
board_20260301_223309_971683.png,train
board_20260301_223340_794485.png,train
board_20260301_223433_032350.png,train
board_20260301_223433_059457.png,train
board_20260301_223433_086633.png,train
board_20260301_223456_485989.png,train
board_20260301_223456_512440.png,train
board_20260301_223532_834172.png,train
board_20260301_223532_862333.png,train
board_20260301_223542_753953.png,train
board_20260301_223604_315841.png,test
board_20260301_223604_342679.png,train
board_20260301_223604_367916.png,test
board_20260301_223630_380190.png,train
board_20260301_223630_406795.png,train
board_20260301_223703_414890.png,train
board_20260301_223703_441904.png,train
board_20260301_223703_467410.png,train
board_20260301_223734_166418.png,train
board_20260301_223734_195781.png,test
board_20260301_223734_223138.png,train
board_20260301_223811_953288.png,train
board_20260301_223811_982086.png,train
board_20260301_223812_008756.png,test
board_20260301_223833_291056.png,train
board_20260301_223833_316718.png,train
board_20260301_223915_558126.png,train
board_20260301_223915_584368.png,train
board_20260301_223915_610515.png,test
board_20260301_223946_257888.png,train
board_20260301_223946_288647.png,train
board_20260301_224000_449068.png,train
board_20260301_224116_720467.png,train
board_20260301_224116_748261.png,train
board_20260301_224116_774552.png,train
board_20260301_224143_116089.png,train
board_20260301_224143_142642.png,train
board_20260301_224200_185470.png,train
board_20260301_224216_970872.png,train
board_20260301_224235_613595.png,train
board_20260301_224302_872069.png,test
board_20260301_224302_899805.png,train
board_20260301_224329_058270.png,train
board_20260301_224329_084301.png,train
board_20260301_224400_044167.png,train
board_20260301_224400_070089.png,train
board_20260301_224438_375817.png,train
board_20260301_224438_404100.png,val
board_20260301_224438_433726.png,train
board_20260301_224500_278017.png,train
board_20260301_224500_304747.png,train
board_20260301_224524_560550.png,train
board_20260301_224524_589461.png,train
board_20260301_224557_887260.png,train
board_20260301_224557_915406.png,train
board_20260301_224611_527498.png,val
board_20260301_224636_455454.png,train
board_20260301_224636_482197.png,train
board_20260301_224701_925472.png,test
board_20260301_224701_952715.png,val
board_20260301_224725_079947.png,test
board_20260301_224725_110205.png,train
board_20260301_224749_364299.png,test
board_20260301_224749_392030.png,train
board_20260301_225002_032266.png,train
board_20260301_225109_785653.png,train
board_20260301_225109_813433.png,test
board_20260301_225130_564116.png,train
board_20260301_225202_352085.png,train
board_20260301_225228_469926.png,val
board_20260301_225228_503195.png,train
board_20260301_225314_275675.png,train
board_20260301_225314_303937.png,train
board_20260301_225337_683153.png,train
board_20260301_230709_781600.png,train
board_20260301_230709_802714.png,train
board_20260301_230709_832737.png,train
board_20260301_230748_469347.png,test
board_20260301_230748_497451.png,train
board_20260301_230830_306942.png,train
board_20260301_230830_337284.png,train
board_20260301_230830_363483.png,train
board_20260301_230857_786854.png,train
board_20260301_230857_815641.png,val
board_20260301_230919_448112.png,train
board_20260301_230919_476818.png,train
board_20260301_230938_274591.png,train
board_20260301_230951_231173.png,val
board_20260301_231025_443060.png,train
board_20260301_231041_026340.png,train
board_20260301_231130_439347.png,train
board_20260301_231130_470744.png,train
board_20260301_231200_432758.png,train
board_20260301_231221_684408.png,train
board_20260301_231240_357937.png,train
board_20260301_231257_610638.png,val
board_20260301_231328_131580.png,test
board_20260301_231328_161524.png,train
board_20260301_231352_598631.png,train
board_20260301_231428_846116.png,train
board_20260301_231428_875866.png,train
board_20260301_231455_549538.png,train
board_20260301_231455_578896.png,train
board_20260301_231509_966978.png,train
board_20260301_231551_836206.png,train
board_20260301_231551_863970.png,train
board_20260301_231621_095641.png,train
board_20260301_231621_126481.png,train
board_20260302_003514_134197.png,train
board_20260302_003514_167716.png,train
board_20260302_003543_568319.png,val
board_20260302_003619_599404.png,val
board_20260302_003645_890657.png,train
board_20260302_003721_812478.png,train
board_20260302_003721_846617.png,train
board_20260302_003758_657234.png,train
board_20260302_003758_686028.png,train
board_20260302_003842_777366.png,train
board_20260302_003842_807011.png,train
board_20260302_003842_833637.png,train
board_20260302_003859_902678.png,train
board_20260302_003938_084102.png,train
board_20260302_003938_118526.png,train
board_20260302_003938_145774.png,val
board_20260302_004024_250779.png,train
board_20260302_004024_281992.png,train
board_20260302_004024_310948.png,val
board_20260302_004100_014885.png,val
board_20260302_004100_043046.png,train
board_20260302_004145_200981.png,train
board_20260302_004145_233966.png,train
board_20260302_004145_262772.png,val
board_20260302_004213_928502.png,val
board_20260302_004213_955061.png,train
board_20260302_004242_795998.png,train
board_20260302_004242_824357.png,train
board_20260302_004242_852847.png,train
board_20260302_004312_015890.png,train
board_20260302_004312_044163.png,train
board_20260302_004336_482055.png,train
board_20260302_004336_508368.png,test
board_20260302_004405_253072.png,train
board_20260302_004405_281822.png,train
board_20260302_004405_309894.png,train
board_20260302_004440_901038.png,test
board_20260302_004440_930284.png,train
board_20260302_004529_718575.png,train
board_20260302_004529_746813.png,train
board_20260302_004529_774020.png,val
board_20260302_004558_721306.png,test
board_20260302_004558_750219.png,test
board_20260302_004558_776492.png,train
board_20260302_004631_383186.png,test
board_20260302_004631_411401.png,train
board_20260302_004631_439166.png,train
board_20260302_004703_232290.png,test
board_20260302_004703_260456.png,train
board_20260302_004723_598299.png,train
board_20260302_004750_555937.png,train
board_20260302_004815_037733.png,test
board_20260302_004815_068791.png,train
board_20260302_004847_574055.png,val
board_20260302_004907_487216.png,train
board_20260302_004926_584132.png,train
board_20260302_004940_464427.png,train
board_20260302_005007_878163.png,train
board_20260302_005007_909019.png,train
board_20260302_005043_321388.png,train
board_20260302_005043_352756.png,train
board_20260302_005103_554343.png,val
board_20260302_005103_583080.png,train
board_20260302_005131_708166.png,train
board_20260302_005131_736463.png,train
board_20260302_005202_715323.png,val
board_20260302_005202_744075.png,train
board_20260302_005224_653957.png,train
board_20260302_005224_685285.png,train
board_20260302_005243_136518.png,train
board_20260302_005311_439167.png,test
board_20260302_005311_468993.png,train
board_20260302_005346_839308.png,val
board_20260302_005346_871654.png,train
board_20260302_005417_083004.png,train
board_20260302_005417_113412.png,train
board_20260302_005447_182582.png,test
board_20260302_005447_210366.png,test
board_20260302_005509_476446.png,test
board_20260302_005509_503619.png,train
board_20260302_005530_285817.png,train
board_20260302_005530_314610.png,train
board_20260302_005633_285883.png,test
board_20260302_005633_316205.png,test
board_20260302_005718_547375.png,val
board_20260302_005718_575709.png,train
board_20260302_005755_226405.png,train
board_20260302_005755_254701.png,train
board_20260302_005825_348186.png,train
board_20260302_005825_379536.png,test
board_20260302_005843_011146.png,test
board_20260302_005921_097182.png,train
board_20260302_010000_037198.png,train
board_20260302_010000_066484.png,val
board_20260302_010016_162519.png,train
board_20260302_010046_257007.png,train
board_20260302_010046_288255.png,train
board_20260302_010104_315128.png,train
board_20260302_010146_564803.png,train
board_20260302_010223_330932.png,train
board_20260302_010223_358234.png,train
board_20260302_010244_951647.png,train
board_20260302_010325_744732.png,train
board_20260302_010325_775098.png,train
board_20260302_010348_712781.png,train
board_20260302_010348_742726.png,train
board_20260302_010431_408857.png,train
board_20260302_010431_437005.png,test
board_20260302_010431_464231.png,train
board_20260302_010529_886842.png,train
board_20260302_010529_915045.png,train
board_20260302_010557_991957.png,test
board_20260302_010558_020121.png,train
board_20260302_010620_104634.png,train
board_20260302_010620_133981.png,train
board_20260302_010637_246049.png,train
board_20260302_010658_653663.png,train
board_20260302_010728_601287.png,train
board_20260302_010728_628446.png,test
board_20260302_010758_247534.png,train
board_20260302_010758_279960.png,train
board_20260302_010827_121829.png,train
board_20260302_010827_148969.png,train
board_20260302_010855_717841.png,train
board_20260302_010855_746507.png,test
board_20260302_010916_392731.png,train
board_20260302_011000_758409.png,train
board_20260302_011000_785910.png,train
board_20260302_011037_840320.png,train
board_20260302_011037_867982.png,train
board_20260302_011109_011908.png,train
board_20260302_011109_041108.png,train
board_20260302_011134_440035.png,train
board_20260302_011134_470904.png,train
board_20260302_011203_415220.png,train
board_20260302_011203_447012.png,train
board_20260302_011203_476451.png,train
board_20260302_011232_151371.png,train
board_20260302_011232_179101.png,train
board_20260302_011259_420622.png,train
board_20260302_011259_450916.png,train
board_20260302_011335_088151.png,train
board_20260302_011335_115136.png,test
board_20260302_011335_141184.png,train
board_20260302_011421_633482.png,train
board_20260302_011421_662528.png,train
board_20260302_011421_688204.png,train
board_20260302_011501_069256.png,train
board_20260302_011501_100130.png,train
board_20260302_011501_127877.png,test
board_20260302_011538_953511.png,train
board_20260302_011538_980651.png,train
board_20260302_011553_654560.png,train
board_20260302_011608_431677.png,train
board_20260302_011623_269832.png,val
board_20260302_011623_298042.png,test
board_20260302_011652_109128.png,train
board_20260302_011828_979950.png,train
board_20260302_011829_009666.png,train
board_20260302_011829_036417.png,train
board_20260302_011829_062534.png,val
board_20260302_011829_088671.png,test
board_20260302_011829_113805.png,train
board_20260302_011951_952786.png,train
board_20260302_011951_980372.png,train
board_20260302_011952_006119.png,train
board_20260302_011952_032328.png,test
board_20260302_011952_058628.png,train
board_20260302_011952_084358.png,test
board_20260302_012052_520295.png,train
board_20260302_012052_547940.png,train
board_20260302_012052_575184.png,train
board_20260302_012052_601399.png,train
board_20260302_012052_628196.png,train
board_20260302_012052_654445.png,train
board_20260302_012217_862091.png,val
board_20260302_012217_891285.png,train
board_20260302_012217_917930.png,train
board_20260302_012217_946634.png,train
board_20260302_012217_974268.png,train
board_20260302_012218_001980.png,train
board_20260302_012336_482990.png,test
board_20260302_012336_510008.png,train
board_20260302_012336_537097.png,train
board_20260302_012336_563732.png,val
board_20260302_012336_589834.png,val
board_20260302_012336_615811.png,train
board_20260302_012506_909574.png,train
board_20260302_012506_943075.png,train
board_20260302_012506_971934.png,train
board_20260302_012507_001859.png,val
board_20260302_012507_030826.png,train
board_20260302_012507_057655.png,train
board_20260302_012650_282219.png,test
board_20260302_012650_311614.png,val
board_20260302_012650_338317.png,train
board_20260302_012650_365634.png,train
board_20260302_012650_391004.png,train
board_20260302_012650_418112.png,train
board_20260302_020149_740740.png,train
board_20260302_020149_770115.png,train
board_20260302_020149_798781.png,train
board_20260302_020149_825267.png,train
board_20260302_020149_851849.png,val
board_20260302_020149_878436.png,test
board_20260302_020302_742745.png,train
board_20260302_020302_770937.png,train
board_20260302_020302_803031.png,train
board_20260302_020302_830190.png,train
board_20260302_020302_856825.png,train
board_20260302_020302_883499.png,train
board_20260302_023131_179106.png,train
board_20260302_023131_209438.png,train
board_20260302_023131_237333.png,train
board_20260302_023131_268375.png,train
board_20260302_023131_300832.png,val
board_20260302_023131_328554.png,train
board_20260302_024821_597737.png,train
board_20260302_024821_631416.png,train
board_20260302_024821_664591.png,train
board_20260302_024821_697364.png,val
board_20260302_024821_729489.png,test
board_20260302_024821_762151.png,test
board_20260302_025012_136938.png,train
board_20260302_025012_167860.png,train
board_20260302_025012_195181.png,train
board_20260302_025012_221498.png,train
board_20260302_025012_275748.png,train
board_20260302_025104_833748.png,train
board_20260302_025104_865077.png,train
board_20260302_025104_894027.png,train
board_20260302_025104_921779.png,train
board_20260302_025104_952148.png,train
board_20260302_025104_984183.png,train
board_20260302_025152_217801.png,train
board_20260302_025152_246038.png,train
board_20260302_025152_273719.png,train
board_20260302_025152_300914.png,train
board_20260302_025152_328011.png,train
board_20260302_025152_355761.png,train
board_20260302_025252_097052.png,val
board_20260302_025252_133247.png,train
board_20260302_025252_165176.png,train
board_20260302_025252_196564.png,train
board_20260302_025252_227395.png,train
board_20260302_025252_259320.png,train
board_20260302_031632_229705.png,val
board_20260302_031632_260651.png,train
board_20260302_031632_289593.png,test
board_20260302_031632_316323.png,train
board_20260302_031632_343637.png,train
board_20260302_031632_371542.png,train
board_20260302_031729_783186.png,train
board_20260302_031729_811422.png,test
board_20260302_031729_840169.png,train
board_20260302_031729_867885.png,train
board_20260302_031756_763534.png,train
board_20260302_031834_619245.png,val
board_20260302_031834_648510.png,train
board_20260302_031913_127644.png,train
board_20260302_031928_242961.png,train
board_20260302_031939_768925.png,val
board_20260302_031959_940387.png,train
board_20260302_031959_973785.png,train
board_20260302_032030_658644.png,val
board_20260302_032030_686825.png,train
board_20260302_032030_715003.png,test
board_20260302_032111_770122.png,train
board_20260302_032111_798743.png,train
board_20260302_032111_825416.png,train
board_20260302_032134_033887.png,train
board_20260302_032134_066238.png,train
board_20260302_032154_113547.png,train
board_20260302_032154_145928.png,train
board_20260302_032210_604833.png,train
board_20260302_032210_634145.png,train
board_20260302_032229_534267.png,train
board_20260302_032229_562581.png,train
board_20260302_032246_960870.png,train
board_20260302_032246_989064.png,train
board_20260302_032259_435730.png,test
board_20260302_032259_466122.png,train
board_20260302_032308_100620.png,train
board_20260302_032315_482810.png,train
board_20260302_032328_145809.png,train
board_20260302_032328_177504.png,val
board_20260302_032337_931331.png,train
board_20260302_032350_282890.png,train
board_20260302_032350_315316.png,train
board_20260302_032402_317185.png,train
board_20260302_032422_949382.png,train
board_20260302_032422_977353.png,train
board_20260302_032423_007075.png,train
board_20260302_032436_441475.png,val
board_20260302_032452_572979.png,train
board_20260302_032452_600556.png,train
board_20260302_032518_086696.png,val
board_20260302_032518_116977.png,train
board_20260302_032518_144839.png,train
board_20260302_032540_863728.png,train
board_20260302_032637_045673.png,train
board_20260302_032637_076854.png,train
board_20260302_032637_103802.png,test
board_20260302_032711_328529.png,test
board_20260302_032711_360098.png,train
board_20260302_032744_466833.png,train
board_20260302_032744_498859.png,test
board_20260302_032821_058904.png,train
board_20260302_032821_091254.png,test
board_20260302_032821_119360.png,test
board_20260302_032842_915044.png,train
board_20260302_032909_938683.png,train
board_20260302_032909_970009.png,train
board_20260302_032929_495005.png,train
board_20260302_032929_523802.png,train
board_20260302_032953_533352.png,train
board_20260302_032953_563230.png,train
board_20260302_032953_594239.png,train
board_20260302_033024_859806.png,val
board_20260302_033024_890671.png,train
board_20260302_033056_586215.png,train
board_20260302_033056_615013.png,train
board_20260302_033346_318804.png,train
board_20260302_033346_350614.png,train
board_20260302_033346_379920.png,train
board_20260302_033402_231695.png,train
board_20260302_033402_260764.png,train
board_20260302_104845_442513.png,train
board_20260302_104845_496671.png,train
board_20260302_104929_482972.png,val
board_20260302_104929_512373.png,train
board_20260302_105001_058863.png,train
board_20260302_105001_086726.png,train
board_20260302_105031_818644.png,train
board_20260302_105031_848949.png,test
board_20260302_105309_616240.png,train
board_20260302_105309_647007.png,train
board_20260302_105322_416058.png,test
board_20260302_105338_022890.png,train
board_20260302_105350_433270.png,train
board_20260302_105406_895588.png,train
board_20260302_105420_997652.png,train
board_20260302_105437_486572.png,train
board_20260302_105452_486129.png,train
board_20260302_105503_610374.png,train
board_20260302_105521_700655.png,train
board_20260302_105535_332048.png,train
board_20260302_105627_734009.png,train
board_20260302_105627_762750.png,train
board_20260302_105716_054315.png,train
board_20260302_105716_085017.png,train
board_20260302_105734_616803.png,train
board_20260302_105926_552989.png,train
board_20260302_105956_206300.png,train
board_20260302_110009_403733.png,train
board_20260302_110120_961327.png,train
board_20260302_110120_990421.png,train
board_20260302_110121_019804.png,train
board_20260302_110149_613203.png,train
board_20260302_110406_713448.png,train
board_20260302_110448_843795.png,train
board_20260302_110521_568900.png,train
board_20260302_110540_133859.png,train
board_20260302_110630_061702.png,train
board_20260302_110645_299968.png,train
board_20260302_110700_905878.png,train
board_20260302_110724_312428.png,train
board_20260302_110724_342387.png,train
board_20260302_110800_707640.png,train
board_20260302_110800_738056.png,train
board_20260302_110841_701615.png,test
board_20260302_110841_731359.png,train
board_20260302_110929_136815.png,train
board_20260302_110943_911729.png,train
board_20260302_111041_046108.png,train
board_20260302_111041_075385.png,train
board_20260302_111114_015370.png,train
board_20260302_111114_047238.png,train
board_20260302_111213_345369.png,train
board_20260302_111213_376594.png,train
board_20260302_111213_405001.png,train
board_20260302_111310_536183.png,train
board_20260302_111330_001910.png,train
board_20260302_111348_119310.png,train
board_20260302_123415_603725.png,train
board_20260302_123501_030753.png,test
board_20260302_123501_059906.png,val
board_20260302_123517_578630.png,train
board_20260302_123543_395752.png,train
board_20260302_123658_939032.png,train
board_20260302_123658_968421.png,train
board_20260302_123658_999402.png,train
board_20260302_123659_025839.png,train
board_20260302_123659_051095.png,train
board_20260302_123659_076884.png,train
board_20260302_123735_343162.png,train
board_20260302_123856_815678.png,train
board_20260302_123856_844780.png,train
board_20260302_123856_874366.png,train
board_20260302_123856_905827.png,train
board_20260302_123856_936295.png,train
board_20260302_123856_967278.png,test
board_20260303_041503_385399.png,train
board_20260303_041503_425036.png,val
board_20260303_041503_453864.png,train
board_20260303_041503_480584.png,train
board_20260303_041503_508406.png,train
board_20260303_041503_536802.png,train
board_20260305_035834_341143.png,train
board_20260305_035845_908292.png,val
board_20260308_060733_814382.png,test
board_20260308_060751_405721.png,test
board_20260308_060803_441952.png,train
board_20260308_060814_184326.png,train
board_20260308_060826_826931.png,train
board_20260308_060838_122990.png,train
board_20260308_060852_552971.png,train
board_20260308_060913_072632.png,train
board_20260308_060929_494265.png,train
board_20260308_060940_205681.png,train
board_20260308_061220_878224.png,train
board_20260308_061220_906102.png,train
board_20260308_061220_934052.png,train
board_20260308_061238_086375.png,val
board_20260308_061238_115152.png,train
board_20260308_061238_142982.png,train
board_20260308_061304_657534.png,train
board_20260308_061304_687884.png,train
board_20260308_061331_150920.png,train
board_20260308_061331_180905.png,train
board_20260308_061400_440434.png,train
board_20260308_061400_470847.png,train
board_20260308_061425_168313.png,train
board_20260308_061425_196564.png,train
board_20260308_061453_360665.png,train
board_20260308_061453_389059.png,train
board_20260308_061512_257085.png,train
board_20260308_061512_285717.png,val
board_20260308_061540_496504.png,train
board_20260308_061540_525861.png,train
board_20260308_061616_358292.png,train
board_20260308_061616_388863.png,test
board_20260308_061645_488771.png,train
board_20260308_061645_517639.png,train
board_20260308_061722_533960.png,train
board_20260308_061722_562176.png,train
board_20260308_061722_591139.png,train
board_20260308_061722_618505.png,train
board_20260308_061808_741680.png,train
board_20260308_061808_772963.png,val
board_20260308_061808_801122.png,train
board_20260308_061808_829329.png,val
board_20260308_061905_193541.png,val
board_20260308_061905_222937.png,train
board_20260308_061905_253493.png,train
board_20260308_061905_282400.png,train
board_20260308_061944_868866.png,train
board_20260308_061944_897651.png,train
board_20260308_061944_925836.png,train
board_20260308_061944_955545.png,train
board_20260308_062054_982935.png,train
board_20260308_062055_014296.png,train
board_20260308_062055_042257.png,test
board_20260308_062055_071783.png,train
board_20260308_062131_859403.png,train
board_20260308_062131_888268.png,test
board_20260308_062131_917729.png,val
board_20260308_062131_945165.png,val
board_20260308_062238_407639.png,train
board_20260308_062238_437242.png,train
board_20260308_062238_467476.png,train
board_20260308_062238_497761.png,train
board_20260308_062412_879783.png,train
board_20260308_062412_910233.png,train
board_20260308_062449_897598.png,train
board_20260308_062449_927440.png,train
board_20260308_062449_954500.png,train
board_20260308_062449_982685.png,train
board_20260308_062611_504718.png,train
board_20260308_062611_536665.png,train
board_20260308_062611_567152.png,train
board_20260308_062611_598813.png,train
board_20260308_062654_828139.png,train
board_20260308_062654_859933.png,train
board_20260308_062654_888712.png,val
board_20260308_062654_916287.png,train
board_20260308_062901_408330.png,train
board_20260308_062901_438761.png,train
board_20260308_062901_468207.png,train
board_20260308_062901_496630.png,train
board_20260308_062942_852953.png,train
board_20260308_062942_881803.png,train
board_20260308_062942_910725.png,train
board_20260308_062942_938512.png,train
board_20260308_063131_854712.png,train
board_20260308_063131_887288.png,train
board_20260308_063131_916769.png,test
board_20260308_063131_945713.png,train
board_20260308_063336_272975.png,train
board_20260308_063336_303303.png,train
board_20260308_063336_332768.png,val
board_20260308_063336_362261.png,train
board_20260309_063256_585796.png,train
board_20260309_063256_634549.png,test
board_20260309_063256_661222.png,test
board_20260414_053349_968490.png,train
board_20260414_055350_793346.png,val
board_20260414_055350_827448.png,train
board_20260414_055528_155438.png,test
board_20260414_055528_190376.png,val
board_20260414_055528_227350.png,train
board_20260416_041530_057626.png,test
board_20260416_041530_083750.png,train
board_20260416_041530_115761.png,train
board_20260416_041530_147781.png,train
board_20260725_083335_787288.png,train
board_20260725_083403_011585.png,train
board_20260725_083435_738066.png,train
board_20260725_083509_273801.png,train
board_20260725_083544_612593.png,train
board_20260725_083613_680774.png,train
board_20260725_083825_790043.png,test
board_20260725_083845_841375.png,train
board_20260725_083927_423929.png,train
board_20260725_084013_012651.png,val
board_20260725_084132_079465.png,train
board_20260725_084151_773283.png,train
board_20260726_063149_443432.png,train
board_20260726_063247_532053.png,train
board_20260726_063247_568055.png,test
board_20260726_063247_602962.png,train
board_20260726_063247_672292.png,train
board_20260726_063247_706704.png,val
board_20260726_063913_071293.png,train
board_20260726_063913_106357.png,train
board_20260726_063913_139359.png,test
board_20260726_063913_172425.png,train
board_20260726_063913_205941.png,train
board_20260726_063913_239517.png,val
board_20260726_084237_429043.png,train
board_20260726_084610_022096.png,test
board_20260726_084610_085803.png,train
board_20260726_084610_149768.png,train
board_20260726_084610_215175.png,train
board_20260726_084610_269775.png,val
board_20260726_084610_345609.png,train
board_20260726_085401_744458.png,train
board_20260726_085401_786402.png,val
board_20260726_085401_839711.png,train
board_20260726_085401_915384.png,train
board_20260726_085401_983378.png,train
board_20260726_085402_050882.png,train
board_20260726_085737_013831.png,train
board_20260727_054731_614270.png,train
board_20260727_060546_215540.png,train
board_20260727_060705_411937.png,train
board_20260727_060837_191265.png,train
board_20260809_082442_718506.png,train
board_20260809_082442_756054.png,train
board_20260809_082442_792815.png,train
board_20260809_082442_827223.png,val
board_20260809_082442_862692.png,train
board_20260809_082442_896954.png,train
board_20260809_082839_324332.png,train
board_20260809_082839_364062.png,train
board_20260809_082839_409274.png,val
board_20260809_082839_477696.png,train
board_20260809_083126_204292.png,train
board_20260809_083126_233742.png,train
board_20260809_083126_273960.png,train
board_20260809_083126_313537.png,train
board_20260809_083126_349973.png,train
board_20260809_083126_386290.png,train
board_20260809_083517_632793.png,test
board_20260809_083517_678062.png,train
board_20260809_083627_523257.png,train
board_20260809_083744_241288.png,train
board_20260809_083828_584553.png,test
board_20260809_083828_632485.png,train
board_20260809_084043_174822.png,train
board_20260809_084043_218967.png,train
board_20260809_084120_807107.png,train
board_20260809_084120_850312.png,train
board_20260809_084154_247785.png,train
board_20260809_084455_052531.png,train
board_20260809_084540_192984.png,train
board_20260809_084611_076019.png,train
board_20260809_084639_356317.png,train
board_20260809_084736_382370.png,train
board_20260809_084800_198238.png,train
board_20260809_084946_926278.png,train
board_20260809_084946_971420.png,test
board_20260809_100255_603502.png,train
board_20260809_100336_594776.png,test
board_20260809_100410_910614.png,train
board_20260809_100445_502980.png,test
board_20260809_100517_270050.png,test
board_20260809_100605_652383.png,train
board_20260809_100812_019138.png,train
board_20260809_100812_064469.png,test
board_20260809_100906_233981.png,val
board_20260809_100923_965718.png,train
board_20260809_101019_665793.png,train
board_20260809_101051_453915.png,train
board_20260809_101121_564426.png,train
board_20260809_101404_992341.png,val
board_20260809_101444_935588.png,train
board_20260809_101503_653791.png,train
board_20260809_101525_255946.png,train
board_20260809_101619_852134.png,train
board_20260809_101646_018090.png,train
board_20260809_101728_372269.png,train
board_20260809_101728_417195.png,train
board_20260809_101747_738744.png,train
board_20260809_102021_787389.png,train
board_20260809_102021_836358.png,test
board_20260809_102051_360805.png,train
board_20260809_102120_738586.png,val
board_20260809_102204_768125.png,train
board_20260810_003701_700847.png,train
board_20260810_004014_724737.png,train
board_20260810_004014_791228.png,train
board_20260810_004014_850093.png,train
board_20260810_004014_900621.png,train
board_20260810_004015_000618.png,train
board_20260810_004733_237762.png,train
board_20260810_004733_294854.png,train
board_20260810_004733_347928.png,train
board_20260810_004733_399608.png,val
board_20260810_004733_453067.png,test
board_20260810_004733_503803.png,train
board_20260810_004957_827499.png,test
board_20260810_004957_877269.png,train
board_20260810_004957_925084.png,train
board_20260810_004957_976466.png,train
board_20260810_004958_027444.png,test
board_20260810_004958_076256.png,train
board_20260810_005212_132848.png,train
board_20260810_005212_183975.png,train
board_20260810_005212_232918.png,train
board_20260810_005212_284025.png,train
board_20260810_005212_332989.png,val
board_20260810_005212_383033.png,train
board_20260810_005410_324261.png,train
board_20260810_005410_383889.png,train
board_20260810_005410_443178.png,val
board_20260810_005410_498972.png,train
board_20260810_005410_555220.png,train
board_20260810_005410_611330.png,train
board_20260810_021311_532389.png,train
board_20260810_022139_872501.png,val
board_20260810_035657_014325.png,train
board_20260810_035815_652578.png,test
board_20260810_040016_057788.png,train
board_20260810_064255_565826.png,test
board_20260810_074757_925053.png,train
board_20260810_074757_975304.png,train
board_20260810_074758_031522.png,train
board_20260810_074758_086740.png,train
board_20260810_074758_141027.png,val
board_20260810_074758_191402.png,val
board_20260810_074851_550019.png,train
board_20260810_074851_590871.png,train
board_20260810_074851_640047.png,train
board_20260810_074851_689847.png,train
board_20260810_074851_790118.png,train
board_20260810_081022_266215.png,train
board_20260810_081022_315332.png,val
board_20260810_081042_397922.png,test
board_20260810_081042_438544.png,train
board_20260810_081114_722376.png,train
board_20260810_081131_156621.png,train
board_20260810_081131_199073.png,train
board_20260810_081202_067231.png,train
board_20260810_081202_123753.png,test
board_20260810_081202_197546.png,train
board_20260810_081202_252796.png,val
board_20260810_081202_301202.png,train
board_20260810_081202_350038.png,train
board_20260810_081308_730166.png,test
board_20260810_081308_771772.png,train
board_20260810_081308_822500.png,train
board_20260810_081308_875462.png,train
board_20260810_081308_923712.png,train
board_20260810_081308_971536.png,train
board_20260810_081359_124488.png,train
board_20260810_081359_167061.png,train
board_20260810_081503_587453.png,train
board_20260810_081503_629624.png,train
board_20260810_081503_678769.png,test
board_20260810_081541_682559.png,train
board_20260810_081541_724237.png,train
board_20260810_081541_776197.png,test
board_20260810_081620_030753.png,train
board_20260810_081620_075553.png,test
board_20260810_081620_130485.png,val
board_20260810_081630_891582.png,train
board_20260810_081745_349501.png,test
board_20260810_081749_082372.png,train
board_20260810_081749_132517.png,train
board_20260810_081749_184463.png,train
board_20260810_081749_239928.png,train
board_20260810_081749_291815.png,train
board_20260810_081936_502232.png,train
board_20260810_082616_151380.png,train
board_20260810_105336_467361.png,train
board_20260810_105336_509077.png,train
board_20260810_105336_560601.png,train
board_20260810_105336_614841.png,val
board_20260810_105336_666307.png,test
board_20260810_105336_716708.png,train
board_20260810_105536_230507.png,train
board_20260810_105536_274321.png,train
board_20260810_105536_324831.png,train
board_20260810_105536_376354.png,test
board_20260810_105536_427291.png,train
board_20260810_105536_479258.png,val
board_20260810_110024_159565.png,train
board_20260810_110024_225690.png,train
board_20260810_110024_368697.png,train
board_20260810_110024_428434.png,train
board_20260810_110024_489699.png,train
board_20260810_110530_996736.png,train
board_20260810_111212_331247.png,train
board_20260810_111233_451125.png,train
board_20260810_111327_319292.png,train
board_20260811_082717_762818.png,val
board_20260811_082736_920030.png,train
board_20260811_082824_652623.png,val
board_20260811_083046_748087.png,train
board_20260812_051815_798335.png,val
board_20260812_051849_115149.png,train
board_20260812_052230_612986.png,train
board_20260812_052317_118005.png,train
board_20260812_052348_438952.png,train
board_20260812_052742_847134.png,train
board_20260812_052817_148914.png,train
board_20260812_052953_874668.png,val
board_20260812_053147_678374.png,train
board_20260812_053215_889243.png,train
board_20260812_053519_797157.png,val
board_20260812_054203_244649.png,test
board_20260812_054240_343532.png,train
board_20260812_054303_486331.png,train
board_20260812_054529_955284.png,train
board_20260812_054717_573791.png,train
board_20260812_054819_796450.png,train
board_20260812_054902_087794.png,train
board_20260812_055031_593921.png,train
board_20260812_055146_317820.png,train
board_20260812_055330_162869.png,val
board_20260812_060057_250302.png,train
board_20260812_060352_287697.png,train
board_20260812_073117_953617.png,train
board_20260812_073206_485542.png,train
board_20260812_073225_821276.png,train
board_20260812_073740_528057.png,train
board_20260812_073939_652122.png,train
board_20260812_074013_574058.png,train
board_20260812_074038_955912.png,train
board_20260812_074103_255032.png,train
board_20260812_074120_161905.png,train
board_20260812_074211_174904.png,train
board_20260812_074211_226460.png,val
board_20260812_074211_278479.png,val
board_20260812_074243_322748.png,train
board_20260812_074301_370177.png,train
board_20260812_075420_212496.png,test
board_20260812_075801_752685.png,val
board_20260812_075801_793735.png,val
board_20260812_080350_794709.png,train
board_20260812_081146_032317.png,train
board_20260812_081146_082764.png,train
board_20260812_082456_379296.png,train
board_20260812_082456_431094.png,train
board_20260812_082648_675177.png,train
board_20260812_082740_573524.png,train
board_20260812_082917_487870.png,val
board_20260812_083045_902789.png,train
board_20260812_083357_503717.png,train
board_20260812_105601_049200.png,train
board_20260813_032721_707276.png,val
board_20260813_032758_155649.png,train
board_20260813_032828_558276.png,train
board_20260813_033052_838286.png,train
board_20260813_033052_893011.png,train
board_20260813_033127_570055.png,train
board_20260813_033246_981433.png,train
board_20260813_033247_037646.png,train
board_20260813_033247_090851.png,train
board_20260813_033313_246196.png,test
board_20260813_033345_698189.png,train
board_20260813_033345_750642.png,train
board_20260813_033416_440688.png,train
board_20260813_033449_479393.png,train
board_20260813_035821_160659.png,train
board_20260813_035855_652952.png,val
board_20260813_035915_713967.png,train
board_20260813_040022_781841.png,train
board_20260813_040041_360211.png,train
board_20260813_040059_920168.png,val
board_20260813_040120_022326.png,train
board_20260813_040145_078642.png,train
board_20260813_040205_424788.png,test
board_20260813_040225_024702.png,train
board_20260813_040255_100957.png,train
board_20260813_040319_080718.png,train
board_20260813_040341_129282.png,train
board_20260813_040432_508302.png,train
board_20260813_040432_560612.png,train
board_20260813_040432_615485.png,train
board_20260813_040432_671068.png,train
board_20260813_040544_775743.png,train
board_20260813_040544_827583.png,val
board_20260813_040613_943106.png,train
board_20260813_040645_731078.png,train
board_20260813_040735_211112.png,train
board_20260813_040735_262076.png,train
board_20260813_040806_258448.png,train
board_20260813_040833_946020.png,val
board_20260813_040913_124842.png,train
board_20260813_040913_176187.png,train
board_20260813_040934_680412.png,train
board_20260813_041037_607997.png,train
board_20260813_041037_660365.png,train
board_20260813_041037_712345.png,train
board_20260813_041129_865696.png,train
board_20260813_041254_654963.png,test
board_20260813_041254_709451.png,train
board_20260813_050403_040556.png,train
board_20260813_050403_093487.png,train
board_20260813_050403_147193.png,val
board_20260813_050459_109034.png,train
board_20260813_050459_165837.png,train
board_20260813_050459_218681.png,train
board_20260813_050459_273439.png,train
board_20260813_050754_035225.png,train
board_20260813_050754_089317.png,train
board_20260813_050754_142470.png,train
board_20260813_050754_201374.png,train
board_20260813_050754_260609.png,train
board_20260813_050754_316824.png,train
board_20260813_050903_651092.png,val
board_20260813_050903_709313.png,train
board_20260813_050903_769287.png,train
board_20260813_050903_823870.png,train
board_20260813_050903_877688.png,train
board_20260813_050903_931650.png,train
board_20260813_051024_394040.png,train
board_20260813_051024_448749.png,train
board_20260813_051024_501876.png,train
board_20260813_051024_556129.png,train
board_20260813_051024_609722.png,val
board_20260813_051024_663452.png,train
board_20260813_051200_641546.png,train
board_20260813_051200_696900.png,train
board_20260813_051200_752520.png,train
board_20260813_051200_814531.png,train
board_20260813_051200_873045.png,train
board_20260813_051200_929185.png,train
board_20260813_051300_730746.png,test
board_20260813_051300_783975.png,train
board_20260813_051300_839974.png,train
board_20260813_051300_895809.png,val
board_20260813_051300_951747.png,train
board_20260813_051301_007046.png,train
board_20260813_051430_807952.png,train
board_20260813_051430_861428.png,train
board_20260813_051430_915127.png,train
board_20260813_051430_970399.png,train
board_20260813_051431_027640.png,train
board_20260813_051431_081428.png,train
board_20260813_051706_654105.png,train
board_20260813_051706_710164.png,train
board_20260813_051706_765417.png,val
board_20260813_051706_819690.png,train
board_20260813_051706_874599.png,train
board_20260813_051706_932093.png,val
board_20260813_051936_410529.png,train
board_20260813_051936_462909.png,val
board_20260813_051936_516561.png,train
board_20260813_051936_572241.png,train
board_20260813_051936_625347.png,train
board_20260813_051936_680501.png,train
board_20260813_052234_643450.png,train
board_20260813_052234_699091.png,train
board_20260813_052234_752672.png,train
board_20260813_052234_805766.png,test
board_20260813_052234_860252.png,train
board_20260813_052234_913862.png,train
board_20260813_052509_426287.png,train
board_20260813_052509_490249.png,train
board_20260813_052509_544831.png,train
board_20260813_052509_600962.png,train
board_20260813_052509_655935.png,train
board_20260813_052509_709320.png,train
board_20260814_045549_788823.png,train
board_20260814_051804_363737.png,train
board_20260814_052015_023978.png,train
board_20260814_052036_959681.png,test
board_20260814_052127_378483.png,val
board_20260814_052127_432386.png,train
board_20260814_052157_731210.png,train
board_20260814_052258_069046.png,test
board_20260814_052258_126742.png,train
board_20260814_052314_134290.png,train
board_20260814_052434_848001.png,test
board_20260814_052434_905344.png,train
board_20260814_052519_208782.png,test
board_20260814_052519_267917.png,train
board_20260814_052558_477594.png,val
board_20260814_052558_530688.png,train
board_20260814_052744_871122.png,train
board_20260815_051708_623594.png,train
board_20260815_051836_984966.png,train
board_20260815_051837_046666.png,train
board_20260815_051932_774170.png,train
board_20260815_052013_089370.png,train
board_20260815_052044_168812.png,train
board_20260815_052112_212447.png,train
board_20260815_052128_107483.png,train
board_20260815_052145_277634.png,train
board_20260815_052203_138349.png,train
board_20260815_052257_656691.png,train
board_20260815_052315_235110.png,train
board_20260815_052339_398787.png,train
board_20260815_052658_728656.png,train
board_20260815_053457_493721.png,train
board_20260815_053457_542455.png,val
board_20260815_053457_597790.png,train
board_20260815_053457_652816.png,test
board_20260815_053719_661048.png,train
board_20260815_053719_772824.png,train
board_20260815_053719_827983.png,val
board_20260815_053752_324665.png,test
board_20260815_053752_380256.png,train
board_20260815_053752_435444.png,train
board_20260815_053752_492155.png,train
board_20260815_053822_718183.png,train
board_20260815_053822_773121.png,train
board_20260815_053822_828829.png,val
board_20260815_053822_886548.png,test
board_20260815_053850_151438.png,val
board_20260815_053850_206929.png,train
board_20260815_053850_261556.png,train
board_20260815_053850_316807.png,test
board_20260815_053918_928665.png,train
board_20260815_053918_983722.png,val
board_20260815_053919_039502.png,train
board_20260815_054316_846126.png,train
board_20260815_054316_902322.png,train
board_20260815_054316_958124.png,train
board_20260815_054317_013203.png,train
board_20260815_054352_625801.png,train
board_20260815_054352_682851.png,train
board_20260815_054352_737997.png,train
board_20260815_054352_794727.png,train
board_20260815_054409_834569.png,test
board_20260815_054409_891576.png,train
board_20260815_054409_948710.png,val
board_20260815_054410_004836.png,train
board_20260815_054447_521210.png,train
board_20260815_054447_578285.png,train
board_20260815_054447_634974.png,val
board_20260815_054447_690139.png,train
board_20260815_054532_481844.png,train
board_20260815_054532_538310.png,train
board_20260815_054532_597450.png,train
board_20260815_054532_654523.png,train
board_20260815_054556_571791.png,val
board_20260815_054556_632254.png,train
board_20260815_054556_692281.png,train
board_20260815_054556_748448.png,train
board_20260815_054642_957465.png,train
board_20260815_054643_015721.png,train
board_20260815_054643_073872.png,train
board_20260815_054643_128967.png,train
board_20260815_072535_333311.png,train
board_20260815_072535_395987.png,train
board_20260815_072535_455150.png,train
board_20260815_072535_514877.png,val
board_20260815_072619_878118.png,train
board_20260815_072619_934023.png,train
board_20260815_072619_991646.png,train
board_20260815_072620_046560.png,train
board_20260816_021726_095912.png,train
board_20260816_021759_534289.png,train
board_20260816_022440_860649.png,train
board_20260816_022509_757921.png,train
board_20260816_022604_975125.png,test
board_20260816_022621_797006.png,train
board_20260816_022645_142620.png,train
board_20260816_022807_510930.png,train
board_20260816_023116_149577.png,train
board_20260816_023138_043235.png,train
board_20260816_023157_019280.png,train
board_20260816_023217_494333.png,train
board_20260816_023305_351793.png,train
board_20260816_023320_880858.png,train
board_20260816_023339_414188.png,train
board_20260816_023413_314778.png,train
board_20260816_023520_464697.png,train
board_20260816_023538_298309.png,train
board_20260816_023622_872613.png,val
board_20260816_023718_752003.png,train
board_20260816_023740_135765.png,test
board_20260816_023756_700256.png,val
board_20260816_023854_830951.png,train
board_20260816_023948_718155.png,train
board_20260816_024010_426983.png,train
board_20260816_024037_848872.png,train
board_20260816_024056_927348.png,train
board_20260816_024119_330548.png,test
board_20260816_024148_483527.png,train
board_20260816_024205_178570.png,train
board_20260816_024239_831556.png,train
board_20260816_024322_812271.png,train
board_20260816_024335_320438.png,train
board_20260816_024412_697115.png,train
board_20260816_024449_362946.png,train
board_20260816_024511_891219.png,train
board_20260816_024538_236875.png,train
board_20260816_024612_851162.png,train
board_20260816_024629_355813.png,train
board_20260816_024659_201874.png,val
board_20260816_024735_574925.png,train
board_20260816_024802_214898.png,train
board_20260816_024821_195925.png,test
board_20260816_024835_374211.png,train
board_20260816_024914_323497.png,test
board_20260816_024938_555861.png,train
board_20260816_024959_233152.png,train
board_20260816_025041_559339.png,val
board_20260816_025115_264981.png,train
board_20260816_025303_397602.png,train
board_20260816_025323_674345.png,train
board_20260816_025349_833104.png,train
board_20260816_025408_729884.png,train
board_20260816_025515_594908.png,train
board_20260816_025556_185856.png,train
board_20260816_025610_901750.png,train
board_20260816_025637_537933.png,train
board_20260816_025710_009588.png,train
board_20260816_025734_528024.png,val
board_20260816_025830_225188.png,train
board_20260816_025852_878792.png,train
board_20260816_025920_923265.png,test
board_20260816_025936_860508.png,train
board_20260816_030126_580038.png,train
board_20260816_030126_634934.png,train
board_20260816_030145_959457.png,test
board_20260816_030215_157704.png,train
board_20260816_030246_588284.png,train
board_20260816_030320_844970.png,train
board_20260816_030343_973865.png,train
board_20260816_030600_391318.png,train
board_20260816_030634_440260.png,train
board_20260816_030704_745307.png,train
board_20260816_030740_253904.png,train
board_20260816_030832_846422.png,train
board_20260816_030856_904001.png,train
board_20260816_030929_470681.png,train
board_20260816_030956_511702.png,train
board_20260816_031027_585439.png,train
board_20260816_031233_323682.png,train
board_20260816_031257_201598.png,train
board_20260816_031337_230217.png,val
board_20260816_031716_524430.png,train
board_20260819_044730_732352.png,test
board_20260819_044730_789354.png,train
board_20260819_044730_854845.png,train
board_20260819_044730_921281.png,train
board_20260819_044838_590094.png,train
board_20260819_044838_646663.png,train
board_20260819_044838_713597.png,train
board_20260819_044838_778118.png,train
board_20260819_044956_316452.png,train
board_20260819_045016_408157.png,train
board_20260819_045049_858436.png,train
board_20260819_045119_166751.png,train
board_20260819_045134_603838.png,train
board_20260819_045153_127223.png,test
board_20260819_045239_101747.png,val
board_20260819_045300_317527.png,train
board_20260819_045313_364797.png,train
board_20260819_045333_051243.png,train
board_20260819_045353_267127.png,train
board_20260819_045413_298357.png,train
board_20260819_045458_296799.png,train
board_20260819_045516_030472.png,train
board_20260819_045554_018195.png,train
board_20260819_045612_013076.png,train
board_20260819_045632_940093.png,train
board_20260819_045707_621658.png,train
board_20260819_045732_403600.png,train
board_20260819_045750_712119.png,train
board_20260819_045813_429866.png,train
board_20260819_045825_686869.png,train
board_20260819_050035_606958.png,val
board_20260819_050046_317477.png,train
board_20260819_050109_891761.png,train
board_20260819_050209_617162.png,train
board_20260819_050308_329426.png,train
board_20260819_050341_260017.png,test
board_20260819_050341_316999.png,train
board_20260819_050422_403814.png,train
board_20260819_050437_286786.png,train
board_20260819_050601_079350.png,train
board_20260819_050601_137494.png,train
board_20260819_050708_452598.png,val
board_20260819_050751_293636.png,train
board_20260819_050810_494794.png,train
board_20260819_050858_259228.png,train
board_20260819_050938_712970.png,train
board_20260820_081850_572135.png,train
board_20260820_081927_523456.png,train
board_20260820_081937_359891.png,val
board_20260820_081942_745673.png,train
board_20260820_081954_946562.png,train
board_20260820_082003_805256.png,test
board_20260820_082023_121335.png,train
board_20260820_082029_327011.png,val
board_20260820_082035_470141.png,val
board_20260820_082041_090026.png,train
board_20260820_082049_210512.png,train
board_20260820_082100_243459.png,train
board_20260820_082128_996620.png,train
board_20260820_082133_844831.png,train
board_20260820_082139_208434.png,train
board_20260820_082146_526249.png,train
board_20260820_082152_249326.png,train
board_20260820_082157_154820.png,train
board_20260820_082203_400936.png,train
board_20260820_082217_664399.png,test
board_20260820_082224_758848.png,train
board_20260820_082231_821969.png,train
board_20260820_082236_311181.png,train
board_20260820_082242_439917.png,train
board_20260820_082246_318983.png,train
board_20260820_082251_227963.png,train
board_20260820_082303_231074.png,train
board_20260820_082308_434478.png,train
board_20260820_082312_641416.png,val
board_20260820_082316_854083.png,train
board_20260820_082323_954409.png,train
board_20260820_082328_030980.png,train
board_20260820_082331_901265.png,test
board_20260820_082335_436802.png,val
board_20260820_082341_331257.png,train
board_20260820_082354_425427.png,train
board_20260820_082402_725987.png,train
board_20260820_082408_152206.png,test
board_20260820_082412_180612.png,train
board_20260820_082416_930542.png,train
board_20260820_082420_597880.png,train
board_20260820_082424_334246.png,test
board_20260820_082427_824635.png,train
board_20260820_082431_999872.png,train
board_20260820_082436_081135.png,train
board_20260820_082458_827282.png,test
board_20260820_082502_923046.png,train
board_20260820_082506_746857.png,train
board_20260820_082511_704751.png,train
board_20260820_082518_068547.png,train
board_20260820_082526_571305.png,val
board_20260820_082536_201860.png,train
board_20260820_082540_649593.png,train
board_20260820_082544_892381.png,train
board_20260820_082548_882696.png,train
board_20260820_082613_310779.png,train
board_20260820_083642_175726.png,train
board_20260820_093037_086008.png,train
board_20260820_093046_821974.png,train
board_20260820_093052_837309.png,train
board_20260820_093059_329141.png,train
board_20260820_093112_570163.png,train
board_20260820_093119_413071.png,train
board_20260820_093129_935864.png,train
board_20260820_093139_187062.png,train
board_20260820_093148_476599.png,train
board_20260820_093158_445408.png,train
board_20260820_093208_549074.png,train
board_20260820_093216_407766.png,train
board_20260820_093225_931180.png,train
board_20260820_093233_954028.png,test
board_20260820_093242_097678.png,train
board_20260820_093254_710803.png,test
board_20260820_093307_212719.png,train
board_20260820_093316_137313.png,train
board_20260820_093322_875330.png,train
board_20260820_093329_783648.png,train
board_20260820_093338_343369.png,train
board_20260820_093350_453317.png,train
board_20260820_093401_549625.png,val
board_20260820_093409_982832.png,train
board_20260820_093418_683651.png,test
board_20260820_093433_228202.png,test
board_20260820_093443_677224.png,train
board_20260820_093452_914862.png,train
board_20260820_093502_897503.png,train
board_20260820_093534_499184.png,val
board_20260820_093542_353819.png,val
board_20260820_093551_516166.png,train
board_20260820_093604_729303.png,train
board_20260820_093613_825840.png,test
board_20260820_093623_617050.png,val
board_20260820_093634_436468.png,test
board_20260820_093648_023773.png,test
board_20260820_164646_407248.png,test
board_20260820_164656_284871.png,train
board_20260821_052837_680206.png,train
board_20260821_053026_273812.png,train
board_20260821_053035_333513.png,train
board_20260821_053119_569040.png,train
board_20260821_053125_899931.png,train
board_20260821_053138_798423.png,val
board_20260821_053221_110314.png,train
board_20260821_080755_412914.png,val
board_20260821_080755_502592.png,val
board_20260821_084015_757777.png,train
board_20260821_084015_903933.png,train
board_20260821_084016_069785.png,train
board_20260821_084016_227288.png,train
board_20260821_084016_348763.png,train
board_20260821_084016_464086.png,train
board_20260821_084016_617570.png,train
board_20260821_084016_738139.png,test
board_20260821_084016_901583.png,train
board_20260821_084017_065229.png,train
board_20260821_084017_228264.png,train
board_20260821_084017_389722.png,train
board_20260821_084017_564156.png,test
board_20260821_084017_739705.png,train
board_20260821_084017_903774.png,train
board_20260821_084018_070948.png,train
board_20260821_084018_201172.png,train
board_20260821_084018_372977.png,test
board_20260821_084018_501003.png,train
board_20260821_084018_677601.png,val
board_20260821_084018_798905.png,test
board_20260821_084018_953107.png,train
board_20260821_084019_097749.png,train
board_20260821_084019_252749.png,train
board_20260821_084019_407520.png,train
board_20260821_084019_572062.png,train
board_20260821_084019_767024.png,val
board_20260821_084019_955680.png,train
board_20260821_084020_129527.png,train
board_20260821_084020_304820.png,train
board_20260821_084020_468534.png,train
board_20260821_084020_650020.png,test
board_20260821_084020_833576.png,train
board_20260821_084020_998853.png,train
board_20260821_084021_144910.png,test
board_20260821_084021_263188.png,test
board_20260821_084021_419981.png,train
board_20260821_084021_536001.png,train
board_20260821_084021_699479.png,train
board_20260821_084021_854802.png,train
board_20260821_084024_062764.png,train
board_20260821_084024_418354.png,train
board_20260821_084024_769976.png,test
board_20260821_084024_838853.png,train
board_20260821_084024_912984.png,train
board_20260821_084025_270054.png,train
board_20260821_084025_660059.png,test
board_20260821_084026_033431.png,train
board_20260821_084026_437551.png,test
board_20260821_084026_844840.png,train
board_20260821_084027_233003.png,test
board_20260821_084027_649774.png,train
board_20260821_084028_062567.png,train
board_20260821_084028_466734.png,train
board_20260821_084028_871868.png,train
board_20260821_084029_271938.png,train
board_20260821_084029_488938.png,train
board_20260821_084029_691741.png,train
board_20260821_084029_886623.png,train
board_20260821_084030_073840.png,train
board_20260821_084030_270358.png,train
board_20260821_084030_342314.png,train
board_20260821_084030_417968.png,train
board_20260821_084030_811083.png,train
board_20260821_084031_024502.png,train
board_20260821_084031_235379.png,train
board_20260821_084031_435503.png,test
board_20260821_084031_638655.png,train
board_20260821_084031_845471.png,train
board_20260821_084032_051744.png,train
board_20260821_084032_231842.png,train
board_20260821_084032_424190.png,train
board_20260821_084032_598491.png,train
board_20260821_084032_816193.png,val
board_20260821_084033_232079.png,train
board_20260821_084033_418648.png,test
board_20260821_084033_609791.png,train
board_20260821_084033_804718.png,train
board_20260821_084034_001709.png,val
board_20260821_084034_199714.png,train
board_20260822_104325_985571.png,val
board_20260822_104326_031334.png,train
board_20260822_104340_402049.png,train
board_20260822_104433_700864.png,train
board_20260822_104433_744961.png,train
board_20260822_104433_798006.png,test
board_20260822_104449_416666.png,train
board_20260822_104511_536494.png,test
board_20260822_104511_584388.png,test
board_20260822_104525_841061.png,val
board_20260822_104525_898207.png,train
board_20260822_104605_225322.png,train
board_20260822_104605_271083.png,train
board_20260822_104733_348095.png,train
board_20260822_104733_392731.png,val
board_20260822_104813_150410.png,test
board_20260822_104813_195509.png,train
board_20260822_104828_664784.png,train
board_20260822_104828_711136.png,train
board_20260822_105007_169674.png,train
board_20260822_105007_216545.png,train
board_20260822_105129_909278.png,train
board_20260822_105144_642742.png,val
board_20260822_105144_702254.png,val
board_20260822_105210_351775.png,val
board_20260822_105210_396960.png,train
board_20260822_105240_724186.png,train
board_20260822_105240_769484.png,train
board_20260822_105715_565511.png,train
board_20260822_105735_848447.png,train
board_20260822_105751_139673.png,train
board_20260822_105810_877939.png,train
board_20260822_105826_288174.png,train
board_20260822_105844_665211.png,train
board_20260822_105903_129606.png,test
board_20260822_105924_852631.png,train
board_20260822_105941_918145.png,train
board_20260822_110355_138744.png,train
board_20260822_110431_882705.png,train
board_20260822_110431_930533.png,train
board_20260822_110449_678414.png,train
board_20260822_110502_343720.png,train
board_20260822_110520_547935.png,train
board_20260822_110539_461342.png,train
board_20260822_110558_251925.png,train
board_20260822_110613_121751.png,train
board_20260822_130013_282061.png,train
board_20260822_130013_394033.png,train
board_20260822_130117_113680.png,train
board_20260822_130117_179043.png,train
board_20260822_130117_251798.png,train
board_20260822_130117_331099.png,val
board_20260822_130117_435314.png,train
board_20260822_130117_538365.png,val
board_20260822_130226_134578.png,train
board_20260822_130226_222592.png,train
board_20260822_130226_332493.png,train
board_20260822_130226_412778.png,train
board_20260822_130226_492628.png,train
board_20260822_130226_565761.png,train
board_20260822_130226_629276.png,train
board_20260822_130305_772730.png,train
board_20260822_130305_835535.png,train
board_20260822_130342_153503.png,train
board_20260822_130342_247969.png,train
board_20260822_130342_343406.png,val
board_20260822_130405_595843.png,train
board_20260822_130405_680752.png,train
board_20260823_063645_774013.png,train
board_20260823_063648_772750.png,train
board_20260823_063648_857950.png,train
board_20260823_063648_953571.png,train
board_20260823_063720_554100.png,train
board_20260823_063720_639322.png,train
board_20260823_063720_742391.png,train
board_20260823_063819_611007.png,train
board_20260823_063819_671305.png,train
board_20260823_064030_596364.png,train
board_20260823_064030_685621.png,train
board_20260823_064030_791965.png,train
board_20260823_064030_904039.png,train
board_20260823_064030_996585.png,val
board_20260823_064031_079932.png,train
board_20260823_064142_610988.png,test
board_20260823_064142_662923.png,train
board_20260823_064142_724709.png,train
board_20260823_064142_784629.png,train
board_20260823_064142_897712.png,train
board_20260823_064142_978210.png,train
board_20260823_064240_743336.png,train
board_20260823_064240_794143.png,train
board_20260823_064307_627292.png,train
board_20260823_064307_682375.png,train
board_20260823_064323_392914.png,train
board_20260823_064354_032485.png,train
board_20260823_064354_084398.png,train
board_20260823_064420_709063.png,train
board_20260823_064420_760382.png,test
board_20260823_064618_220268.png,train
board_20260823_064618_273609.png,test
board_20260823_064618_338582.png,train
board_20260823_064618_400181.png,train
board_20260823_064618_460599.png,train
board_20260823_064618_522688.png,train
board_20260823_064713_758305.png,train
board_20260823_064713_808468.png,train
board_20260823_064713_868317.png,train
board_20260823_064713_928048.png,train
board_20260823_064713_989526.png,train
board_20260823_064714_047346.png,test
board_20260823_064907_219196.png,train
board_20260823_064926_170037.png,val
board_20260823_064926_222848.png,train
board_20260823_065019_124483.png,train
board_20260823_065019_241667.png,train
board_20260823_065019_350552.png,train
board_20260823_065043_258111.png,test
board_20260823_065043_368001.png,train
board_20260823_065058_365798.png,train
board_20260823_065058_462907.png,train
board_20260823_065123_335006.png,test
board_20260823_065123_442162.png,train
board_20260823_065123_558268.png,train
board_20260823_065123_669641.png,train
board_20260823_065123_778166.png,val
board_20260823_065123_888729.png,train
board_20260823_065157_473857.png,train
board_20260823_065157_569667.png,train
board_20260823_065157_685178.png,train
board_20260823_065157_791320.png,train
board_20260823_065157_906636.png,train
board_20260823_065158_018465.png,train
board_20260823_065226_971135.png,test
board_20260823_065227_075979.png,train
board_20260823_065514_954412.png,test
board_20260823_065515_030936.png,train
board_20260823_065515_126795.png,train
board_20260823_065633_640367.png,val
board_20260823_065633_733475.png,train
board_20260823_065633_837089.png,train
board_20260823_065702_870076.png,val
board_20260823_065702_962752.png,val
board_20260823_065936_891371.png,train
board_20260823_065936_957817.png,train
board_20260823_065937_061187.png,train
board_20260823_065937_156957.png,train
board_20260823_065937_249896.png,train
board_20260823_065937_345103.png,train
board_20260823_070051_208622.png,val
board_20260823_070051_293098.png,test
board_20260823_070051_395869.png,train
board_20260823_070051_496833.png,train
board_20260823_070051_592265.png,train
board_20260823_070051_691920.png,train
board_20260823_070107_415106.png,train
board_20260823_070132_861383.png,train
board_20260823_070132_949064.png,test
board_20260823_070133_056735.png,train
board_20260823_070148_844739.png,train
board_20260823_070148_942016.png,train
board_20260823_070203_385119.png,test
board_20260823_070213_251737.png,train
board_20260823_070314_265235.png,train
board_20260823_070314_357204.png,train
board_20260823_070314_467248.png,train
board_20260823_070314_576875.png,test
board_20260823_070314_689246.png,train
board_20260823_070314_797132.png,train
board_20260823_070401_247369.png,train
board_20260823_070401_337068.png,train
board_20260823_070401_453795.png,val
board_20260823_070401_561869.png,train
board_20260823_070401_672055.png,train
board_20260823_070401_772289.png,train
board_20260823_070520_162161.png,train
board_20260823_070520_239544.png,train
board_20260823_070549_338155.png,train
board_20260823_070549_412108.png,train
board_20260823_070549_511557.png,train
board_20260823_070625_766535.png,train
board_20260823_070750_879662.png,train
board_20260823_070755_081914.png,train
board_20260823_070825_398772.png,train
board_20260823_070825_483687.png,train
board_20260823_070916_104015.png,train
board_20260823_070916_188019.png,train
board_20260823_070916_296491.png,train
board_20260823_070916_413791.png,train
board_20260823_070916_519324.png,train
board_20260823_070916_629976.png,val
board_20260823_071031_147540.png,train
board_20260823_071031_236440.png,test
board_20260823_071031_338063.png,train
board_20260823_071031_443762.png,train
board_20260823_071031_546909.png,train
board_20260823_071031_650865.png,train
board_20260823_071058_863895.png,train
board_20260823_071058_950196.png,train
board_20260823_071112_361632.png,train
board_20260823_071112_452646.png,train
board_20260823_071137_925544.png,train
board_20260823_071138_018723.png,test
board_20260823_071201_532071.png,train
board_20260823_071201_635742.png,train
board_20260823_071246_086792.png,test
board_20260823_071246_178324.png,train
board_20260823_071246_287975.png,train
board_20260823_071246_396076.png,train
board_20260823_071246_503452.png,train
board_20260823_071246_618330.png,train
board_20260823_071350_994794.png,val
board_20260823_071351_087611.png,train
board_20260823_071351_211360.png,train
board_20260823_071351_322019.png,val
board_20260823_071351_429156.png,train
board_20260823_071351_542684.png,train
board_20260823_071417_585204.png,train
board_20260823_071444_676902.png,train
board_20260823_071444_770831.png,train
board_20260823_071444_884679.png,test
board_20260823_071506_524639.png,test
board_20260823_071506_608929.png,train
board_20260823_071506_722786.png,train
board_20260823_071518_018366.png,train
board_20260823_071547_282975.png,train
board_20260823_071600_847588.png,val
board_20260823_071600_949866.png,train
board_20260823_071621_370431.png,val
board_20260823_071621_467181.png,train
board_20260823_071641_937807.png,train
board_20260823_071642_015194.png,train
board_20260823_071649_554634.png,train
board_20260823_071713_404191.png,train
board_20260823_071713_524201.png,train
board_20260823_071713_647213.png,train
board_20260823_071713_764970.png,train
board_20260823_071713_872925.png,train
board_20260823_071713_994814.png,train
board_20260823_071759_781857.png,train
board_20260823_071759_877072.png,val
board_20260823_071759_981815.png,train
board_20260823_071800_096128.png,train
board_20260823_071800_210837.png,train
board_20260823_071800_319253.png,train
board_20260823_071821_022459.png,train
board_20260823_071821_105789.png,train
board_20260823_071839_239565.png,train
board_20260823_071839_566681.png,train
board_20260823_071902_539971.png,val
board_20260823_071902_630705.png,test
board_20260823_071902_729112.png,train
board_20260823_071929_183147.png,train
board_20260823_071929_263425.png,train
board_20260823_071929_365457.png,val
board_20260823_071942_727643.png,train
board_20260823_071942_819514.png,train
board_20260823_072046_858005.png,train
board_20260823_072046_953832.png,train
board_20260823_072047_071370.png,train
board_20260823_072047_189458.png,train
board_20260823_072047_303423.png,train
board_20260823_072047_419852.png,train
board_20260823_072147_221997.png,train
board_20260823_072147_319124.png,test
board_20260823_072147_420694.png,train
board_20260823_072147_529937.png,train
board_20260823_072147_651132.png,train
board_20260823_072147_769654.png,train
board_20260823_072212_255164.png,train
board_20260823_072212_375349.png,train
board_20260823_072249_194183.png,train
board_20260823_072249_320095.png,train
board_20260823_072249_444873.png,train
board_20260823_072319_546319.png,val
board_20260823_072319_600478.png,train
board_20260823_072319_661946.png,train
board_20260823_072344_888743.png,train
board_20260823_073029_898859.png,train
board_20260823_073029_984059.png,train
board_20260823_073030_097386.png,train
board_20260823_073030_215948.png,val
board_20260823_073030_339846.png,train
board_20260823_073030_443065.png,test
board_20260823_073110_466184.png,train
board_20260823_073110_547302.png,test
board_20260823_073110_644867.png,test
board_20260823_073110_756400.png,train
board_20260823_073110_850101.png,train
board_20260823_073110_953497.png,train
board_20260823_073125_899668.png,val
board_20260823_073139_731809.png,train
board_20260823_073139_817558.png,train
board_20260823_073155_247199.png,train
board_20260823_073155_332024.png,train
board_20260823_073243_911904.png,train
board_20260823_073244_002658.png,train
board_20260823_073244_105754.png,train
board_20260823_073254_816547.png,train
board_20260823_073345_255900.png,test
board_20260823_073345_338517.png,val
board_20260823_073345_459376.png,train
board_20260823_073345_574579.png,train
board_20260823_073345_688887.png,train
board_20260823_073345_802975.png,test
board_20260823_073435_124182.png,train
board_20260823_073435_215346.png,train
board_20260823_073435_324421.png,train
board_20260823_073435_435403.png,train
board_20260823_073435_544923.png,train
board_20260823_073435_650558.png,test
board_20260823_073505_826559.png,test
board_20260823_073505_904351.png,train
board_20260823_073506_006466.png,train
board_20260823_073532_662164.png,train
board_20260823_073532_735931.png,train
board_20260823_073532_839358.png,train
board_20260823_073604_410103.png,train
board_20260823_073604_499730.png,train
board_20260823_073604_601904.png,train
board_20260823_073655_511774.png,train
board_20260823_073655_590556.png,train
board_20260823_073655_686807.png,test
board_20260823_073655_795792.png,val
board_20260823_073655_907819.png,train
board_20260823_073656_017030.png,train
board_20260823_073758_259661.png,train
board_20260823_073758_356903.png,train
board_20260823_073758_460017.png,train
board_20260823_073758_558563.png,train
board_20260823_073758_663434.png,test
board_20260823_073758_775073.png,train
board_20260823_073815_016751.png,train
board_20260823_083617_880600.png,train
board_20260823_083617_987360.png,train
board_20260823_083618_112183.png,train
board_20260823_083741_854099.png,test
board_20260823_083741_949543.png,train
board_20260823_083809_416267.png,test
board_20260823_083809_522111.png,train
board_20260823_083809_636007.png,train
board_20260823_083816_714102.png,test
board_20260823_083816_816467.png,train
board_20260823_083816_938722.png,train
board_20260823_083830_129631.png,test
board_20260823_083830_223171.png,train
board_20260823_083830_345247.png,train
board_20260823_083838_514482.png,test
board_20260823_083843_113538.png,train
board_20260823_083902_450976.png,train
board_20260823_083907_570789.png,train
board_20260823_083913_300338.png,train
board_20260823_084402_294190.png,train
board_20260823_104109_685152.png,train
board_20260823_104126_996111.png,train
board_20260823_104133_480824.png,test
board_20260823_104256_326713.png,test
board_20260823_104350_362550.png,val
board_20260823_104455_692750.png,train
board_20260823_104530_626233.png,train
board_20260823_104530_687565.png,train
board_20260823_104548_786130.png,val
board_20260823_104609_787317.png,test
board_20260823_104620_349936.png,val
board_20260823_104630_381899.png,train
board_20260823_104642_051008.png,val
board_20260823_104654_890897.png,train
board_20260823_104708_173971.png,train
board_20260823_104719_989112.png,train
board_20260823_104730_778126.png,train
board_20260823_104740_719083.png,train
board_20260823_104814_093658.png,test
board_20260823_104836_545083.png,train
board_20260823_104836_605290.png,val
board_20260823_104849_764506.png,train
board_20260823_104902_058983.png,val
board_20260823_104914_846912.png,train
board_20260823_104925_703865.png,train
board_20260823_104936_296844.png,train
board_20260823_105043_409384.png,train
board_20260823_105053_415321.png,train
board_20260823_105104_920087.png,train
board_20260823_105117_098108.png,train
board_20260823_105139_049858.png,train
board_20260823_105204_183276.png,val
board_20260823_105220_363477.png,train
board_20260823_105238_682459.png,train
board_20260823_105238_742599.png,train
board_20260823_105253_031702.png,train
board_20260823_105307_721832.png,train
board_20260823_105411_628674.png,train
board_20260823_105411_687951.png,train
board_20260823_105433_245551.png,val
board_20260823_105433_308757.png,val
board_20260823_105448_104839.png,train
board_20260823_105448_164895.png,train
board_20260823_105509_251309.png,train
board_20260823_105528_087826.png,train
board_20260823_105538_782776.png,train
board_20260823_105613_212719.png,train
board_20260823_105630_471422.png,test
board_20260823_105647_660930.png,train
board_20260823_105708_249615.png,test
board_20260823_105722_368500.png,train
board_20260823_105735_877304.png,train
board_20260823_105758_485885.png,train
board_20260823_105815_048920.png,train
board_20260823_105833_808771.png,val
board_20260823_105851_458509.png,test
board_20260823_105913_975861.png,val
board_20260823_105914_037080.png,train
board_20260823_123642_796692.png,train
board_20260823_123648_059777.png,train
board_20260823_123717_712622.png,train
board_20260823_123747_889419.png,train
board_20260823_124017_595333.png,test
board_20260823_124626_854381.png,train
board_20260823_124647_119247.png,train
board_20260823_124705_425736.png,train
board_20260823_124727_070434.png,train
board_20260823_124832_447012.png,train
board_20260823_124856_885162.png,train
board_20260823_124916_660989.png,train
board_20260823_124934_587576.png,train
board_20260823_124954_274224.png,train
board_20260823_125010_612857.png,train
board_20260823_125025_279398.png,train
board_20260823_125048_340938.png,train
board_20260823_125334_410045.png,train
board_20260823_125446_817347.png,train
board_20260823_125511_846022.png,train
board_20260823_125642_551165.png,train
board_20260823_125705_785303.png,test
board_20260823_125730_302828.png,train
board_20260823_125803_567978.png,train
board_20260823_125823_845768.png,train
board_20260823_125836_947200.png,train
board_20260823_125837_008708.png,train
board_20260823_130022_526367.png,train
board_20260823_130041_198003.png,val
board_20260823_130055_257570.png,train
board_20260823_131735_698003.png,train
board_20260823_131751_126543.png,val
board_20260823_131808_443796.png,train
board_20260823_131824_094257.png,train
board_20260823_131904_493657.png,train
board_20260823_131904_554609.png,train
board_20260823_131908_075334.png,train
board_20260823_131908_138235.png,train
board_20260823_131912_941767.png,train
board_20260823_131923_865988.png,train
board_20260823_132114_694838.png,train
board_20260823_132114_760600.png,train
board_20260823_230700_188577.png,train
board_20260823_230700_264227.png,train
board_20260823_231302_189520.png,train
board_20260823_231302_252766.png,train
board_20260823_231315_071617.png,test
board_20260823_231319_773904.png,train
board_20260823_231323_987247.png,test
board_20260823_231350_232173.png,train
board_20260823_231405_374677.png,val
board_20260823_231418_713393.png,train
board_20260823_231502_446126.png,val
board_20260823_231539_272114.png,train
board_20260823_231553_724004.png,train
board_20260823_231608_984410.png,train
board_20260823_231634_986991.png,test
board_20260823_231635_044289.png,train
board_20260823_231649_183052.png,train
board_20260823_231701_275842.png,train
board_20260823_231714_247134.png,train
board_20260823_231724_147746.png,train
board_20260823_231800_757743.png,train
board_20260823_231800_848723.png,train
board_20260823_231800_942514.png,train
board_20260823_231959_866060.png,train
board_20260823_232032_158887.png,train
board_20260823_232036_195559.png,train
board_20260823_232049_145927.png,train
board_20260823_232103_228324.png,train
board_20260823_232123_223236.png,train
board_20260823_232143_981725.png,train
board_20260823_232144_035103.png,train
board_20260823_232230_392484.png,train
board_20260823_232230_446905.png,train
board_20260823_232307_348071.png,test
board_20260823_232307_407685.png,train
board_20260824_032510_206230.png,train
board_20260824_032510_266047.png,train
board_20260824_032547_797914.png,train
board_20260824_032614_451750.png,train
board_20260824_032617_087912.png,train
board_20260824_032629_845154.png,train
board_20260824_032632_577189.png,train
board_20260824_032647_333363.png,train
board_20260824_032708_151554.png,train
board_20260824_032747_585602.png,train
board_20260824_032801_421819.png,train
board_20260824_032810_143822.png,val
board_20260824_032819_671361.png,train
board_20260824_032819_748816.png,train
board_20260824_032819_834957.png,val
board_20260824_033039_482020.png,train
board_20260824_033148_683012.png,train
board_20260824_033148_739288.png,val
board_20260824_033332_149277.png,train
board_20260824_033332_203892.png,train
board_20260824_033350_912773.png,train
board_20260824_033635_804101.png,train
board_20260824_060027_138299.png,train
board_20260824_060027_195894.png,train
board_20260824_060027_260859.png,train
board_20260824_060027_323255.png,train
board_20260824_060447_557137.png,train
board_20260824_060526_429308.png,train
board_20260824_060726_866552.png,train
board_20260824_062312_983197.png,test
board_20260824_062313_042001.png,train
board_20260824_062313_107515.png,train
board_20260824_062313_174587.png,val
board_20260824_062313_239700.png,train
board_20260824_062313_304187.png,train
board_20260824_062402_845825.png,train
board_20260824_062402_900242.png,test
board_20260824_062402_961297.png,train
board_20260824_062403_024142.png,train
board_20260824_062403_088803.png,train
board_20260824_062403_152041.png,train
board_20260824_062751_616169.png,test
board_20260824_062751_709060.png,test
board_20260824_062751_812726.png,train
board_20260824_062751_913395.png,train
board_20260824_062752_016122.png,train
board_20260824_062752_120364.png,train
board_20260824_062848_431852.png,test
board_20260824_062848_524317.png,test
board_20260824_062848_628144.png,train
board_20260824_062848_731968.png,train
board_20260824_062848_836259.png,train
board_20260824_062848_938615.png,train
board_20260824_062904_657161.png,test
board_20260824_062904_751121.png,test
board_20260824_062904_856534.png,train
board_20260824_062904_967250.png,train
board_20260824_062905_073302.png,train
board_20260824_062905_180229.png,train
board_20260824_062947_778006.png,train
board_20260824_062947_868473.png,train
board_20260824_062947_972884.png,test
board_20260824_062948_077812.png,val
board_20260824_062948_186394.png,train
board_20260824_062948_292512.png,train
board_20260824_063105_080136.png,val
board_20260824_063105_173735.png,train
board_20260824_063105_277603.png,train
board_20260824_063105_380957.png,train
board_20260824_063105_489409.png,train
board_20260824_063105_594229.png,train
board_20260824_063228_571627.png,train
board_20260824_063228_666700.png,train
board_20260824_063228_773190.png,val
board_20260824_063228_879773.png,train
board_20260824_063228_990910.png,test
board_20260824_063229_096991.png,train
board_20260824_063311_431730.png,test
board_20260824_063311_524404.png,train
board_20260824_063311_630846.png,train
board_20260824_063311_740549.png,train
board_20260824_063311_846096.png,train
board_20260824_063343_746961.png,train
board_20260824_063530_357532.png,train
board_20260824_063549_493831.png,train
board_20260824_063616_265344.png,train
board_20260824_063641_905884.png,train
board_20260824_063659_997130.png,test
board_20260824_063709_374864.png,test
board_20260824_063740_563638.png,train
board_20260824_063803_407778.png,train
board_20260824_063839_986897.png,train
board_20260824_063840_081031.png,train
board_20260824_063857_468789.png,train
board_20260824_063912_964318.png,train
board_20260824_064049_303128.png,val
board_20260824_064108_670220.png,train
board_20260824_064129_328377.png,train
board_20260824_064144_490278.png,train
board_20260824_064208_790651.png,test
board_20260824_064309_247347.png,train
board_20260824_064328_176878.png,train
board_20260824_064554_373204.png,train
board_20260824_064650_742024.png,train
board_20260824_064752_941208.png,train
board_20260824_065114_101345.png,test
board_20260824_065149_695088.png,train
board_20260824_065252_242897.png,train
board_20260824_065344_711478.png,test
board_20260824_065344_807430.png,train
board_20260824_065525_611870.png,test
board_20260824_065525_694299.png,train
board_20260824_065725_631433.png,train
board_20260824_065725_688270.png,train
board_20260824_065810_695555.png,train
board_20260824_065913_986222.png,train
board_20260824_070015_013255.png,train
board_20260824_070015_068531.png,test
board_20260824_070022_096592.png,test
board_20260824_070050_894551.png,train
board_20260824_070113_850803.png,train
board_20260824_070128_643686.png,test
board_20260824_070148_708090.png,test
board_20260824_070203_518687.png,train
board_20260824_070221_620646.png,train
board_20260824_070243_021616.png,train
board_20260824_070330_199527.png,val
board_20260824_070330_290043.png,train
board_20260824_070349_146785.png,val
board_20260824_070401_355866.png,train
board_20260824_070440_276403.png,train
board_20260824_071337_378919.png,train
board_20260824_071441_511621.png,test
board_20260824_071441_568747.png,test
board_20260824_071458_702267.png,train
board_20260824_071511_507576.png,train
board_20260824_071524_796772.png,train
board_20260824_071535_396207.png,train
board_20260824_071545_315915.png,train
board_20260824_071558_084384.png,train
board_20260824_071615_929599.png,train
board_20260824_071634_502186.png,train
board_20260824_071648_537215.png,train
board_20260824_071702_306189.png,train
board_20260824_071713_594504.png,test
board_20260824_071742_451805.png,train
board_20260824_071742_600351.png,train
board_20260824_071905_404889.png,train
board_20260824_071915_829160.png,train
board_20260824_071930_848146.png,val
board_20260824_071944_905324.png,train
board_20260824_072005_246278.png,train
board_20260824_072020_624342.png,train
board_20260824_072053_675446.png,test
board_20260824_072053_794900.png,train
board_20260824_072112_219453.png,train
board_20260824_072129_258551.png,train
board_20260824_072201_592706.png,train
board_20260824_072201_680249.png,train
board_20260824_072230_533298.png,train
board_20260824_072230_587380.png,train
board_20260824_072308_234992.png,train
board_20260824_072308_359208.png,val
board_20260824_072326_376138.png,test
board_20260824_072339_371658.png,train
board_20260824_072416_831280.png,train
board_20260825_114441_696845.png,train
board_20260825_114441_755952.png,train
board_20260825_114441_822542.png,train
board_20260825_114441_891818.png,val
board_20260825_114502_589083.png,test
board_20260825_114502_648974.png,train
board_20260825_114502_715201.png,train
board_20260825_114502_783901.png,train
board_20260825_114518_177242.png,train
board_20260825_114518_239681.png,train
board_20260825_114518_312178.png,val
board_20260825_114518_380991.png,test
board_20260825_114536_494635.png,val
board_20260825_114536_552699.png,train
board_20260825_114536_619180.png,train
board_20260825_114536_686248.png,test
board_20260825_114551_185589.png,val
board_20260825_114551_244321.png,train
board_20260825_114551_313504.png,train
board_20260825_114551_381346.png,test
board_20260825_114552_991787.png,val
board_20260825_114553_075738.png,train
board_20260825_114553_166373.png,train
board_20260825_114553_252887.png,test
board_20260825_114616_059494.png,val
board_20260825_114616_121259.png,train
board_20260825_114616_188398.png,train
board_20260825_114616_256874.png,test
board_20260825_114654_349963.png,train
board_20260825_114654_411688.png,train
board_20260825_114654_479280.png,train
board_20260825_114654_547513.png,train
board_20260825_114715_886488.png,train
board_20260825_114715_945245.png,train
board_20260825_114716_020080.png,train
board_20260825_114716_088249.png,train
board_20260825_114903_219216.png,train
board_20260825_114903_278989.png,train
board_20260825_114903_347734.png,train
board_20260825_114903_417848.png,train
board_20260825_115123_182028.png,train
board_20260825_115123_241482.png,train
board_20260825_115123_318071.png,train
board_20260825_115123_387277.png,test
board_20260825_115148_350196.png,val
board_20260825_115148_410302.png,train
board_20260825_115148_482364.png,train
board_20260825_115148_550901.png,train
board_20260825_115216_796307.png,val
board_20260825_115216_858160.png,val
board_20260825_115216_927192.png,train
board_20260825_115216_997330.png,train
board_20260825_115245_255316.png,val
board_20260825_115245_319081.png,train
board_20260825_115245_387715.png,train
board_20260825_115245_457943.png,train
board_20260825_115309_342956.png,train
board_20260825_115309_403067.png,train
board_20260825_115309_473102.png,val
board_20260825_115309_544007.png,train
board_20260825_115338_692668.png,train
board_20260825_115338_755410.png,train
board_20260825_115338_828061.png,test
board_20260825_115338_897557.png,val
board_20260826_034349_982478.png,val
board_20260826_034350_046287.png,train
board_20260826_034350_117378.png,val
board_20260826_034350_182835.png,train
board_20260827_104506_313881.png,test
board_20260827_104506_369666.png,train
board_20260827_104506_435767.png,train
board_20260827_105305_004217.png,train
board_20260827_110310_526638.png,train
board_20260827_110310_585358.png,test
board_20260827_110338_928739.png,train
board_20260827_110338_986757.png,train
board_20260827_110339_053164.png,test
board_20260827_110357_920131.png,train
board_20260827_110357_978404.png,train
board_20260827_110445_854155.png,val
board_20260827_110445_919948.png,train
board_20260827_110445_986568.png,train
board_20260827_110446_056135.png,train
board_20260827_110446_124532.png,train
board_20260827_110446_190790.png,train
board_20260827_110523_822472.png,train
board_20260827_110523_882132.png,test
board_20260827_110523_949909.png,train
board_20260827_110524_014889.png,train
board_20260827_110524_080555.png,train
board_20260827_110524_146916.png,train
board_20260827_110537_176130.png,train
board_20260827_110600_069307.png,train
board_20260827_110600_125153.png,train
board_20260827_110600_190995.png,train
board_20260827_110653_309992.png,train
board_20260827_110653_369322.png,train
board_20260827_110653_425856.png,train
board_20260827_110703_563030.png,train
board_20260827_110725_536020.png,train
board_20260827_110725_598154.png,test
board_20260827_110725_663260.png,train
board_20260827_110725_730133.png,train
board_20260827_110725_799332.png,test
board_20260827_110725_867091.png,train
board_20260827_110752_079043.png,train
board_20260827_110752_141614.png,test
board_20260827_110752_207842.png,train
board_20260827_110752_273564.png,train
board_20260827_110752_340808.png,train
board_20260827_110752_408031.png,test
board_20260827_110805_969000.png,train
board_20260827_110806_026698.png,train
board_20260827_110820_354098.png,train
board_20260827_110820_404098.png,train
board_20260827_110820_475972.png,train
board_20260827_110839_425182.png,train
board_20260827_110839_482956.png,test
board_20260827_110839_548215.png,train
board_20260827_110853_692684.png,train
board_20260827_110853_752129.png,train
board_20260827_110920_932707.png,train
board_20260827_110920_985012.png,train
board_20260827_110921_058833.png,train
board_20260827_110921_124792.png,train
board_20260827_110921_191788.png,train
board_20260827_110921_260553.png,train
board_20260827_110957_287329.png,train
board_20260827_110957_348560.png,train
board_20260827_110957_416015.png,train
board_20260827_110957_481921.png,train
board_20260827_110957_547856.png,val
board_20260827_110957_615289.png,val
board_20260827_111009_898355.png,train
board_20260827_111009_957938.png,train
board_20260827_111021_589259.png,train
board_20260827_111021_654517.png,train
board_20260827_111041_536709.png,val
board_20260827_111041_594824.png,train
board_20260827_111055_083662.png,train
board_20260827_111055_259865.png,train
board_20260827_111105_962461.png,test
board_20260827_111146_465787.png,train
board_20260827_111146_526549.png,train
board_20260827_111146_591740.png,train
board_20260827_111146_660116.png,train
board_20260827_111146_725570.png,train
board_20260827_111146_793966.png,train
board_20260827_111223_568560.png,train
board_20260827_111225_318479.png,train
board_20260827_111225_376858.png,train
board_20260827_111225_444051.png,train
board_20260827_111225_511921.png,train
board_20260827_111225_579648.png,train
board_20260827_111225_648009.png,train
board_20260827_111244_725373.png,train
board_20260827_111309_062550.png,train
board_20260827_111325_211945.png,train
board_20260827_111325_270243.png,train
board_20260827_111325_337758.png,train
board_20260827_111343_545095.png,train
board_20260827_111343_607071.png,val
board_20260827_111405_656362.png,train
board_20260827_111405_716712.png,train
board_20260827_111405_788711.png,train
board_20260827_111409_956951.png,train
board_20260827_111410_019230.png,train
board_20260827_111410_088843.png,train
board_20260827_111438_588998.png,train
board_20260827_111438_647313.png,train
board_20260827_111511_932416.png,train
board_20260827_111511_991170.png,test
board_20260827_111512_056716.png,train
board_20260827_111512_124251.png,train
board_20260827_111512_192034.png,train
board_20260827_111512_257835.png,train
board_20260827_111550_244265.png,train
board_20260827_111550_305317.png,train
board_20260827_111550_370406.png,train
board_20260827_111550_437717.png,train
board_20260827_111550_504981.png,train
board_20260827_111550_571518.png,train
board_20260827_111624_737265.png,val
board_20260827_111624_804306.png,train
board_20260827_111643_662347.png,test
board_20260827_111643_724348.png,train
board_20260827_111658_659537.png,train
board_20260827_111658_726766.png,train
board_20260827_111714_221190.png,train
board_20260827_111714_287525.png,train
board_20260827_111732_137553.png,val
board_20260827_111732_195299.png,test
board_20260827_111807_684535.png,train
board_20260827_111807_743400.png,test
board_20260827_111807_811522.png,train
board_20260827_111807_878709.png,train
board_20260827_111807_947031.png,val
board_20260827_111808_015010.png,train
board_20260827_111834_807908.png,train
board_20260827_111834_865424.png,train
board_20260827_111834_931602.png,train
board_20260827_111834_999081.png,train
board_20260827_111835_065242.png,train
board_20260827_111835_132521.png,train
board_20260827_111854_948397.png,train
board_20260827_111855_010034.png,train
board_20260827_111908_469534.png,val
board_20260827_111908_530540.png,train
board_20260827_111930_080991.png,train
board_20260827_111930_144118.png,train
board_20260827_111943_578882.png,train
board_20260827_111943_641094.png,train
board_20260827_112025_269103.png,test
board_20260827_112025_327154.png,train
board_20260827_112025_392803.png,train
board_20260827_112025_458534.png,train
board_20260827_112025_526945.png,train
board_20260827_112025_594460.png,train
board_20260827_112051_737181.png,train
board_20260827_112051_797881.png,train
board_20260827_112051_863495.png,train
board_20260827_112051_928893.png,train
board_20260827_112051_995190.png,val
board_20260827_112052_060278.png,train
board_20260827_112107_518401.png,train
board_20260827_112107_575222.png,train
board_20260827_112118_532898.png,train
board_20260827_112118_590706.png,train
board_20260827_112131_833449.png,train
board_20260827_112131_890987.png,train
board_20260827_112155_781830.png,train
board_20260827_112155_839594.png,train
board_20260827_112155_906994.png,test
board_20260827_112219_173701.png,train
board_20260827_112219_234189.png,train
board_20260827_112219_301201.png,train
board_20260827_112237_025118.png,train
board_20260827_112237_095045.png,train
board_20260827_112237_162209.png,train
board_20260827_112303_240926.png,train
board_20260827_112303_300945.png,train
board_20260827_112303_368633.png,train
board_20260827_112303_439790.png,val
board_20260827_112303_505280.png,train
board_20260827_112303_574661.png,train
board_20260827_112324_858962.png,train
board_20260827_112324_924734.png,train
board_20260827_112324_992305.png,train
board_20260827_112325_060820.png,train
board_20260827_112325_128572.png,val
board_20260827_112325_196086.png,train
board_20260827_112348_180476.png,train
board_20260827_112348_240292.png,train
board_20260827_112405_612028.png,val
board_20260827_112405_678391.png,val
board_20260827_112405_746194.png,train
board_20260827_112418_457005.png,train
board_20260827_112418_516568.png,train
board_20260827_112446_104872.png,val
board_20260827_112446_164023.png,train
board_20260827_112446_233827.png,train
board_20260827_112509_076545.png,train
board_20260827_112509_140588.png,train
board_20260827_112541_319097.png,train
board_20260827_112541_386237.png,train
board_20260827_112541_452926.png,train
board_20260827_112541_521351.png,train
board_20260827_112541_589161.png,train
board_20260827_112541_648924.png,train
board_20260827_112610_831633.png,train
board_20260827_112610_891906.png,val
board_20260827_112610_959219.png,train
board_20260827_112611_026394.png,train
board_20260827_112611_094466.png,val
board_20260827_112611_160185.png,train
board_20260827_112625_182646.png,train
board_20260827_112650_634191.png,train
board_20260827_112650_693384.png,train
board_20260827_112659_499815.png,train
board_20260827_112719_165801.png,train
board_20260827_112719_226616.png,train
board_20260827_112742_702063.png,train
board_20260827_112742_759838.png,val
board_20260827_112742_826465.png,val
board_20260827_112817_884423.png,train
board_20260827_112817_942987.png,train
board_20260827_112818_009171.png,train
board_20260827_112818_076888.png,train
board_20260827_112818_145351.png,train
board_20260827_112818_215113.png,val
board_20260827_112849_797610.png,train
board_20260827_112849_856158.png,train
board_20260827_112849_923807.png,train
board_20260827_112849_989980.png,train
board_20260827_112850_057428.png,train
board_20260827_112850_127667.png,val
board_20260827_112925_288205.png,val
board_20260827_112925_354967.png,train
board_20260827_112925_422525.png,train
board_20260827_112925_493917.png,test
board_20260827_112925_563925.png,train
board_20260827_112925_633118.png,train
board_20260827_112958_102633.png,val
board_20260827_112958_162943.png,val
board_20260827_112958_229776.png,test
board_20260827_112958_296736.png,train
board_20260827_112958_358699.png,val
board_20260827_112958_432436.png,train
board_20260827_113021_404370.png,train
board_20260827_113021_463266.png,train
board_20260827_113021_534084.png,train
board_20260827_113021_605749.png,train
board_20260827_113021_675091.png,train
board_20260827_113021_747505.png,train
board_20260827_113048_092141.png,train
board_20260827_113048_156078.png,train
board_20260827_113048_222683.png,test
board_20260827_113048_290067.png,val
board_20260827_113048_358759.png,train
board_20260827_113048_425870.png,test
board_20260827_113717_227097.png,train
board_20260827_113728_034245.png,train
board_20260827_113749_967654.png,train
board_20260827_113759_135145.png,train
board_20260827_113803_839584.png,train
board_20260827_113808_362410.png,train
board_20260827_113814_146800.png,test
board_20260827_113942_134475.png,train
board_20260827_114135_791900.png,train
board_20260827_114335_253280.png,train
board_20260827_114404_703370.png,train
board_20260828_155113_403294.png,train
board_20260828_155126_416770.png,train
board_20260828_155136_594479.png,train
board_20260828_155147_273199.png,val
board_20260828_155201_066364.png,train
board_20260828_155211_804853.png,test
board_20260828_155221_708651.png,train
board_20260828_155229_786936.png,val
board_20260828_155239_162198.png,train
board_20260828_155249_460080.png,train
board_20260828_155259_650989.png,val
board_20260828_155309_859504.png,train
board_20260828_155320_953965.png,train
board_20260828_155513_849121.png,train
board_20260828_155526_536585.png,test
board_20260829_121240_429006.png,train
board_20260829_121240_493218.png,train
board_20260829_121240_562780.png,test
board_20260829_121240_632909.png,test
board_20260829_121300_887772.png,val
board_20260829_121300_947883.png,train
board_20260829_121301_019315.png,train
board_20260829_121506_909532.png,train
board_20260829_121506_972948.png,test
board_20260829_121507_044087.png,train
board_20260829_121507_114311.png,val
board_20260829_121507_184250.png,train
board_20260829_121507_253788.png,train
board_20260829_121507_325269.png,val
board_20260829_121507_392935.png,train
board_20260829_121507_464801.png,train
board_20260829_121545_096865.png,train
board_20260829_121545_157019.png,train
board_20260829_121545_224481.png,train
board_20260829_121545_293176.png,train
board_20260829_121545_363456.png,train
board_20260829_121545_432726.png,train
board_20260829_121545_501962.png,train
board_20260829_121545_570296.png,train
board_20260829_121545_639604.png,train
board_20260829_121629_073426.png,train
board_20260829_121629_134037.png,train
board_20260829_121629_202326.png,train
board_20260829_121629_270463.png,train
board_20260829_121629_341348.png,train
board_20260829_121629_412415.png,val
board_20260829_121629_486068.png,train
board_20260829_121629_557266.png,train
board_20260829_121629_629291.png,train
board_20260829_121723_624177.png,val
board_20260829_121723_683880.png,train
board_20260829_121723_753707.png,val
board_20260829_121723_827736.png,train
board_20260829_121723_899431.png,train
board_20260829_121723_966814.png,train
board_20260829_121724_036404.png,train
board_20260829_121724_109690.png,test
board_20260829_121724_179831.png,train
board_20260829_121755_188178.png,val
board_20260829_121755_250109.png,train
board_20260829_121755_317961.png,val
board_20260829_121755_390128.png,train
board_20260829_121755_460721.png,train
board_20260829_121755_528286.png,train
board_20260829_121909_646309.png,train
board_20260829_121909_722298.png,train
board_20260829_121909_833048.png,train
board_20260829_121909_944147.png,train
board_20260829_121910_053824.png,val
board_20260829_121910_165248.png,train
board_20260829_121910_273531.png,train
board_20260829_121910_366368.png,test
board_20260829_121910_454744.png,train
board_20260829_122001_850129.png,train
board_20260829_122001_912326.png,test
board_20260829_122001_983480.png,train
board_20260829_122002_055100.png,train
board_20260829_122002_126149.png,train
board_20260829_122002_196750.png,train
board_20260829_122002_268841.png,train
board_20260829_122002_347425.png,train
board_20260829_122002_425230.png,train
board_20260829_122052_824627.png,train
board_20260829_122052_884073.png,train
board_20260829_122052_951416.png,train
board_20260829_122053_020330.png,train
board_20260829_122053_092252.png,train
board_20260829_122053_160964.png,train
board_20260829_122053_231564.png,train
board_20260829_122053_303201.png,train
board_20260829_122053_379636.png,train
board_20260829_122201_151972.png,test
board_20260829_122201_212090.png,train
board_20260829_122201_279732.png,train
board_20260829_122201_347853.png,train
board_20260829_122201_418398.png,test
board_20260829_122201_487841.png,train
board_20260829_122201_555942.png,test
board_20260829_122201_624615.png,test
board_20260829_122201_694681.png,test
board_20260829_122255_773802.png,train
board_20260829_122255_833525.png,train
board_20260829_122255_903522.png,test
board_20260829_122255_973017.png,train
board_20260829_122256_041358.png,train
board_20260829_122256_111870.png,train
board_20260829_122256_181924.png,train
board_20260829_122256_253307.png,train
board_20260829_122256_324334.png,train
board_20260829_122341_220103.png,train
board_20260829_122341_279625.png,train
board_20260829_122341_347685.png,train
board_20260829_122341_416802.png,train
board_20260829_122341_486201.png,train
board_20260829_122341_554610.png,train
board_20260829_122341_621753.png,train
board_20260829_122341_690518.png,train
board_20260829_122341_758813.png,train
board_20260829_122406_805575.png,train
board_20260829_122406_864326.png,train
board_20260829_122406_934459.png,test
board_20260829_122407_004517.png,train
board_20260829_122407_072196.png,train
board_20260829_125843_312864.png,train
board_20260829_125843_375382.png,train
board_20260829_125912_462504.png,train
board_20260829_125912_523984.png,train
board_20260829_125919_249663.png,train
board_20260829_125919_312075.png,train
board_20260829_130202_269250.png,train
board_20260829_130202_331528.png,train
board_20260829_130202_398917.png,test
board_20260829_130202_469056.png,train
board_20260829_154835_941540.png,val
board_20260829_154836_007858.png,train
board_20260830_032702_077279.png,train
board_20260830_032702_137736.png,test
board_20260830_032702_203455.png,val
board_20260830_032725_143095.png,test
board_20260830_032725_200646.png,train
board_20260830_032757_950555.png,test
board_20260830_032758_012170.png,train
board_20260830_032758_078874.png,val
board_20260830_032854_996831.png,train
board_20260830_032855_057097.png,train
board_20260830_032855_122575.png,train
board_20260830_032928_996252.png,train
board_20260830_032929_056713.png,train
board_20260830_032929_123513.png,test
board_20260830_033027_974660.png,train
board_20260830_033028_032974.png,train
board_20260830_033028_098914.png,test
board_20260830_134324_545420.png,train
board_20260830_134324_607481.png,train
board_20260830_134324_673997.png,train
board_20260830_134324_741719.png,train
board_20260830_134324_810166.png,train
board_20260830_134324_880399.png,train
board_20260830_134411_445276.png,train
board_20260830_134411_505743.png,train
board_20260830_134411_572565.png,val
board_20260830_134411_639779.png,train
board_20260830_134411_709379.png,train
board_20260830_134411_779308.png,train
board_20260830_134500_869259.png,train
board_20260830_134500_930386.png,train
board_20260830_134500_998631.png,train
board_20260830_134501_065604.png,train
board_20260830_134501_133051.png,train
board_20260830_134501_201739.png,train
board_20260830_134515_049979.png,val
board_20260830_134536_936397.png,test
board_20260830_134536_996599.png,train
board_20260830_134537_063095.png,test
board_20260830_134537_130461.png,train
board_20260830_134537_197140.png,train
board_20260830_134537_264699.png,val
board_20260830_134618_521365.png,train
board_20260830_134618_581827.png,train
board_20260830_134618_661916.png,train
board_20260830_134618_732806.png,train
board_20260830_134618_801586.png,train
board_20260830_134618_872409.png,val
board_20260830_134705_747614.png,train
board_20260830_134705_808508.png,test
board_20260830_134705_877018.png,train
board_20260830_134705_945814.png,train
board_20260830_134706_017439.png,train
board_20260830_134706_085678.png,train
board_20260830_134755_534655.png,train
board_20260830_134755_594056.png,train
board_20260830_134755_663401.png,train
board_20260830_134755_732415.png,train
board_20260830_134755_801119.png,train
board_20260830_134755_868973.png,train
board_20260830_134833_514792.png,train
board_20260830_134833_578906.png,val
board_20260830_134833_648600.png,train
board_20260830_134833_718854.png,train
board_20260830_134833_787037.png,train
board_20260830_134833_856204.png,train
board_20260830_134916_411208.png,train
board_20260830_134916_471098.png,train
board_20260830_134916_542182.png,train
board_20260830_134916_615467.png,train
board_20260830_134916_685736.png,train
board_20260830_134916_754098.png,train
board_20260830_134943_007896.png,test
board_20260830_134943_067776.png,train
board_20260830_134943_135904.png,train
board_20260830_134943_204336.png,train
board_20260830_134943_273716.png,train
board_20260830_134943_345328.png,train
board_20260830_134955_776261.png,train
board_20260830_135032_052634.png,train
board_20260830_135032_113488.png,train
board_20260830_135032_181425.png,train
board_20260830_135032_251060.png,train
board_20260830_135032_319699.png,train
board_20260830_135032_388641.png,train
board_20260830_135117_028777.png,train
board_20260830_135117_089249.png,val
board_20260830_135117_157217.png,train
board_20260830_135117_225484.png,train
board_20260830_135117_293907.png,train
board_20260830_135117_364237.png,train
board_20260830_135204_682416.png,train
board_20260830_135204_743005.png,train
board_20260830_135204_818735.png,test
board_20260830_135204_887769.png,test
board_20260830_135204_960189.png,val
board_20260830_135205_028397.png,train
board_20260830_135246_609717.png,train
board_20260830_135246_676182.png,train
board_20260830_135246_746271.png,train
board_20260830_135246_816648.png,train
board_20260830_135246_884453.png,train
board_20260830_135246_952863.png,train
board_20260830_135337_245237.png,train
board_20260830_135337_305411.png,train
board_20260830_135337_373685.png,train
board_20260830_135337_443517.png,train
board_20260830_135337_515521.png,train
board_20260830_135337_585599.png,train
board_20260830_135357_288800.png,train
board_20260830_135357_349181.png,train
board_20260830_135357_419069.png,train
board_20260830_135357_487763.png,train
board_20260830_135357_557664.png,train
board_20260830_135357_626838.png,train
board_20260830_135404_862155.png,val
board_20260830_135514_099266.png,train
board_20260830_135514_160684.png,test
board_20260830_135514_230551.png,train
board_20260830_135514_300703.png,train
board_20260830_135514_372116.png,train
board_20260830_135514_441608.png,train
board_20260830_135539_212193.png,train
board_20260830_135539_274763.png,train
board_20260830_135539_344160.png,train
board_20260830_135539_414209.png,train
board_20260830_135539_486677.png,val
board_20260830_135539_556791.png,train
board_20260830_135634_653988.png,train
board_20260830_135634_715830.png,train
board_20260830_135634_784662.png,train
board_20260830_135634_857055.png,train
board_20260830_135634_951987.png,train
board_20260830_135635_037909.png,train
board_20260830_135706_028761.png,train
board_20260830_135706_091294.png,train
board_20260830_135706_160634.png,train
board_20260830_135706_232196.png,val
board_20260830_135706_303087.png,train
board_20260830_135706_370786.png,val
board_20260830_135755_726665.png,train
board_20260830_135755_806966.png,val
board_20260830_135755_892195.png,train
board_20260830_135755_984253.png,train
board_20260830_135756_106967.png,train
board_20260830_135756_235023.png,train
board_20260830_135841_938778.png,train
board_20260830_135842_004108.png,train
board_20260830_135842_075576.png,train
board_20260830_135842_152066.png,test
board_20260830_135842_231232.png,train
board_20260830_135842_304502.png,val
board_20260830_140357_537804.png,train
board_20260830_140357_640841.png,train
board_20260830_140357_729631.png,train
board_20260830_140357_838547.png,train
board_20260830_140357_943738.png,train
board_20260830_140358_073814.png,train
board_20260830_144338_431112.png,train
board_20260830_144338_523105.png,train
board_20260830_144338_632329.png,test
board_20260830_144338_724884.png,test
board_20260830_144338_822608.png,train
board_20260830_144338_944401.png,test
board_20260830_144510_347218.png,train
board_20260830_144510_467543.png,train
board_20260830_144510_560891.png,train
board_20260830_144510_659119.png,train
board_20260830_144510_759425.png,val
board_20260830_144510_881421.png,train
board_20260830_144621_776596.png,train
board_20260830_144621_887920.png,train
board_20260830_144621_980155.png,train
board_20260830_144622_072071.png,train
board_20260830_144622_201644.png,train
board_20260830_144622_333292.png,val
board_20260830_144859_822860.png,train
board_20260830_144859_929776.png,train
board_20260830_144900_059238.png,train
board_20260830_144900_192737.png,train
board_20260830_144900_284453.png,train
board_20260830_144900_381112.png,train
board_20260830_145007_545864.png,train
board_20260830_145007_639156.png,train
board_20260830_145007_739400.png,train
board_20260830_145007_858044.png,train
board_20260830_145007_961708.png,train
board_20260830_145008_078998.png,train
board_20260830_145018_672784.png,train
board_20260830_145132_605685.png,train
board_20260830_145132_729770.png,train
board_20260830_145132_829152.png,train
board_20260830_145132_921095.png,train
board_20260830_145133_011005.png,test
board_20260830_145133_137102.png,val
board_20260830_145212_291530.png,train
board_20260830_145212_365719.png,train
board_20260830_145212_457806.png,train
board_20260830_145212_584898.png,train
board_20260830_145212_707827.png,train
board_20260830_145212_834640.png,train
board_20260830_145305_727735.png,test
board_20260830_145305_819304.png,train
board_20260830_145305_916233.png,val
board_20260830_145306_044752.png,train
board_20260830_145306_176372.png,train
board_20260830_145306_312949.png,train
board_20260830_145706_823045.png,train
board_20260830_145706_910317.png,train
board_20260830_145707_045420.png,train
board_20260830_145707_166210.png,train
board_20260830_145707_267985.png,train
board_20260830_145707_358726.png,train
board_20260830_145752_997294.png,train
board_20260830_145753_081513.png,train
board_20260830_145753_199450.png,train
board_20260830_145753_324817.png,train
board_20260830_145753_420070.png,test
board_20260830_145753_517454.png,train
board_20260830_145822_656538.png,val
board_20260830_145822_749069.png,train
board_20260830_145822_838142.png,train
board_20260830_145822_925904.png,train
board_20260830_145823_054774.png,test
board_20260830_145823_173459.png,train
board_20260830_145906_376210.png,test
board_20260830_145906_483754.png,test
board_20260830_145906_578793.png,train
board_20260830_145906_670583.png,val
board_20260830_145906_781740.png,train
board_20260830_145906_890659.png,train
board_20260830_145917_599971.png,train
board_20260830_145940_849226.png,train
board_20260830_145940_955537.png,test
board_20260830_145941_086599.png,test
board_20260830_145941_226943.png,train
board_20260830_145941_316649.png,train
board_20260830_145941_401493.png,train
board_20260830_150024_323786.png,train
board_20260830_150024_444863.png,test
board_20260830_150024_540068.png,train
board_20260830_150024_631563.png,train
board_20260830_150024_736515.png,train
board_20260830_150024_842387.png,train
board_20260830_150110_504935.png,train
board_20260830_150110_629920.png,train
board_20260830_150110_719515.png,test
board_20260830_150110_809875.png,train
board_20260830_150110_890316.png,test
board_20260830_150111_020379.png,train
board_20260830_150146_793730.png,train
board_20260830_150146_875783.png,train
board_20260830_150147_000899.png,train
board_20260830_150147_106550.png,train
board_20260830_150147_224356.png,train
board_20260830_150147_333882.png,train
board_20260830_150215_283256.png,train
board_20260830_150215_373281.png,train
board_20260830_150215_468592.png,train
board_20260830_150215_568547.png,train
board_20260830_150215_696361.png,train
board_20260830_150215_801597.png,val
board_20260830_150246_583905.png,train
board_20260830_150246_656850.png,train
board_20260830_150246_738231.png,train
board_20260830_150246_835496.png,train
board_20260830_150246_925385.png,val
board_20260830_150247_015281.png,train
board_20260830_150323_010646.png,train
board_20260830_150323_104474.png,val
board_20260830_150323_238008.png,train
board_20260830_150323_330500.png,test
board_20260830_150323_415461.png,train
board_20260830_150323_512771.png,train
board_20260830_150356_302591.png,train
board_20260830_150356_393313.png,test
board_20260830_150356_483206.png,train
board_20260830_150356_579175.png,train
board_20260830_150356_677476.png,train
board_20260830_150356_779066.png,train
board_20260830_150433_553888.png,train
board_20260830_150433_652036.png,train
board_20260830_150433_783223.png,train
board_20260830_150433_876865.png,train
board_20260830_150433_979470.png,train
board_20260830_150434_077556.png,val
board_20260830_150500_617650.png,train
board_20260830_150500_731935.png,train
board_20260830_150500_825360.png,train
board_20260830_150500_908896.png,train
board_20260830_150501_001910.png,train
board_20260830_150501_132657.png,train
board_20260830_150550_112016.png,train
board_20260830_150550_185890.png,train
board_20260830_150550_298403.png,train
board_20260830_150550_409553.png,train
board_20260830_150550_532847.png,train
board_20260830_150550_664044.png,train
board_20260830_150624_870831.png,train
board_20260830_150624_955123.png,train
board_20260830_150625_064197.png,train
board_20260830_150625_190024.png,train
board_20260830_150625_284997.png,train
board_20260830_150625_379240.png,train
