pdf,page,reason,score,checker,side_pt,x0,y0,x1,y1
1000 Chess Problems - Yakov Vladimirov 2015 .pdf,1,aspecto,0.0,0.0,369.62,182.85,734.99,552.47,784.06
1000 Chess Problems - Yakov Vladimirov 2015 .pdf,1,aspecto,0.0,0.0,256.45,34.67,496.54,87.99,752.98
1000 Chess Problems - Yakov Vladimirov 2015 .pdf,1,aspecto,0.0,0.0,76.87,47.1,407.89,77.2,484.76
1000 Chess Problems - Yakov Vladimirov 2015 .pdf,1,aspecto,0.0,0.0,315.98,203.46,366.35,519.43,377.47
1000 Chess Problems - Yakov Vladimirov 2015 .pdf,1,aspecto,0.0,0.0,320.88,201.17,364.72,522.05,379.11
1000 Chess Problems - Yakov Vladimirov 2015 .pdf,1,aspecto,0.0,0.0,95.84,361.12,275.74,456.96,304.86
1000 Chess Problems - Yakov Vladimirov 2015 .pdf,1,aspecto,0.0,0.0,92.9,326.12,226.68,419.01,273.13
1000 Chess Problems - Yakov Vladimirov 2015 .pdf,1,aspecto,0.0,0.0,192.01,54.3,208.69,77.85,400.7
1000 Chess Problems - Yakov Vladimirov 2015 .pdf,1,aspecto,0.0,0.0,79.49,206.4,110.23,285.88,143.92
1000 Chess Problems - Yakov Vladimirov 2015 .pdf,1,aspecto,0.0,0.0,202.47,335.28,73.92,537.75,179.9
1000 Chess Problems - Yakov Vladimirov 2015 .pdf,1,aspecto,0.0,0.0,93.22,54.63,107.29,78.5,200.51
1000 Chess Problems - Yakov Vladimirov 2015 .pdf,1,aspecto,0.0,0.0,369.62,182.85,735.32,552.47,784.06
1000 Chess Problems - Yakov Vladimirov 2015 .pdf,1,aspecto,0.0,0.0,256.45,49.06,496.54,88.64,752.98
1000 Chess Problems - Yakov Vladimirov 2015 .pdf,1,aspecto,0.0,0.0,76.87,47.1,407.89,77.2,484.76
1000 Chess Problems - Yakov Vladimirov 2015 .pdf,1,aspecto,0.0,0.0,315.98,203.46,366.35,519.43,377.15
1000 Chess Problems - Yakov Vladimirov 2015 .pdf,1,aspecto,0.0,0.0,320.88,201.17,364.72,522.05,379.11
1000 Chess Problems - Yakov Vladimirov 2015 .pdf,1,aspecto,0.0,0.0,95.84,361.12,275.74,456.96,304.86
1000 Chess Problems - Yakov Vladimirov 2015 .pdf,1,aspecto,0.0,0.0,66.73,265.28,275.42,332.01,309.11
1000 Chess Problems - Yakov Vladimirov 2015 .pdf,1,aspecto,0.0,0.0,92.9,326.12,226.68,419.01,273.13
1000 Chess Problems - Yakov Vladimirov 2015 .pdf,1,aspecto,0.0,0.0,192.01,54.3,208.69,77.85,400.7
1000 Chess Problems - Yakov Vladimirov 2015 .pdf,1,aspecto,0.0,0.0,80.79,206.4,108.92,287.19,148.83
1000 Chess Problems - Yakov Vladimirov 2015 .pdf,1,aspecto,0.0,0.0,240.74,291.77,108.27,532.52,164.2
1000 Chess Problems - Yakov Vladimirov 2015 .pdf,1,aspecto,0.0,0.0,93.22,54.63,107.29,78.5,200.51
1000 Chess Problems - Yakov Vladimirov 2015 .pdf,1,area-relativa,0.0384,0.0,67.06,148.18,636.53,215.23,702.28
1000 Chess Problems - Yakov Vladimirov 2015 .pdf,1,area-relativa,0.0352,0.0,62.15,150.14,638.5,212.29,700.32
1000 Chess Problems - Yakov Vladimirov 2015 .pdf,1,area-relativa,0.0233,0.0,53.32,154.39,644.38,207.71,695.74
1000 Chess Problems - Yakov Vladimirov 2015 .pdf,1,area-relativa,0.017,0.0,48.41,395.79,473.97,444.2,520.74
1000 Chess Problems - Yakov Vladimirov 2015 .pdf,1,area-relativa,0.0001,0.0,82.1,282.94,104.34,365.04,157.01
1000 Chess Problems - Yakov Vladimirov 2015 .pdf,1,score-baixo,0.0342,0.0,155.04,59.2,96.49,191.35,251.54
1000 Chess Problems - Yakov Vladimirov 2015 .pdf,1,sem-contraste-de-casa,0.5,0.0,728.12,28.13,56.59,594.99,784.71
1000 Chess Problems - Yakov Vladimirov 2015 .pdf,2,aspecto,0.0,0.0,454.01,36.96,175.33,42.52,629.34
1000 Chess Problems - Yakov Vladimirov 2015 .pdf,2,score-baixo,0.0042,0.0,841.3,35.33,0.0,587.47,841.3
1000 Chess Problems - Yakov Vladimirov 2015 .pdf,3,score-baixo,0.0263,0.0,55.61,74.58,60.19,129.2,115.79
1000 Chess Problems - Yakov Vladimirov 2015 .pdf,3,score-baixo,0.0235,0.0,65.09,491.96,58.88,550.83,123.97
1000 Chess Problems - Yakov Vladimirov 2015 .pdf,3,score-baixo,0.0227,0.0,76.87,484.76,50.7,558.36,127.57
1000 Chess Problems - Yakov Vladimirov 2015 .pdf,3,score-baixo,0.0208,0.0,52.01,76.54,62.15,126.91,114.16
1000 Chess Problems - Yakov Vladimirov 2015 .pdf,5,aspecto,0.0,0.0,141.31,217.85,466.44,301.26,607.75
1000 Chess Problems - Yakov Vladimirov 2015 .pdf,5,aspecto,0.0,0.0,138.69,329.06,466.44,404.62,605.13
1000 Chess Problems - Yakov Vladimirov 2015 .pdf,5,aspecto,0.0,0.0,147.19,271.82,455.65,347.38,602.84
1000 Chess Problems - Yakov Vladimirov 2015 .pdf,5,aspecto,0.0,0.0,141.31,217.85,466.44,301.26,607.75
1000 Chess Problems - Yakov Vladimirov 2015 .pdf,5,aspecto,0.0,0.0,138.69,329.39,466.44,404.29,605.13
1000 Chess Problems - Yakov Vladimirov 2015 .pdf,5,aspecto,0.0,0.0,147.19,271.82,455.65,347.38,602.84
1000 Chess Problems - Yakov Vladimirov 2015 .pdf,5,aspecto,0.0,0.0,74.91,281.31,324.48,356.21,355.56
1000 Chess Problems - Yakov Vladimirov 2015 .pdf,5,score-baixo,0.1045,0.0,456.63,135.42,167.8,488.69,624.43
1000 Chess Problems - Yakov Vladimirov 2015 .pdf,5,score-baixo,0.0318,0.0,64.44,192.99,71.63,257.43,133.78
1000 Chess Problems - Yakov Vladimirov 2015 .pdf,5,score-baixo,0.0277,0.0,59.2,195.61,74.25,254.81,131.49
1000 Chess Problems - Yakov Vladimirov 2015 .pdf,5,sem-contraste-de-casa,0.5,0.0,231.26,202.15,379.11,427.19,610.37
1000 Chess Problems - Yakov Vladimirov 2015 .pdf,33,score-baixo,0.1194,0.0,160.61,432.42,623.78,593.03,784.38
1000 Chess Problems - Yakov Vladimirov 2015 .pdf,33,score-baixo,0.1137,0.0,106.63,83.41,514.85,190.04,621.49
1000 Chess Problems - Yakov Vladimirov 2015 .pdf,33,score-baixo,0.0312,0.0,52.99,245.98,307.15,298.97,360.14
1000 Chess Problems - Yakov Vladimirov 2015 .pdf,66,score-baixo,0.0188,0.0,52.99,486.4,311.73,539.39,360.79
1000 Chess Problems - Yakov Vladimirov 2015 .pdf,98,sobreposicao,0.3487,0.0,296.02,56.26,488.36,351.63,784.38
1000 Chess Problems - Yakov Vladimirov 2015 .pdf,98,sobreposicao,0.2632,0.0,160.28,82.76,514.85,242.38,675.13
1000 Chess Problems - Yakov Vladimirov 2015 .pdf,98,sobreposicao,0.2485,0.0,240.09,244.34,65.42,483.78,305.51
1000 Chess Problems - Yakov Vladimirov 2015 .pdf,98,score-baixo,0.1142,0.0,160.28,191.03,623.45,350.98,783.73
1000 Chess Problems - Yakov Vladimirov 2015 .pdf,98,score-baixo,0.085,0.0,187.1,298.31,488.69,484.11,675.79
1000 Chess Problems - Yakov Vladimirov 2015 .pdf,98,score-baixo,0.0613,0.0,135.09,191.03,623.45,325.46,758.54
1000 Chess Problems - Yakov Vladimirov 2015 .pdf,98,score-baixo,0.0552,0.0,133.13,297.99,489.01,430.46,622.14
1000 Chess Problems - Yakov Vladimirov 2015 .pdf,98,score-baixo,0.0547,0.0,132.48,56.92,119.39,189.39,251.54
1000 Chess Problems - Yakov Vladimirov 2015 .pdf,98,score-baixo,0.0273,0.0,78.83,56.92,119.39,135.75,198.22
1000 Chess Problems - Yakov Vladimirov 2015 .pdf,98,score-baixo,0.0264,0.0,79.16,297.99,489.01,377.15,568.17
1000 Chess Problems - Yakov Vladimirov 2015 .pdf,98,score-baixo,0.0219,0.0,52.66,245.32,681.35,297.99,731.39
1000 Chess Problems - Yakov Vladimirov 2015 .pdf,130,sobreposicao,0.1715,0.0,213.92,30.42,462.19,243.69,676.11
1000 Chess Problems - Yakov Vladimirov 2015 .pdf,130,score-baixo,0.029,0.0,78.83,298.97,489.34,377.8,568.17
1000 Chess Problems - Yakov Vladimirov 2015 .pdf,130,score-baixo,0.0286,0.0,52.99,83.41,515.18,136.4,567.52
1000 Chess Problems - Yakov Vladimirov 2015 .pdf,130,score-baixo,0.0278,0.0,79.16,57.57,119.39,136.73,198.55
1000 Chess Problems - Yakov Vladimirov 2015 .pdf,130,score-baixo,0.0278,0.0,79.16,57.9,489.01,137.05,567.84
1000 Chess Problems - Yakov Vladimirov 2015 .pdf,163,sobreposicao,0.4414,0.0,322.52,245.32,434.39,567.19,756.91
1000 Chess Problems - Yakov Vladimirov 2015 .pdf,163,sobreposicao,0.3353,0.0,295.04,272.47,91.26,567.19,386.3
1000 Chess Problems - Yakov Vladimirov 2015 .pdf,163,sobreposicao,0.2749,0.0,161.26,381.07,569.81,540.69,731.07
1000 Chess Problems - Yakov Vladimirov 2015 .pdf,163,sobreposicao,0.2644,0.0,241.4,380.74,568.82,620.83,810.22
1000 Chess Problems - Yakov Vladimirov 2015 .pdf,163,sobreposicao,0.2579,0.0,240.09,380.42,198.88,619.85,438.97
1000 Chess Problems - Yakov Vladimirov 2015 .pdf,163,score-baixo,0.0546,0.0,133.46,299.95,118.41,432.42,251.87
1000 Chess Problems - Yakov Vladimirov 2015 .pdf,163,score-baixo,0.0291,0.0,79.49,299.95,488.36,379.43,567.52
1000 Chess Problems - Yakov Vladimirov 2015 .pdf,163,score-baixo,0.0286,0.0,79.49,299.62,118.74,379.11,197.89
1000 Chess Problems - Yakov Vladimirov 2015 .pdf,163,score-baixo,0.0276,0.0,79.49,245.32,677.09,324.16,756.58
1000 Chess Problems - Yakov Vladimirov 2015 .pdf,163,score-baixo,0.0075,0.0,85.37,102.38,642.42,173.69,727.8
1000 Chess Problems - Yakov Vladimirov 2015 .pdf,195,score-baixo,0.111,0.0,159.95,273.13,461.54,433.08,621.49
1000 Chess Problems - Yakov Vladimirov 2015 .pdf,195,score-baixo,0.1034,0.0,159.62,30.75,91.91,190.37,251.54
1000 Chess Problems - Yakov Vladimirov 2015 .pdf,195,score-baixo,0.0794,0.0,187.1,56.92,117.76,244.02,304.86
1000 Chess Problems - Yakov Vladimirov 2015 .pdf,195,score-baixo,0.0279,0.0,79.81,245.32,677.09,324.81,756.91
1000 Chess Problems - Yakov Vladimirov 2015 .pdf,195,score-baixo,0.0189,0.0,53.32,491.96,677.75,541.35,731.07
1000 Chess Problems - Yakov Vladimirov 2015 .pdf,227,score-baixo,0.0297,0.0,79.16,488.03,306.49,567.19,385.65
1000 Chess Problems - Yakov Vladimirov 2015 .pdf,227,score-baixo,0.0256,0.0,79.16,487.38,677.75,566.54,756.91
1000 Chess Problems - Yakov Vladimirov 2015 .pdf,259,score-baixo,0.0616,0.0,135.75,433.41,622.8,568.17,758.54
1000 Chess Problems - Yakov Vladimirov 2015 .pdf,259,score-baixo,0.055,0.0,133.13,57.9,117.43,191.03,250.23
1000 Chess Problems - Yakov Vladimirov 2015 .pdf,259,score-baixo,0.0293,0.0,78.5,58.88,118.08,137.38,196.59
1000 Chess Problems - Yakov Vladimirov 2015 .pdf,259,score-baixo,0.0278,0.0,78.83,488.03,306.49,566.86,385.32
1000 Chess Problems - Yakov Vladimirov 2015 .pdf,259,score-baixo,0.0206,0.0,52.66,487.7,681.35,540.37,731.07
"1001_Sacrificios_e__Combinações_Vencedores_Fred_Reinfeld,_Bruce_hq.pdf",1,aspecto,0.0,0.0,611.67,0.0,714.76,611.67,791.67
"1001_Sacrificios_e__Combinações_Vencedores_Fred_Reinfeld,_Bruce_hq.pdf",1,aspecto,0.0,0.0,103.75,382.58,674.84,486.33,708.22
"1001_Sacrificios_e__Combinações_Vencedores_Fred_Reinfeld,_Bruce_hq.pdf",1,aspecto,0.0,0.0,96.22,160.69,534.44,256.91,578.62
"1001_Sacrificios_e__Combinações_Vencedores_Fred_Reinfeld,_Bruce_hq.pdf",1,aspecto,0.0,0.0,58.91,446.73,402.55,482.73,461.45
"1001_Sacrificios_e__Combinações_Vencedores_Fred_Reinfeld,_Bruce_hq.pdf",1,aspecto,0.0,0.0,58.91,345.6,402.22,380.95,461.13
"1001_Sacrificios_e__Combinações_Vencedores_Fred_Reinfeld,_Bruce_hq.pdf",1,aspecto,0.0,0.0,58.91,266.73,402.55,302.73,461.45
"1001_Sacrificios_e__Combinações_Vencedores_Fred_Reinfeld,_Bruce_hq.pdf",1,aspecto,0.0,0.0,58.91,207.49,402.55,242.18,461.45
"1001_Sacrificios_e__Combinações_Vencedores_Fred_Reinfeld,_Bruce_hq.pdf",1,aspecto,0.0,0.0,59.89,486.98,401.89,520.69,461.78
"1001_Sacrificios_e__Combinações_Vencedores_Fred_Reinfeld,_Bruce_hq.pdf",1,aspecto,0.0,0.0,60.22,76.91,401.56,113.56,461.78
"1001_Sacrificios_e__Combinações_Vencedores_Fred_Reinfeld,_Bruce_hq.pdf",1,aspecto,0.0,0.0,180.65,342.98,398.62,523.64,465.38
"1001_Sacrificios_e__Combinações_Vencedores_Fred_Reinfeld,_Bruce_hq.pdf",1,aspecto,0.0,0.0,273.6,74.62,397.64,348.22,465.05
"1001_Sacrificios_e__Combinações_Vencedores_Fred_Reinfeld,_Bruce_hq.pdf",1,aspecto,0.0,0.0,58.91,513.82,267.71,547.53,326.62
"1001_Sacrificios_e__Combinações_Vencedores_Fred_Reinfeld,_Bruce_hq.pdf",1,aspecto,0.0,0.0,58.91,99.16,267.71,132.55,326.62
"1001_Sacrificios_e__Combinações_Vencedores_Fred_Reinfeld,_Bruce_hq.pdf",1,aspecto,0.0,0.0,60.22,550.8,267.38,586.47,327.6
"1001_Sacrificios_e__Combinações_Vencedores_Fred_Reinfeld,_Bruce_hq.pdf",1,aspecto,0.0,0.0,60.22,230.73,267.38,266.07,327.6
"1001_Sacrificios_e__Combinações_Vencedores_Fred_Reinfeld,_Bruce_hq.pdf",1,aspecto,0.0,0.0,60.22,174.11,267.38,209.78,327.6
"1001_Sacrificios_e__Combinações_Vencedores_Fred_Reinfeld,_Bruce_hq.pdf",1,aspecto,0.0,0.0,60.22,135.49,267.38,171.16,327.6
"1001_Sacrificios_e__Combinações_Vencedores_Fred_Reinfeld,_Bruce_hq.pdf",1,aspecto,0.0,0.0,175.75,413.67,264.44,589.42,330.55
"1001_Sacrificios_e__Combinações_Vencedores_Fred_Reinfeld,_Bruce_hq.pdf",1,aspecto,0.0,0.0,183.27,228.44,264.44,411.71,330.55
"1001_Sacrificios_e__Combinações_Vencedores_Fred_Reinfeld,_Bruce_hq.pdf",1,aspecto,0.0,0.0,203.89,9.16,264.44,213.05,330.55
"1001_Sacrificios_e__Combinações_Vencedores_Fred_Reinfeld,_Bruce_hq.pdf",1,aspecto,0.0,0.0,84.11,38.95,198.33,123.05,249.38
"1001_Sacrificios_e__Combinações_Vencedores_Fred_Reinfeld,_Bruce_hq.pdf",1,aspecto,0.0,0.0,143.35,134.51,197.67,277.85,251.35
"1001_Sacrificios_e__Combinações_Vencedores_Fred_Reinfeld,_Bruce_hq.pdf",1,aspecto,0.0,0.0,125.02,457.53,96.55,582.55,115.53
"1001_Sacrificios_e__Combinações_Vencedores_Fred_Reinfeld,_Bruce_hq.pdf",1,aspecto,0.0,0.0,290.95,16.36,96.55,307.31,115.53
"1001_Sacrificios_e__Combinações_Vencedores_Fred_Reinfeld,_Bruce_hq.pdf",1,aspecto,0.0,0.0,611.67,0.0,0.0,611.67,77.89
"1001_Sacrificios_e__Combinações_Vencedores_Fred_Reinfeld,_Bruce_hq.pdf",1,aspecto,0.0,0.0,611.67,0.0,714.76,611.67,791.67
"1001_Sacrificios_e__Combinações_Vencedores_Fred_Reinfeld,_Bruce_hq.pdf",1,aspecto,0.0,0.0,103.75,382.58,674.84,486.33,708.22
"1001_Sacrificios_e__Combinações_Vencedores_Fred_Reinfeld,_Bruce_hq.pdf",1,aspecto,0.0,0.0,96.22,160.69,534.44,256.91,578.95
"1001_Sacrificios_e__Combinações_Vencedores_Fred_Reinfeld,_Bruce_hq.pdf",1,aspecto,0.0,0.0,58.91,446.73,402.55,482.73,461.45
"1001_Sacrificios_e__Combinações_Vencedores_Fred_Reinfeld,_Bruce_hq.pdf",1,aspecto,0.0,0.0,58.91,345.6,402.22,380.95,461.13
"1001_Sacrificios_e__Combinações_Vencedores_Fred_Reinfeld,_Bruce_hq.pdf",1,aspecto,0.0,0.0,58.91,267.05,402.55,302.73,461.45
"1001_Sacrificios_e__Combinações_Vencedores_Fred_Reinfeld,_Bruce_hq.pdf",1,aspecto,0.0,0.0,59.24,207.16,402.22,242.18,461.45
"1001_Sacrificios_e__Combinações_Vencedores_Fred_Reinfeld,_Bruce_hq.pdf",1,aspecto,0.0,0.0,59.89,486.98,401.89,520.69,461.78
"1001_Sacrificios_e__Combinações_Vencedores_Fred_Reinfeld,_Bruce_hq.pdf",1,aspecto,0.0,0.0,60.22,76.91,401.56,113.56,461.78
"1001_Sacrificios_e__Combinações_Vencedores_Fred_Reinfeld,_Bruce_hq.pdf",1,aspecto,0.0,0.0,180.65,342.98,398.62,523.64,465.38
"1001_Sacrificios_e__Combinações_Vencedores_Fred_Reinfeld,_Bruce_hq.pdf",1,aspecto,0.0,0.0,273.6,74.62,397.64,348.22,465.05
"1001_Sacrificios_e__Combinações_Vencedores_Fred_Reinfeld,_Bruce_hq.pdf",1,aspecto,0.0,0.0,58.91,513.82,267.71,547.53,326.62
"1001_Sacrificios_e__Combinações_Vencedores_Fred_Reinfeld,_Bruce_hq.pdf",1,aspecto,0.0,0.0,58.91,99.16,267.71,132.55,326.62
"1001_Sacrificios_e__Combinações_Vencedores_Fred_Reinfeld,_Bruce_hq.pdf",1,aspecto,0.0,0.0,60.22,551.13,267.38,586.47,327.6
"1001_Sacrificios_e__Combinações_Vencedores_Fred_Reinfeld,_Bruce_hq.pdf",1,aspecto,0.0,0.0,60.22,230.73,267.38,266.07,327.6
"1001_Sacrificios_e__Combinações_Vencedores_Fred_Reinfeld,_Bruce_hq.pdf",1,aspecto,0.0,0.0,60.22,174.44,267.38,209.78,327.6
"1001_Sacrificios_e__Combinações_Vencedores_Fred_Reinfeld,_Bruce_hq.pdf",1,aspecto,0.0,0.0,60.22,135.49,267.38,171.16,327.6
"1001_Sacrificios_e__Combinações_Vencedores_Fred_Reinfeld,_Bruce_hq.pdf",1,aspecto,0.0,0.0,175.75,413.67,264.44,589.42,330.55
"1001_Sacrificios_e__Combinações_Vencedores_Fred_Reinfeld,_Bruce_hq.pdf",1,aspecto,0.0,0.0,183.27,228.44,264.44,411.71,330.55
"1001_Sacrificios_e__Combinações_Vencedores_Fred_Reinfeld,_Bruce_hq.pdf",1,aspecto,0.0,0.0,203.89,9.16,264.44,213.05,330.55
"1001_Sacrificios_e__Combinações_Vencedores_Fred_Reinfeld,_Bruce_hq.pdf",1,aspecto,0.0,0.0,113.89,9.16,198.0,123.05,249.38
"1001_Sacrificios_e__Combinações_Vencedores_Fred_Reinfeld,_Bruce_hq.pdf",1,aspecto,0.0,0.0,200.95,134.51,197.35,335.45,251.35
"1001_Sacrificios_e__Combinações_Vencedores_Fred_Reinfeld,_Bruce_hq.pdf",1,aspecto,0.0,0.0,125.02,457.53,96.55,582.55,115.53
"1001_Sacrificios_e__Combinações_Vencedores_Fred_Reinfeld,_Bruce_hq.pdf",1,aspecto,0.0,0.0,143.67,311.56,95.24,455.24,117.49
"1001_Sacrificios_e__Combinações_Vencedores_Fred_Reinfeld,_Bruce_hq.pdf",1,aspecto,0.0,0.0,290.95,16.36,96.55,307.31,115.53
"1001_Sacrificios_e__Combinações_Vencedores_Fred_Reinfeld,_Bruce_hq.pdf",1,aspecto,0.0,0.0,611.67,0.0,0.0,611.67,77.89
"1001_Sacrificios_e__Combinações_Vencedores_Fred_Reinfeld,_Bruce_hq.pdf",1,score-baixo,0.0216,0.0,53.67,8.51,196.69,59.89,250.36
"1001_Sacrificios_e__Combinações_Vencedores_Fred_Reinfeld,_Bruce_hq.pdf",1,score-baixo,0.0133,0.0,89.02,351.16,4.25,440.18,74.62
"1001_Sacrificios_e__Combinações_Vencedores_Fred_Reinfeld,_Bruce_hq.pdf",1,score-baixo,0.0092,0.0,62.18,135.82,198.98,198.0,249.71
"1001_Sacrificios_e__Combinações_Vencedores_Fred_Reinfeld,_Bruce_hq.pdf",1,score-baixo,0.0067,0.0,56.95,138.44,201.6,195.38,247.09
"1001_Sacrificios_e__Combinações_Vencedores_Fred_Reinfeld,_Bruce_hq.pdf",1,score-baixo,0.0059,0.0,54.0,386.84,535.09,440.84,578.62
"1001_Sacrificios_e__Combinações_Vencedores_Fred_Reinfeld,_Bruce_hq.pdf",1,score-baixo,0.002,0.0,58.91,267.38,267.71,309.93,326.62
"1001_Sacrificios_e__Combinações_Vencedores_Fred_Reinfeld,_Bruce_hq.pdf",1,score-baixo,0.0016,0.0,58.91,160.04,402.22,201.93,461.13
"1001_Sacrificios_e__Combinações_Vencedores_Fred_Reinfeld,_Bruce_hq.pdf",1,score-baixo,0.0015,0.0,61.53,379.31,535.09,440.84,578.62
"1001_Sacrificios_e__Combinações_Vencedores_Fred_Reinfeld,_Bruce_hq.pdf",1,score-baixo,0.0009,0.0,58.91,305.35,402.22,346.25,461.13
"1001_Sacrificios_e__Combinações_Vencedores_Fred_Reinfeld,_Bruce_hq.pdf",1,score-baixo,0.0002,0.0,58.91,354.11,267.71,392.73,326.62
"1001_Sacrificios_e__Combinações_Vencedores_Fred_Reinfeld,_Bruce_hq.pdf",1,score-baixo,0.0001,0.0,59.89,116.84,401.89,155.13,461.78
"1001_Sacrificios_e__Combinações_Vencedores_Fred_Reinfeld,_Bruce_hq.pdf",1,score-baixo,0.0001,0.0,59.89,403.2,401.89,441.49,461.78
"1001_Sacrificios_e__Combinações_Vencedores_Fred_Reinfeld,_Bruce_hq.pdf",1,score-baixo,0.0,0.0,58.91,54.33,267.71,91.96,326.62
"1001_Sacrificios_e__Combinações_Vencedores_Fred_Reinfeld,_Bruce_hq.pdf",1,score-baixo,0.0,0.0,60.55,470.95,267.05,509.56,327.6
"1001_Sacrificios_e__Combinações_Vencedores_Fred_Reinfeld,_Bruce_hq.pdf",1,score-baixo,0.0,0.0,60.55,310.91,267.05,349.53,327.6
"1001_Sacrificios_e__Combinações_Vencedores_Fred_Reinfeld,_Bruce_hq.pdf",1,score-baixo,0.0,0.0,60.55,11.45,267.05,50.07,327.6
"1001_Sacrificios_e__Combinações_Vencedores_Fred_Reinfeld,_Bruce_hq.pdf",1,score-baixo,0.0,0.0,68.4,247.09,343.96,315.49,386.84
"1001_Sacrificios_e__Combinações_Vencedores_Fred_Reinfeld,_Bruce_hq.pdf",2,score-baixo,0.0089,0.0,63.82,275.24,518.07,326.95,581.89
"1001_Sacrificios_e__Combinações_Vencedores_Fred_Reinfeld,_Bruce_hq.pdf",2,score-baixo,0.0052,0.0,56.29,279.49,522.0,323.67,578.29
"1001_Sacrificios_e__Combinações_Vencedores_Fred_Reinfeld,_Bruce_hq.pdf",3,aspecto,0.0,0.0,176.73,216.98,625.09,393.71,639.49
"1001_Sacrificios_e__Combinações_Vencedores_Fred_Reinfeld,_Bruce_hq.pdf",3,aspecto,0.0,0.0,210.11,200.62,602.84,410.73,616.91
"1001_Sacrificios_e__Combinações_Vencedores_Fred_Reinfeld,_Bruce_hq.pdf",3,aspecto,0.0,0.0,176.73,216.98,624.44,393.71,639.49
"1001_Sacrificios_e__Combinações_Vencedores_Fred_Reinfeld,_Bruce_hq.pdf",3,aspecto,0.0,0.0,210.11,200.62,602.84,410.73,616.91
"1001_Sacrificios_e__Combinações_Vencedores_Fred_Reinfeld,_Bruce_hq.pdf",4,score-baixo,0.0094,0.0,63.49,279.82,80.18,331.53,143.67
"1001_Sacrificios_e__Combinações_Vencedores_Fred_Reinfeld,_Bruce_hq.pdf",4,score-baixo,0.0056,0.0,55.96,284.07,84.11,328.25,140.07
"1001_Sacrificios_e__Combinações_Vencedores_Fred_Reinfeld,_Bruce_hq.pdf",5,aspecto,0.0,0.0,225.49,71.67,640.15,297.16,652.58
"1001_Sacrificios_e__Combinações_Vencedores_Fred_Reinfeld,_Bruce_hq.pdf",5,aspecto,0.0,0.0,181.96,71.67,550.15,253.64,562.58
"1001_Sacrificios_e__Combinações_Vencedores_Fred_Reinfeld,_Bruce_hq.pdf",5,aspecto,0.0,0.0,194.07,71.67,460.15,265.75,472.58
"1001_Sacrificios_e__Combinações_Vencedores_Fred_Reinfeld,_Bruce_hq.pdf",5,aspecto,0.0,0.0,179.67,71.67,438.22,251.35,451.64
"1001_Sacrificios_e__Combinações_Vencedores_Fred_Reinfeld,_Bruce_hq.pdf",5,aspecto,0.0,0.0,155.78,71.35,369.82,227.13,384.55
"1001_Sacrificios_e__Combinações_Vencedores_Fred_Reinfeld,_Bruce_hq.pdf",5,aspecto,0.0,0.0,167.89,71.67,348.22,239.56,360.0
"1001_Sacrificios_e__Combinações_Vencedores_Fred_Reinfeld,_Bruce_hq.pdf",5,aspecto,0.0,0.0,261.16,94.25,190.15,355.42,202.58
"1001_Sacrificios_e__Combinações_Vencedores_Fred_Reinfeld,_Bruce_hq.pdf",5,aspecto,0.0,0.0,214.36,93.93,167.24,308.29,181.96
"1001_Sacrificios_e__Combinações_Vencedores_Fred_Reinfeld,_Bruce_hq.pdf",5,aspecto,0.0,0.0,247.09,94.25,145.31,341.35,159.38
"1001_Sacrificios_e__Combinações_Vencedores_Fred_Reinfeld,_Bruce_hq.pdf",5,aspecto,0.0,0.0,225.49,71.67,640.15,297.16,652.58
"1001_Sacrificios_e__Combinações_Vencedores_Fred_Reinfeld,_Bruce_hq.pdf",5,aspecto,0.0,0.0,142.69,71.67,617.56,214.36,631.64
"1001_Sacrificios_e__Combinações_Vencedores_Fred_Reinfeld,_Bruce_hq.pdf",5,aspecto,0.0,0.0,181.96,71.67,550.15,253.64,562.58
"1001_Sacrificios_e__Combinações_Vencedores_Fred_Reinfeld,_Bruce_hq.pdf",5,aspecto,0.0,0.0,194.07,71.67,460.15,265.75,472.58
"1001_Sacrificios_e__Combinações_Vencedores_Fred_Reinfeld,_Bruce_hq.pdf",5,aspecto,0.0,0.0,180.0,71.35,437.24,251.35,451.96
"1001_Sacrificios_e__Combinações_Vencedores_Fred_Reinfeld,_Bruce_hq.pdf",5,aspecto,0.0,0.0,155.78,71.35,369.49,227.13,384.55
"1001_Sacrificios_e__Combinações_Vencedores_Fred_Reinfeld,_Bruce_hq.pdf",5,aspecto,0.0,0.0,167.89,71.67,347.56,239.56,360.0
"1001_Sacrificios_e__Combinações_Vencedores_Fred_Reinfeld,_Bruce_hq.pdf",5,aspecto,0.0,0.0,261.16,94.25,190.15,355.42,202.58
"1001_Sacrificios_e__Combinações_Vencedores_Fred_Reinfeld,_Bruce_hq.pdf",5,aspecto,0.0,0.0,214.04,94.25,167.56,308.29,181.64
"1001_Sacrificios_e__Combinações_Vencedores_Fred_Reinfeld,_Bruce_hq.pdf",5,aspecto,0.0,0.0,247.09,94.25,145.31,341.35,159.38
"1001_Sacrificios_e__Combinações_Vencedores_Fred_Reinfeld,_Bruce_hq.pdf",87,perdeu-para-embutido,0.5,0.0,267.05,173.78,151.2,438.55,418.25
"1001_Sacrificios_e__Combinações_Vencedores_Fred_Reinfeld,_Bruce_hq.pdf",173,perdeu-para-embutido,0.5,0.0,272.29,172.47,147.93,440.18,420.22
"1001_Sacrificios_e__Combinações_Vencedores_Fred_Reinfeld,_Bruce_hq.pdf",259,perdeu-para-embutido,0.5,0.0,267.05,174.44,151.2,438.55,418.25
"1001_Sacrificios_e__Combinações_Vencedores_Fred_Reinfeld,_Bruce_hq.pdf",346,score-baixo,0.0442,0.0,64.47,172.15,150.55,236.29,215.02
"1001_Sacrificios_e__Combinações_Vencedores_Fred_Reinfeld,_Bruce_hq.pdf",346,perdeu-para-embutido,0.5,0.0,268.36,173.45,150.87,440.18,419.24
"1001_Sacrificios_e__Combinações_Vencedores_Fred_Reinfeld,_Bruce_hq.pdf",432,perdeu-para-embutido,0.5,0.0,266.4,174.44,151.2,438.55,417.6
"1001_Sacrificios_e__Combinações_Vencedores_Fred_Reinfeld,_Bruce_hq.pdf",518,perdeu-para-embutido,0.5,0.0,271.64,172.47,148.58,440.51,420.22
"1001_Sacrificios_e__Combinações_Vencedores_Fred_Reinfeld,_Bruce_hq.pdf",604,perdeu-para-embutido,0.5,0.0,267.05,173.45,150.55,438.22,417.6
"1001_Sacrificios_e__Combinações_Vencedores_Fred_Reinfeld,_Bruce_hq.pdf",690,score-baixo,0.0436,0.0,64.8,173.45,149.56,237.27,214.36
"1001_Sacrificios_e__Combinações_Vencedores_Fred_Reinfeld,_Bruce_hq.pdf",690,sem-contraste-de-casa,0.5,0.0,269.67,173.45,149.56,438.55,419.24
"1001_Sacrificios_e__Combinações_Vencedores_Fred_Reinfeld,_Bruce_hq.pdf",776,perdeu-para-embutido,0.5,0.0,267.38,174.44,150.55,439.2,417.93
"1001_Sacrificios_e__Combinações_Vencedores_Fred_Reinfeld,_Bruce_hq.pdf",863,perdeu-para-embutido,0.5,0.0,268.04,172.8,150.22,437.89,418.25
"1001_Sacrificios_e__Combinações_Vencedores_Fred_Reinfeld,_Bruce_hq.pdf",949,perdeu-para-embutido,0.5,0.0,271.31,171.49,148.91,439.53,420.22
"1001_Winning_Chess_Sacrifices_and_Combinations,_Fred_Reinfeld,_Bruce.pdf",1,aspecto,0.0,0.0,611.67,0.0,714.76,611.67,791.67
"1001_Winning_Chess_Sacrifices_and_Combinations,_Fred_Reinfeld,_Bruce.pdf",1,aspecto,0.0,0.0,103.75,382.58,674.84,486.33,708.22
"1001_Winning_Chess_Sacrifices_and_Combinations,_Fred_Reinfeld,_Bruce.pdf",1,aspecto,0.0,0.0,96.22,160.69,534.44,256.91,578.62
"1001_Winning_Chess_Sacrifices_and_Combinations,_Fred_Reinfeld,_Bruce.pdf",1,aspecto,0.0,0.0,58.91,446.73,402.55,482.73,461.45
"1001_Winning_Chess_Sacrifices_and_Combinations,_Fred_Reinfeld,_Bruce.pdf",1,aspecto,0.0,0.0,58.91,345.6,402.22,380.95,461.13
"1001_Winning_Chess_Sacrifices_and_Combinations,_Fred_Reinfeld,_Bruce.pdf",1,aspecto,0.0,0.0,58.91,266.73,402.55,302.73,461.45
"1001_Winning_Chess_Sacrifices_and_Combinations,_Fred_Reinfeld,_Bruce.pdf",1,aspecto,0.0,0.0,58.91,207.49,402.55,242.18,461.45
"1001_Winning_Chess_Sacrifices_and_Combinations,_Fred_Reinfeld,_Bruce.pdf",1,aspecto,0.0,0.0,59.89,486.98,401.89,520.69,461.78
"1001_Winning_Chess_Sacrifices_and_Combinations,_Fred_Reinfeld,_Bruce.pdf",1,aspecto,0.0,0.0,60.22,76.91,401.56,113.56,461.78
"1001_Winning_Chess_Sacrifices_and_Combinations,_Fred_Reinfeld,_Bruce.pdf",1,aspecto,0.0,0.0,180.65,342.98,398.62,523.64,465.38
"1001_Winning_Chess_Sacrifices_and_Combinations,_Fred_Reinfeld,_Bruce.pdf",1,aspecto,0.0,0.0,273.6,74.62,397.64,348.22,465.05
"1001_Winning_Chess_Sacrifices_and_Combinations,_Fred_Reinfeld,_Bruce.pdf",1,aspecto,0.0,0.0,58.91,513.82,267.71,547.53,326.62
"1001_Winning_Chess_Sacrifices_and_Combinations,_Fred_Reinfeld,_Bruce.pdf",1,aspecto,0.0,0.0,58.91,99.16,267.71,132.55,326.62
"1001_Winning_Chess_Sacrifices_and_Combinations,_Fred_Reinfeld,_Bruce.pdf",1,aspecto,0.0,0.0,60.22,550.8,267.38,586.47,327.6
"1001_Winning_Chess_Sacrifices_and_Combinations,_Fred_Reinfeld,_Bruce.pdf",1,aspecto,0.0,0.0,60.22,230.73,267.38,266.07,327.6
"1001_Winning_Chess_Sacrifices_and_Combinations,_Fred_Reinfeld,_Bruce.pdf",1,aspecto,0.0,0.0,60.22,174.11,267.38,209.78,327.6
"1001_Winning_Chess_Sacrifices_and_Combinations,_Fred_Reinfeld,_Bruce.pdf",1,aspecto,0.0,0.0,60.22,135.49,267.38,171.16,327.6
"1001_Winning_Chess_Sacrifices_and_Combinations,_Fred_Reinfeld,_Bruce.pdf",1,aspecto,0.0,0.0,175.75,413.67,264.44,589.42,330.55
"1001_Winning_Chess_Sacrifices_and_Combinations,_Fred_Reinfeld,_Bruce.pdf",1,aspecto,0.0,0.0,183.27,228.44,264.44,411.71,330.55
"1001_Winning_Chess_Sacrifices_and_Combinations,_Fred_Reinfeld,_Bruce.pdf",1,aspecto,0.0,0.0,203.89,9.16,264.44,213.05,330.55
"1001_Winning_Chess_Sacrifices_and_Combinations,_Fred_Reinfeld,_Bruce.pdf",1,aspecto,0.0,0.0,84.11,38.95,198.33,123.05,249.38
"1001_Winning_Chess_Sacrifices_and_Combinations,_Fred_Reinfeld,_Bruce.pdf",1,aspecto,0.0,0.0,143.35,134.51,197.67,277.85,251.35
"1001_Winning_Chess_Sacrifices_and_Combinations,_Fred_Reinfeld,_Bruce.pdf",1,aspecto,0.0,0.0,125.02,457.53,96.55,582.55,115.53
"1001_Winning_Chess_Sacrifices_and_Combinations,_Fred_Reinfeld,_Bruce.pdf",1,aspecto,0.0,0.0,290.95,16.36,96.55,307.31,115.53
"1001_Winning_Chess_Sacrifices_and_Combinations,_Fred_Reinfeld,_Bruce.pdf",1,aspecto,0.0,0.0,611.67,0.0,0.0,611.67,77.89
"1001_Winning_Chess_Sacrifices_and_Combinations,_Fred_Reinfeld,_Bruce.pdf",1,aspecto,0.0,0.0,611.67,0.0,714.76,611.67,791.67
"1001_Winning_Chess_Sacrifices_and_Combinations,_Fred_Reinfeld,_Bruce.pdf",1,aspecto,0.0,0.0,103.75,382.58,674.84,486.33,708.22
"1001_Winning_Chess_Sacrifices_and_Combinations,_Fred_Reinfeld,_Bruce.pdf",1,aspecto,0.0,0.0,96.22,160.69,534.44,256.91,578.95
"1001_Winning_Chess_Sacrifices_and_Combinations,_Fred_Reinfeld,_Bruce.pdf",1,aspecto,0.0,0.0,58.91,446.73,402.55,482.73,461.45
"1001_Winning_Chess_Sacrifices_and_Combinations,_Fred_Reinfeld,_Bruce.pdf",1,aspecto,0.0,0.0,58.91,345.6,402.22,380.95,461.13
"1001_Winning_Chess_Sacrifices_and_Combinations,_Fred_Reinfeld,_Bruce.pdf",1,aspecto,0.0,0.0,58.91,267.05,402.55,302.73,461.45
"1001_Winning_Chess_Sacrifices_and_Combinations,_Fred_Reinfeld,_Bruce.pdf",1,aspecto,0.0,0.0,59.24,207.16,402.22,242.18,461.45
"1001_Winning_Chess_Sacrifices_and_Combinations,_Fred_Reinfeld,_Bruce.pdf",1,aspecto,0.0,0.0,59.89,486.98,401.89,520.69,461.78
"1001_Winning_Chess_Sacrifices_and_Combinations,_Fred_Reinfeld,_Bruce.pdf",1,aspecto,0.0,0.0,60.22,76.91,401.56,113.56,461.78
"1001_Winning_Chess_Sacrifices_and_Combinations,_Fred_Reinfeld,_Bruce.pdf",1,aspecto,0.0,0.0,180.65,342.98,398.62,523.64,465.38
"1001_Winning_Chess_Sacrifices_and_Combinations,_Fred_Reinfeld,_Bruce.pdf",1,aspecto,0.0,0.0,273.6,74.62,397.64,348.22,465.05
"1001_Winning_Chess_Sacrifices_and_Combinations,_Fred_Reinfeld,_Bruce.pdf",1,aspecto,0.0,0.0,58.91,513.82,267.71,547.53,326.62
"1001_Winning_Chess_Sacrifices_and_Combinations,_Fred_Reinfeld,_Bruce.pdf",1,aspecto,0.0,0.0,58.91,99.16,267.71,132.55,326.62
"1001_Winning_Chess_Sacrifices_and_Combinations,_Fred_Reinfeld,_Bruce.pdf",1,aspecto,0.0,0.0,60.22,551.13,267.38,586.47,327.6
"1001_Winning_Chess_Sacrifices_and_Combinations,_Fred_Reinfeld,_Bruce.pdf",1,aspecto,0.0,0.0,60.22,230.73,267.38,266.07,327.6
"1001_Winning_Chess_Sacrifices_and_Combinations,_Fred_Reinfeld,_Bruce.pdf",1,aspecto,0.0,0.0,60.22,174.44,267.38,209.78,327.6
"1001_Winning_Chess_Sacrifices_and_Combinations,_Fred_Reinfeld,_Bruce.pdf",1,aspecto,0.0,0.0,60.22,135.49,267.38,171.16,327.6
"1001_Winning_Chess_Sacrifices_and_Combinations,_Fred_Reinfeld,_Bruce.pdf",1,aspecto,0.0,0.0,175.75,413.67,264.44,589.42,330.55
"1001_Winning_Chess_Sacrifices_and_Combinations,_Fred_Reinfeld,_Bruce.pdf",1,aspecto,0.0,0.0,183.27,228.44,264.44,411.71,330.55
"1001_Winning_Chess_Sacrifices_and_Combinations,_Fred_Reinfeld,_Bruce.pdf",1,aspecto,0.0,0.0,203.89,9.16,264.44,213.05,330.55
"1001_Winning_Chess_Sacrifices_and_Combinations,_Fred_Reinfeld,_Bruce.pdf",1,aspecto,0.0,0.0,113.89,9.16,198.0,123.05,249.38
"1001_Winning_Chess_Sacrifices_and_Combinations,_Fred_Reinfeld,_Bruce.pdf",1,aspecto,0.0,0.0,200.95,134.51,197.35,335.45,251.35
"1001_Winning_Chess_Sacrifices_and_Combinations,_Fred_Reinfeld,_Bruce.pdf",1,aspecto,0.0,0.0,125.02,457.53,96.55,582.55,115.53
"1001_Winning_Chess_Sacrifices_and_Combinations,_Fred_Reinfeld,_Bruce.pdf",1,aspecto,0.0,0.0,143.67,311.56,95.24,455.24,117.49
"1001_Winning_Chess_Sacrifices_and_Combinations,_Fred_Reinfeld,_Bruce.pdf",1,aspecto,0.0,0.0,290.95,16.36,96.55,307.31,115.53
"1001_Winning_Chess_Sacrifices_and_Combinations,_Fred_Reinfeld,_Bruce.pdf",1,aspecto,0.0,0.0,611.67,0.0,0.0,611.67,77.89
"1001_Winning_Chess_Sacrifices_and_Combinations,_Fred_Reinfeld,_Bruce.pdf",1,score-baixo,0.0216,0.0,53.67,8.51,196.69,59.89,250.36
"1001_Winning_Chess_Sacrifices_and_Combinations,_Fred_Reinfeld,_Bruce.pdf",1,score-baixo,0.0133,0.0,89.02,351.16,4.25,440.18,74.62
"1001_Winning_Chess_Sacrifices_and_Combinations,_Fred_Reinfeld,_Bruce.pdf",1,score-baixo,0.0092,0.0,62.18,135.82,198.98,198.0,249.71
"1001_Winning_Chess_Sacrifices_and_Combinations,_Fred_Reinfeld,_Bruce.pdf",1,score-baixo,0.0067,0.0,56.95,138.44,201.6,195.38,247.09
"1001_Winning_Chess_Sacrifices_and_Combinations,_Fred_Reinfeld,_Bruce.pdf",1,score-baixo,0.0059,0.0,54.0,386.84,535.09,440.84,578.62
"1001_Winning_Chess_Sacrifices_and_Combinations,_Fred_Reinfeld,_Bruce.pdf",1,score-baixo,0.002,0.0,58.91,267.38,267.71,309.93,326.62
"1001_Winning_Chess_Sacrifices_and_Combinations,_Fred_Reinfeld,_Bruce.pdf",1,score-baixo,0.0016,0.0,58.91,160.04,402.22,201.93,461.13
"1001_Winning_Chess_Sacrifices_and_Combinations,_Fred_Reinfeld,_Bruce.pdf",1,score-baixo,0.0015,0.0,61.53,379.31,535.09,440.84,578.62
"1001_Winning_Chess_Sacrifices_and_Combinations,_Fred_Reinfeld,_Bruce.pdf",1,score-baixo,0.0009,0.0,58.91,305.35,402.22,346.25,461.13
"1001_Winning_Chess_Sacrifices_and_Combinations,_Fred_Reinfeld,_Bruce.pdf",1,score-baixo,0.0002,0.0,58.91,354.11,267.71,392.73,326.62
"1001_Winning_Chess_Sacrifices_and_Combinations,_Fred_Reinfeld,_Bruce.pdf",1,score-baixo,0.0001,0.0,59.89,116.84,401.89,155.13,461.78
"1001_Winning_Chess_Sacrifices_and_Combinations,_Fred_Reinfeld,_Bruce.pdf",1,score-baixo,0.0001,0.0,59.89,403.2,401.89,441.49,461.78
"1001_Winning_Chess_Sacrifices_and_Combinations,_Fred_Reinfeld,_Bruce.pdf",1,score-baixo,0.0,0.0,58.91,54.33,267.71,91.96,326.62
"1001_Winning_Chess_Sacrifices_and_Combinations,_Fred_Reinfeld,_Bruce.pdf",1,score-baixo,0.0,0.0,60.55,470.95,267.05,509.56,327.6
"1001_Winning_Chess_Sacrifices_and_Combinations,_Fred_Reinfeld,_Bruce.pdf",1,score-baixo,0.0,0.0,60.55,310.91,267.05,349.53,327.6
"1001_Winning_Chess_Sacrifices_and_Combinations,_Fred_Reinfeld,_Bruce.pdf",1,score-baixo,0.0,0.0,60.55,11.45,267.05,50.07,327.6
"1001_Winning_Chess_Sacrifices_and_Combinations,_Fred_Reinfeld,_Bruce.pdf",1,score-baixo,0.0,0.0,68.4,247.09,343.96,315.49,386.84
"1001_Winning_Chess_Sacrifices_and_Combinations,_Fred_Reinfeld,_Bruce.pdf",2,aspecto,0.0,0.0,175.09,323.35,625.42,498.44,646.04
"1001_Winning_Chess_Sacrifices_and_Combinations,_Fred_Reinfeld,_Bruce.pdf",2,aspecto,0.0,0.0,128.62,330.55,397.64,459.16,452.62
"1001_Winning_Chess_Sacrifices_and_Combinations,_Fred_Reinfeld,_Bruce.pdf",2,aspecto,0.0,0.0,193.09,142.69,397.64,335.78,452.29
"1001_Winning_Chess_Sacrifices_and_Combinations,_Fred_Reinfeld,_Bruce.pdf",2,aspecto,0.0,0.0,253.96,251.02,287.35,504.98,342.33
"1001_Winning_Chess_Sacrifices_and_Combinations,_Fred_Reinfeld,_Bruce.pdf",2,aspecto,0.0,0.0,144.65,96.55,287.35,241.2,342.33
"1001_Winning_Chess_Sacrifices_and_Combinations,_Fred_Reinfeld,_Bruce.pdf",2,aspecto,0.0,0.0,191.78,308.29,150.55,500.07,167.89
"1001_Winning_Chess_Sacrifices_and_Combinations,_Fred_Reinfeld,_Bruce.pdf",2,aspecto,0.0,0.0,205.53,102.11,150.22,307.64,166.58
"1001_Winning_Chess_Sacrifices_and_Combinations,_Fred_Reinfeld,_Bruce.pdf",2,aspecto,0.0,0.0,175.09,323.35,625.42,498.44,646.04
"1001_Winning_Chess_Sacrifices_and_Combinations,_Fred_Reinfeld,_Bruce.pdf",2,aspecto,0.0,0.0,128.62,330.55,397.64,459.16,452.62
"1001_Winning_Chess_Sacrifices_and_Combinations,_Fred_Reinfeld,_Bruce.pdf",2,aspecto,0.0,0.0,193.09,142.69,397.64,335.78,452.29
"1001_Winning_Chess_Sacrifices_and_Combinations,_Fred_Reinfeld,_Bruce.pdf",2,aspecto,0.0,0.0,253.96,251.02,287.35,504.98,342.33
"1001_Winning_Chess_Sacrifices_and_Combinations,_Fred_Reinfeld,_Bruce.pdf",2,aspecto,0.0,0.0,144.65,96.55,287.35,241.2,342.33
"1001_Winning_Chess_Sacrifices_and_Combinations,_Fred_Reinfeld,_Bruce.pdf",2,aspecto,0.0,0.0,398.29,101.78,149.89,500.07,167.89
"1001_Winning_Chess_Sacrifices_and_Combinations,_Fred_Reinfeld,_Bruce.pdf",2,area-relativa,0.0282,0.0,60.22,203.24,659.45,263.45,715.75
"1001_Winning_Chess_Sacrifices_and_Combinations,_Fred_Reinfeld,_Bruce.pdf",2,area-relativa,0.0273,0.0,59.89,203.24,75.93,263.13,132.87
"1001_Winning_Chess_Sacrifices_and_Combinations,_Fred_Reinfeld,_Bruce.pdf",2,area-relativa,0.027,0.0,59.89,338.4,659.45,398.29,715.42
"1001_Winning_Chess_Sacrifices_and_Combinations,_Fred_Reinfeld,_Bruce.pdf",2,area-relativa,0.026,0.0,59.89,338.4,76.25,398.29,132.55
"1001_Winning_Chess_Sacrifices_and_Combinations,_Fred_Reinfeld,_Bruce.pdf",2,area-relativa,0.0024,0.0,56.29,474.87,659.13,516.44,715.42
"1001_Winning_Chess_Sacrifices_and_Combinations,_Fred_Reinfeld,_Bruce.pdf",2,area-relativa,0.0018,0.0,56.62,475.53,76.25,516.44,132.87
"1001_Winning_Chess_Sacrifices_and_Combinations,_Fred_Reinfeld,_Bruce.pdf",2,score-baixo,0.0071,0.0,647.67,91.31,72.0,520.36,719.67
"1001_Winning_Chess_Sacrifices_and_Combinations,_Fred_Reinfeld,_Bruce.pdf",2,sem-contraste-de-casa,0.5,0.0,520.36,92.62,135.82,519.05,656.18
"1001_Winning_Chess_Sacrifices_and_Combinations,_Fred_Reinfeld,_Bruce.pdf",3,score-baixo,0.0089,0.0,63.82,275.24,518.07,326.95,581.89
"1001_Winning_Chess_Sacrifices_and_Combinations,_Fred_Reinfeld,_Bruce.pdf",3,score-baixo,0.0052,0.0,56.29,279.49,522.0,323.67,578.29
"1001_Winning_Chess_Sacrifices_and_Combinations,_Fred_Reinfeld,_Bruce.pdf",4,aspecto,0.0,0.0,176.73,216.98,625.09,393.71,639.49
"1001_Winning_Chess_Sacrifices_and_Combinations,_Fred_Reinfeld,_Bruce.pdf",4,aspecto,0.0,0.0,210.11,200.62,602.84,410.73,616.91
"1001_Winning_Chess_Sacrifices_and_Combinations,_Fred_Reinfeld,_Bruce.pdf",4,aspecto,0.0,0.0,176.73,216.98,624.44,393.71,639.49
"1001_Winning_Chess_Sacrifices_and_Combinations,_Fred_Reinfeld,_Bruce.pdf",4,aspecto,0.0,0.0,210.11,200.62,602.84,410.73,616.91
"1001_Winning_Chess_Sacrifices_and_Combinations,_Fred_Reinfeld,_Bruce.pdf",5,score-baixo,0.0094,0.0,63.49,279.82,80.18,331.53,143.67
"1001_Winning_Chess_Sacrifices_and_Combinations,_Fred_Reinfeld,_Bruce.pdf",5,score-baixo,0.0056,0.0,55.96,284.07,84.11,328.25,140.07
"1001_Winning_Chess_Sacrifices_and_Combinations,_Fred_Reinfeld,_Bruce.pdf",6,aspecto,0.0,0.0,225.49,71.67,640.15,297.16,652.58
"1001_Winning_Chess_Sacrifices_and_Combinations,_Fred_Reinfeld,_Bruce.pdf",6,aspecto,0.0,0.0,181.96,71.67,550.15,253.64,562.58
"1001_Winning_Chess_Sacrifices_and_Combinations,_Fred_Reinfeld,_Bruce.pdf",6,aspecto,0.0,0.0,194.07,71.67,460.15,265.75,472.58
"1001_Winning_Chess_Sacrifices_and_Combinations,_Fred_Reinfeld,_Bruce.pdf",6,aspecto,0.0,0.0,179.67,71.67,438.22,251.35,451.64
"1001_Winning_Chess_Sacrifices_and_Combinations,_Fred_Reinfeld,_Bruce.pdf",6,aspecto,0.0,0.0,155.78,71.35,369.82,227.13,384.55
"1001_Winning_Chess_Sacrifices_and_Combinations,_Fred_Reinfeld,_Bruce.pdf",6,aspecto,0.0,0.0,167.89,71.67,348.22,239.56,360.0
"1001_Winning_Chess_Sacrifices_and_Combinations,_Fred_Reinfeld,_Bruce.pdf",6,aspecto,0.0,0.0,261.16,94.25,190.15,355.42,202.58
"1001_Winning_Chess_Sacrifices_and_Combinations,_Fred_Reinfeld,_Bruce.pdf",6,aspecto,0.0,0.0,214.36,93.93,167.24,308.29,181.96
"1001_Winning_Chess_Sacrifices_and_Combinations,_Fred_Reinfeld,_Bruce.pdf",6,aspecto,0.0,0.0,247.09,94.25,145.31,341.35,159.38
"1001_Winning_Chess_Sacrifices_and_Combinations,_Fred_Reinfeld,_Bruce.pdf",6,aspecto,0.0,0.0,225.49,71.67,640.15,297.16,652.58
"1001_Winning_Chess_Sacrifices_and_Combinations,_Fred_Reinfeld,_Bruce.pdf",6,aspecto,0.0,0.0,142.69,71.67,617.56,214.36,631.64
"1001_Winning_Chess_Sacrifices_and_Combinations,_Fred_Reinfeld,_Bruce.pdf",6,aspecto,0.0,0.0,181.96,71.67,550.15,253.64,562.58
"1001_Winning_Chess_Sacrifices_and_Combinations,_Fred_Reinfeld,_Bruce.pdf",6,aspecto,0.0,0.0,194.07,71.67,460.15,265.75,472.58
"1001_Winning_Chess_Sacrifices_and_Combinations,_Fred_Reinfeld,_Bruce.pdf",6,aspecto,0.0,0.0,180.0,71.35,437.24,251.35,451.96
"1001_Winning_Chess_Sacrifices_and_Combinations,_Fred_Reinfeld,_Bruce.pdf",6,aspecto,0.0,0.0,155.78,71.35,369.49,227.13,384.55
"1001_Winning_Chess_Sacrifices_and_Combinations,_Fred_Reinfeld,_Bruce.pdf",6,aspecto,0.0,0.0,167.89,71.67,347.56,239.56,360.0
"1001_Winning_Chess_Sacrifices_and_Combinations,_Fred_Reinfeld,_Bruce.pdf",6,aspecto,0.0,0.0,261.16,94.25,190.15,355.42,202.58
"1001_Winning_Chess_Sacrifices_and_Combinations,_Fred_Reinfeld,_Bruce.pdf",6,aspecto,0.0,0.0,214.04,94.25,167.56,308.29,181.64
"1001_Winning_Chess_Sacrifices_and_Combinations,_Fred_Reinfeld,_Bruce.pdf",6,aspecto,0.0,0.0,247.09,94.25,145.31,341.35,159.38
"1001_Winning_Chess_Sacrifices_and_Combinations,_Fred_Reinfeld,_Bruce.pdf",87,perdeu-para-embutido,0.5,0.0,271.96,169.2,149.24,440.51,421.2
"1001_Winning_Chess_Sacrifices_and_Combinations,_Fred_Reinfeld,_Bruce.pdf",173,aspecto,0.0,0.0,66.44,237.93,351.82,304.36,385.53
"1001_Winning_Chess_Sacrifices_and_Combinations,_Fred_Reinfeld,_Bruce.pdf",173,aspecto,0.0,0.0,72.65,232.04,351.49,304.69,386.18
"1001_Winning_Chess_Sacrifices_and_Combinations,_Fred_Reinfeld,_Bruce.pdf",173,perdeu-para-embutido,0.5,0.0,272.29,169.85,149.24,440.84,421.53
"1001_Winning_Chess_Sacrifices_and_Combinations,_Fred_Reinfeld,_Bruce.pdf",260,aspecto,0.0,0.0,68.4,248.07,185.24,316.47,218.95
"1001_Winning_Chess_Sacrifices_and_Combinations,_Fred_Reinfeld,_Bruce.pdf",260,perdeu-para-embutido,0.5,0.0,268.36,172.47,151.53,439.53,419.89
"1001_Winning_Chess_Sacrifices_and_Combinations,_Fred_Reinfeld,_Bruce.pdf",346,perdeu-para-embutido,0.5,0.0,268.04,172.47,150.87,439.53,418.91
"1001_Winning_Chess_Sacrifices_and_Combinations,_Fred_Reinfeld,_Bruce.pdf",432,perdeu-para-embutido,0.5,0.0,268.69,171.82,151.2,438.87,419.89
"1001_Winning_Chess_Sacrifices_and_Combinations,_Fred_Reinfeld,_Bruce.pdf",518,aspecto,0.0,0.0,73.96,280.8,352.47,354.76,388.47
"1001_Winning_Chess_Sacrifices_and_Combinations,_Fred_Reinfeld,_Bruce.pdf",518,perdeu-para-embutido,0.5,0.0,268.36,172.15,151.85,439.2,420.22
"1001_Winning_Chess_Sacrifices_and_Combinations,_Fred_Reinfeld,_Bruce.pdf",605,perdeu-para-embutido,0.5,0.0,268.04,172.8,150.87,439.85,418.91
"1001_Winning_Chess_Sacrifices_and_Combinations,_Fred_Reinfeld,_Bruce.pdf",691,aspecto,0.0,0.0,66.44,204.55,251.35,270.98,285.38
"1001_Winning_Chess_Sacrifices_and_Combinations,_Fred_Reinfeld,_Bruce.pdf",691,aspecto,0.0,0.0,73.31,180.33,318.44,253.64,353.45
"1001_Winning_Chess_Sacrifices_and_Combinations,_Fred_Reinfeld,_Bruce.pdf",691,aspecto,0.0,0.0,71.67,199.31,251.35,270.98,285.71
"1001_Winning_Chess_Sacrifices_and_Combinations,_Fred_Reinfeld,_Bruce.pdf",691,perdeu-para-embutido,0.5,0.0,268.69,171.82,151.2,438.87,419.89
"1001_Winning_Chess_Sacrifices_and_Combinations,_Fred_Reinfeld,_Bruce.pdf",777,aspecto,0.0,0.0,71.35,333.49,317.45,404.84,352.15
"1001_Winning_Chess_Sacrifices_and_Combinations,_Fred_Reinfeld,_Bruce.pdf",777,aspecto,0.0,0.0,66.44,305.35,216.98,371.78,251.02
"1001_Winning_Chess_Sacrifices_and_Combinations,_Fred_Reinfeld,_Bruce.pdf",777,aspecto,0.0,0.0,71.35,333.49,317.45,404.84,352.15
"1001_Winning_Chess_Sacrifices_and_Combinations,_Fred_Reinfeld,_Bruce.pdf",777,aspecto,0.0,0.0,72.0,299.78,216.98,371.78,251.35
"1001_Winning_Chess_Sacrifices_and_Combinations,_Fred_Reinfeld,_Bruce.pdf",777,perdeu-para-embutido,0.5,0.0,268.04,172.15,150.87,439.2,418.91
"1001_Winning_Chess_Sacrifices_and_Combinations,_Fred_Reinfeld,_Bruce.pdf",863,aspecto,0.0,0.0,66.44,272.29,250.69,338.73,284.73
"1001_Winning_Chess_Sacrifices_and_Combinations,_Fred_Reinfeld,_Bruce.pdf",863,aspecto,0.0,0.0,71.67,267.05,250.69,338.73,285.05
"1001_Winning_Chess_Sacrifices_and_Combinations,_Fred_Reinfeld,_Bruce.pdf",863,perdeu-para-embutido,0.5,0.0,268.04,172.47,150.87,439.85,418.91
"1001_Winning_Chess_Sacrifices_and_Combinations,_Fred_Reinfeld,_Bruce.pdf",950,aspecto,0.0,0.0,66.44,271.64,318.44,338.07,352.47
"1001_Winning_Chess_Sacrifices_and_Combinations,_Fred_Reinfeld,_Bruce.pdf",950,aspecto,0.0,0.0,72.0,266.07,318.44,338.07,352.8
"1001_Winning_Chess_Sacrifices_and_Combinations,_Fred_Reinfeld,_Bruce.pdf",950,perdeu-para-embutido,0.5,0.0,271.96,169.85,149.56,440.84,421.53
"1001_Winning_Chess_Sacrifices_and_Combinations,_Fred_Reinfeld,_Bruce_hq.pdf",1,aspecto,0.0,0.0,611.67,0.0,714.76,611.67,791.67
"1001_Winning_Chess_Sacrifices_and_Combinations,_Fred_Reinfeld,_Bruce_hq.pdf",1,aspecto,0.0,0.0,103.75,382.58,674.84,486.33,708.22
"1001_Winning_Chess_Sacrifices_and_Combinations,_Fred_Reinfeld,_Bruce_hq.pdf",1,aspecto,0.0,0.0,96.22,160.69,534.44,256.91,578.62
"1001_Winning_Chess_Sacrifices_and_Combinations,_Fred_Reinfeld,_Bruce_hq.pdf",1,aspecto,0.0,0.0,58.91,446.73,402.55,482.73,461.45
"1001_Winning_Chess_Sacrifices_and_Combinations,_Fred_Reinfeld,_Bruce_hq.pdf",1,aspecto,0.0,0.0,58.91,345.6,402.22,380.95,461.13
"1001_Winning_Chess_Sacrifices_and_Combinations,_Fred_Reinfeld,_Bruce_hq.pdf",1,aspecto,0.0,0.0,58.91,266.73,402.55,302.73,461.45
"1001_Winning_Chess_Sacrifices_and_Combinations,_Fred_Reinfeld,_Bruce_hq.pdf",1,aspecto,0.0,0.0,58.91,207.49,402.55,242.18,461.45
"1001_Winning_Chess_Sacrifices_and_Combinations,_Fred_Reinfeld,_Bruce_hq.pdf",1,aspecto,0.0,0.0,59.89,486.98,401.89,520.69,461.78
"1001_Winning_Chess_Sacrifices_and_Combinations,_Fred_Reinfeld,_Bruce_hq.pdf",1,aspecto,0.0,0.0,60.22,76.91,401.56,113.56,461.78
"1001_Winning_Chess_Sacrifices_and_Combinations,_Fred_Reinfeld,_Bruce_hq.pdf",1,aspecto,0.0,0.0,180.65,342.98,398.62,523.64,465.38
"1001_Winning_Chess_Sacrifices_and_Combinations,_Fred_Reinfeld,_Bruce_hq.pdf",1,aspecto,0.0,0.0,273.6,74.62,397.64,348.22,465.05
"1001_Winning_Chess_Sacrifices_and_Combinations,_Fred_Reinfeld,_Bruce_hq.pdf",1,aspecto,0.0,0.0,58.91,513.82,267.71,547.53,326.62
"1001_Winning_Chess_Sacrifices_and_Combinations,_Fred_Reinfeld,_Bruce_hq.pdf",1,aspecto,0.0,0.0,58.91,99.16,267.71,132.55,326.62
"1001_Winning_Chess_Sacrifices_and_Combinations,_Fred_Reinfeld,_Bruce_hq.pdf",1,aspecto,0.0,0.0,60.22,550.8,267.38,586.47,327.6
"1001_Winning_Chess_Sacrifices_and_Combinations,_Fred_Reinfeld,_Bruce_hq.pdf",1,aspecto,0.0,0.0,60.22,230.73,267.38,266.07,327.6
"1001_Winning_Chess_Sacrifices_and_Combinations,_Fred_Reinfeld,_Bruce_hq.pdf",1,aspecto,0.0,0.0,60.22,174.11,267.38,209.78,327.6
"1001_Winning_Chess_Sacrifices_and_Combinations,_Fred_Reinfeld,_Bruce_hq.pdf",1,aspecto,0.0,0.0,60.22,135.49,267.38,171.16,327.6
"1001_Winning_Chess_Sacrifices_and_Combinations,_Fred_Reinfeld,_Bruce_hq.pdf",1,aspecto,0.0,0.0,175.75,413.67,264.44,589.42,330.55
"1001_Winning_Chess_Sacrifices_and_Combinations,_Fred_Reinfeld,_Bruce_hq.pdf",1,aspecto,0.0,0.0,183.27,228.44,264.44,411.71,330.55
"1001_Winning_Chess_Sacrifices_and_Combinations,_Fred_Reinfeld,_Bruce_hq.pdf",1,aspecto,0.0,0.0,203.89,9.16,264.44,213.05,330.55
"1001_Winning_Chess_Sacrifices_and_Combinations,_Fred_Reinfeld,_Bruce_hq.pdf",1,aspecto,0.0,0.0,84.11,38.95,198.33,123.05,249.38
"1001_Winning_Chess_Sacrifices_and_Combinations,_Fred_Reinfeld,_Bruce_hq.pdf",1,aspecto,0.0,0.0,143.35,134.51,197.67,277.85,251.35
"1001_Winning_Chess_Sacrifices_and_Combinations,_Fred_Reinfeld,_Bruce_hq.pdf",1,aspecto,0.0,0.0,125.02,457.53,96.55,582.55,115.53
"1001_Winning_Chess_Sacrifices_and_Combinations,_Fred_Reinfeld,_Bruce_hq.pdf",1,aspecto,0.0,0.0,290.95,16.36,96.55,307.31,115.53
"1001_Winning_Chess_Sacrifices_and_Combinations,_Fred_Reinfeld,_Bruce_hq.pdf",1,aspecto,0.0,0.0,611.67,0.0,0.0,611.67,77.89
"1001_Winning_Chess_Sacrifices_and_Combinations,_Fred_Reinfeld,_Bruce_hq.pdf",1,aspecto,0.0,0.0,611.67,0.0,714.76,611.67,791.67
"1001_Winning_Chess_Sacrifices_and_Combinations,_Fred_Reinfeld,_Bruce_hq.pdf",1,aspecto,0.0,0.0,103.75,382.58,674.84,486.33,708.22
"1001_Winning_Chess_Sacrifices_and_Combinations,_Fred_Reinfeld,_Bruce_hq.pdf",1,aspecto,0.0,0.0,96.22,160.69,534.44,256.91,578.95
"1001_Winning_Chess_Sacrifices_and_Combinations,_Fred_Reinfeld,_Bruce_hq.pdf",1,aspecto,0.0,0.0,58.91,446.73,402.55,482.73,461.45
"1001_Winning_Chess_Sacrifices_and_Combinations,_Fred_Reinfeld,_Bruce_hq.pdf",1,aspecto,0.0,0.0,58.91,345.6,402.22,380.95,461.13
"1001_Winning_Chess_Sacrifices_and_Combinations,_Fred_Reinfeld,_Bruce_hq.pdf",1,aspecto,0.0,0.0,58.91,267.05,402.55,302.73,461.45
"1001_Winning_Chess_Sacrifices_and_Combinations,_Fred_Reinfeld,_Bruce_hq.pdf",1,aspecto,0.0,0.0,59.24,207.16,402.22,242.18,461.45
"1001_Winning_Chess_Sacrifices_and_Combinations,_Fred_Reinfeld,_Bruce_hq.pdf",1,aspecto,0.0,0.0,59.89,486.98,401.89,520.69,461.78
"1001_Winning_Chess_Sacrifices_and_Combinations,_Fred_Reinfeld,_Bruce_hq.pdf",1,aspecto,0.0,0.0,60.22,76.91,401.56,113.56,461.78
"1001_Winning_Chess_Sacrifices_and_Combinations,_Fred_Reinfeld,_Bruce_hq.pdf",1,aspecto,0.0,0.0,180.65,342.98,398.62,523.64,465.38
"1001_Winning_Chess_Sacrifices_and_Combinations,_Fred_Reinfeld,_Bruce_hq.pdf",1,aspecto,0.0,0.0,273.6,74.62,397.64,348.22,465.05
"1001_Winning_Chess_Sacrifices_and_Combinations,_Fred_Reinfeld,_Bruce_hq.pdf",1,aspecto,0.0,0.0,58.91,513.82,267.71,547.53,326.62
"1001_Winning_Chess_Sacrifices_and_Combinations,_Fred_Reinfeld,_Bruce_hq.pdf",1,aspecto,0.0,0.0,58.91,99.16,267.71,132.55,326.62
"1001_Winning_Chess_Sacrifices_and_Combinations,_Fred_Reinfeld,_Bruce_hq.pdf",1,aspecto,0.0,0.0,60.22,551.13,267.38,586.47,327.6
"1001_Winning_Chess_Sacrifices_and_Combinations,_Fred_Reinfeld,_Bruce_hq.pdf",1,aspecto,0.0,0.0,60.22,230.73,267.38,266.07,327.6
"1001_Winning_Chess_Sacrifices_and_Combinations,_Fred_Reinfeld,_Bruce_hq.pdf",1,aspecto,0.0,0.0,60.22,174.44,267.38,209.78,327.6
"1001_Winning_Chess_Sacrifices_and_Combinations,_Fred_Reinfeld,_Bruce_hq.pdf",1,aspecto,0.0,0.0,60.22,135.49,267.38,171.16,327.6
"1001_Winning_Chess_Sacrifices_and_Combinations,_Fred_Reinfeld,_Bruce_hq.pdf",1,aspecto,0.0,0.0,175.75,413.67,264.44,589.42,330.55
"1001_Winning_Chess_Sacrifices_and_Combinations,_Fred_Reinfeld,_Bruce_hq.pdf",1,aspecto,0.0,0.0,183.27,228.44,264.44,411.71,330.55
"1001_Winning_Chess_Sacrifices_and_Combinations,_Fred_Reinfeld,_Bruce_hq.pdf",1,aspecto,0.0,0.0,203.89,9.16,264.44,213.05,330.55
"1001_Winning_Chess_Sacrifices_and_Combinations,_Fred_Reinfeld,_Bruce_hq.pdf",1,aspecto,0.0,0.0,113.89,9.16,198.0,123.05,249.38
"1001_Winning_Chess_Sacrifices_and_Combinations,_Fred_Reinfeld,_Bruce_hq.pdf",1,aspecto,0.0,0.0,200.95,134.51,197.35,335.45,251.35
"1001_Winning_Chess_Sacrifices_and_Combinations,_Fred_Reinfeld,_Bruce_hq.pdf",1,aspecto,0.0,0.0,125.02,457.53,96.55,582.55,115.53
"1001_Winning_Chess_Sacrifices_and_Combinations,_Fred_Reinfeld,_Bruce_hq.pdf",1,aspecto,0.0,0.0,143.67,311.56,95.24,455.24,117.49
"1001_Winning_Chess_Sacrifices_and_Combinations,_Fred_Reinfeld,_Bruce_hq.pdf",1,aspecto,0.0,0.0,290.95,16.36,96.55,307.31,115.53
"1001_Winning_Chess_Sacrifices_and_Combinations,_Fred_Reinfeld,_Bruce_hq.pdf",1,aspecto,0.0,0.0,611.67,0.0,0.0,611.67,77.89
"1001_Winning_Chess_Sacrifices_and_Combinations,_Fred_Reinfeld,_Bruce_hq.pdf",1,score-baixo,0.0216,0.0,53.67,8.51,196.69,59.89,250.36
"1001_Winning_Chess_Sacrifices_and_Combinations,_Fred_Reinfeld,_Bruce_hq.pdf",1,score-baixo,0.0133,0.0,89.02,351.16,4.25,440.18,74.62
"1001_Winning_Chess_Sacrifices_and_Combinations,_Fred_Reinfeld,_Bruce_hq.pdf",1,score-baixo,0.0092,0.0,62.18,135.82,198.98,198.0,249.71
"1001_Winning_Chess_Sacrifices_and_Combinations,_Fred_Reinfeld,_Bruce_hq.pdf",1,score-baixo,0.0067,0.0,56.95,138.44,201.6,195.38,247.09
"1001_Winning_Chess_Sacrifices_and_Combinations,_Fred_Reinfeld,_Bruce_hq.pdf",1,score-baixo,0.0059,0.0,54.0,386.84,535.09,440.84,578.62
"1001_Winning_Chess_Sacrifices_and_Combinations,_Fred_Reinfeld,_Bruce_hq.pdf",1,score-baixo,0.002,0.0,58.91,267.38,267.71,309.93,326.62
"1001_Winning_Chess_Sacrifices_and_Combinations,_Fred_Reinfeld,_Bruce_hq.pdf",1,score-baixo,0.0016,0.0,58.91,160.04,402.22,201.93,461.13
"1001_Winning_Chess_Sacrifices_and_Combinations,_Fred_Reinfeld,_Bruce_hq.pdf",1,score-baixo,0.0015,0.0,61.53,379.31,535.09,440.84,578.62
"1001_Winning_Chess_Sacrifices_and_Combinations,_Fred_Reinfeld,_Bruce_hq.pdf",1,score-baixo,0.0009,0.0,58.91,305.35,402.22,346.25,461.13
"1001_Winning_Chess_Sacrifices_and_Combinations,_Fred_Reinfeld,_Bruce_hq.pdf",1,score-baixo,0.0002,0.0,58.91,354.11,267.71,392.73,326.62
"1001_Winning_Chess_Sacrifices_and_Combinations,_Fred_Reinfeld,_Bruce_hq.pdf",1,score-baixo,0.0001,0.0,59.89,116.84,401.89,155.13,461.78
"1001_Winning_Chess_Sacrifices_and_Combinations,_Fred_Reinfeld,_Bruce_hq.pdf",1,score-baixo,0.0001,0.0,59.89,403.2,401.89,441.49,461.78
"1001_Winning_Chess_Sacrifices_and_Combinations,_Fred_Reinfeld,_Bruce_hq.pdf",1,score-baixo,0.0,0.0,58.91,54.33,267.71,91.96,326.62
"1001_Winning_Chess_Sacrifices_and_Combinations,_Fred_Reinfeld,_Bruce_hq.pdf",1,score-baixo,0.0,0.0,60.55,470.95,267.05,509.56,327.6
"1001_Winning_Chess_Sacrifices_and_Combinations,_Fred_Reinfeld,_Bruce_hq.pdf",1,score-baixo,0.0,0.0,60.55,310.91,267.05,349.53,327.6
"1001_Winning_Chess_Sacrifices_and_Combinations,_Fred_Reinfeld,_Bruce_hq.pdf",1,score-baixo,0.0,0.0,60.55,11.45,267.05,50.07,327.6
"1001_Winning_Chess_Sacrifices_and_Combinations,_Fred_Reinfeld,_Bruce_hq.pdf",1,score-baixo,0.0,0.0,68.4,247.09,343.96,315.49,386.84
"1001_Winning_Chess_Sacrifices_and_Combinations,_Fred_Reinfeld,_Bruce_hq.pdf",2,aspecto,0.0,0.0,175.09,323.35,625.42,498.44,646.04
"1001_Winning_Chess_Sacrifices_and_Combinations,_Fred_Reinfeld,_Bruce_hq.pdf",2,aspecto,0.0,0.0,128.62,330.55,397.64,459.16,452.62
"1001_Winning_Chess_Sacrifices_and_Combinations,_Fred_Reinfeld,_Bruce_hq.pdf",2,aspecto,0.0,0.0,193.09,142.69,397.64,335.78,452.29
"1001_Winning_Chess_Sacrifices_and_Combinations,_Fred_Reinfeld,_Bruce_hq.pdf",2,aspecto,0.0,0.0,253.96,251.02,287.35,504.98,342.33
"1001_Winning_Chess_Sacrifices_and_Combinations,_Fred_Reinfeld,_Bruce_hq.pdf",2,aspecto,0.0,0.0,144.65,96.55,287.35,241.2,342.33
"1001_Winning_Chess_Sacrifices_and_Combinations,_Fred_Reinfeld,_Bruce_hq.pdf",2,aspecto,0.0,0.0,191.78,308.29,150.55,500.07,167.89
"1001_Winning_Chess_Sacrifices_and_Combinations,_Fred_Reinfeld,_Bruce_hq.pdf",2,aspecto,0.0,0.0,205.53,102.11,150.22,307.64,166.58
"1001_Winning_Chess_Sacrifices_and_Combinations,_Fred_Reinfeld,_Bruce_hq.pdf",2,aspecto,0.0,0.0,175.09,323.35,625.42,498.44,646.04
"1001_Winning_Chess_Sacrifices_and_Combinations,_Fred_Reinfeld,_Bruce_hq.pdf",2,aspecto,0.0,0.0,128.62,330.55,397.64,459.16,452.62
"1001_Winning_Chess_Sacrifices_and_Combinations,_Fred_Reinfeld,_Bruce_hq.pdf",2,aspecto,0.0,0.0,193.09,142.69,397.64,335.78,452.29
"1001_Winning_Chess_Sacrifices_and_Combinations,_Fred_Reinfeld,_Bruce_hq.pdf",2,aspecto,0.0,0.0,253.96,251.02,287.35,504.98,342.33
"1001_Winning_Chess_Sacrifices_and_Combinations,_Fred_Reinfeld,_Bruce_hq.pdf",2,aspecto,0.0,0.0,144.65,96.55,287.35,241.2,342.33
"1001_Winning_Chess_Sacrifices_and_Combinations,_Fred_Reinfeld,_Bruce_hq.pdf",2,aspecto,0.0,0.0,398.29,101.78,149.89,500.07,167.89
"1001_Winning_Chess_Sacrifices_and_Combinations,_Fred_Reinfeld,_Bruce_hq.pdf",2,area-relativa,0.0282,0.0,60.22,203.24,659.45,263.45,715.75
"1001_Winning_Chess_Sacrifices_and_Combinations,_Fred_Reinfeld,_Bruce_hq.pdf",2,area-relativa,0.0273,0.0,59.89,203.24,75.93,263.13,132.87
"1001_Winning_Chess_Sacrifices_and_Combinations,_Fred_Reinfeld,_Bruce_hq.pdf",2,area-relativa,0.027,0.0,59.89,338.4,659.45,398.29,715.42
"1001_Winning_Chess_Sacrifices_and_Combinations,_Fred_Reinfeld,_Bruce_hq.pdf",2,area-relativa,0.026,0.0,59.89,338.4,76.25,398.29,132.55
"1001_Winning_Chess_Sacrifices_and_Combinations,_Fred_Reinfeld,_Bruce_hq.pdf",2,area-relativa,0.0024,0.0,56.29,474.87,659.13,516.44,715.42
"1001_Winning_Chess_Sacrifices_and_Combinations,_Fred_Reinfeld,_Bruce_hq.pdf",2,area-relativa,0.0018,0.0,56.62,475.53,76.25,516.44,132.87
"1001_Winning_Chess_Sacrifices_and_Combinations,_Fred_Reinfeld,_Bruce_hq.pdf",2,score-baixo,0.0071,0.0,647.67,91.31,72.0,520.36,719.67
"1001_Winning_Chess_Sacrifices_and_Combinations,_Fred_Reinfeld,_Bruce_hq.pdf",2,sem-contraste-de-casa,0.5,0.0,520.36,92.62,135.82,519.05,656.18
"1001_Winning_Chess_Sacrifices_and_Combinations,_Fred_Reinfeld,_Bruce_hq.pdf",3,score-baixo,0.0089,0.0,63.82,275.24,518.07,326.95,581.89
"1001_Winning_Chess_Sacrifices_and_Combinations,_Fred_Reinfeld,_Bruce_hq.pdf",3,score-baixo,0.0052,0.0,56.29,279.49,522.0,323.67,578.29
"1001_Winning_Chess_Sacrifices_and_Combinations,_Fred_Reinfeld,_Bruce_hq.pdf",4,aspecto,0.0,0.0,176.73,216.98,625.09,393.71,639.49
"1001_Winning_Chess_Sacrifices_and_Combinations,_Fred_Reinfeld,_Bruce_hq.pdf",4,aspecto,0.0,0.0,210.11,200.62,602.84,410.73,616.91
"1001_Winning_Chess_Sacrifices_and_Combinations,_Fred_Reinfeld,_Bruce_hq.pdf",4,aspecto,0.0,0.0,176.73,216.98,624.44,393.71,639.49
"1001_Winning_Chess_Sacrifices_and_Combinations,_Fred_Reinfeld,_Bruce_hq.pdf",4,aspecto,0.0,0.0,210.11,200.62,602.84,410.73,616.91
"1001_Winning_Chess_Sacrifices_and_Combinations,_Fred_Reinfeld,_Bruce_hq.pdf",5,score-baixo,0.0094,0.0,63.49,279.82,80.18,331.53,143.67
"1001_Winning_Chess_Sacrifices_and_Combinations,_Fred_Reinfeld,_Bruce_hq.pdf",5,score-baixo,0.0056,0.0,55.96,284.07,84.11,328.25,140.07
"1001_Winning_Chess_Sacrifices_and_Combinations,_Fred_Reinfeld,_Bruce_hq.pdf",6,aspecto,0.0,0.0,225.49,71.67,640.15,297.16,652.58
"1001_Winning_Chess_Sacrifices_and_Combinations,_Fred_Reinfeld,_Bruce_hq.pdf",6,aspecto,0.0,0.0,181.96,71.67,550.15,253.64,562.58
"1001_Winning_Chess_Sacrifices_and_Combinations,_Fred_Reinfeld,_Bruce_hq.pdf",6,aspecto,0.0,0.0,194.07,71.67,460.15,265.75,472.58
"1001_Winning_Chess_Sacrifices_and_Combinations,_Fred_Reinfeld,_Bruce_hq.pdf",6,aspecto,0.0,0.0,179.67,71.67,438.22,251.35,451.64
"1001_Winning_Chess_Sacrifices_and_Combinations,_Fred_Reinfeld,_Bruce_hq.pdf",6,aspecto,0.0,0.0,155.78,71.35,369.82,227.13,384.55
"1001_Winning_Chess_Sacrifices_and_Combinations,_Fred_Reinfeld,_Bruce_hq.pdf",6,aspecto,0.0,0.0,167.89,71.67,348.22,239.56,360.0
"1001_Winning_Chess_Sacrifices_and_Combinations,_Fred_Reinfeld,_Bruce_hq.pdf",6,aspecto,0.0,0.0,261.16,94.25,190.15,355.42,202.58
"1001_Winning_Chess_Sacrifices_and_Combinations,_Fred_Reinfeld,_Bruce_hq.pdf",6,aspecto,0.0,0.0,214.36,93.93,167.24,308.29,181.96
"1001_Winning_Chess_Sacrifices_and_Combinations,_Fred_Reinfeld,_Bruce_hq.pdf",6,aspecto,0.0,0.0,247.09,94.25,145.31,341.35,159.38
"1001_Winning_Chess_Sacrifices_and_Combinations,_Fred_Reinfeld,_Bruce_hq.pdf",6,aspecto,0.0,0.0,225.49,71.67,640.15,297.16,652.58
"1001_Winning_Chess_Sacrifices_and_Combinations,_Fred_Reinfeld,_Bruce_hq.pdf",6,aspecto,0.0,0.0,142.69,71.67,617.56,214.36,631.64
"1001_Winning_Chess_Sacrifices_and_Combinations,_Fred_Reinfeld,_Bruce_hq.pdf",6,aspecto,0.0,0.0,181.96,71.67,550.15,253.64,562.58
"1001_Winning_Chess_Sacrifices_and_Combinations,_Fred_Reinfeld,_Bruce_hq.pdf",6,aspecto,0.0,0.0,194.07,71.67,460.15,265.75,472.58
"1001_Winning_Chess_Sacrifices_and_Combinations,_Fred_Reinfeld,_Bruce_hq.pdf",6,aspecto,0.0,0.0,180.0,71.35,437.24,251.35,451.96
"1001_Winning_Chess_Sacrifices_and_Combinations,_Fred_Reinfeld,_Bruce_hq.pdf",6,aspecto,0.0,0.0,155.78,71.35,369.49,227.13,384.55
"1001_Winning_Chess_Sacrifices_and_Combinations,_Fred_Reinfeld,_Bruce_hq.pdf",6,aspecto,0.0,0.0,167.89,71.67,347.56,239.56,360.0
"1001_Winning_Chess_Sacrifices_and_Combinations,_Fred_Reinfeld,_Bruce_hq.pdf",6,aspecto,0.0,0.0,261.16,94.25,190.15,355.42,202.58
"1001_Winning_Chess_Sacrifices_and_Combinations,_Fred_Reinfeld,_Bruce_hq.pdf",6,aspecto,0.0,0.0,214.04,94.25,167.56,308.29,181.64
"1001_Winning_Chess_Sacrifices_and_Combinations,_Fred_Reinfeld,_Bruce_hq.pdf",6,aspecto,0.0,0.0,247.09,94.25,145.31,341.35,159.38
"1001_Winning_Chess_Sacrifices_and_Combinations,_Fred_Reinfeld,_Bruce_hq.pdf",518,perdeu-para-embutido,0.5,0.0,281.45,169.53,149.89,441.49,431.35
1937 Kemeri.pdf,1,aspecto,0.0,0.0,98.12,405.25,496.17,418.98,594.3
1937 Kemeri.pdf,1,aspecto,0.0,0.0,77.84,399.03,343.1,418.33,420.95
1937 Kemeri.pdf,2,aspecto,0.0,0.0,63.78,2.62,281.29,21.59,345.06
1937 Kemeri.pdf,2,aspecto,0.0,0.0,71.63,-1.31,203.11,21.91,274.74
1937 Kemeri.pdf,2,aspecto,0.0,0.0,149.15,232.22,3.92,381.37,14.39
1937 Kemeri.pdf,2,aspecto,0.0,0.0,306.8,77.52,0.33,384.31,5.23
1937 Kemeri.pdf,2,aspecto,0.0,0.0,289.13,73.59,641.4,362.73,649.9
1937 Kemeri.pdf,2,aspecto,0.0,0.0,142.93,0.98,506.64,17.66,649.57
1937 Kemeri.pdf,2,aspecto,0.0,0.0,67.38,2.62,281.29,21.59,348.66
1937 Kemeri.pdf,2,aspecto,0.0,0.0,365.67,15.7,2.62,381.37,14.39
1937 Kemeri.pdf,4,aspecto,0.0,0.0,105.65,261.67,253.82,367.32,309.75
1937 Kemeri.pdf,4,aspecto,0.0,0.0,105.65,261.67,253.49,367.32,309.75
1937 Kemeri.pdf,4,perdeu-para-embutido,0.5,0.0,141.63,108.59,281.62,250.22,420.63
1937 Kemeri.pdf,5,aspecto,0.0,0.0,47.75,199.85,250.88,247.6,276.39
1937 Kemeri.pdf,5,score-baixo,0.0444,0.0,64.11,191.35,226.02,255.45,290.13
1937 Kemeri.pdf,5,score-baixo,0.0387,0.0,55.93,196.25,227.0,251.86,282.93
1937 Kemeri.pdf,68,perdeu-para-embutido,0.5,0.0,140.97,49.39,150.46,190.36,291.43
1937 Kemeri.pdf,134,aspecto,0.0,0.0,71.3,5.89,374.84,77.19,393.16
1937 Kemeri.pdf,134,aspecto,0.0,0.0,67.71,186.11,369.28,253.82,393.49
1937 Kemeri.pdf,134,aspecto,0.0,0.0,122.33,102.71,359.8,225.04,395.78
1937 Kemeri.pdf,134,aspecto,0.0,0.0,69.02,59.86,356.52,128.87,383.02
1937 Kemeri.pdf,134,aspecto,0.0,0.0,102.71,181.21,234.52,283.91,282.93
1937 Kemeri.pdf,134,aspecto,0.0,0.0,123.97,5.89,182.51,129.85,193.31
1937 Kemeri.pdf,134,aspecto,0.0,0.0,88.31,333.3,166.49,379.42,254.8
1937 Kemeri.pdf,134,aspecto,0.0,0.0,108.27,5.89,372.88,114.15,393.16
1937 Kemeri.pdf,134,aspecto,0.0,0.0,120.04,104.34,362.74,224.38,392.83
1937 Kemeri.pdf,134,aspecto,0.0,0.0,68.69,60.18,356.85,128.87,381.38
1937 Kemeri.pdf,134,aspecto,0.0,0.0,104.67,179.57,232.89,284.24,285.87
1937 Kemeri.pdf,134,aspecto,0.0,0.0,78.5,110.23,213.59,188.73,233.54
1937 Kemeri.pdf,134,aspecto,0.0,0.0,123.97,5.89,182.51,129.85,193.31
1937 Kemeri.pdf,134,aspecto,0.0,0.0,176.95,202.47,166.49,379.42,254.8
1937 Kemeri.pdf,134,score-baixo,0.0165,0.0,133.12,-33.36,188.07,66.07,321.2
1937 Kemeri.pdf,157,perdeu-para-embutido,0.5,0.0,141.96,39.58,71.3,181.53,212.28
1937 Kemeri.pdf,179,aspecto,0.0,0.0,486.38,194.29,49.39,198.54,535.77
1937 Kemeri.pdf,179,perdeu-para-embutido,0.5,0.0,142.28,42.19,68.36,184.48,209.99
1937 Kemeri.pdf,201,aspecto,0.0,0.0,486.05,200.83,47.75,203.12,533.81
1937 Kemeri.pdf,201,aspecto,0.0,0.0,486.05,200.83,47.75,203.12,533.81
1937 Kemeri.pdf,201,perdeu-para-embutido,0.5,0.0,141.96,48.08,355.22,190.04,495.86
1937 Kemeri.pdf,246,aspecto,0.0,0.0,485.4,193.31,51.68,195.27,537.08
1937 Kemeri.pdf,246,aspecto,0.0,0.0,485.4,193.31,51.68,195.27,537.08
1937 Kemeri.pdf,246,perdeu-para-embutido,0.5,0.0,141.63,207.37,72.61,349.0,214.24
1937 Kemeri.pdf,268,aspecto,0.0,0.0,484.09,194.29,52.99,196.58,537.08
1937 Kemeri.pdf,268,perdeu-para-embutido,0.5,0.0,137.38,210.32,333.96,347.69,471.33
400 Quebra-cabeças de Estratégia de Xadrez.pdf,1,aspecto,0.0,0.0,131.17,83.08,772.94,214.25,797.15
400 Quebra-cabeças de Estratégia de Xadrez.pdf,1,aspecto,0.0,0.0,100.09,216.87,771.96,316.96,806.96
400 Quebra-cabeças de Estratégia de Xadrez.pdf,1,aspecto,0.0,0.0,99.44,391.54,725.84,490.98,768.04
400 Quebra-cabeças de Estratégia de Xadrez.pdf,1,aspecto,0.0,0.0,72.94,358.5,380.09,431.45,412.8
400 Quebra-cabeças de Estratégia de Xadrez.pdf,1,aspecto,0.0,0.0,81.12,25.51,332.34,67.06,413.46
400 Quebra-cabeças de Estratégia de Xadrez.pdf,1,aspecto,0.0,0.0,68.36,165.51,327.76,233.88,364.72
400 Quebra-cabeças de Estratégia de Xadrez.pdf,1,aspecto,0.0,0.0,61.82,133.46,233.88,167.48,295.7
400 Quebra-cabeças de Estratégia de Xadrez.pdf,1,aspecto,0.0,0.0,67.06,130.84,231.26,170.09,298.32
400 Quebra-cabeças de Estratégia de Xadrez.pdf,1,aspecto,0.0,0.0,63.13,284.25,164.86,318.27,227.99
400 Quebra-cabeças de Estratégia de Xadrez.pdf,1,aspecto,0.0,0.0,68.04,281.96,162.57,320.89,230.61
400 Quebra-cabeças de Estratégia de Xadrez.pdf,1,aspecto,0.0,0.0,61.82,405.93,150.14,439.3,211.96
400 Quebra-cabeças de Estratégia de Xadrez.pdf,1,aspecto,0.0,0.0,61.17,47.1,150.14,81.45,211.31
400 Quebra-cabeças de Estratégia de Xadrez.pdf,1,aspecto,0.0,0.0,67.38,402.34,147.52,441.92,214.91
400 Quebra-cabeças de Estratégia de Xadrez.pdf,1,aspecto,0.0,0.0,236.5,43.83,145.23,280.33,216.87
400 Quebra-cabeças de Estratégia de Xadrez.pdf,1,aspecto,0.0,0.0,62.48,297.66,81.45,331.68,143.93
400 Quebra-cabeças de Estratégia de Xadrez.pdf,1,aspecto,0.0,0.0,68.36,294.07,78.5,334.95,146.87
400 Quebra-cabeças de Estratégia de Xadrez.pdf,1,aspecto,0.0,0.0,100.42,337.24,78.5,437.66,131.17
400 Quebra-cabeças de Estratégia de Xadrez.pdf,1,aspecto,0.0,0.0,61.17,131.82,67.06,168.46,128.22
400 Quebra-cabeças de Estratégia de Xadrez.pdf,1,aspecto,0.0,0.0,61.17,87.99,67.06,124.63,128.22
400 Quebra-cabeças de Estratégia de Xadrez.pdf,1,aspecto,0.0,0.0,62.15,496.87,66.4,530.89,128.55
400 Quebra-cabeças de Estratégia de Xadrez.pdf,1,aspecto,0.0,0.0,61.17,195.28,66.4,229.3,127.57
400 Quebra-cabeças de Estratégia de Xadrez.pdf,1,aspecto,0.0,0.0,130.19,41.21,63.79,171.4,131.5
400 Quebra-cabeças de Estratégia de Xadrez.pdf,1,aspecto,0.0,0.0,68.04,492.94,63.13,534.16,131.17
400 Quebra-cabeças de Estratégia de Xadrez.pdf,1,aspecto,0.0,0.0,139.67,387.62,19.63,527.29,44.49
400 Quebra-cabeças de Estratégia de Xadrez.pdf,1,aspecto,0.0,0.0,145.56,385.0,16.68,530.56,46.78
400 Quebra-cabeças de Estratégia de Xadrez.pdf,1,aspecto,0.0,0.0,131.17,83.08,772.94,214.25,797.15
400 Quebra-cabeças de Estratégia de Xadrez.pdf,1,aspecto,0.0,0.0,100.09,216.87,771.96,316.96,806.96
400 Quebra-cabeças de Estratégia de Xadrez.pdf,1,aspecto,0.0,0.0,99.44,391.54,725.84,490.98,768.04
400 Quebra-cabeças de Estratégia de Xadrez.pdf,1,aspecto,0.0,0.0,72.94,358.5,380.09,431.45,412.8
400 Quebra-cabeças de Estratégia de Xadrez.pdf,1,aspecto,0.0,0.0,68.36,165.51,327.76,233.88,364.72
400 Quebra-cabeças de Estratégia de Xadrez.pdf,1,aspecto,0.0,0.0,105.65,364.39,249.91,426.54,355.56
400 Quebra-cabeças de Estratégia de Xadrez.pdf,1,aspecto,0.0,0.0,102.06,173.36,246.64,275.42,298.32
400 Quebra-cabeças de Estratégia de Xadrez.pdf,1,aspecto,0.0,0.0,61.82,133.46,233.88,167.48,295.7
400 Quebra-cabeças de Estratégia de Xadrez.pdf,1,aspecto,0.0,0.0,67.06,130.84,231.26,170.09,298.32
400 Quebra-cabeças de Estratégia de Xadrez.pdf,1,aspecto,0.0,0.0,63.13,284.25,164.86,318.27,227.99
400 Quebra-cabeças de Estratégia de Xadrez.pdf,1,aspecto,0.0,0.0,68.04,281.96,162.57,320.89,230.61
400 Quebra-cabeças de Estratégia de Xadrez.pdf,1,aspecto,0.0,0.0,61.82,405.93,150.14,439.3,211.96
400 Quebra-cabeças de Estratégia de Xadrez.pdf,1,aspecto,0.0,0.0,61.17,47.43,150.14,81.45,211.31
400 Quebra-cabeças de Estratégia de Xadrez.pdf,1,aspecto,0.0,0.0,67.38,402.34,147.52,441.92,214.91
400 Quebra-cabeças de Estratégia de Xadrez.pdf,1,aspecto,0.0,0.0,236.5,43.83,145.23,280.33,216.87
400 Quebra-cabeças de Estratégia de Xadrez.pdf,1,aspecto,0.0,0.0,62.48,297.66,81.45,331.68,143.93
400 Quebra-cabeças de Estratégia de Xadrez.pdf,1,aspecto,0.0,0.0,68.36,294.07,78.5,334.95,146.87
400 Quebra-cabeças de Estratégia de Xadrez.pdf,1,aspecto,0.0,0.0,100.42,337.24,78.5,437.66,131.17
400 Quebra-cabeças de Estratégia de Xadrez.pdf,1,aspecto,0.0,0.0,61.17,131.82,67.06,168.46,128.22
400 Quebra-cabeças de Estratégia de Xadrez.pdf,1,aspecto,0.0,0.0,61.17,87.99,67.06,124.63,128.22
400 Quebra-cabeças de Estratégia de Xadrez.pdf,1,aspecto,0.0,0.0,62.48,496.54,66.07,530.89,128.55
400 Quebra-cabeças de Estratégia de Xadrez.pdf,1,aspecto,0.0,0.0,61.17,195.28,66.4,229.3,127.57
400 Quebra-cabeças de Estratégia de Xadrez.pdf,1,aspecto,0.0,0.0,130.19,41.21,63.79,171.4,131.5
400 Quebra-cabeças de Estratégia de Xadrez.pdf,1,aspecto,0.0,0.0,139.67,387.62,19.63,527.29,44.49
400 Quebra-cabeças de Estratégia de Xadrez.pdf,1,aspecto,0.0,0.0,145.56,385.0,16.68,530.56,46.78
400 Quebra-cabeças de Estratégia de Xadrez.pdf,1,score-baixo,0.0398,0.0,83.74,73.6,658.79,157.34,738.93
400 Quebra-cabeças de Estratégia de Xadrez.pdf,1,score-baixo,0.0376,0.0,94.53,140.98,577.01,233.55,671.54
400 Quebra-cabeças de Estratégia de Xadrez.pdf,1,score-baixo,0.0274,0.0,72.94,155.7,650.28,228.64,718.97
400 Quebra-cabeças de Estratégia de Xadrez.pdf,1,score-baixo,0.0202,0.0,67.71,324.16,147.52,383.04,215.23
400 Quebra-cabeças de Estratégia de Xadrez.pdf,1,score-baixo,0.0195,0.0,70.33,62.8,398.41,130.51,468.74
400 Quebra-cabeças de Estratégia de Xadrez.pdf,1,score-baixo,0.0177,0.0,82.43,493.27,63.13,575.7,131.5
400 Quebra-cabeças de Estratégia de Xadrez.pdf,1,score-baixo,0.016,0.0,80.47,192.01,63.46,272.48,130.51
400 Quebra-cabeças de Estratégia de Xadrez.pdf,1,score-baixo,0.0103,0.0,53.32,340.51,81.78,393.83,127.9
400 Quebra-cabeças de Estratégia de Xadrez.pdf,1,score-baixo,0.0099,0.0,87.01,41.87,230.93,128.88,298.32
400 Quebra-cabeças de Estratégia de Xadrez.pdf,1,score-baixo,0.0083,0.0,79.16,32.06,592.71,111.21,658.13
400 Quebra-cabeças de Estratégia de Xadrez.pdf,1,score-baixo,0.008,0.0,83.08,368.32,256.12,437.66,339.21
400 Quebra-cabeças de Estratégia de Xadrez.pdf,1,score-baixo,0.0066,0.0,66.4,173.36,246.64,239.77,298.32
400 Quebra-cabeças de Estratégia de Xadrez.pdf,1,score-baixo,0.0059,0.0,94.53,333.32,752.99,427.85,825.93
400 Quebra-cabeças de Estratégia de Xadrez.pdf,1,score-baixo,0.0037,0.0,52.34,443.88,162.57,484.11,214.91
400 Quebra-cabeças de Estratégia de Xadrez.pdf,1,score-baixo,0.0035,0.0,61.5,42.85,233.55,89.3,295.05
400 Quebra-cabeças de Estratégia de Xadrez.pdf,1,score-baixo,0.0035,0.0,52.99,535.14,78.5,575.7,131.5
400 Quebra-cabeças de Estratégia de Xadrez.pdf,1,score-baixo,0.0034,0.0,90.28,23.22,328.74,90.28,419.02
400 Quebra-cabeças de Estratégia de Xadrez.pdf,1,score-baixo,0.0027,0.0,76.87,169.11,368.64,245.98,423.93
400 Quebra-cabeças de Estratégia de Xadrez.pdf,1,score-baixo,0.0018,0.0,80.79,27.48,334.3,86.03,415.09
400 Quebra-cabeças de Estratégia de Xadrez.pdf,1,score-baixo,0.0011,0.0,95.19,364.07,245.33,429.81,340.51
400 Quebra-cabeças de Estratégia de Xadrez.pdf,1,score-baixo,0.0,0.0,59.86,43.83,67.71,81.45,127.57
400 Quebra-cabeças de Estratégia de Xadrez.pdf,2,aspecto,0.0,0.0,117.16,239.23,302.39,356.39,322.35
400 Quebra-cabeças de Estratégia de Xadrez.pdf,2,aspecto,0.0,0.0,117.16,239.23,302.39,356.39,322.35
400 Quebra-cabeças de Estratégia de Xadrez.pdf,3,aspecto,0.0,0.0,178.03,76.58,593.0,254.61,606.09
400 Quebra-cabeças de Estratégia de Xadrez.pdf,3,aspecto,0.0,0.0,172.47,76.58,543.58,249.05,556.34
400 Quebra-cabeças de Estratégia de Xadrez.pdf,3,aspecto,0.0,0.0,169.85,76.58,617.54,246.43,630.63
400 Quebra-cabeças de Estratégia de Xadrez.pdf,3,aspecto,0.0,0.0,178.03,76.58,593.0,254.61,606.09
400 Quebra-cabeças de Estratégia de Xadrez.pdf,3,aspecto,0.0,0.0,185.23,76.58,568.12,261.81,581.22
400 Quebra-cabeças de Estratégia de Xadrez.pdf,3,aspecto,0.0,0.0,172.47,76.58,543.58,249.05,556.34
400 Quebra-cabeças de Estratégia de Xadrez.pdf,3,aspecto,0.0,0.0,157.09,130.9,493.51,287.99,506.6
400 Quebra-cabeças de Estratégia de Xadrez.pdf,102,score-baixo,0.001,0.0,71.34,296.17,161.67,344.93,233.01
400 Quebra-cabeças de Estratégia de Xadrez.pdf,102,score-baixo,0.0009,0.0,72.65,224.17,135.49,296.83,184.9
400 Quebra-cabeças de Estratégia de Xadrez.pdf,203,score-baixo,0.0131,0.0,92.61,253.3,121.41,331.52,214.03
400 Quebra-cabeças de Estratégia de Xadrez.pdf,203,score-baixo,0.0006,0.0,72.65,248.06,207.48,320.72,256.25
400 Quebra-cabeças de Estratégia de Xadrez.pdf,303,score-baixo,0.0092,0.0,96.21,272.61,111.92,344.93,208.14
400 Quebra-cabeças de Estratégia de Xadrez.pdf,505,score-baixo,0.0288,0.0,48.76,248.06,183.92,296.83,232.68
400 Quebra-cabeças de Estratégia de Xadrez.pdf,706,score-baixo,0.0005,0.0,72.65,248.06,160.03,320.72,208.47
400 Quebra-cabeças de Estratégia de Xadrez.pdf,1009,score-baixo,0.0007,0.0,72.65,272.61,135.81,321.37,208.47
400 Quebra-cabeças de Estratégia de Xadrez.pdf,1109,score-baixo,0.0263,0.0,49.42,320.39,207.81,368.82,257.23
400 Quebra-cabeças de Estratégia de Xadrez_Martin_Kravtsiv_hq.pdf,1,aspecto,0.0,0.0,131.17,83.08,772.94,214.25,797.15
400 Quebra-cabeças de Estratégia de Xadrez_Martin_Kravtsiv_hq.pdf,1,aspecto,0.0,0.0,100.09,216.87,771.96,316.96,806.96
400 Quebra-cabeças de Estratégia de Xadrez_Martin_Kravtsiv_hq.pdf,1,aspecto,0.0,0.0,99.44,391.54,725.84,490.98,768.04
400 Quebra-cabeças de Estratégia de Xadrez_Martin_Kravtsiv_hq.pdf,1,aspecto,0.0,0.0,182.2,211.31,692.8,393.5,743.18
400 Quebra-cabeças de Estratégia de Xadrez_Martin_Kravtsiv_hq.pdf,1,aspecto,0.0,0.0,165.19,41.54,659.44,206.73,740.89
400 Quebra-cabeças de Estratégia de Xadrez_Martin_Kravtsiv_hq.pdf,1,aspecto,0.0,0.0,72.94,358.5,380.09,431.45,412.8
400 Quebra-cabeças de Estratégia de Xadrez_Martin_Kravtsiv_hq.pdf,1,aspecto,0.0,0.0,81.12,25.51,332.34,67.06,413.46
400 Quebra-cabeças de Estratégia de Xadrez_Martin_Kravtsiv_hq.pdf,1,aspecto,0.0,0.0,68.36,165.51,327.76,233.88,364.72
400 Quebra-cabeças de Estratégia de Xadrez_Martin_Kravtsiv_hq.pdf,1,aspecto,0.0,0.0,61.82,133.46,233.88,167.48,295.7
400 Quebra-cabeças de Estratégia de Xadrez_Martin_Kravtsiv_hq.pdf,1,aspecto,0.0,0.0,67.06,130.84,231.26,170.09,298.32
400 Quebra-cabeças de Estratégia de Xadrez_Martin_Kravtsiv_hq.pdf,1,aspecto,0.0,0.0,63.13,284.25,164.86,318.27,227.99
400 Quebra-cabeças de Estratégia de Xadrez_Martin_Kravtsiv_hq.pdf,1,aspecto,0.0,0.0,68.04,281.96,162.57,320.89,230.61
400 Quebra-cabeças de Estratégia de Xadrez_Martin_Kravtsiv_hq.pdf,1,aspecto,0.0,0.0,61.82,405.93,150.14,439.3,211.96
400 Quebra-cabeças de Estratégia de Xadrez_Martin_Kravtsiv_hq.pdf,1,aspecto,0.0,0.0,61.17,47.1,150.14,81.45,211.31
400 Quebra-cabeças de Estratégia de Xadrez_Martin_Kravtsiv_hq.pdf,1,aspecto,0.0,0.0,67.38,402.34,147.52,441.92,214.91
400 Quebra-cabeças de Estratégia de Xadrez_Martin_Kravtsiv_hq.pdf,1,aspecto,0.0,0.0,236.5,43.83,145.23,280.33,216.87
400 Quebra-cabeças de Estratégia de Xadrez_Martin_Kravtsiv_hq.pdf,1,aspecto,0.0,0.0,62.48,297.66,81.45,331.68,143.93
400 Quebra-cabeças de Estratégia de Xadrez_Martin_Kravtsiv_hq.pdf,1,aspecto,0.0,0.0,68.36,294.07,78.5,334.95,146.87
400 Quebra-cabeças de Estratégia de Xadrez_Martin_Kravtsiv_hq.pdf,1,aspecto,0.0,0.0,100.42,337.24,78.5,437.66,131.17
400 Quebra-cabeças de Estratégia de Xadrez_Martin_Kravtsiv_hq.pdf,1,aspecto,0.0,0.0,61.17,131.82,67.06,168.46,128.22
400 Quebra-cabeças de Estratégia de Xadrez_Martin_Kravtsiv_hq.pdf,1,aspecto,0.0,0.0,61.17,87.99,67.06,124.63,128.22
400 Quebra-cabeças de Estratégia de Xadrez_Martin_Kravtsiv_hq.pdf,1,aspecto,0.0,0.0,62.15,496.87,66.4,530.89,128.55
400 Quebra-cabeças de Estratégia de Xadrez_Martin_Kravtsiv_hq.pdf,1,aspecto,0.0,0.0,61.17,195.28,66.4,229.3,127.57
400 Quebra-cabeças de Estratégia de Xadrez_Martin_Kravtsiv_hq.pdf,1,aspecto,0.0,0.0,130.19,41.21,63.79,171.4,131.5
400 Quebra-cabeças de Estratégia de Xadrez_Martin_Kravtsiv_hq.pdf,1,aspecto,0.0,0.0,68.04,492.94,63.13,534.16,131.17
400 Quebra-cabeças de Estratégia de Xadrez_Martin_Kravtsiv_hq.pdf,1,aspecto,0.0,0.0,139.67,387.62,19.63,527.29,44.49
400 Quebra-cabeças de Estratégia de Xadrez_Martin_Kravtsiv_hq.pdf,1,aspecto,0.0,0.0,145.56,385.0,16.68,530.56,46.78
400 Quebra-cabeças de Estratégia de Xadrez_Martin_Kravtsiv_hq.pdf,1,aspecto,0.0,0.0,131.17,83.08,772.94,214.25,797.15
400 Quebra-cabeças de Estratégia de Xadrez_Martin_Kravtsiv_hq.pdf,1,aspecto,0.0,0.0,100.09,216.87,771.96,316.96,806.96
400 Quebra-cabeças de Estratégia de Xadrez_Martin_Kravtsiv_hq.pdf,1,aspecto,0.0,0.0,99.44,391.54,725.84,490.98,768.04
400 Quebra-cabeças de Estratégia de Xadrez_Martin_Kravtsiv_hq.pdf,1,aspecto,0.0,0.0,182.2,211.31,692.8,393.5,743.18
400 Quebra-cabeças de Estratégia de Xadrez_Martin_Kravtsiv_hq.pdf,1,aspecto,0.0,0.0,165.19,41.54,659.44,206.73,740.89
400 Quebra-cabeças de Estratégia de Xadrez_Martin_Kravtsiv_hq.pdf,1,aspecto,0.0,0.0,72.94,358.5,380.09,431.45,412.8
400 Quebra-cabeças de Estratégia de Xadrez_Martin_Kravtsiv_hq.pdf,1,aspecto,0.0,0.0,68.36,165.51,327.76,233.88,364.72
400 Quebra-cabeças de Estratégia de Xadrez_Martin_Kravtsiv_hq.pdf,1,aspecto,0.0,0.0,105.65,364.39,249.91,426.54,355.56
400 Quebra-cabeças de Estratégia de Xadrez_Martin_Kravtsiv_hq.pdf,1,aspecto,0.0,0.0,102.06,173.36,246.64,275.42,298.32
400 Quebra-cabeças de Estratégia de Xadrez_Martin_Kravtsiv_hq.pdf,1,aspecto,0.0,0.0,61.82,133.46,233.88,167.48,295.7
400 Quebra-cabeças de Estratégia de Xadrez_Martin_Kravtsiv_hq.pdf,1,aspecto,0.0,0.0,67.06,130.84,231.26,170.09,298.32
400 Quebra-cabeças de Estratégia de Xadrez_Martin_Kravtsiv_hq.pdf,1,aspecto,0.0,0.0,63.13,284.25,164.86,318.27,227.99
400 Quebra-cabeças de Estratégia de Xadrez_Martin_Kravtsiv_hq.pdf,1,aspecto,0.0,0.0,68.04,281.96,162.57,320.89,230.61
400 Quebra-cabeças de Estratégia de Xadrez_Martin_Kravtsiv_hq.pdf,1,aspecto,0.0,0.0,61.82,405.93,150.14,439.3,211.96
400 Quebra-cabeças de Estratégia de Xadrez_Martin_Kravtsiv_hq.pdf,1,aspecto,0.0,0.0,61.17,47.43,150.14,81.45,211.31
400 Quebra-cabeças de Estratégia de Xadrez_Martin_Kravtsiv_hq.pdf,1,aspecto,0.0,0.0,67.38,402.34,147.52,441.92,214.91
400 Quebra-cabeças de Estratégia de Xadrez_Martin_Kravtsiv_hq.pdf,1,aspecto,0.0,0.0,236.5,43.83,145.23,280.33,216.87
400 Quebra-cabeças de Estratégia de Xadrez_Martin_Kravtsiv_hq.pdf,1,aspecto,0.0,0.0,62.48,297.66,81.45,331.68,143.93
400 Quebra-cabeças de Estratégia de Xadrez_Martin_Kravtsiv_hq.pdf,1,aspecto,0.0,0.0,68.36,294.07,78.5,334.95,146.87
400 Quebra-cabeças de Estratégia de Xadrez_Martin_Kravtsiv_hq.pdf,1,aspecto,0.0,0.0,100.42,337.24,78.5,437.66,131.17
400 Quebra-cabeças de Estratégia de Xadrez_Martin_Kravtsiv_hq.pdf,1,aspecto,0.0,0.0,61.17,131.82,67.06,168.46,128.22
400 Quebra-cabeças de Estratégia de Xadrez_Martin_Kravtsiv_hq.pdf,1,aspecto,0.0,0.0,61.17,87.99,67.06,124.63,128.22
400 Quebra-cabeças de Estratégia de Xadrez_Martin_Kravtsiv_hq.pdf,1,aspecto,0.0,0.0,62.48,496.54,66.07,530.89,128.55
400 Quebra-cabeças de Estratégia de Xadrez_Martin_Kravtsiv_hq.pdf,1,aspecto,0.0,0.0,61.17,195.28,66.4,229.3,127.57
400 Quebra-cabeças de Estratégia de Xadrez_Martin_Kravtsiv_hq.pdf,1,aspecto,0.0,0.0,130.19,41.21,63.79,171.4,131.5
400 Quebra-cabeças de Estratégia de Xadrez_Martin_Kravtsiv_hq.pdf,1,aspecto,0.0,0.0,139.67,387.62,19.63,527.29,44.49
400 Quebra-cabeças de Estratégia de Xadrez_Martin_Kravtsiv_hq.pdf,1,aspecto,0.0,0.0,145.56,385.0,16.68,530.56,46.78
400 Quebra-cabeças de Estratégia de Xadrez_Martin_Kravtsiv_hq.pdf,1,score-baixo,0.0376,0.0,94.53,140.98,577.01,233.55,671.54
400 Quebra-cabeças de Estratégia de Xadrez_Martin_Kravtsiv_hq.pdf,1,score-baixo,0.0273,0.0,72.94,155.7,650.28,228.64,718.97
400 Quebra-cabeças de Estratégia de Xadrez_Martin_Kravtsiv_hq.pdf,1,score-baixo,0.0202,0.0,67.71,324.16,147.52,383.04,215.23
400 Quebra-cabeças de Estratégia de Xadrez_Martin_Kravtsiv_hq.pdf,1,score-baixo,0.0195,0.0,70.33,62.8,398.41,130.51,468.74
400 Quebra-cabeças de Estratégia de Xadrez_Martin_Kravtsiv_hq.pdf,1,score-baixo,0.0177,0.0,82.43,493.27,63.13,575.7,131.5
400 Quebra-cabeças de Estratégia de Xadrez_Martin_Kravtsiv_hq.pdf,1,score-baixo,0.016,0.0,80.47,192.01,63.46,272.48,130.51
400 Quebra-cabeças de Estratégia de Xadrez_Martin_Kravtsiv_hq.pdf,1,score-baixo,0.0103,0.0,53.32,340.51,81.78,393.83,127.9
400 Quebra-cabeças de Estratégia de Xadrez_Martin_Kravtsiv_hq.pdf,1,score-baixo,0.0099,0.0,87.01,41.87,230.93,128.88,298.32
400 Quebra-cabeças de Estratégia de Xadrez_Martin_Kravtsiv_hq.pdf,1,score-baixo,0.0083,0.0,79.16,32.06,592.71,111.21,658.13
400 Quebra-cabeças de Estratégia de Xadrez_Martin_Kravtsiv_hq.pdf,1,score-baixo,0.008,0.0,83.08,368.32,256.12,437.66,339.21
400 Quebra-cabeças de Estratégia de Xadrez_Martin_Kravtsiv_hq.pdf,1,score-baixo,0.0066,0.0,66.4,173.36,246.64,239.77,298.32
400 Quebra-cabeças de Estratégia de Xadrez_Martin_Kravtsiv_hq.pdf,1,score-baixo,0.0059,0.0,94.53,333.32,752.99,427.85,825.93
400 Quebra-cabeças de Estratégia de Xadrez_Martin_Kravtsiv_hq.pdf,1,score-baixo,0.0037,0.0,52.34,443.88,162.57,484.11,214.91
400 Quebra-cabeças de Estratégia de Xadrez_Martin_Kravtsiv_hq.pdf,1,score-baixo,0.0035,0.0,61.5,42.85,233.55,89.3,295.05
400 Quebra-cabeças de Estratégia de Xadrez_Martin_Kravtsiv_hq.pdf,1,score-baixo,0.0035,0.0,52.99,535.14,78.5,575.7,131.5
400 Quebra-cabeças de Estratégia de Xadrez_Martin_Kravtsiv_hq.pdf,1,score-baixo,0.0034,0.0,90.28,23.22,328.74,90.28,419.02
400 Quebra-cabeças de Estratégia de Xadrez_Martin_Kravtsiv_hq.pdf,1,score-baixo,0.0027,0.0,76.87,169.11,368.64,245.98,423.93
400 Quebra-cabeças de Estratégia de Xadrez_Martin_Kravtsiv_hq.pdf,1,score-baixo,0.0018,0.0,80.79,27.48,334.3,86.03,415.09
400 Quebra-cabeças de Estratégia de Xadrez_Martin_Kravtsiv_hq.pdf,1,score-baixo,0.0011,0.0,95.19,364.07,245.33,429.81,340.51
400 Quebra-cabeças de Estratégia de Xadrez_Martin_Kravtsiv_hq.pdf,1,score-baixo,0.0,0.0,59.86,43.83,67.71,81.45,127.57
400 Quebra-cabeças de Estratégia de Xadrez_Martin_Kravtsiv_hq.pdf,2,aspecto,0.0,0.0,117.16,239.23,302.39,356.39,322.35
400 Quebra-cabeças de Estratégia de Xadrez_Martin_Kravtsiv_hq.pdf,2,aspecto,0.0,0.0,117.16,239.23,302.39,356.39,322.35
400 Quebra-cabeças de Estratégia de Xadrez_Martin_Kravtsiv_hq.pdf,3,aspecto,0.0,0.0,178.03,76.58,593.0,254.61,606.09
400 Quebra-cabeças de Estratégia de Xadrez_Martin_Kravtsiv_hq.pdf,3,aspecto,0.0,0.0,172.47,76.58,543.58,249.05,556.34
400 Quebra-cabeças de Estratégia de Xadrez_Martin_Kravtsiv_hq.pdf,3,aspecto,0.0,0.0,169.85,76.58,617.54,246.43,630.63
400 Quebra-cabeças de Estratégia de Xadrez_Martin_Kravtsiv_hq.pdf,3,aspecto,0.0,0.0,178.03,76.58,593.0,254.61,606.09
400 Quebra-cabeças de Estratégia de Xadrez_Martin_Kravtsiv_hq.pdf,3,aspecto,0.0,0.0,185.23,76.58,568.12,261.81,581.22
400 Quebra-cabeças de Estratégia de Xadrez_Martin_Kravtsiv_hq.pdf,3,aspecto,0.0,0.0,172.47,76.58,543.58,249.05,556.34
400 Quebra-cabeças de Estratégia de Xadrez_Martin_Kravtsiv_hq.pdf,3,aspecto,0.0,0.0,157.09,130.9,493.51,287.99,506.6
400 Quebra-cabeças de Estratégia de Xadrez_Martin_Kravtsiv_hq.pdf,803,sobreposicao,0.2042,0.0,140.72,251.01,138.1,391.73,278.5
400 Quebra-cabeças de Estratégia de Xadrez_Martin_Kravtsiv_hq.pdf,803,score-baixo,0.0435,0.0,116.18,179.34,66.43,295.52,182.28
400 Quebra-cabeças de Estratégia de Xadrez_Martin_Kravtsiv_hq.pdf,803,score-baixo,0.0202,0.0,44.83,202.57,89.67,247.41,134.5
400 Quebra-cabeças de Estratégia de Xadrez_Martin_Kravtsiv_hq.pdf,803,score-baixo,0.0189,0.0,107.01,201.27,180.32,303.7,287.33
400 Quebra-cabeças de Estratégia de Xadrez_Martin_Kravtsiv_hq.pdf,1003,score-baixo,0.0729,0.0,163.96,178.68,66.43,342.64,230.06
400 Quebra-cabeças de Estratégia de Xadrez_Martin_Kravtsiv_hq.pdf,1003,score-baixo,0.0471,0.0,116.18,178.68,66.43,294.86,182.28
400 Quebra-cabeças de Estratégia de Xadrez_Martin_Kravtsiv_hq.pdf,1003,score-baixo,0.0211,0.0,44.83,201.92,89.67,246.75,134.5
A Matter of Endgame Technique – Jacob Aagaard.pdf,1,aspecto,0.0,0.0,128.27,197.64,476.1,265.7,604.37
A Matter of Endgame Technique – Jacob Aagaard.pdf,1,aspecto,0.0,0.0,155.76,375.32,466.28,461.7,622.04
A Matter of Endgame Technique – Jacob Aagaard.pdf,1,aspecto,0.0,0.0,154.45,373.68,465.3,452.54,619.75
A Matter of Endgame Technique – Jacob Aagaard.pdf,1,aspecto,0.0,0.0,204.84,310.2,399.53,361.9,604.37
A Matter of Endgame Technique – Jacob Aagaard.pdf,1,aspecto,0.0,0.0,214.65,306.28,395.61,365.5,610.26
A Matter of Endgame Technique – Jacob Aagaard.pdf,1,aspecto,0.0,0.0,229.05,124.34,388.73,190.77,617.79
A Matter of Endgame Technique – Jacob Aagaard.pdf,1,aspecto,0.0,0.0,207.78,34.03,386.77,100.13,594.55
A Matter of Endgame Technique – Jacob Aagaard.pdf,1,aspecto,0.0,0.0,237.89,120.74,385.13,194.04,623.02
A Matter of Endgame Technique – Jacob Aagaard.pdf,1,aspecto,0.0,0.0,216.94,30.43,383.17,103.73,600.12
A Matter of Endgame Technique – Jacob Aagaard.pdf,1,aspecto,0.0,0.0,118.78,211.06,285.99,276.83,404.77
A Matter of Endgame Technique – Jacob Aagaard.pdf,1,aspecto,0.0,0.0,126.96,205.49,282.06,280.75,409.02
A Matter of Endgame Technique – Jacob Aagaard.pdf,1,aspecto,0.0,0.0,499.99,0.0,217.93,499.99,220.87
A Matter of Endgame Technique – Jacob Aagaard.pdf,1,aspecto,0.0,0.0,78.86,303.98,109.62,321.65,188.48
A Matter of Endgame Technique – Jacob Aagaard.pdf,1,aspecto,0.0,0.0,78.86,188.15,109.62,213.02,188.48
A Matter of Endgame Technique – Jacob Aagaard.pdf,1,aspecto,0.0,0.0,78.86,165.9,109.62,185.53,188.48
A Matter of Endgame Technique – Jacob Aagaard.pdf,1,aspecto,0.0,0.0,78.86,120.42,109.29,138.41,188.15
A Matter of Endgame Technique – Jacob Aagaard.pdf,1,aspecto,0.0,0.0,86.06,362.23,108.31,383.17,194.37
A Matter of Endgame Technique – Jacob Aagaard.pdf,1,aspecto,0.0,0.0,80.82,144.3,108.64,162.63,189.46
A Matter of Endgame Technique – Jacob Aagaard.pdf,1,aspecto,0.0,0.0,186.84,241.81,105.36,428.65,196.33
A Matter of Endgame Technique – Jacob Aagaard.pdf,1,aspecto,0.0,0.0,160.01,74.93,105.36,234.94,192.73
A Matter of Endgame Technique – Jacob Aagaard.pdf,1,aspecto,0.0,0.0,51.05,115.83,47.77,146.59,98.82
A Matter of Endgame Technique – Jacob Aagaard.pdf,1,aspecto,0.0,0.0,157.72,158.7,47.45,316.42,99.15
A Matter of Endgame Technique – Jacob Aagaard.pdf,1,aspecto,0.0,0.0,171.46,270.61,11.45,442.07,36.65
A Matter of Endgame Technique – Jacob Aagaard.pdf,1,aspecto,0.0,0.0,205.82,59.88,11.45,265.7,36.65
A Matter of Endgame Technique – Jacob Aagaard.pdf,1,aspecto,0.0,0.0,128.27,197.64,476.1,265.7,604.37
A Matter of Endgame Technique – Jacob Aagaard.pdf,1,aspecto,0.0,0.0,155.43,375.32,466.28,461.7,621.71
A Matter of Endgame Technique – Jacob Aagaard.pdf,1,aspecto,0.0,0.0,154.45,373.68,465.3,452.54,619.75
A Matter of Endgame Technique – Jacob Aagaard.pdf,1,aspecto,0.0,0.0,204.84,310.53,399.53,361.9,604.37
A Matter of Endgame Technique – Jacob Aagaard.pdf,1,aspecto,0.0,0.0,214.65,306.28,395.61,365.5,610.26
A Matter of Endgame Technique – Jacob Aagaard.pdf,1,aspecto,0.0,0.0,228.72,124.02,388.41,190.44,617.13
A Matter of Endgame Technique – Jacob Aagaard.pdf,1,aspecto,0.0,0.0,207.78,34.03,386.77,100.13,594.55
A Matter of Endgame Technique – Jacob Aagaard.pdf,1,aspecto,0.0,0.0,237.89,120.74,385.13,194.04,623.02
A Matter of Endgame Technique – Jacob Aagaard.pdf,1,aspecto,0.0,0.0,216.94,30.43,383.17,103.73,600.12
A Matter of Endgame Technique – Jacob Aagaard.pdf,1,aspecto,0.0,0.0,118.78,211.06,285.99,276.83,404.77
A Matter of Endgame Technique – Jacob Aagaard.pdf,1,aspecto,0.0,0.0,126.96,205.49,282.06,280.75,409.02
A Matter of Endgame Technique – Jacob Aagaard.pdf,1,aspecto,0.0,0.0,499.99,0.0,217.93,499.99,220.87
A Matter of Endgame Technique – Jacob Aagaard.pdf,1,aspecto,0.0,0.0,78.86,188.15,109.62,213.02,188.48
A Matter of Endgame Technique – Jacob Aagaard.pdf,1,aspecto,0.0,0.0,78.86,165.9,109.62,185.53,188.48
A Matter of Endgame Technique – Jacob Aagaard.pdf,1,aspecto,0.0,0.0,78.86,121.07,109.62,138.74,188.48
A Matter of Endgame Technique – Jacob Aagaard.pdf,1,aspecto,0.0,0.0,86.06,362.23,108.31,383.17,194.37
A Matter of Endgame Technique – Jacob Aagaard.pdf,1,aspecto,0.0,0.0,80.82,144.3,108.64,162.63,189.46
A Matter of Endgame Technique – Jacob Aagaard.pdf,1,aspecto,0.0,0.0,186.84,241.81,105.36,428.65,196.33
A Matter of Endgame Technique – Jacob Aagaard.pdf,1,aspecto,0.0,0.0,160.01,74.93,105.36,234.94,192.73
A Matter of Endgame Technique – Jacob Aagaard.pdf,1,aspecto,0.0,0.0,51.05,115.83,47.77,146.59,98.82
A Matter of Endgame Technique – Jacob Aagaard.pdf,1,aspecto,0.0,0.0,157.72,158.7,47.45,316.42,99.15
A Matter of Endgame Technique – Jacob Aagaard.pdf,1,aspecto,0.0,0.0,171.46,270.61,11.45,442.07,36.65
A Matter of Endgame Technique – Jacob Aagaard.pdf,1,aspecto,0.0,0.0,205.82,59.88,11.45,265.7,36.65
A Matter of Endgame Technique – Jacob Aagaard.pdf,1,score-baixo,0.033,0.0,56.28,329.51,46.79,385.79,99.8
A Matter of Endgame Technique – Jacob Aagaard.pdf,1,score-baixo,0.0057,0.0,156.41,207.46,586.37,363.87,694.35
A Matter of Endgame Technique – Jacob Aagaard.pdf,1,score-baixo,0.0013,0.0,71.66,279.44,329.83,330.82,401.5
A Matter of Endgame Technique – Jacob Aagaard.pdf,1,score-baixo,0.0012,0.0,44.5,161.65,51.05,193.06,95.55
A Matter of Endgame Technique – Jacob Aagaard.pdf,1,score-baixo,0.001,0.0,118.78,194.04,484.94,273.55,603.72
A Matter of Endgame Technique – Jacob Aagaard.pdf,2,aspecto,0.0,0.0,63.82,199.31,538.36,263.13,574.69
A Matter of Endgame Technique – Jacob Aagaard.pdf,70,sobreposicao,0.2226,0.0,197.35,260.18,466.04,457.53,663.05
A Matter of Endgame Technique – Jacob Aagaard.pdf,70,sobreposicao,0.1361,0.0,179.35,76.91,358.36,256.25,537.71
A Matter of Endgame Technique – Jacob Aagaard.pdf,70,score-baixo,0.1,0.0,143.02,41.24,322.69,184.25,465.38
A Matter of Endgame Technique – Jacob Aagaard.pdf,70,score-baixo,0.0808,0.0,118.8,260.84,259.2,379.64,377.67
A Matter of Endgame Technique – Jacob Aagaard.pdf,70,score-baixo,0.0732,0.0,161.35,58.91,340.36,220.25,501.38
A Matter of Endgame Technique – Jacob Aagaard.pdf,70,score-baixo,0.0587,0.0,124.69,260.51,466.36,385.2,591.05
A Matter of Endgame Technique – Jacob Aagaard.pdf,70,score-baixo,0.0394,0.0,71.67,287.02,546.55,358.69,618.22
A Matter of Endgame Technique – Jacob Aagaard.pdf,70,score-baixo,0.0391,0.0,89.02,350.51,556.04,439.53,645.05
A Matter of Endgame Technique – Jacob Aagaard.pdf,70,score-baixo,0.0368,0.0,89.02,149.24,430.69,238.25,519.71
A Matter of Endgame Technique – Jacob Aagaard.pdf,70,score-baixo,0.0355,0.0,89.02,260.51,466.04,349.53,555.05
A Matter of Endgame Technique – Jacob Aagaard.pdf,70,score-baixo,0.0258,0.0,73.96,350.51,349.2,424.47,422.84
A Matter of Endgame Technique – Jacob Aagaard.pdf,70,score-baixo,0.0011,0.0,55.31,111.6,358.04,149.89,413.35
A Matter of Endgame Technique – Jacob Aagaard.pdf,139,sobreposicao,0.3104,0.0,215.35,41.89,364.25,257.24,579.6
A Matter of Endgame Technique – Jacob Aagaard.pdf,139,sobreposicao,0.1981,0.0,179.02,261.49,72.0,440.51,251.02
A Matter of Endgame Technique – Jacob Aagaard.pdf,139,score-baixo,0.0364,0.0,89.02,149.89,472.58,238.91,561.6
A Matter of Endgame Technique – Jacob Aagaard.pdf,139,score-baixo,0.0335,0.0,88.69,60.22,382.58,148.91,471.27
A Matter of Endgame Technique – Jacob Aagaard.pdf,139,score-baixo,0.027,0.0,73.96,276.55,87.05,350.51,161.02
A Matter of Endgame Technique – Jacob Aagaard.pdf,139,score-baixo,0.0259,0.0,73.96,351.49,162.0,425.45,235.96
A Matter of Endgame Technique – Jacob Aagaard.pdf,139,score-baixo,0.0235,0.0,58.25,172.15,405.49,230.4,463.42
A Matter of Endgame Technique – Jacob Aagaard.pdf,208,sobreposicao,0.3164,0.0,215.02,260.18,429.71,475.2,644.73
A Matter of Endgame Technique – Jacob Aagaard.pdf,208,score-baixo,0.0504,0.0,124.36,260.51,430.04,384.87,554.4
A Matter of Endgame Technique – Jacob Aagaard.pdf,208,score-baixo,0.0387,0.0,88.69,260.51,429.71,349.2,518.4
A Matter of Endgame Technique – Jacob Aagaard.pdf,208,score-baixo,0.0363,0.0,89.02,59.89,269.02,148.25,358.04
A Matter of Endgame Technique – Jacob Aagaard.pdf,208,score-baixo,0.0336,0.0,78.87,270.33,47.45,349.2,125.67
A Matter of Endgame Technique – Jacob Aagaard.pdf,208,score-baixo,0.0106,0.0,86.73,319.09,463.75,405.82,540.0
A Matter of Endgame Technique – Jacob Aagaard.pdf,277,score-baixo,0.0388,0.0,88.69,60.87,93.27,149.56,181.96
A Matter of Endgame Technique – Jacob Aagaard.pdf,277,score-baixo,0.0351,0.0,89.02,261.49,225.82,350.51,314.84
A Matter of Endgame Technique – Jacob Aagaard.pdf,277,score-baixo,0.0205,0.0,57.6,155.78,134.18,212.4,191.78
A Matter of Endgame Technique – Jacob Aagaard.pdf,346,sobreposicao,0.1356,0.0,179.02,58.91,174.76,237.93,353.78
A Matter of Endgame Technique – Jacob Aagaard.pdf,346,score-baixo,0.0779,0.0,106.69,41.24,157.09,147.93,263.45
A Matter of Endgame Technique – Jacob Aagaard.pdf,346,score-baixo,0.0769,0.0,106.04,41.24,425.13,147.27,531.16
A Matter of Endgame Technique – Jacob Aagaard.pdf,346,score-baixo,0.0588,0.0,125.02,112.58,228.76,237.6,353.78
A Matter of Endgame Technique – Jacob Aagaard.pdf,346,score-baixo,0.0579,0.0,125.02,112.25,496.8,236.95,621.82
A Matter of Endgame Technique – Jacob Aagaard.pdf,346,score-baixo,0.0568,0.0,124.36,59.24,174.76,183.6,299.13
A Matter of Endgame Technique – Jacob Aagaard.pdf,346,score-baixo,0.039,0.0,89.02,259.85,206.18,348.87,295.2
A Matter of Endgame Technique – Jacob Aagaard.pdf,346,score-baixo,0.0381,0.0,89.02,148.58,264.76,237.6,353.78
A Matter of Endgame Technique – Jacob Aagaard.pdf,346,score-baixo,0.0379,0.0,89.35,148.25,532.47,237.27,621.82
A Matter of Endgame Technique – Jacob Aagaard.pdf,346,score-baixo,0.0343,0.0,89.02,349.85,296.18,438.87,385.2
A Matter of Endgame Technique – Jacob Aagaard.pdf,346,score-baixo,0.0006,0.0,56.29,383.89,223.53,421.85,279.82
A Matter of Endgame Technique – Jacob Aagaard.pdf,415,sobreposicao,0.2995,0.0,214.04,43.53,144.33,257.56,358.36
A Matter of Endgame Technique – Jacob Aagaard.pdf,415,sobreposicao,0.2825,0.0,214.04,245.13,371.13,459.16,585.16
A Matter of Endgame Technique – Jacob Aagaard.pdf,415,sobreposicao,0.2057,0.0,176.07,63.16,466.04,239.24,641.78
A Matter of Endgame Technique – Jacob Aagaard.pdf,415,score-baixo,0.0762,0.0,107.35,351.82,478.8,458.84,586.15
A Matter of Endgame Technique – Jacob Aagaard.pdf,415,score-baixo,0.0516,0.0,89.02,149.89,556.04,238.91,644.73
A Matter of Endgame Technique – Jacob Aagaard.pdf,415,score-baixo,0.0392,0.0,89.35,150.22,252.33,239.56,341.35
A Matter of Endgame Technique – Jacob Aagaard.pdf,415,score-baixo,0.0389,0.0,89.02,261.82,389.13,350.84,478.15
A Matter of Endgame Technique – Jacob Aagaard.pdf,415,score-baixo,0.0363,0.0,88.69,60.55,162.65,149.24,251.35
A Matter of Endgame Technique – Jacob Aagaard.pdf,415,score-baixo,0.0228,0.0,72.65,75.27,482.07,147.93,554.73
A Matter of Endgame Technique – Jacob Aagaard.pdf,415,score-baixo,0.0064,0.0,73.96,368.51,406.47,423.82,480.44
A Matter of Endgame Technique – Jacob Aagaard.pdf,415,score-baixo,0.0021,0.0,62.51,108.65,213.71,153.49,276.22
A Matter of Endgame Technique – Jacob Aagaard.pdf,485,sobreposicao,0.1532,0.0,179.67,59.89,363.93,239.56,542.95
A Matter of Endgame Technique – Jacob Aagaard.pdf,485,sobreposicao,0.1106,0.0,143.02,42.22,345.93,185.24,488.95
A Matter of Endgame Technique – Jacob Aagaard.pdf,485,sobreposicao,0.1075,0.0,143.02,114.22,417.93,257.24,560.95
A Matter of Endgame Technique – Jacob Aagaard.pdf,485,score-baixo,0.0808,0.0,119.13,322.04,295.53,441.16,414.65
A Matter of Endgame Technique – Jacob Aagaard.pdf,485,score-baixo,0.0518,0.0,134.84,276.55,250.69,411.38,384.55
A Matter of Endgame Technique – Jacob Aagaard.pdf,485,score-baixo,0.0409,0.0,104.07,276.87,250.69,380.95,354.76
A Matter of Endgame Technique – Jacob Aagaard.pdf,485,score-baixo,0.0365,0.0,102.76,281.13,489.93,383.89,592.69
A Matter of Endgame Technique – Jacob Aagaard.pdf,485,score-baixo,0.0269,0.0,73.96,276.87,250.69,350.84,324.65
A Matter of Endgame Technique – Jacob Aagaard.pdf,485,score-baixo,0.0265,0.0,72.65,281.13,489.93,353.78,562.58
A Matter of Endgame Technique – Jacob Aagaard.pdf,554,aspecto,0.0,0.0,73.96,93.93,348.22,131.89,422.18
A Matter of Endgame Technique – Jacob Aagaard.pdf,554,sobreposicao,0.2255,0.0,196.69,224.84,189.49,421.53,386.18
A Matter of Endgame Technique – Jacob Aagaard.pdf,554,sobreposicao,0.1567,0.0,179.35,278.51,243.16,457.53,422.51
A Matter of Endgame Technique – Jacob Aagaard.pdf,554,score-baixo,0.0376,0.0,88.69,350.84,315.49,439.53,404.18
A Matter of Endgame Technique – Jacob Aagaard.pdf,554,score-baixo,0.0372,0.0,89.67,149.24,403.2,238.25,492.87
A Matter of Endgame Technique – Jacob Aagaard.pdf,554,score-baixo,0.0007,0.0,55.96,295.2,260.18,333.16,316.15
A Matter of Endgame Technique – Jacob Aagaard.pdf,623,sobreposicao,0.2095,0.0,179.02,-19.31,33.71,159.71,212.4
A Matter of Endgame Technique – Jacob Aagaard.pdf,623,sobreposicao,0.1196,0.0,154.15,195.38,273.27,349.2,427.42
A Matter of Endgame Technique – Jacob Aagaard.pdf,623,sobreposicao,0.1099,0.0,148.58,165.6,243.49,314.18,392.07
A Matter of Endgame Technique – Jacob Aagaard.pdf,623,sobreposicao,0.0769,0.0,118.8,165.6,423.49,284.07,542.29
A Matter of Endgame Technique – Jacob Aagaard.pdf,623,score-baixo,0.054,0.0,88.69,165.6,243.49,254.29,332.18
A Matter of Endgame Technique – Jacob Aagaard.pdf,623,score-baixo,0.0536,0.0,88.36,10.15,243.82,98.51,332.18
A Matter of Endgame Technique – Jacob Aagaard.pdf,623,score-baixo,0.0267,0.0,73.64,336.11,438.55,409.75,512.18
A Matter of Endgame Technique – Jacob Aagaard.pdf,623,score-baixo,0.0249,0.0,59.89,232.69,325.64,292.58,385.53
A Matter of Endgame Technique – Jacob Aagaard.pdf,623,score-baixo,0.0232,0.0,73.96,255.6,153.16,329.24,227.13
A Matter of Endgame Technique – Jacob Aagaard.pdf,623,score-baixo,0.023,0.0,69.05,255.27,338.4,324.33,407.45
A Matter of Endgame Technique – Jacob Aagaard.pdf,623,score-baixo,0.019,0.0,58.58,418.25,134.18,475.85,192.76
A Matter of Endgame Technique – Jacob Aagaard.pdf,623,score-baixo,0.0179,0.0,59.24,418.25,163.64,475.85,222.87
A Matter of Endgame Technique – Jacob Aagaard.pdf,623,score-baixo,0.0114,0.0,64.47,418.91,100.15,474.87,164.62
A Matter of Endgame Technique – Jacob Aagaard.pdf,623,score-baixo,0.0049,0.0,52.04,423.82,520.69,464.07,572.73
A Matter of Endgame Technique – Jacob Aagaard.pdf,623,score-baixo,0.0013,0.0,57.27,424.47,464.07,464.4,521.35
A Matter of Endgame Technique – Jacob Aagaard.pdf,623,score-baixo,0.0003,0.0,47.78,349.85,301.75,381.6,349.53
A Matter of Endgame Technique – Jacob Aagaard.pdf,692,aspecto,0.0,0.0,91.31,331.2,124.04,387.49,215.35
A Matter of Endgame Technique – Jacob Aagaard.pdf,692,sobreposicao,0.2194,0.0,197.35,41.89,131.56,238.91,328.91
A Matter of Endgame Technique – Jacob Aagaard.pdf,692,sobreposicao,0.2114,0.0,197.02,242.84,88.69,439.53,285.71
A Matter of Endgame Technique – Jacob Aagaard.pdf,692,sobreposicao,0.1584,0.0,164.29,59.89,390.11,223.85,554.4
A Matter of Endgame Technique – Jacob Aagaard.pdf,692,sobreposicao,0.1439,0.0,179.02,260.51,467.35,439.53,646.36
A Matter of Endgame Technique – Jacob Aagaard.pdf,692,sobreposicao,0.114,0.0,142.69,242.51,449.67,385.2,592.36
A Matter of Endgame Technique – Jacob Aagaard.pdf,692,score-baixo,0.1041,0.0,142.69,314.84,160.69,457.53,303.38
A Matter of Endgame Technique – Jacob Aagaard.pdf,692,score-baixo,0.1015,0.0,143.02,113.89,203.56,256.91,346.58
A Matter of Endgame Technique – Jacob Aagaard.pdf,692,score-baixo,0.101,0.0,142.69,314.51,521.35,457.2,664.04
A Matter of Endgame Technique – Jacob Aagaard.pdf,692,score-baixo,0.0816,0.0,119.13,119.78,450.0,238.58,569.13
A Matter of Endgame Technique – Jacob Aagaard.pdf,692,score-baixo,0.0671,0.0,106.69,242.84,88.69,349.53,195.38
A Matter of Endgame Technique – Jacob Aagaard.pdf,692,score-baixo,0.0659,0.0,106.69,42.22,131.89,148.91,238.25
A Matter of Endgame Technique – Jacob Aagaard.pdf,692,score-baixo,0.0358,0.0,46.8,118.47,449.02,165.27,495.82
A Matter of Endgame Technique – Jacob Aagaard.pdf,692,score-baixo,0.0232,0.0,73.64,74.95,405.49,148.58,479.13
A Matter of Endgame Technique – Jacob Aagaard.pdf,692,score-baixo,0.0228,0.0,37.96,295.53,123.71,333.49,161.35
A Matter of Endgame Technique – Jacob Aagaard.pdf,692,score-baixo,0.0009,0.0,55.96,130.25,202.25,168.55,258.22
A Matter of Endgame Technique – Jacob Aagaard.pdf,761,sobreposicao,0.2725,0.0,215.02,243.49,348.22,458.51,563.24
A Matter of Endgame Technique – Jacob Aagaard.pdf,761,sobreposicao,0.1509,0.0,163.96,75.27,388.15,239.24,551.78
A Matter of Endgame Technique – Jacob Aagaard.pdf,761,score-baixo,0.0385,0.0,89.02,351.16,456.22,440.18,545.24
A Matter of Endgame Technique – Jacob Aagaard.pdf,761,score-baixo,0.0371,0.0,89.02,261.49,366.22,350.51,454.91
A Matter of Endgame Technique – Jacob Aagaard.pdf,761,score-baixo,0.0362,0.0,98.84,321.71,102.44,420.55,201.27
A Matter of Endgame Technique – Jacob Aagaard.pdf,761,score-baixo,0.035,0.0,103.75,75.27,388.15,179.02,491.89
A Matter of Endgame Technique – Jacob Aagaard.pdf,761,score-baixo,0.0338,0.0,75.27,356.4,425.13,431.67,500.4
A Matter of Endgame Technique – Jacob Aagaard.pdf,761,score-baixo,0.0269,0.0,73.64,75.6,124.69,149.24,198.33
A Matter of Endgame Technique – Jacob Aagaard.pdf,761,score-baixo,0.0266,0.0,74.29,351.49,127.31,425.78,201.27
A Matter of Endgame Technique – Jacob Aagaard.pdf,761,score-baixo,0.0248,0.0,73.64,150.22,463.09,223.85,536.73
A Matter of Endgame Technique – Jacob Aagaard.pdf,761,score-baixo,0.0247,0.0,73.64,75.27,388.15,148.91,461.78
A Matter of Endgame Technique – Jacob Aagaard.pdf,761,score-baixo,0.0247,0.0,73.96,150.22,199.64,224.18,273.6
A Matter of Endgame Technique – Jacob Aagaard.pdf,761,score-baixo,0.0233,0.0,94.91,289.64,94.58,384.22,189.49
A Matter of Endgame Technique – Jacob Aagaard.pdf,761,score-baixo,0.0232,0.0,73.64,276.87,52.36,350.51,126.0
A Matter of Endgame Technique – Jacob Aagaard.pdf,830,score-baixo,0.0386,0.0,74.62,141.71,496.8,216.0,571.42
A Matter of Endgame Technique – Jacob Aagaard.pdf,830,score-baixo,0.0378,0.0,54.98,168.55,66.44,221.56,121.42
A Matter of Endgame Technique – Jacob Aagaard.pdf,830,score-baixo,0.0245,0.0,73.64,276.22,337.42,349.85,411.05
A Matter of Endgame Technique – Jacob Aagaard.pdf,830,score-baixo,0.0169,0.0,39.93,76.25,82.8,114.55,122.73
A Matter of Endgame Technique – Jacob Aagaard.pdf,830,score-baixo,0.0118,0.0,60.87,349.85,351.82,399.27,412.69
A Matter of Endgame Technique – Jacob Aagaard.pdf,830,score-baixo,0.0023,0.0,58.91,128.95,64.47,187.85,107.02
A Matter of Endgame Technique – Jacob Aagaard.pdf,830,score-baixo,0.0008,0.0,56.62,111.27,100.8,149.89,157.42
A Matter of Endgame Technique – Jacob Aagaard.pdf,830,score-baixo,0.0004,0.0,72.0,360.98,122.07,409.09,194.07
A Matter of Endgame Technique – Jacob Aagaard.pdf,830,score-baixo,0.0003,0.0,56.29,111.93,173.45,168.22,210.76
A Matter of Endgame Technique – Jacob Aagaard.pdf,830,score-baixo,0.0002,0.0,47.78,117.49,504.0,165.27,535.42
AAGAARD - Practical Chess Defence.pdf,1,aspecto,0.0,0.0,219.27,34.69,484.69,253.96,490.91
AAGAARD - Practical Chess Defence.pdf,1,aspecto,0.0,0.0,356.73,39.27,349.53,396.0,567.82
AAGAARD - Practical Chess Defence.pdf,1,aspecto,0.0,0.0,76.91,250.69,281.78,327.6,321.38
AAGAARD - Practical Chess Defence.pdf,1,aspecto,0.0,0.0,42.87,50.73,158.73,75.27,201.6
AAGAARD - Practical Chess Defence.pdf,1,aspecto,0.0,0.0,144.98,11.78,154.8,156.76,206.18
AAGAARD - Practical Chess Defence.pdf,1,aspecto,0.0,0.0,208.8,170.51,153.82,379.31,206.18
AAGAARD - Practical Chess Defence.pdf,1,aspecto,0.0,0.0,78.87,15.71,41.24,94.58,70.69
AAGAARD - Practical Chess Defence.pdf,1,aspecto,0.0,0.0,106.69,97.2,41.24,203.89,75.6
AAGAARD - Practical Chess Defence.pdf,1,aspecto,0.0,0.0,219.27,34.69,484.69,253.96,490.91
AAGAARD - Practical Chess Defence.pdf,1,aspecto,0.0,0.0,356.73,39.27,349.53,396.0,567.82
AAGAARD - Practical Chess Defence.pdf,1,aspecto,0.0,0.0,76.91,250.69,281.78,327.6,321.38
AAGAARD - Practical Chess Defence.pdf,1,aspecto,0.0,0.0,42.55,50.73,159.05,75.27,201.6
AAGAARD - Practical Chess Defence.pdf,1,aspecto,0.0,0.0,144.98,11.78,154.8,156.76,206.18
AAGAARD - Practical Chess Defence.pdf,1,aspecto,0.0,0.0,208.8,170.51,153.82,379.31,206.18
AAGAARD - Practical Chess Defence.pdf,1,aspecto,0.0,0.0,78.87,15.71,41.24,94.58,70.69
AAGAARD - Practical Chess Defence.pdf,1,aspecto,0.0,0.0,106.69,97.2,41.24,203.89,75.6
AAGAARD - Practical Chess Defence.pdf,1,score-baixo,0.0549,0.0,64.8,210.76,302.4,275.56,362.95
AAGAARD - Practical Chess Defence.pdf,1,score-baixo,0.0547,0.0,98.84,53.02,342.65,151.85,435.93
AAGAARD - Practical Chess Defence.pdf,1,score-baixo,0.0525,0.0,181.31,114.87,346.91,296.18,496.8
AAGAARD - Practical Chess Defence.pdf,1,score-baixo,0.023,0.0,248.4,271.64,224.84,454.58,473.24
AAGAARD - Practical Chess Defence.pdf,1,score-baixo,0.0135,0.0,54.0,337.75,547.85,391.75,592.04
AAGAARD - Practical Chess Defence.pdf,1,score-baixo,0.0096,0.0,47.78,272.29,322.04,313.2,369.82
AAGAARD - Practical Chess Defence.pdf,1,score-baixo,0.005,0.0,72.0,211.42,362.29,283.42,414.33
AAGAARD - Practical Chess Defence.pdf,1,score-baixo,0.0046,0.0,41.89,213.05,444.44,254.95,477.16
AAGAARD - Practical Chess Defence.pdf,1,score-baixo,0.0046,0.0,44.84,342.33,552.76,387.16,587.45
AAGAARD - Practical Chess Defence.pdf,1,score-baixo,0.0038,0.0,36.98,131.89,447.05,168.87,475.85
AAGAARD - Practical Chess Defence.pdf,1,score-baixo,0.003,0.0,39.27,172.8,414.65,212.07,444.44
AAGAARD - Practical Chess Defence.pdf,1,score-baixo,0.0026,0.0,43.53,128.95,445.09,172.47,477.49
AAGAARD - Practical Chess Defence.pdf,1,score-baixo,0.0019,0.0,45.49,47.13,444.44,92.62,477.16
AAGAARD - Practical Chess Defence.pdf,1,score-baixo,0.0016,0.0,45.49,292.91,443.13,338.4,475.85
AAGAARD - Practical Chess Defence.pdf,1,score-baixo,0.0014,0.0,43.53,14.73,159.05,45.82,202.58
AAGAARD - Practical Chess Defence.pdf,1,score-baixo,0.0013,0.0,41.56,250.69,414.0,292.25,443.78
AAGAARD - Practical Chess Defence.pdf,1,score-baixo,0.0012,0.0,41.56,174.44,159.38,203.89,200.95
AAGAARD - Practical Chess Defence.pdf,1,score-baixo,0.0003,0.0,72.0,77.24,278.18,149.24,325.31
AAGAARD - Practical Chess Defence.pdf,1,sem-contraste-de-casa,0.5,0.0,187.53,86.73,291.6,237.6,479.13
AAGAARD - Practical Chess Defence.pdf,1,sem-contraste-de-casa,0.5,0.0,107.35,197.67,396.0,305.02,496.8
AAGAARD - Practical Chess Defence.pdf,1,sem-contraste-de-casa,0.5,0.0,103.42,275.56,352.8,369.49,456.22
AAGAARD - Practical Chess Defence.pdf,2,aspecto,0.0,0.0,91.64,11.45,509.24,103.09,553.75
AAGAARD - Practical Chess Defence.pdf,2,aspecto,0.0,0.0,145.96,271.31,503.02,417.27,590.07
AAGAARD - Practical Chess Defence.pdf,2,aspecto,0.0,0.0,130.58,27.49,370.47,97.53,501.05
AAGAARD - Practical Chess Defence.pdf,2,aspecto,0.0,0.0,113.89,206.18,213.71,320.07,273.27
AAGAARD - Practical Chess Defence.pdf,2,aspecto,0.0,0.0,117.49,240.22,93.27,357.71,122.73
AAGAARD - Practical Chess Defence.pdf,2,aspecto,0.0,0.0,82.15,156.11,92.29,238.25,123.05
AAGAARD - Practical Chess Defence.pdf,2,aspecto,0.0,0.0,87.71,36.33,4.25,124.04,26.51
AAGAARD - Practical Chess Defence.pdf,2,aspecto,0.0,0.0,91.64,11.45,509.24,103.09,553.75
AAGAARD - Practical Chess Defence.pdf,2,aspecto,0.0,0.0,145.96,271.31,502.04,417.27,590.07
AAGAARD - Practical Chess Defence.pdf,2,aspecto,0.0,0.0,130.58,27.49,370.47,97.53,501.05
AAGAARD - Practical Chess Defence.pdf,2,aspecto,0.0,0.0,122.4,206.84,216.98,329.24,261.49
AAGAARD - Practical Chess Defence.pdf,2,aspecto,0.0,0.0,101.45,309.93,142.36,365.89,243.82
AAGAARD - Practical Chess Defence.pdf,2,aspecto,0.0,0.0,117.49,240.22,93.27,357.71,122.73
AAGAARD - Practical Chess Defence.pdf,2,aspecto,0.0,0.0,82.15,156.11,92.29,238.25,123.05
AAGAARD - Practical Chess Defence.pdf,2,aspecto,0.0,0.0,87.71,36.33,4.25,124.04,26.51
AAGAARD - Practical Chess Defence.pdf,2,area-relativa,0.0048,0.0,44.51,42.87,553.75,87.38,588.44
AAGAARD - Practical Chess Defence.pdf,2,score-baixo,0.0179,0.0,412.36,9.82,116.18,422.18,399.27
AAGAARD - Practical Chess Defence.pdf,2,score-baixo,0.0113,0.0,83.78,303.71,162.0,370.47,245.78
AAGAARD - Practical Chess Defence.pdf,2,score-baixo,0.0099,0.0,54.33,37.64,549.82,91.96,593.02
AAGAARD - Practical Chess Defence.pdf,2,score-baixo,0.0051,0.0,65.13,343.96,173.78,393.05,238.91
AAGAARD - Practical Chess Defence.pdf,2,sem-contraste-de-casa,0.5,0.0,466.69,16.04,-41.89,482.73,381.27
AAGAARD - Practical Chess Defence.pdf,2,sem-contraste-de-casa,0.5,0.0,122.73,198.33,133.53,321.05,244.47
AAGAARD - Practical Chess Defence.pdf,5,aspecto,0.0,0.0,57.6,252.65,429.71,310.25,449.35
AAGAARD - Practical Chess Defence.pdf,5,score-baixo,0.1057,0.0,106.69,201.6,269.35,308.29,376.04
AAGAARD - Practical Chess Defence.pdf,5,score-baixo,0.0799,0.0,125.35,219.27,287.02,344.62,412.36
AAGAARD - Practical Chess Defence.pdf,5,score-baixo,0.0254,0.0,54.33,336.44,385.53,390.76,439.85
AAGAARD - Practical Chess Defence.pdf,5,score-baixo,0.0245,0.0,54.33,300.44,331.53,354.76,385.53
AAGAARD - Practical Chess Defence.pdf,5,perdeu-para-embutido,0.5,0.0,147.27,235.64,303.38,382.91,450.33
AAGAARD - Practical Chess Defence.pdf,6,sobreposicao,0.2307,0.0,161.02,272.95,316.8,433.96,477.82
AAGAARD - Practical Chess Defence.pdf,6,sobreposicao,0.1998,0.0,179.67,218.95,262.47,398.29,442.15
AAGAARD - Practical Chess Defence.pdf,6,sobreposicao,0.1614,0.0,143.02,200.95,244.47,343.96,387.49
AAGAARD - Practical Chess Defence.pdf,6,score-baixo,0.0247,0.0,53.02,218.95,262.8,271.96,315.82
AAGAARD - Practical Chess Defence.pdf,6,score-baixo,0.0229,0.0,54.98,226.47,325.31,281.13,380.29
AAGAARD - Practical Chess Defence.pdf,6,perdeu-para-embutido,0.5,0.0,147.6,234.98,278.84,382.58,425.78
AAGAARD - Practical Chess Defence.pdf,7,sobreposicao,0.4151,0.0,216.0,201.6,159.71,417.27,375.71
AAGAARD - Practical Chess Defence.pdf,7,score-baixo,0.115,0.0,183.6,7.53,38.29,191.13,195.71
AAGAARD - Practical Chess Defence.pdf,7,score-baixo,0.1057,0.0,107.02,108.33,148.58,215.35,255.6
AAGAARD - Practical Chess Defence.pdf,7,score-baixo,0.0995,0.0,107.02,201.6,160.04,308.62,267.05
AAGAARD - Practical Chess Defence.pdf,7,score-baixo,0.0941,0.0,107.35,309.93,268.04,417.27,375.38
AAGAARD - Practical Chess Defence.pdf,7,score-baixo,0.0633,0.0,78.22,259.2,203.56,337.42,281.78
AAGAARD - Practical Chess Defence.pdf,7,score-baixo,0.053,0.0,71.02,228.76,241.2,299.78,312.22
AAGAARD - Practical Chess Defence.pdf,7,score-baixo,0.0278,0.0,58.91,318.44,290.62,377.35,349.53
AAGAARD - Practical Chess Defence.pdf,7,score-baixo,0.0277,0.0,38.95,124.36,182.29,163.31,220.25
AAGAARD - Practical Chess Defence.pdf,7,score-baixo,0.0257,0.0,54.65,299.45,275.89,354.11,330.55
AAGAARD - Practical Chess Defence.pdf,7,score-baixo,0.0255,0.0,54.98,115.85,139.09,170.84,193.75
AAGAARD - Practical Chess Defence.pdf,7,score-baixo,0.0244,0.0,53.67,300.44,240.87,354.11,294.55
AAGAARD - Practical Chess Defence.pdf,7,score-baixo,0.0238,0.0,55.96,79.53,174.76,134.51,230.73
AAGAARD - Practical Chess Defence.pdf,7,score-baixo,0.0105,0.0,73.96,308.29,195.38,382.25,251.02
AAGAARD - Practical Chess Defence.pdf,7,perdeu-para-embutido,0.5,0.0,147.27,34.04,74.62,181.31,221.56
AAGAARD - Practical Chess Defence.pdf,7,perdeu-para-embutido,0.5,0.0,147.6,235.64,194.4,383.24,341.35
AAGAARD - Practical Chess Defence.pdf,8,aspecto,0.0,0.0,58.25,252.65,174.11,310.91,195.38
AAGAARD - Practical Chess Defence.pdf,8,aspecto,0.0,0.0,57.6,235.96,50.07,257.56,107.67
AAGAARD - Practical Chess Defence.pdf,8,sobreposicao,0.4046,0.0,215.67,0.0,52.69,215.67,268.36
AAGAARD - Practical Chess Defence.pdf,8,sobreposicao,0.4033,0.0,215.67,201.27,374.73,416.95,590.07
AAGAARD - Practical Chess Defence.pdf,8,sobreposicao,0.3718,0.0,215.67,201.6,14.73,417.27,230.4
AAGAARD - Practical Chess Defence.pdf,8,score-baixo,0.1164,0.0,71.67,310.25,483.38,381.93,554.73
AAGAARD - Practical Chess Defence.pdf,8,score-baixo,0.1003,0.0,107.67,108.33,160.69,215.67,268.36
AAGAARD - Practical Chess Defence.pdf,8,score-baixo,0.0989,0.0,107.02,201.6,375.05,308.62,482.07
AAGAARD - Practical Chess Defence.pdf,8,score-baixo,0.0919,0.0,107.35,0.0,52.69,107.35,160.04
AAGAARD - Practical Chess Defence.pdf,8,score-baixo,0.0917,0.0,107.02,201.6,15.05,308.62,122.07
AAGAARD - Practical Chess Defence.pdf,8,score-baixo,0.0907,0.0,107.35,309.93,123.38,417.27,230.4
AAGAARD - Practical Chess Defence.pdf,8,score-baixo,0.0462,0.0,71.67,44.84,115.53,116.51,187.2
AAGAARD - Practical Chess Defence.pdf,8,score-baixo,0.0323,0.0,63.16,111.93,74.95,175.09,137.45
AAGAARD - Practical Chess Defence.pdf,8,score-baixo,0.0282,0.0,55.31,226.8,131.89,282.11,186.87
AAGAARD - Practical Chess Defence.pdf,8,score-baixo,0.0275,0.0,58.25,316.47,398.95,374.07,457.2
AAGAARD - Practical Chess Defence.pdf,8,score-baixo,0.0257,0.0,59.56,264.44,54.0,324.0,113.24
AAGAARD - Practical Chess Defence.pdf,8,score-baixo,0.0256,0.0,57.6,317.78,147.6,375.38,205.2
AAGAARD - Practical Chess Defence.pdf,8,score-baixo,0.0247,0.0,55.31,226.8,455.56,282.11,510.22
AAGAARD - Practical Chess Defence.pdf,8,score-baixo,0.0245,0.0,53.67,300.44,455.56,354.11,508.91
AAGAARD - Practical Chess Defence.pdf,8,score-baixo,0.0243,0.0,51.05,88.36,141.05,139.42,192.11
AAGAARD - Practical Chess Defence.pdf,8,score-baixo,0.0229,0.0,54.0,336.76,95.56,390.44,149.56
AAGAARD - Practical Chess Defence.pdf,8,score-baixo,0.006,0.0,56.29,120.76,123.38,163.31,179.67
AAGAARD - Practical Chess Defence.pdf,8,perdeu-para-embutido,0.5,0.0,147.27,34.36,87.05,181.64,234.0
AAGAARD - Practical Chess Defence.pdf,8,perdeu-para-embutido,0.5,0.0,147.27,235.96,49.42,383.24,196.36
AAGAARD - Practical Chess Defence.pdf,8,perdeu-para-embutido,0.5,0.0,147.6,235.64,409.09,383.24,556.04
AAGAARD - Practical Chess Defence.pdf,24,sobreposicao,0.3246,0.0,197.67,-0.33,136.47,197.35,334.15
AAGAARD - Practical Chess Defence.pdf,24,sobreposicao,0.2379,0.0,108.0,71.67,209.13,179.67,316.47
AAGAARD - Practical Chess Defence.pdf,24,score-baixo,0.1011,0.0,75.6,105.71,171.49,180.65,247.09
AAGAARD - Practical Chess Defence.pdf,24,score-baixo,0.0529,0.0,89.35,17.35,155.13,106.69,243.82
AAGAARD - Practical Chess Defence.pdf,24,score-baixo,0.0257,0.0,53.35,25.85,253.96,79.2,307.31
AAGAARD - Practical Chess Defence.pdf,24,score-baixo,0.0247,0.0,53.67,80.18,235.64,133.85,289.31
AAGAARD - Practical Chess Defence.pdf,24,score-baixo,0.0238,0.0,53.02,17.35,155.13,70.36,208.15
AAGAARD - Practical Chess Defence.pdf,24,perdeu-para-embutido,0.5,0.0,147.27,33.71,171.16,180.98,318.11
AAGAARD - Practical Chess Defence.pdf,47,sobreposicao,0.3132,0.0,198.33,200.29,327.6,398.62,525.6
AAGAARD - Practical Chess Defence.pdf,47,sobreposicao,0.2352,0.0,161.67,272.62,399.93,434.29,561.27
AAGAARD - Practical Chess Defence.pdf,47,score-baixo,0.0455,0.0,88.69,218.95,346.25,307.64,434.95
AAGAARD - Practical Chess Defence.pdf,47,score-baixo,0.0402,0.0,73.96,226.15,353.78,300.11,427.75
AAGAARD - Practical Chess Defence.pdf,47,score-baixo,0.0269,0.0,59.89,244.8,421.85,304.69,480.44
AAGAARD - Practical Chess Defence.pdf,47,score-baixo,0.0245,0.0,58.25,316.15,370.8,371.78,429.05
AAGAARD - Practical Chess Defence.pdf,47,score-baixo,0.0225,0.0,53.02,218.62,345.93,271.64,398.95
AAGAARD - Practical Chess Defence.pdf,47,perdeu-para-embutido,0.5,0.0,147.27,234.98,362.29,382.25,509.24
AAGAARD - Practical Chess Defence.pdf,69,aspecto,0.0,0.0,49.75,70.69,352.8,92.62,402.55
AAGAARD - Practical Chess Defence.pdf,69,aspecto,0.0,0.0,65.13,106.04,352.47,171.16,382.25
AAGAARD - Practical Chess Defence.pdf,69,sobreposicao,0.2174,0.0,175.42,11.78,41.56,186.87,216.98
AAGAARD - Practical Chess Defence.pdf,69,sobreposicao,0.187,0.0,143.02,197.35,25.85,340.36,168.55
AAGAARD - Practical Chess Defence.pdf,69,score-baixo,0.1149,0.0,126.98,75.93,105.71,202.91,232.69
AAGAARD - Practical Chess Defence.pdf,69,score-baixo,0.0744,0.0,95.89,244.47,353.13,340.36,448.04
AAGAARD - Practical Chess Defence.pdf,69,score-baixo,0.0689,0.0,63.82,309.6,420.22,373.42,481.75
AAGAARD - Practical Chess Defence.pdf,69,score-baixo,0.0377,0.0,64.8,252.98,129.6,317.78,194.4
AAGAARD - Practical Chess Defence.pdf,69,score-baixo,0.0359,0.0,78.87,27.82,57.93,106.69,136.8
AAGAARD - Practical Chess Defence.pdf,69,score-baixo,0.0238,0.0,34.69,74.29,120.44,108.33,155.13
AAGAARD - Practical Chess Defence.pdf,69,score-baixo,0.0209,0.0,48.44,317.13,344.95,365.24,393.38
AAGAARD - Practical Chess Defence.pdf,69,score-baixo,0.0195,0.0,35.35,291.27,352.47,326.62,386.51
AAGAARD - Practical Chess Defence.pdf,69,perdeu-para-embutido,0.5,0.0,130.58,42.22,72.33,172.8,202.91
AAGAARD - Practical Chess Defence.pdf,69,perdeu-para-embutido,0.5,0.0,130.91,41.89,351.82,172.8,482.4
AAGAARD - Practical Chess Defence.pdf,69,perdeu-para-embutido,0.5,0.0,129.27,244.15,72.65,373.42,201.6
AAGAARD - Practical Chess Defence.pdf,69,perdeu-para-embutido,0.5,0.0,130.91,243.49,351.82,374.4,482.4
AAGAARD - Practical Chess Defence.pdf,92,aspecto,0.0,0.0,54.65,102.76,74.29,157.42,93.6
AAGAARD - Practical Chess Defence.pdf,92,aspecto,0.0,0.0,49.75,74.62,74.29,95.56,124.04
AAGAARD - Practical Chess Defence.pdf,92,sobreposicao,0.2914,0.0,191.78,27.82,338.4,219.6,529.85
AAGAARD - Practical Chess Defence.pdf,92,score-baixo,0.0777,0.0,95.24,309.93,138.76,404.84,234.0
AAGAARD - Practical Chess Defence.pdf,92,score-baixo,0.0572,0.0,111.27,28.15,338.4,139.09,449.67
AAGAARD - Practical Chess Defence.pdf,92,score-baixo,0.0489,0.0,70.04,231.38,356.73,301.42,426.76
AAGAARD - Practical Chess Defence.pdf,92,score-baixo,0.0412,0.0,79.2,27.82,338.4,107.02,417.6
AAGAARD - Practical Chess Defence.pdf,92,score-baixo,0.0212,0.0,34.36,43.53,105.38,76.91,139.75
AAGAARD - Practical Chess Defence.pdf,92,score-baixo,0.0211,0.0,48.76,131.89,409.42,180.65,457.85
AAGAARD - Practical Chess Defence.pdf,92,score-baixo,0.0207,0.0,48.44,236.62,409.75,285.05,457.85
AAGAARD - Practical Chess Defence.pdf,92,score-baixo,0.0187,0.0,35.35,323.35,169.53,358.69,202.91
AAGAARD - Practical Chess Defence.pdf,92,score-baixo,0.014,0.0,65.13,275.89,74.29,327.27,139.42
AAGAARD - Practical Chess Defence.pdf,92,perdeu-para-embutido,0.5,0.0,130.91,42.55,72.98,173.45,203.56
AAGAARD - Practical Chess Defence.pdf,92,perdeu-para-embutido,0.5,0.0,131.24,42.22,352.8,173.45,483.71
AAGAARD - Practical Chess Defence.pdf,92,perdeu-para-embutido,0.5,0.0,131.24,243.82,72.98,375.05,203.89
AAGAARD - Practical Chess Defence.pdf,92,perdeu-para-embutido,0.5,0.0,128.95,244.8,353.78,373.75,482.73
AAGAARD - Practical Chess Defence.pdf,115,aspecto,0.0,0.0,66.44,43.85,400.58,76.91,467.02
AAGAARD - Practical Chess Defence.pdf,115,aspecto,0.0,0.0,58.91,245.13,127.96,278.18,186.87
AAGAARD - Practical Chess Defence.pdf,115,aspecto,0.0,0.0,55.31,292.25,88.69,310.91,144.0
AAGAARD - Practical Chess Defence.pdf,115,sobreposicao,0.3278,0.0,191.45,197.35,305.67,388.8,497.13
AAGAARD - Practical Chess Defence.pdf,115,sobreposicao,0.2907,0.0,191.45,-3.6,306.0,187.53,497.45
AAGAARD - Practical Chess Defence.pdf,115,sobreposicao,0.2417,0.0,175.09,28.47,58.25,203.56,233.35
AAGAARD - Practical Chess Defence.pdf,115,sobreposicao,0.1972,0.0,95.89,76.58,386.18,172.15,482.07
AAGAARD - Practical Chess Defence.pdf,115,sobreposicao,0.1733,0.0,143.35,277.53,385.85,420.87,529.2
AAGAARD - Practical Chess Defence.pdf,115,sobreposicao,0.1606,0.0,142.36,-2.95,26.84,139.09,169.2
AAGAARD - Practical Chess Defence.pdf,115,score-baixo,0.079,0.0,95.24,108.33,138.11,203.24,233.35
AAGAARD - Practical Chess Defence.pdf,115,score-baixo,0.0683,0.0,82.15,300.76,409.42,382.91,491.24
AAGAARD - Practical Chess Defence.pdf,115,score-baixo,0.0606,0.0,80.18,252.98,361.64,333.16,441.49
AAGAARD - Practical Chess Defence.pdf,115,score-baixo,0.0399,0.0,78.87,309.93,138.44,388.8,217.31
AAGAARD - Practical Chess Defence.pdf,115,score-baixo,0.0311,0.0,54.98,244.8,73.64,294.22,128.62
AAGAARD - Practical Chess Defence.pdf,115,score-baixo,0.024,0.0,34.36,308.62,400.25,342.65,434.62
AAGAARD - Practical Chess Defence.pdf,115,score-baixo,0.0222,0.0,49.42,332.18,65.45,381.6,114.87
AAGAARD - Practical Chess Defence.pdf,115,score-baixo,0.0173,0.0,48.76,301.09,113.56,349.85,161.35
AAGAARD - Practical Chess Defence.pdf,115,score-baixo,0.0019,0.0,49.75,244.8,431.67,294.55,467.02
AAGAARD - Practical Chess Defence.pdf,115,score-baixo,0.0011,0.0,50.4,106.36,120.76,141.05,171.16
AAGAARD - Practical Chess Defence.pdf,115,score-baixo,0.0008,0.0,49.09,43.85,73.96,77.24,123.05
AAGAARD - Practical Chess Defence.pdf,115,perdeu-para-embutido,0.5,0.0,130.58,42.55,72.65,173.13,203.24
AAGAARD - Practical Chess Defence.pdf,115,perdeu-para-embutido,0.5,0.0,130.58,42.87,352.47,173.13,483.05
AAGAARD - Practical Chess Defence.pdf,115,perdeu-para-embutido,0.5,0.0,130.58,244.15,72.65,374.73,202.91
AAGAARD - Practical Chess Defence.pdf,115,perdeu-para-embutido,0.5,0.0,130.58,244.15,352.15,374.73,482.73
AAGAARD - Practical Chess Defence.pdf,138,score-baixo,0.0834,0.0,94.58,12.11,282.76,106.69,377.35
AAGAARD - Practical Chess Defence.pdf,138,score-baixo,0.0724,0.0,63.49,244.47,302.07,307.96,365.24
AAGAARD - Practical Chess Defence.pdf,138,score-baixo,0.0204,0.0,48.11,99.49,322.36,147.6,370.47
AAGAARD - Practical Chess Defence.pdf,138,score-baixo,0.0063,0.0,49.75,334.8,302.07,373.09,351.82
AAGAARD - Practical Chess Defence.pdf,138,score-baixo,0.0009,0.0,49.42,244.47,302.07,293.89,335.78
AAGAARD - Practical Chess Defence.pdf,138,score-baixo,0.0008,0.0,78.22,270.65,312.55,323.35,390.76
AAGAARD - Practical Chess Defence.pdf,138,perdeu-para-embutido,0.5,0.0,130.91,41.89,312.87,172.8,443.45
AAGAARD - Practical Chess Defence.pdf,138,perdeu-para-embutido,0.5,0.0,130.58,243.49,300.76,374.07,431.35
AAGAARD - Practical Chess Defence.pdf,160,aspecto,0.0,0.0,65.78,307.96,373.09,373.75,403.53
AAGAARD - Practical Chess Defence.pdf,160,sobreposicao,0.1672,0.0,142.69,76.58,335.13,219.27,477.82
AAGAARD - Practical Chess Defence.pdf,160,score-baixo,0.0834,0.0,94.58,214.04,342.98,308.62,437.56
AAGAARD - Practical Chess Defence.pdf,160,score-baixo,0.0394,0.0,78.87,28.47,287.02,107.35,365.56
AAGAARD - Practical Chess Defence.pdf,160,score-baixo,0.0221,0.0,48.76,269.35,446.4,318.11,495.16
AAGAARD - Practical Chess Defence.pdf,160,score-baixo,0.0204,0.0,48.11,333.49,430.04,381.27,478.15
AAGAARD - Practical Chess Defence.pdf,160,perdeu-para-embutido,0.5,0.0,130.58,42.87,301.42,173.45,431.67
AAGAARD - Practical Chess Defence.pdf,160,perdeu-para-embutido,0.5,0.0,130.25,244.15,373.09,374.4,503.35
AAGAARD - Practical Chess Defence.pdf,183,sobreposicao,0.1558,0.0,128.62,244.8,361.31,358.04,489.93
AAGAARD - Practical Chess Defence.pdf,183,score-baixo,0.0832,0.0,95.24,107.67,174.44,202.91,269.67
AAGAARD - Practical Chess Defence.pdf,183,score-baixo,0.0721,0.0,94.91,108.0,525.93,202.91,620.84
AAGAARD - Practical Chess Defence.pdf,183,score-baixo,0.0569,0.0,72.65,58.25,460.8,130.91,526.91
AAGAARD - Practical Chess Defence.pdf,183,score-baixo,0.0441,0.0,50.73,122.73,476.51,171.82,527.24
AAGAARD - Practical Chess Defence.pdf,183,score-baixo,0.0318,0.0,64.15,317.13,401.24,381.27,465.38
AAGAARD - Practical Chess Defence.pdf,183,score-baixo,0.0306,0.0,63.82,301.09,385.53,364.91,449.35
AAGAARD - Practical Chess Defence.pdf,183,score-baixo,0.0204,0.0,49.09,66.11,166.25,115.2,215.02
AAGAARD - Practical Chess Defence.pdf,183,score-baixo,0.0201,0.0,49.09,284.73,352.47,333.82,401.24
AAGAARD - Practical Chess Defence.pdf,183,score-baixo,0.0199,0.0,49.09,83.78,517.42,132.22,566.51
AAGAARD - Practical Chess Defence.pdf,183,score-baixo,0.0193,0.0,49.42,332.51,432.65,381.27,482.07
AAGAARD - Practical Chess Defence.pdf,183,score-baixo,0.0094,0.0,66.11,73.96,109.31,124.69,175.42
AAGAARD - Practical Chess Defence.pdf,183,perdeu-para-embutido,0.5,0.0,130.58,42.22,108.65,172.8,239.24
AAGAARD - Practical Chess Defence.pdf,183,perdeu-para-embutido,0.5,0.0,130.91,42.22,460.15,173.13,590.73
AAGAARD - Practical Chess Defence.pdf,183,perdeu-para-embutido,0.5,0.0,130.58,243.82,360.33,374.4,490.91
AAGAARD - Practical Chess Defence.pdf,206,aspecto,0.0,0.0,63.16,291.6,570.76,354.76,592.69
AAGAARD - Practical Chess Defence.pdf,206,aspecto,0.0,0.0,73.31,122.07,72.98,158.73,146.29
AAGAARD - Practical Chess Defence.pdf,206,score-baixo,0.0419,0.0,79.2,229.75,25.53,308.95,104.4
AAGAARD - Practical Chess Defence.pdf,206,score-baixo,0.036,0.0,78.87,28.47,58.91,107.35,137.78
AAGAARD - Practical Chess Defence.pdf,206,score-baixo,0.0294,0.0,64.15,115.85,114.55,180.0,178.04
AAGAARD - Practical Chess Defence.pdf,206,score-baixo,0.0287,0.0,63.82,269.67,64.8,333.49,128.62
AAGAARD - Practical Chess Defence.pdf,206,score-baixo,0.0223,0.0,143.67,272.29,452.29,378.65,595.96
AAGAARD - Practical Chess Defence.pdf,206,score-baixo,0.0007,0.0,49.42,244.15,464.07,277.53,513.49
AAGAARD - Practical Chess Defence.pdf,206,perdeu-para-embutido,0.5,0.0,130.91,42.55,73.31,173.45,203.89
AAGAARD - Practical Chess Defence.pdf,206,perdeu-para-embutido,0.5,0.0,130.91,244.15,39.93,374.73,170.84
AAGAARD - Practical Chess Defence.pdf,206,perdeu-para-embutido,0.5,0.0,131.24,243.49,463.09,374.73,593.67
AAGAARD - Practical Chess Defence.pdf,229,sobreposicao,0.2388,0.0,175.42,43.2,374.07,218.62,549.16
AAGAARD - Practical Chess Defence.pdf,229,sobreposicao,0.1634,0.0,159.05,11.45,342.0,170.51,501.05
AAGAARD - Practical Chess Defence.pdf,229,score-baixo,0.0426,0.0,63.82,34.69,413.67,98.51,477.49
AAGAARD - Practical Chess Defence.pdf,229,score-baixo,0.0398,0.0,79.2,228.76,333.82,307.96,412.69
AAGAARD - Practical Chess Defence.pdf,229,score-baixo,0.0348,0.0,78.87,27.49,358.36,106.36,436.91
AAGAARD - Practical Chess Defence.pdf,229,score-baixo,0.0195,0.0,48.44,268.36,373.42,316.47,421.85
AAGAARD - Practical Chess Defence.pdf,229,score-baixo,0.0188,0.0,48.11,99.16,365.24,147.27,413.35
AAGAARD - Practical Chess Defence.pdf,229,score-baixo,0.0002,0.0,51.05,56.95,468.65,108.0,502.04
AAGAARD - Practical Chess Defence.pdf,229,perdeu-para-embutido,0.5,0.0,130.91,41.56,372.44,172.47,503.02
AAGAARD - Practical Chess Defence.pdf,229,perdeu-para-embutido,0.5,0.0,131.56,243.16,348.22,374.73,479.13
AAGAARD - Practical Chess Defence.pdf,251,aspecto,0.0,0.0,51.38,58.58,424.8,79.2,476.18
AAGAARD - Practical Chess Defence.pdf,251,sobreposicao,0.3165,0.0,191.45,11.78,126.0,203.24,317.13
AAGAARD - Practical Chess Defence.pdf,251,score-baixo,0.0767,0.0,95.24,108.0,441.82,203.24,537.05
AAGAARD - Practical Chess Defence.pdf,251,score-baixo,0.0396,0.0,63.82,301.09,357.38,364.91,421.2
AAGAARD - Practical Chess Defence.pdf,251,score-baixo,0.0386,0.0,78.87,108.33,222.22,187.2,301.09
AAGAARD - Practical Chess Defence.pdf,251,score-baixo,0.0355,0.0,78.55,28.15,142.36,106.69,220.91
AAGAARD - Practical Chess Defence.pdf,251,score-baixo,0.0219,0.0,49.75,67.75,399.27,117.16,449.02
AAGAARD - Practical Chess Defence.pdf,251,score-baixo,0.0212,0.0,48.76,67.42,464.73,115.85,513.49
AAGAARD - Practical Chess Defence.pdf,251,score-baixo,0.0009,0.0,49.75,106.69,220.91,140.73,270.65
AAGAARD - Practical Chess Defence.pdf,251,perdeu-para-embutido,0.5,0.0,130.58,42.55,156.76,173.13,287.02
AAGAARD - Practical Chess Defence.pdf,251,perdeu-para-embutido,0.5,0.0,128.95,43.2,377.02,171.82,505.96
AAGAARD - Practical Chess Defence.pdf,251,perdeu-para-embutido,0.5,0.0,130.58,243.82,316.15,374.4,446.4
AAGAARD - Practical Chess Defence.pdf,274,aspecto,0.0,0.0,66.44,339.71,316.8,373.42,383.24
AAGAARD - Practical Chess Defence.pdf,274,sobreposicao,0.1448,0.0,120.76,76.91,191.13,197.35,311.89
AAGAARD - Practical Chess Defence.pdf,274,score-baixo,0.0822,0.0,94.91,12.11,175.09,107.02,269.67
AAGAARD - Practical Chess Defence.pdf,274,score-baixo,0.0742,0.0,94.58,213.71,270.98,308.29,365.56
AAGAARD - Practical Chess Defence.pdf,274,score-baixo,0.0235,0.0,34.36,307.96,349.53,342.33,383.24
AAGAARD - Practical Chess Defence.pdf,274,score-baixo,0.0205,0.0,49.75,34.04,278.18,83.45,327.93
AAGAARD - Practical Chess Defence.pdf,274,score-baixo,0.0191,0.0,34.36,138.76,269.67,171.82,304.04
AAGAARD - Practical Chess Defence.pdf,274,score-baixo,0.0189,0.0,48.76,51.05,230.07,99.82,278.18
AAGAARD - Practical Chess Defence.pdf,274,score-baixo,0.0183,0.0,34.69,323.67,397.31,358.36,430.69
AAGAARD - Practical Chess Defence.pdf,274,score-baixo,0.0159,0.0,51.71,282.44,390.44,334.15,439.2
AAGAARD - Practical Chess Defence.pdf,274,score-baixo,0.0025,0.0,57.93,324.0,297.16,365.89,355.09
AAGAARD - Practical Chess Defence.pdf,274,score-baixo,0.0007,0.0,49.42,244.8,302.07,278.18,351.49
AAGAARD - Practical Chess Defence.pdf,274,score-baixo,0.0005,0.0,49.42,122.07,301.75,171.49,334.8
AAGAARD - Practical Chess Defence.pdf,274,perdeu-para-embutido,0.5,0.0,130.91,42.22,205.2,173.13,335.78
AAGAARD - Practical Chess Defence.pdf,274,perdeu-para-embutido,0.5,0.0,130.91,243.49,301.09,374.4,431.67
Estrin - Bauernopfer in der Eroeffnung (1980).pdf,1,aspecto,0.0,0.0,276.01,35.65,456.85,311.65,476.15
Estrin - Bauernopfer in der Eroeffnung (1980).pdf,1,aspecto,0.0,0.0,45.13,157.95,402.24,184.44,447.37
Estrin - Bauernopfer in der Eroeffnung (1980).pdf,1,area-relativa,0.0285,0.0,50.03,90.59,245.59,140.62,293.01
Estrin - Bauernopfer in der Eroeffnung (1980).pdf,1,area-relativa,0.0193,0.0,33.03,219.76,395.37,252.79,426.11
Estrin - Bauernopfer in der Eroeffnung (1980).pdf,1,area-relativa,0.0173,0.0,31.07,242.98,275.35,273.06,306.42
Estrin - Bauernopfer in der Eroeffnung (1980).pdf,1,area-relativa,0.0041,0.0,32.7,123.61,373.46,156.32,399.3
Estrin - Bauernopfer in der Eroeffnung (1980).pdf,1,area-relativa,0.0041,0.0,34.01,89.28,399.62,123.29,426.11
Estrin - Bauernopfer in der Eroeffnung (1980).pdf,1,area-relativa,0.0039,0.0,38.92,130.48,266.85,160.24,305.77
Estrin - Bauernopfer in der Eroeffnung (1980).pdf,1,area-relativa,0.0031,0.0,33.03,249.85,373.79,282.88,398.97
Estrin - Bauernopfer in der Eroeffnung (1980).pdf,1,area-relativa,0.0001,0.0,51.67,154.36,398.64,187.38,450.31
Estrin - Bauernopfer in der Eroeffnung (1980).pdf,1,score-baixo,0.0951,0.0,293.34,40.55,241.34,333.89,464.37
Estrin - Bauernopfer in der Eroeffnung (1980).pdf,1,score-baixo,0.0903,0.0,272.41,51.02,252.14,323.43,456.2
Estrin - Bauernopfer in der Eroeffnung (1980).pdf,1,score-baixo,0.0293,0.0,81.1,206.35,292.03,287.45,363.0
Estrin - Bauernopfer in der Eroeffnung (1980).pdf,1,score-baixo,0.0214,0.0,88.95,262.93,10.79,351.88,78.81
Estrin - Bauernopfer in der Eroeffnung (1980).pdf,1,score-baixo,0.0185,0.0,84.05,264.89,12.75,348.93,76.85
Estrin - Bauernopfer in der Eroeffnung (1980).pdf,1,score-baixo,0.0104,0.0,79.14,267.51,16.02,346.65,74.23
Estrin - Bauernopfer in der Eroeffnung (1980).pdf,1,sem-contraste-de-casa,0.5,0.0,325.39,24.85,203.08,350.24,506.89
Estrin - Bauernopfer in der Eroeffnung (1980).pdf,1,sem-contraste-de-casa,0.5,0.0,149.78,111.52,305.11,259.66,454.89
Estrin - Bauernopfer in der Eroeffnung (1980).pdf,2,score-baixo,0.0163,0.0,85.02,241.64,31.39,326.66,94.83
Estrin - Bauernopfer in der Eroeffnung (1980).pdf,2,score-baixo,0.0107,0.0,80.76,243.6,34.01,324.37,92.86
Estrin - Bauernopfer in der Eroeffnung (1980).pdf,3,aspecto,0.0,0.0,40.87,67.69,394.34,91.23,435.22
Estrin - Bauernopfer in der Eroeffnung (1980).pdf,3,aspecto,0.0,0.0,42.83,66.38,393.36,92.54,436.2
Estrin - Bauernopfer in der Eroeffnung (1980).pdf,3,aspecto,0.0,0.0,40.87,67.69,394.34,91.23,435.22
Estrin - Bauernopfer in der Eroeffnung (1980).pdf,3,aspecto,0.0,0.0,42.83,66.38,393.36,92.54,436.2
Estrin - Bauernopfer in der Eroeffnung (1980).pdf,15,score-baixo,0.0217,0.0,44.14,77.5,118.04,121.64,161.2
Estrin - Bauernopfer in der Eroeffnung (1980).pdf,15,score-baixo,0.0216,0.0,44.8,46.1,56.9,90.9,100.06
Estrin - Bauernopfer in der Eroeffnung (1980).pdf,15,score-baixo,0.0208,0.0,44.47,107.9,118.37,152.37,161.86
Estrin - Bauernopfer in der Eroeffnung (1980).pdf,15,score-baixo,0.0202,0.0,44.8,107.25,326.0,152.05,368.84
Estrin - Bauernopfer in der Eroeffnung (1980).pdf,15,score-baixo,0.0086,0.0,45.45,107.9,323.39,146.82,368.84
Estrin - Bauernopfer in der Eroeffnung (1980).pdf,15,score-baixo,0.0073,0.0,44.47,113.79,119.02,151.07,163.49
Estrin - Bauernopfer in der Eroeffnung (1980).pdf,15,score-baixo,0.0071,0.0,44.47,78.8,123.27,123.27,160.55
Estrin - Bauernopfer in der Eroeffnung (1980).pdf,21,score-baixo,0.0209,0.0,44.8,46.43,249.49,89.92,294.29
Estrin - Bauernopfer in der Eroeffnung (1980).pdf,28,score-baixo,0.022,0.0,44.47,271.72,120.0,316.19,164.47
Estrin - Bauernopfer in der Eroeffnung (1980).pdf,28,score-baixo,0.0084,0.0,43.16,262.24,167.74,299.19,210.9
Estrin - Bauernopfer in der Eroeffnung (1980).pdf,35,score-baixo,0.0182,0.0,45.12,108.23,142.24,151.39,187.36
Estrin - Bauernopfer in der Eroeffnung (1980).pdf,42,score-baixo,0.0222,0.0,50.68,110.19,272.38,160.88,319.79
Estrin - Bauernopfer in der Eroeffnung (1980).pdf,42,score-baixo,0.0125,0.0,43.49,55.59,217.44,95.15,260.93
Estrin - Bauernopfer in der Eroeffnung (1980).pdf,42,score-baixo,0.0105,0.0,41.53,288.4,226.93,329.93,263.88
Estrin - Bauernopfer in der Eroeffnung (1980).pdf,42,score-baixo,0.0,0.0,45.45,139.29,223.98,168.07,269.43
Estrin - Bauernopfer in der Eroeffnung (1980).pdf,48,score-baixo,0.0222,0.0,41.2,273.69,161.86,314.89,203.06
Estrin - Bauernopfer in der Eroeffnung (1980).pdf,48,score-baixo,0.0202,0.0,45.12,271.4,129.81,314.89,174.94
Estrin - Bauernopfer in der Eroeffnung (1980).pdf,48,score-baixo,0.0119,0.0,44.8,223.98,176.9,268.78,217.12
Estrin - Bauernopfer in der Eroeffnung (1980).pdf,55,score-baixo,0.0094,0.0,43.49,109.54,116.08,147.47,159.57
Estrin - Bauernopfer in der Eroeffnung (1980).pdf,55,score-baixo,0.0052,0.0,46.1,43.49,61.8,89.59,98.1
Estrin - Bauernopfer in der Eroeffnung (1980).pdf,62,score-baixo,0.0212,0.0,44.47,54.28,105.62,98.75,149.76
Estrin - Bauernopfer in der Eroeffnung (1980).pdf,75,score-baixo,0.0328,0.0,57.88,64.42,118.37,121.96,176.24
Estrin - Bauernopfer in der Eroeffnung (1980).pdf,82,score-baixo,0.0275,0.0,58.86,102.02,118.04,160.88,173.96
Estrin - Bauernopfer in der Eroeffnung (1980).pdf,82,score-baixo,0.0113,0.0,44.8,74.55,133.41,114.12,178.21
"Euwe, Kramer - Das Mittelspiel Band 1-2 (1956).pdf",1,aspecto,0.0,0.0,117.73,133.43,262.94,251.17,317.23
"Euwe, Kramer - Das Mittelspiel Band 1-2 (1956).pdf",1,aspecto,0.0,0.0,70.97,157.31,246.59,228.27,283.87
"Euwe, Kramer - Das Mittelspiel Band 1-2 (1956).pdf",1,aspecto,0.0,0.0,90.59,214.21,222.39,304.8,277.66
"Euwe, Kramer - Das Mittelspiel Band 1-2 (1956).pdf",1,aspecto,0.0,0.0,103.67,22.89,184.45,126.56,242.99
"Euwe, Kramer - Das Mittelspiel Band 1-2 (1956).pdf",1,aspecto,0.0,0.0,96.8,75.55,156.98,172.35,210.29
"Euwe, Kramer - Das Mittelspiel Band 1-2 (1956).pdf",1,aspecto,0.0,0.0,51.02,324.75,90.26,375.77,115.77
"Euwe, Kramer - Das Mittelspiel Band 1-2 (1956).pdf",1,aspecto,0.0,0.0,114.79,77.18,281.25,191.97,350.59
"Euwe, Kramer - Das Mittelspiel Band 1-2 (1956).pdf",1,aspecto,0.0,0.0,117.41,133.76,263.59,251.17,317.23
"Euwe, Kramer - Das Mittelspiel Band 1-2 (1956).pdf",1,aspecto,0.0,0.0,70.97,157.31,247.24,228.27,283.22
"Euwe, Kramer - Das Mittelspiel Band 1-2 (1956).pdf",1,aspecto,0.0,0.0,103.02,23.22,184.78,126.24,242.99
"Euwe, Kramer - Das Mittelspiel Band 1-2 (1956).pdf",1,aspecto,0.0,0.0,50.36,325.08,90.92,375.44,115.77
"Euwe, Kramer - Das Mittelspiel Band 1-2 (1956).pdf",1,area-relativa,0.0352,0.0,71.95,268.83,356.8,340.78,427.77
"Euwe, Kramer - Das Mittelspiel Band 1-2 (1956).pdf",1,area-relativa,0.0348,0.0,58.87,327.37,312.98,386.23,371.52
"Euwe, Kramer - Das Mittelspiel Band 1-2 (1956).pdf",1,area-relativa,0.0136,0.0,41.86,153.38,407.49,192.63,449.35
"Euwe, Kramer - Das Mittelspiel Band 1-2 (1956).pdf",1,area-relativa,0.0128,0.0,65.08,180.85,387.54,245.93,441.18
"Euwe, Kramer - Das Mittelspiel Band 1-2 (1956).pdf",1,area-relativa,0.0044,0.0,63.45,335.54,27.47,384.27,90.92
"Euwe, Kramer - Das Mittelspiel Band 1-2 (1956).pdf",1,area-relativa,0.0005,0.0,54.94,181.83,353.86,236.78,391.14
"Euwe, Kramer - Das Mittelspiel Band 1-2 (1956).pdf",1,sobreposicao,0.0696,0.0,86.01,145.53,156.0,228.6,242.01
"Euwe, Kramer - Das Mittelspiel Band 1-2 (1956).pdf",1,sobreposicao,0.0644,0.0,94.19,78.49,197.2,172.68,284.2
"Euwe, Kramer - Das Mittelspiel Band 1-2 (1956).pdf",1,score-baixo,0.0569,0.0,117.41,251.82,218.14,369.23,319.52
"Euwe, Kramer - Das Mittelspiel Band 1-2 (1956).pdf",1,score-baixo,0.0394,0.0,97.46,75.87,141.61,173.33,225.33
"Euwe, Kramer - Das Mittelspiel Band 1-2 (1956).pdf",1,score-baixo,0.0279,0.0,72.28,224.68,213.88,296.95,279.29
"Euwe, Kramer - Das Mittelspiel Band 1-2 (1956).pdf",1,score-baixo,0.023,0.0,105.63,124.93,111.52,230.56,196.88
"Euwe, Kramer - Das Mittelspiel Band 1-2 (1956).pdf",1,score-baixo,0.0213,0.0,128.2,225.33,118.39,353.53,225.0
"Euwe, Kramer - Das Mittelspiel Band 1-2 (1956).pdf",1,score-baixo,0.0166,0.0,300.22,72.93,294.34,373.15,499.72
"Euwe, Kramer - Das Mittelspiel Band 1-2 (1956).pdf",1,score-baixo,0.0082,0.0,103.02,36.3,375.11,112.17,478.13
"Euwe, Kramer - Das Mittelspiel Band 1-2 (1956).pdf",1,score-baixo,0.0013,0.0,83.4,210.94,267.52,294.34,324.1
"Euwe, Kramer - Das Mittelspiel Band 1-2 (1956).pdf",1,score-baixo,0.0007,0.0,115.12,17.33,244.3,132.45,319.84
"Euwe, Kramer - Das Mittelspiel Band 1-2 (1956).pdf",1,score-baixo,0.0,0.0,95.82,198.51,267.19,294.34,327.37
"Euwe, Kramer - Das Mittelspiel Band 1-2 (1956).pdf",1,score-baixo,0.0,0.0,116.75,75.87,280.6,192.63,352.55
"Euwe, Kramer - Das Mittelspiel Band 1-2 (1956).pdf",1,sem-contraste-de-casa,0.5,0.0,87.65,85.03,200.15,172.68,284.2
"Euwe, Kramer - Das Mittelspiel Band 1-2 (1956).pdf",1,sem-contraste-de-casa,0.5,0.0,397.35,0.0,162.54,397.35,467.34
"Euwe, Kramer - Das Mittelspiel Band 1-2 (1956).pdf",1,sem-contraste-de-casa,0.5,0.0,83.72,152.4,170.39,235.8,254.11
"Euwe, Kramer - Das Mittelspiel Band 1-2 (1956).pdf",1,sem-contraste-de-casa,0.5,0.0,123.29,284.2,5.56,394.08,128.85
"Euwe, Kramer - Das Mittelspiel Band 1-2 (1956).pdf",20,aspecto,0.0,0.0,50.38,307.48,217.86,334.31,268.23
"Euwe, Kramer - Das Mittelspiel Band 1-2 (1956).pdf",20,score-baixo,0.0301,0.0,64.44,274.77,160.28,339.21,224.73
"Euwe, Kramer - Das Mittelspiel Band 1-2 (1956).pdf",20,score-baixo,0.0212,0.0,51.03,249.59,199.86,300.62,249.91
"Euwe, Kramer - Das Mittelspiel Band 1-2 (1956).pdf",20,perdeu-para-embutido,0.5,0.0,105.33,228.98,165.52,334.31,270.85
"Euwe, Kramer - Das Mittelspiel Band 1-2 (1956).pdf",49,perdeu-para-embutido,0.5,0.0,104.35,230.94,286.88,335.29,390.24
"Euwe, Kramer - Das Mittelspiel Band 1-2 (1956).pdf",88,sobreposicao,0.2346,0.0,154.07,210.01,189.4,364.07,343.47
"Euwe, Kramer - Das Mittelspiel Band 1-2 (1956).pdf",88,score-baixo,0.0263,0.0,60.52,222.44,266.6,282.95,326.46
"Euwe, Kramer - Das Mittelspiel Band 1-2 (1956).pdf",88,perdeu-para-embutido,0.5,0.0,105.33,228.0,220.15,333.33,325.48
"Euwe, Kramer - Das Mittelspiel Band 1-2 (1956).pdf",107,sobreposicao,0.252,0.0,153.74,30.75,169.44,184.16,323.19
"Euwe, Kramer - Das Mittelspiel Band 1-2 (1956).pdf",107,score-baixo,0.0606,0.0,77.53,106.97,168.79,184.49,246.31
"Euwe, Kramer - Das Mittelspiel Band 1-2 (1956).pdf",107,score-baixo,0.0294,0.0,62.81,82.1,221.45,144.91,284.26
"Euwe, Kramer - Das Mittelspiel Band 1-2 (1956).pdf",107,perdeu-para-embutido,0.5,0.0,105.66,61.5,187.11,166.5,292.76
"Euwe, Kramer - Das Mittelspiel Band 1-2 (1956).pdf",116,perdeu-para-embutido,0.5,0.0,103.37,230.29,164.21,333.65,267.58
"Euwe, Kramer - Das Mittelspiel Band 7 (1958).pdf",1,aspecto,0.0,0.0,285.02,225.46,538.96,510.49,687.85
"Euwe, Kramer - Das Mittelspiel Band 7 (1958).pdf",1,aspecto,0.0,0.0,167.87,211.07,406.43,378.94,483.65
"Euwe, Kramer - Das Mittelspiel Band 7 (1958).pdf",1,aspecto,0.0,0.0,100.46,246.08,383.85,346.54,435.55
"Euwe, Kramer - Das Mittelspiel Band 7 (1958).pdf",1,aspecto,0.0,0.0,149.55,52.36,294.18,201.9,378.28
"Euwe, Kramer - Das Mittelspiel Band 7 (1958).pdf",1,aspecto,0.0,0.0,128.93,128.6,254.92,257.53,331.49
"Euwe, Kramer - Das Mittelspiel Band 7 (1958).pdf",1,aspecto,0.0,0.0,72.32,481.36,161.65,553.68,198.96
"Euwe, Kramer - Das Mittelspiel Band 7 (1958).pdf",1,aspecto,0.0,0.0,285.02,225.46,538.96,510.49,687.85
"Euwe, Kramer - Das Mittelspiel Band 7 (1958).pdf",1,aspecto,0.0,0.0,167.87,211.07,406.43,378.94,483.65
"Euwe, Kramer - Das Mittelspiel Band 7 (1958).pdf",1,aspecto,0.0,0.0,100.46,246.08,383.85,346.54,435.55
"Euwe, Kramer - Das Mittelspiel Band 7 (1958).pdf",1,aspecto,0.0,0.0,149.22,52.36,294.18,201.58,377.96
"Euwe, Kramer - Das Mittelspiel Band 7 (1958).pdf",1,aspecto,0.0,0.0,72.97,481.04,161.65,554.01,199.29
"Euwe, Kramer - Das Mittelspiel Band 7 (1958).pdf",1,area-relativa,0.034,0.0,84.75,484.96,477.76,569.72,562.19
"Euwe, Kramer - Das Mittelspiel Band 7 (1958).pdf",1,area-relativa,0.0303,0.0,77.55,436.2,542.88,512.78,620.44
"Euwe, Kramer - Das Mittelspiel Band 7 (1958).pdf",1,area-relativa,0.0243,0.0,83.12,343.27,411.66,426.39,489.87
"Euwe, Kramer - Das Mittelspiel Band 7 (1958).pdf",1,area-relativa,0.0178,0.0,76.57,-5.24,633.53,63.48,710.1
"Euwe, Kramer - Das Mittelspiel Band 7 (1958).pdf",1,area-relativa,0.0156,0.0,61.19,216.96,467.62,278.15,524.23
"Euwe, Kramer - Das Mittelspiel Band 7 (1958).pdf",1,area-relativa,0.003,0.0,91.63,496.42,71.66,564.81,163.29
"Euwe, Kramer - Das Mittelspiel Band 7 (1958).pdf",1,area-relativa,0.001,0.0,78.21,283.06,536.66,361.27,591.31
"Euwe, Kramer - Das Mittelspiel Band 7 (1958).pdf",1,sobreposicao,0.0687,0.0,123.04,229.06,253.93,347.85,376.97
"Euwe, Kramer - Das Mittelspiel Band 7 (1958).pdf",1,score-baixo,0.0584,0.0,166.24,379.92,341.96,546.15,487.25
"Euwe, Kramer - Das Mittelspiel Band 7 (1958).pdf",1,score-baixo,0.0478,0.0,89.01,144.64,333.12,233.65,420.17
"Euwe, Kramer - Das Mittelspiel Band 7 (1958).pdf",1,score-baixo,0.0355,0.0,131.22,129.58,238.88,260.81,352.1
"Euwe, Kramer - Das Mittelspiel Band 7 (1958).pdf",1,score-baixo,0.0211,0.0,150.2,200.27,190.45,350.47,311.53
"Euwe, Kramer - Das Mittelspiel Band 7 (1958).pdf",1,score-baixo,0.0166,0.0,427.7,123.69,450.93,551.39,743.8
"Euwe, Kramer - Das Mittelspiel Band 7 (1958).pdf",1,score-baixo,0.0077,0.0,152.49,70.68,562.84,181.62,715.34
"Euwe, Kramer - Das Mittelspiel Band 7 (1958).pdf",1,score-baixo,0.0064,0.0,134.17,332.14,230.05,428.35,364.21
"Euwe, Kramer - Das Mittelspiel Band 7 (1958).pdf",1,score-baixo,0.0003,0.0,166.56,43.19,379.59,209.76,486.93
"Euwe, Kramer - Das Mittelspiel Band 7 (1958).pdf",1,sem-contraste-de-casa,0.5,0.0,167.22,21.27,463.04,188.49,628.29
"Euwe, Kramer - Das Mittelspiel Band 7 (1958).pdf",1,sem-contraste-de-casa,0.5,0.0,131.55,132.86,426.06,264.41,552.37
"Euwe, Kramer - Das Mittelspiel Band 7 (1958).pdf",1,sem-contraste-de-casa,0.5,0.0,571.68,18.33,260.48,590.0,697.34
"Euwe, Kramer - Das Mittelspiel Band 7 (1958).pdf",1,sem-contraste-de-casa,0.5,0.0,124.68,235.61,268.99,359.96,393.66
"Euwe, Kramer - Das Mittelspiel Band 7 (1958).pdf",1,sem-contraste-de-casa,0.5,0.0,174.42,424.75,42.54,578.22,216.96
"Euwe, Kramer - Das Mittelspiel Band 7 (1958).pdf",1,sem-contraste-de-casa,0.5,0.0,135.48,389.41,244.44,524.88,375.99
"Euwe, Kramer - Das Mittelspiel Band 7 (1958).pdf",2,aspecto,0.0,0.0,437.64,65.42,684.6,503.06,689.17
"Euwe, Kramer - Das Mittelspiel Band 7 (1958).pdf",2,aspecto,0.0,0.0,437.64,65.42,684.6,503.06,689.17
"Euwe, Kramer - Das Mittelspiel Band 7 (1958).pdf",10,score-baixo,0.0223,0.0,71.63,167.8,435.03,239.43,506.33
"Euwe, Kramer - Das Mittelspiel Band 7 (1958).pdf",44,score-baixo,0.0191,0.0,71.96,342.13,328.4,413.11,400.36
GALLAGHER - Winning With the King's Gambit.pdf,1,aspecto,0.0,0.0,50.7,191.69,342.49,221.13,393.2
GALLAGHER - Winning With the King's Gambit.pdf,1,aspecto,0.0,0.0,48.09,127.58,283.61,156.69,331.7
GALLAGHER - Winning With the King's Gambit.pdf,1,aspecto,0.0,0.0,49.07,252.86,161.92,282.3,210.99
GALLAGHER - Winning With the King's Gambit.pdf,1,aspecto,0.0,0.0,49.07,239.78,161.92,269.22,210.99
GALLAGHER - Winning With the King's Gambit.pdf,1,aspecto,0.0,0.0,48.74,190.38,162.25,219.82,210.99
GALLAGHER - Winning With the King's Gambit.pdf,1,aspecto,0.0,0.0,49.07,177.63,161.92,207.07,210.99
GALLAGHER - Winning With the King's Gambit.pdf,1,aspecto,0.0,0.0,48.74,145.24,162.25,174.35,210.99
GALLAGHER - Winning With the King's Gambit.pdf,1,aspecto,0.0,0.0,49.07,131.83,161.92,160.94,210.99
GALLAGHER - Winning With the King's Gambit.pdf,1,aspecto,0.0,0.0,61.5,48.41,110.57,109.91,145.89
GALLAGHER - Winning With the King's Gambit.pdf,1,aspecto,0.0,0.0,89.96,327.12,54.63,378.48,144.59
GALLAGHER - Winning With the King's Gambit.pdf,1,aspecto,0.0,0.0,74.91,109.91,54.3,139.68,129.21
GALLAGHER - Winning With the King's Gambit.pdf,1,aspecto,0.0,0.0,82.76,289.5,20.61,372.26,37.95
GALLAGHER - Winning With the King's Gambit.pdf,1,aspecto,0.0,0.0,85.71,287.86,19.3,373.57,39.25
GALLAGHER - Winning With the King's Gambit.pdf,1,aspecto,0.0,0.0,609.09,14.39,0.98,17.34,610.08
GALLAGHER - Winning With the King's Gambit.pdf,1,aspecto,0.0,0.0,50.7,191.69,342.49,221.13,393.2
GALLAGHER - Winning With the King's Gambit.pdf,1,aspecto,0.0,0.0,48.09,127.58,283.61,156.69,331.7
GALLAGHER - Winning With the King's Gambit.pdf,1,aspecto,0.0,0.0,49.07,252.86,161.92,282.3,210.99
GALLAGHER - Winning With the King's Gambit.pdf,1,aspecto,0.0,0.0,49.07,239.78,161.92,269.22,210.99
GALLAGHER - Winning With the King's Gambit.pdf,1,aspecto,0.0,0.0,48.74,190.38,162.25,219.82,210.99
GALLAGHER - Winning With the King's Gambit.pdf,1,aspecto,0.0,0.0,49.07,177.63,161.92,207.07,210.99
GALLAGHER - Winning With the King's Gambit.pdf,1,aspecto,0.0,0.0,48.74,145.24,162.25,174.35,210.99
GALLAGHER - Winning With the King's Gambit.pdf,1,aspecto,0.0,0.0,49.07,131.83,161.92,160.94,210.99
GALLAGHER - Winning With the King's Gambit.pdf,1,aspecto,0.0,0.0,149.82,228.98,53.97,378.8,144.59
GALLAGHER - Winning With the King's Gambit.pdf,1,aspecto,0.0,0.0,74.91,109.91,54.3,139.68,129.21
GALLAGHER - Winning With the King's Gambit.pdf,1,aspecto,0.0,0.0,82.76,289.5,20.61,372.26,37.95
GALLAGHER - Winning With the King's Gambit.pdf,1,aspecto,0.0,0.0,85.71,287.86,19.3,373.57,39.25
GALLAGHER - Winning With the King's Gambit.pdf,1,aspecto,0.0,0.0,610.4,14.07,0.0,17.34,610.4
GALLAGHER - Winning With the King's Gambit.pdf,1,sobreposicao,0.0618,0.0,77.53,210.66,82.43,286.56,159.96
GALLAGHER - Winning With the King's Gambit.pdf,1,score-baixo,0.0506,0.0,95.19,36.64,36.31,123.32,131.5
GALLAGHER - Winning With the King's Gambit.pdf,1,score-baixo,0.0442,0.0,48.41,125.94,403.99,172.39,452.41
GALLAGHER - Winning With the King's Gambit.pdf,1,score-baixo,0.0149,0.0,48.74,83.42,403.99,124.63,452.73
GALLAGHER - Winning With the King's Gambit.pdf,1,score-baixo,0.0093,0.0,48.74,103.37,343.47,142.3,392.22
GALLAGHER - Winning With the King's Gambit.pdf,1,score-baixo,0.0085,0.0,49.39,170.1,222.11,209.03,271.51
GALLAGHER - Winning With the King's Gambit.pdf,1,score-baixo,0.0069,0.0,83.74,109.91,60.52,169.45,144.26
GALLAGHER - Winning With the King's Gambit.pdf,1,score-baixo,0.0056,0.0,48.74,131.5,222.77,168.47,271.51
GALLAGHER - Winning With the King's Gambit.pdf,1,score-baixo,0.005,0.0,43.83,172.72,225.06,206.41,268.89
GALLAGHER - Winning With the King's Gambit.pdf,1,score-baixo,0.0039,0.0,51.03,284.27,161.27,321.88,212.3
GALLAGHER - Winning With the King's Gambit.pdf,1,score-baixo,0.0034,0.0,48.41,86.36,283.28,122.02,331.7
GALLAGHER - Winning With the King's Gambit.pdf,1,score-baixo,0.0029,0.0,43.18,134.45,225.38,166.18,268.56
GALLAGHER - Winning With the King's Gambit.pdf,1,score-baixo,0.0023,0.0,49.72,49.39,403.66,85.05,453.39
GALLAGHER - Winning With the King's Gambit.pdf,1,score-baixo,0.0023,0.0,49.07,223.75,403.66,258.75,452.73
GALLAGHER - Winning With the King's Gambit.pdf,1,score-baixo,0.002,0.0,48.09,50.7,283.61,84.72,331.7
GALLAGHER - Winning With the King's Gambit.pdf,1,score-baixo,0.0017,0.0,49.72,145.89,343.15,180.9,392.87
GALLAGHER - Winning With the King's Gambit.pdf,1,score-baixo,0.0014,0.0,48.41,55.61,343.8,89.3,392.22
GALLAGHER - Winning With the King's Gambit.pdf,1,score-baixo,0.0013,0.0,89.96,50.38,54.3,109.91,144.26
GALLAGHER - Winning With the King's Gambit.pdf,1,score-baixo,0.0012,0.0,48.09,177.3,404.32,210.66,452.41
GALLAGHER - Winning With the King's Gambit.pdf,1,score-baixo,0.0011,0.0,90.28,169.77,53.97,229.31,144.26
GALLAGHER - Winning With the King's Gambit.pdf,1,score-baixo,0.0003,0.0,85.05,321.23,56.92,375.86,141.97
GALLAGHER - Winning With the King's Gambit.pdf,1,score-baixo,0.0001,0.0,57.9,50.7,216.55,88.32,274.45
GALLAGHER - Winning With the King's Gambit.pdf,1,score-baixo,0.0001,0.0,57.57,76.55,216.55,113.84,274.13
GALLAGHER - Winning With the King's Gambit.pdf,1,score-baixo,0.0001,0.0,57.57,76.55,156.36,113.84,213.94
GALLAGHER - Winning With the King's Gambit.pdf,1,score-baixo,0.0001,0.0,57.9,51.03,156.04,88.32,213.94
GALLAGHER - Winning With the King's Gambit.pdf,1,sem-contraste-de-casa,0.5,0.0,62.48,109.91,81.78,169.45,144.26
GALLAGHER - Winning With the King's Gambit.pdf,1,sem-contraste-de-casa,0.5,0.0,89.96,229.64,54.3,318.61,144.26
GALLAGHER - Winning With the King's Gambit.pdf,31,sobreposicao,0.33,0.0,117.43,51.68,292.44,166.17,409.87
GALLAGHER - Winning With the King's Gambit.pdf,45,aspecto,0.0,0.0,113.24,205.85,536.07,319.09,552.11
GALLAGHER - Winning With the King's Gambit.pdf,75,sobreposicao,0.3443,0.0,117.13,35.01,58.89,149.52,176.02
GALLAGHER - Winning With the King's Gambit.pdf,104,aspecto,0.0,0.0,103.34,327.04,221.08,342.08,324.42
GALLAGHER - Winning With the King's Gambit.pdf,134,sobreposicao,0.263,0.0,134.74,208.65,70.64,343.39,193.28
GALLAGHER - Winning With the King's Gambit.pdf,134,perdeu-para-embutido,0.5,0.0,120.35,224.35,71.29,342.08,191.64
GALLAGHER - Winning With the King's Gambit.pdf,149,perdeu-para-embutido,0.5,0.0,123.65,198.56,432.77,319.26,556.42
GALLAGHER - Winning With the King's Gambit.pdf,178,sobreposicao,0.3365,0.0,117.73,66.39,232.2,181.51,349.93
GALLAGHER - Winning With the King's Gambit.pdf,178,perdeu-para-embutido,0.5,0.0,123.95,62.79,228.93,184.78,352.87
"Gaprindashvili, Paata - Imagination in Chess. How To Think Creatively And Avoid Foolish Mistakes (Bastford, 2005) 2p 145p_OCR_Aprimorar_Aprimorar.pdf",1,aspecto,0.0,0.0,150.78,74.57,428.47,225.35,473.6
"Gaprindashvili, Paata - Imagination in Chess. How To Think Creatively And Avoid Foolish Mistakes (Bastford, 2005) 2p 145p_OCR_Aprimorar_Aprimorar.pdf",1,aspecto,0.0,0.0,107.93,266.89,292.08,323.15,400.01
"Gaprindashvili, Paata - Imagination in Chess. How To Think Creatively And Avoid Foolish Mistakes (Bastford, 2005) 2p 145p_OCR_Aprimorar_Aprimorar.pdf",1,aspecto,0.0,0.0,114.15,265.91,289.46,326.75,403.61
"Gaprindashvili, Paata - Imagination in Chess. How To Think Creatively And Avoid Foolish Mistakes (Bastford, 2005) 2p 145p_OCR_Aprimorar_Aprimorar.pdf",1,aspecto,0.0,0.0,150.78,0.0,278.34,74.9,429.12
"Gaprindashvili, Paata - Imagination in Chess. How To Think Creatively And Avoid Foolish Mistakes (Bastford, 2005) 2p 145p_OCR_Aprimorar_Aprimorar.pdf",1,aspecto,0.0,0.0,152.42,373.52,124.94,454.96,277.36
"Gaprindashvili, Paata - Imagination in Chess. How To Think Creatively And Avoid Foolish Mistakes (Bastford, 2005) 2p 145p_OCR_Aprimorar_Aprimorar.pdf",1,aspecto,0.0,0.0,107.61,268.53,292.4,322.49,400.01
"Gaprindashvili, Paata - Imagination in Chess. How To Think Creatively And Avoid Foolish Mistakes (Bastford, 2005) 2p 145p_OCR_Aprimorar_Aprimorar.pdf",1,aspecto,0.0,0.0,115.13,262.97,288.81,326.75,403.94
"Gaprindashvili, Paata - Imagination in Chess. How To Think Creatively And Avoid Foolish Mistakes (Bastford, 2005) 2p 145p_OCR_Aprimorar_Aprimorar.pdf",1,aspecto,0.0,0.0,150.78,0.0,278.34,74.9,429.12
"Gaprindashvili, Paata - Imagination in Chess. How To Think Creatively And Avoid Foolish Mistakes (Bastford, 2005) 2p 145p_OCR_Aprimorar_Aprimorar.pdf",1,aspecto,0.0,0.0,152.42,373.52,124.94,454.96,277.36
"Gaprindashvili, Paata - Imagination in Chess. How To Think Creatively And Avoid Foolish Mistakes (Bastford, 2005) 2p 145p_OCR_Aprimorar_Aprimorar.pdf",1,score-baixo,0.0874,0.0,152.09,222.74,0.0,374.83,125.27
"Gaprindashvili, Paata - Imagination in Chess. How To Think Creatively And Avoid Foolish Mistakes (Bastford, 2005) 2p 145p_OCR_Aprimorar_Aprimorar.pdf",1,score-baixo,0.0308,0.0,455.94,0.65,427.48,456.59,749.32
"Gaprindashvili, Paata - Imagination in Chess. How To Think Creatively And Avoid Foolish Mistakes (Bastford, 2005) 2p 145p_OCR_Aprimorar_Aprimorar.pdf",1,score-baixo,0.0004,0.0,471.31,-5.23,456.59,466.08,753.9
"Gaprindashvili, Paata - Imagination in Chess. How To Think Creatively And Avoid Foolish Mistakes (Bastford, 2005) 2p 145p_OCR_Aprimorar_Aprimorar.pdf",1,sem-contraste-de-casa,0.5,0.0,152.09,72.61,125.6,224.7,277.36
"Gaprindashvili, Paata - Imagination in Chess. How To Think Creatively And Avoid Foolish Mistakes (Bastford, 2005) 2p 145p_OCR_Aprimorar_Aprimorar.pdf",1,sem-contraste-de-casa,0.5,0.0,148.16,76.21,430.1,224.37,577.61
"Gaprindashvili, Paata - Imagination in Chess. How To Think Creatively And Avoid Foolish Mistakes (Bastford, 2005) 2p 145p_OCR_Aprimorar_Aprimorar.pdf",1,sem-contraste-de-casa,0.5,0.0,150.78,224.37,278.01,375.15,428.47
"Gaprindashvili, Paata - Imagination in Chess. How To Think Creatively And Avoid Foolish Mistakes (Bastford, 2005) 2p 145p_OCR_Aprimorar_Aprimorar.pdf",1,sem-contraste-de-casa,0.5,0.0,150.13,226.99,578.59,374.83,728.72
"Gaprindashvili, Paata - Imagination in Chess. How To Think Creatively And Avoid Foolish Mistakes (Bastford, 2005) 2p 145p_OCR_Aprimorar_Aprimorar.pdf",3,score-baixo,0.0563,0.0,52.68,123.69,462.03,176.37,514.71
"Gaprindashvili, Paata - Imagination in Chess. How To Think Creatively And Avoid Foolish Mistakes (Bastford, 2005) 2p 145p_OCR_Aprimorar_Aprimorar.pdf",3,score-baixo,0.0494,0.0,66.1,116.82,455.16,182.91,521.26
"Gaprindashvili, Paata - Imagination in Chess. How To Think Creatively And Avoid Foolish Mistakes (Bastford, 2005) 2p 145p_OCR_Aprimorar_Aprimorar.pdf",3,score-baixo,0.0477,0.0,49.41,125.32,463.67,174.73,512.75
"Gaprindashvili, Paata - Imagination in Chess. How To Think Creatively And Avoid Foolish Mistakes (Bastford, 2005) 2p 145p_OCR_Aprimorar_Aprimorar.pdf",23,score-baixo,0.0005,0.0,41.88,260.46,303.0,288.61,344.89
"Gaprindashvili, Paata - Imagination in Chess. How To Think Creatively And Avoid Foolish Mistakes (Bastford, 2005) 2p 145p_OCR_Aprimorar_Aprimorar.pdf",45,sobreposicao,0.2432,0.0,112.24,216.95,93.58,325.91,205.82
"Gaprindashvili, Paata - Imagination in Chess. How To Think Creatively And Avoid Foolish Mistakes (Bastford, 2005) 2p 145p_OCR_Aprimorar_Aprimorar.pdf",45,score-baixo,0.0006,0.0,41.88,228.4,446.65,270.28,475.12
"Gaprindashvili, Paata - Imagination in Chess. How To Think Creatively And Avoid Foolish Mistakes (Bastford, 2005) 2p 145p_OCR_Aprimorar_Aprimorar.pdf",45,score-baixo,0.0006,0.0,41.88,243.45,135.47,285.33,163.94
"Gaprindashvili, Paata - Imagination in Chess. How To Think Creatively And Avoid Foolish Mistakes (Bastford, 2005) 2p 145p_OCR_Aprimorar_Aprimorar.pdf",45,score-baixo,0.0005,0.0,42.21,228.72,313.47,270.94,341.94
"Gaprindashvili, Paata - Imagination in Chess. How To Think Creatively And Avoid Foolish Mistakes (Bastford, 2005) 2p 145p_OCR_Aprimorar_Aprimorar.pdf",45,score-baixo,0.0004,0.0,42.54,84.42,299.08,126.96,327.54
"Gaprindashvili, Paata - Imagination in Chess. How To Think Creatively And Avoid Foolish Mistakes (Bastford, 2005) 2p 145p_OCR_Aprimorar_Aprimorar.pdf",68,score-baixo,0.0005,0.0,42.19,230.89,451.65,273.08,480.1
"Gaprindashvili, Paata - Imagination in Chess. How To Think Creatively And Avoid Foolish Mistakes (Bastford, 2005) 2p 145p_OCR_Aprimorar_Aprimorar.pdf",90,score-baixo,0.0583,0.0,54.94,109.23,174.64,162.54,229.59
"Gaprindashvili, Paata - Imagination in Chess. How To Think Creatively And Avoid Foolish Mistakes (Bastford, 2005) 2p 145p_OCR_Aprimorar_Aprimorar.pdf",90,score-baixo,0.0572,0.0,76.2,243.0,163.85,319.2,240.05
"Gaprindashvili, Paata - Imagination in Chess. How To Think Creatively And Avoid Foolish Mistakes (Bastford, 2005) 2p 145p_OCR_Aprimorar_Aprimorar.pdf",90,score-baixo,0.0321,0.0,40.23,295.0,92.23,334.57,132.45
"Gaprindashvili, Paata - Imagination in Chess. How To Think Creatively And Avoid Foolish Mistakes (Bastford, 2005) 2p 145p_OCR_Aprimorar_Aprimorar.pdf",90,score-baixo,0.0315,0.0,39.9,122.32,92.88,162.21,132.45
"Gaprindashvili, Paata - Imagination in Chess. How To Think Creatively And Avoid Foolish Mistakes (Bastford, 2005) 2p 145p_OCR_Aprimorar_Aprimorar.pdf",90,score-baixo,0.0275,0.0,36.96,296.63,93.86,333.26,130.82
"Gaprindashvili, Paata - Imagination in Chess. How To Think Creatively And Avoid Foolish Mistakes (Bastford, 2005) 2p 145p_OCR_Aprimorar_Aprimorar.pdf",90,score-baixo,0.0261,0.0,37.28,123.62,94.19,160.91,130.82
"Gaprindashvili, Paata - Imagination in Chess. How To Think Creatively And Avoid Foolish Mistakes (Bastford, 2005) 2p 145p_OCR_Aprimorar_Aprimorar.pdf",90,sem-contraste-de-casa,0.5,0.0,56.58,37.28,81.43,93.86,138.01
"Gaprindashvili, Paata - Imagination in Chess. How To Think Creatively And Avoid Foolish Mistakes (Bastford, 2005) 2p 145p_OCR_Aprimorar_Aprimorar.pdf",90,sem-contraste-de-casa,0.5,0.0,57.56,107.6,173.33,164.18,230.89
"Gaprindashvili, Paata - Imagination in Chess. How To Think Creatively And Avoid Foolish Mistakes (Bastford, 2005) 2p 145p_OCR_Aprimorar_Aprimorar.pdf",90,sem-contraste-de-casa,0.5,0.0,56.58,188.05,81.43,244.63,138.01
"Gaprindashvili, Paata - Imagination in Chess. How To Think Creatively And Avoid Foolish Mistakes (Bastford, 2005) 2p 145p_OCR_Aprimorar_Aprimorar.pdf",90,sem-contraste-de-casa,0.5,0.0,57.56,252.81,173.01,309.39,230.57
"Gaprindashvili, Paata - Imagination in Chess. How To Think Creatively And Avoid Foolish Mistakes (Bastford, 2005) 2p 145p_OCR_Aprimorar_Aprimorar.pdf",112,sobreposicao,0.0663,0.0,53.96,102.37,182.16,156.33,236.13
"Gaprindashvili, Paata - Imagination in Chess. How To Think Creatively And Avoid Foolish Mistakes (Bastford, 2005) 2p 145p_OCR_Aprimorar_Aprimorar.pdf",112,sobreposicao,0.0661,0.0,53.96,251.83,183.8,305.79,237.76
"Gaprindashvili, Paata - Imagination in Chess. How To Think Creatively And Avoid Foolish Mistakes (Bastford, 2005) 2p 145p_OCR_Aprimorar_Aprimorar.pdf",112,sobreposicao,0.0644,0.0,53.64,190.67,93.86,243.98,147.5
"Gaprindashvili, Paata - Imagination in Chess. How To Think Creatively And Avoid Foolish Mistakes (Bastford, 2005) 2p 145p_OCR_Aprimorar_Aprimorar.pdf",112,sobreposicao,0.0635,0.0,80.45,20.6,76.2,101.06,156.66
"Gaprindashvili, Paata - Imagination in Chess. How To Think Creatively And Avoid Foolish Mistakes (Bastford, 2005) 2p 145p_OCR_Aprimorar_Aprimorar.pdf",112,score-baixo,0.0575,0.0,76.53,90.92,171.05,167.45,247.57
"Gaprindashvili, Paata - Imagination in Chess. How To Think Creatively And Avoid Foolish Mistakes (Bastford, 2005) 2p 145p_OCR_Aprimorar_Aprimorar.pdf",112,score-baixo,0.034,0.0,50.69,290.09,95.82,340.78,146.52
"Gaprindashvili, Paata - Imagination in Chess. How To Think Creatively And Avoid Foolish Mistakes (Bastford, 2005) 2p 145p_OCR_Aprimorar_Aprimorar.pdf",112,score-baixo,0.0325,0.0,39.9,116.76,99.42,156.66,139.32
"Gaprindashvili, Paata - Imagination in Chess. How To Think Creatively And Avoid Foolish Mistakes (Bastford, 2005) 2p 145p_OCR_Aprimorar_Aprimorar.pdf",112,score-baixo,0.0272,0.0,36.96,118.06,100.73,155.02,137.36
"Gaprindashvili, Paata - Imagination in Chess. How To Think Creatively And Avoid Foolish Mistakes (Bastford, 2005) 2p 145p_OCR_Aprimorar_Aprimorar.pdf",112,sem-contraste-de-casa,0.5,0.0,53.64,34.01,89.61,87.65,143.25
"Gaprindashvili, Paata - Imagination in Chess. How To Think Creatively And Avoid Foolish Mistakes (Bastford, 2005) 2p 145p_OCR_Aprimorar_Aprimorar.pdf",112,sem-contraste-de-casa,0.5,0.0,57.23,100.73,180.53,157.64,237.76
"Gaprindashvili, Paata - Imagination in Chess. How To Think Creatively And Avoid Foolish Mistakes (Bastford, 2005) 2p 145p_OCR_Aprimorar_Aprimorar.pdf",112,sem-contraste-de-casa,0.5,0.0,56.91,189.03,92.23,245.61,149.13
"Gaprindashvili, Paata - Imagination in Chess. How To Think Creatively And Avoid Foolish Mistakes (Bastford, 2005) 2p 145p_OCR_Aprimorar_Aprimorar.pdf",112,sem-contraste-de-casa,0.5,0.0,76.53,240.38,172.35,316.91,248.88
Gunderam - Neue Eröffnungswege Ein Schach-Praktikum (1961).pdf,3,aspecto,0.0,0.0,83.77,108.31,489.18,192.07,517.64
Gunderam - Neue Eröffnungswege Ein Schach-Praktikum (1961).pdf,3,aspecto,0.0,0.0,83.77,108.31,489.18,192.07,517.64
Gunderam - Neue Eröffnungswege Ein Schach-Praktikum (1961).pdf,3,aspecto,0.0,0.0,65.11,277.47,487.87,342.59,517.64
Gunderam - Neue Eröffnungswege Ein Schach-Praktikum (1961).pdf,112,aspecto,0.0,0.0,103.72,251.62,444.68,355.35,458.75
Gunderam - Neue Eröffnungswege Ein Schach-Praktikum (1961).pdf,112,aspecto,0.0,0.0,85.4,340.95,277.8,355.02,363.2
Karpov A - Chess Combinations -World Champions-1 (2011).pdf,1,aspecto,0.0,0.0,318.39,36.65,551.05,355.04,682.27
Karpov A - Chess Combinations -World Champions-1 (2011).pdf,1,aspecto,0.0,0.0,139.4,19.96,482.99,44.5,622.39
Karpov A - Chess Combinations -World Champions-1 (2011).pdf,1,aspecto,0.0,0.0,76.24,42.21,481.68,70.68,557.92
Karpov A - Chess Combinations -World Champions-1 (2011).pdf,1,aspecto,0.0,0.0,73.63,133.51,216.95,178.01,290.58
Karpov A - Chess Combinations -World Champions-1 (2011).pdf,1,aspecto,0.0,0.0,220.88,185.21,177.36,271.6,398.24
Karpov A - Chess Combinations -World Champions-1 (2011).pdf,1,aspecto,0.0,0.0,222.84,88.68,176.38,175.72,399.22
Karpov A - Chess Combinations -World Champions-1 (2011).pdf,1,aspecto,0.0,0.0,63.48,105.37,132.2,168.85,170.49
Karpov A - Chess Combinations -World Champions-1 (2011).pdf,1,aspecto,0.0,0.0,124.02,35.67,61.85,48.76,185.87
Karpov A - Chess Combinations -World Champions-1 (2011).pdf,1,aspecto,0.0,0.0,209.1,392.02,60.86,433.9,269.96
Karpov A - Chess Combinations -World Champions-1 (2011).pdf,1,aspecto,0.0,0.0,103.4,353.73,31.09,393.0,134.49
Karpov A - Chess Combinations -World Champions-1 (2011).pdf,1,aspecto,0.0,0.0,285.67,14.73,0.33,49.41,286.0
Karpov A - Chess Combinations -World Champions-1 (2011).pdf,1,aspecto,0.0,0.0,674.74,66.75,0.0,423.76,674.74
Karpov A - Chess Combinations -World Champions-1 (2011).pdf,1,aspecto,0.0,0.0,90.97,81.48,518.66,99.8,609.63
Karpov A - Chess Combinations -World Champions-1 (2011).pdf,1,aspecto,0.0,0.0,217.28,95.22,518.66,312.5,608.97
Karpov A - Chess Combinations -World Champions-1 (2011).pdf,1,aspecto,0.0,0.0,139.4,19.96,482.99,44.5,622.39
Karpov A - Chess Combinations -World Champions-1 (2011).pdf,1,aspecto,0.0,0.0,76.24,42.54,481.68,70.68,557.92
Karpov A - Chess Combinations -World Champions-1 (2011).pdf,1,aspecto,0.0,0.0,73.63,133.51,216.95,178.01,290.58
Karpov A - Chess Combinations -World Champions-1 (2011).pdf,1,aspecto,0.0,0.0,220.88,185.21,177.36,271.6,398.24
Karpov A - Chess Combinations -World Champions-1 (2011).pdf,1,aspecto,0.0,0.0,222.84,88.68,176.38,175.72,399.22
Karpov A - Chess Combinations -World Champions-1 (2011).pdf,1,aspecto,0.0,0.0,124.02,35.67,61.85,48.76,185.87
Karpov A - Chess Combinations -World Champions-1 (2011).pdf,1,aspecto,0.0,0.0,209.1,392.02,60.86,433.9,269.96
Karpov A - Chess Combinations -World Champions-1 (2011).pdf,1,aspecto,0.0,0.0,107.66,347.19,30.1,396.6,137.76
Karpov A - Chess Combinations -World Champions-1 (2011).pdf,1,aspecto,0.0,0.0,99.48,243.78,32.07,281.09,131.55
Karpov A - Chess Combinations -World Champions-1 (2011).pdf,1,aspecto,0.0,0.0,101.44,88.68,31.74,120.75,133.18
Karpov A - Chess Combinations -World Champions-1 (2011).pdf,1,aspecto,0.0,0.0,285.67,14.73,0.33,49.41,286.0
Karpov A - Chess Combinations -World Champions-1 (2011).pdf,1,aspecto,0.0,0.0,674.74,40.9,0.0,423.76,674.74
Karpov A - Chess Combinations -World Champions-1 (2011).pdf,1,area-relativa,0.0246,0.0,57.59,183.9,221.21,241.49,278.47
Karpov A - Chess Combinations -World Champions-1 (2011).pdf,1,area-relativa,0.0132,0.0,60.86,185.54,401.18,246.4,456.48
Karpov A - Chess Combinations -World Champions-1 (2011).pdf,1,area-relativa,0.0098,0.0,56.61,112.24,340.97,159.69,397.58
Karpov A - Chess Combinations -World Champions-1 (2011).pdf,1,area-relativa,0.0018,0.0,49.41,325.26,84.75,360.93,134.16
Karpov A - Chess Combinations -World Champions-1 (2011).pdf,1,area-relativa,0.0018,0.0,49.41,54.97,84.75,90.64,134.16
Karpov A - Chess Combinations -World Champions-1 (2011).pdf,1,score-baixo,0.0546,0.0,127.95,227.42,31.74,355.37,134.49
Karpov A - Chess Combinations -World Champions-1 (2011).pdf,1,score-baixo,0.0418,0.0,116.82,182.92,173.1,282.4,289.92
Karpov A - Chess Combinations -World Champions-1 (2011).pdf,1,score-baixo,0.0306,0.0,106.02,271.6,29.78,356.02,135.8
Karpov A - Chess Combinations -World Champions-1 (2011).pdf,1,score-baixo,0.027,0.0,83.12,104.71,328.21,187.83,404.45
Karpov A - Chess Combinations -World Champions-1 (2011).pdf,1,score-baixo,0.0216,0.0,108.97,187.17,403.14,272.58,512.11
Karpov A - Chess Combinations -World Champions-1 (2011).pdf,1,score-baixo,0.0175,0.0,104.71,189.46,180.63,268.33,285.34
Karpov A - Chess Combinations -World Champions-1 (2011).pdf,1,score-baixo,0.016,0.0,105.37,287.63,291.89,366.82,397.25
Karpov A - Chess Combinations -World Champions-1 (2011).pdf,1,score-baixo,0.0158,0.0,105.37,94.24,403.47,173.43,508.84
Karpov A - Chess Combinations -World Champions-1 (2011).pdf,1,score-baixo,0.0156,0.0,105.37,189.79,404.78,268.98,510.15
Karpov A - Chess Combinations -World Champions-1 (2011).pdf,1,score-baixo,0.0154,0.0,105.04,287.96,405.11,366.49,510.15
Karpov A - Chess Combinations -World Champions-1 (2011).pdf,1,score-baixo,0.0153,0.0,105.04,189.79,290.25,268.65,395.29
Karpov A - Chess Combinations -World Champions-1 (2011).pdf,1,score-baixo,0.0151,0.0,105.37,287.31,180.3,366.17,285.67
Karpov A - Chess Combinations -World Champions-1 (2011).pdf,1,score-baixo,0.0146,0.0,105.04,93.91,179.98,172.45,285.02
Karpov A - Chess Combinations -World Champions-1 (2011).pdf,1,score-baixo,0.0134,0.0,105.37,92.93,290.25,171.47,395.62
Karpov A - Chess Combinations -World Champions-1 (2011).pdf,1,score-baixo,0.0077,0.0,95.55,104.39,175.07,176.38,270.62
Karpov A - Chess Combinations -World Champions-1 (2011).pdf,1,score-baixo,0.0054,0.0,64.46,95.22,289.27,159.69,338.35
Karpov A - Chess Combinations -World Champions-1 (2011).pdf,1,score-baixo,0.0001,0.0,102.75,105.37,178.34,170.49,281.09
Karpov A - Chess Combinations -World Champions-1 (2011).pdf,1,score-baixo,0.0001,0.0,101.44,72.64,31.74,136.45,133.18
Karpov A - Chess Combinations -World Champions-1 (2011).pdf,1,sem-contraste-de-casa,0.5,0.0,114.53,129.25,30.1,243.78,134.82
Karpov A - Chess Combinations -World Champions-1 (2011).pdf,1,sem-contraste-de-casa,0.5,0.0,381.87,77.23,135.8,382.2,517.67
Karpov A - Chess Combinations -World Champions-1 (2011).pdf,1,sem-contraste-de-casa,0.5,0.0,121.07,166.56,279.45,284.36,400.53
Karpov A - Chess Combinations -World Champions-1 (2011).pdf,1,sem-contraste-de-casa,0.5,0.0,112.57,180.63,395.95,290.25,508.51
Karpov A - Chess Combinations -World Champions-1 (2011).pdf,1,sem-contraste-de-casa,0.5,0.0,112.24,264.07,281.09,373.69,393.33
Karpov A - Chess Combinations -World Champions-1 (2011).pdf,1,sem-contraste-de-casa,0.5,0.0,113.88,274.87,395.62,382.86,509.49
Karpov A - Chess Combinations -World Champions-1 (2011).pdf,2,aspecto,0.0,0.0,59.86,219.49,432.76,252.85,492.62
Karpov A - Chess Combinations -World Champions-1 (2011).pdf,2,aspecto,0.0,0.0,59.86,219.49,432.76,252.85,492.62
Karpov A - Chess Combinations -World Champions-1 (2011).pdf,2,area-relativa,0.0264,0.0,64.77,200.84,499.81,262.66,564.58
Karpov A - Chess Combinations -World Champions-1 (2011).pdf,2,area-relativa,0.0247,0.0,40.23,263.65,230.94,303.88,270.19
Karpov A - Chess Combinations -World Champions-1 (2011).pdf,2,score-baixo,0.0315,0.0,54.3,207.38,507.34,256.45,561.64
Karpov A - Chess Combinations -World Champions-1 (2011).pdf,2,score-baixo,0.0123,0.0,445.19,82.1,53.32,382.71,498.51
Karpov A - Chess Combinations -World Champions-1 (2011).pdf,7,aspecto,0.0,0.0,129.86,287.2,307.8,350.66,437.66
Karpov A - Chess Combinations -World Champions-1 (2011).pdf,7,aspecto,0.0,0.0,70.33,361.78,251.87,392.85,322.2
Karpov A - Chess Combinations -World Champions-1 (2011).pdf,7,aspecto,0.0,0.0,91.26,152.1,147.52,187.1,238.79
Karpov A - Chess Combinations -World Champions-1 (2011).pdf,7,aspecto,0.0,0.0,66.07,358.18,74.25,390.23,140.33
Karpov A - Chess Combinations -World Champions-1 (2011).pdf,7,aspecto,0.0,0.0,144.25,280.0,307.8,351.31,452.06
Karpov A - Chess Combinations -World Champions-1 (2011).pdf,7,aspecto,0.0,0.0,70.0,363.74,252.2,392.2,322.2
Karpov A - Chess Combinations -World Champions-1 (2011).pdf,7,aspecto,0.0,0.0,90.61,151.78,147.85,187.1,238.46
Karpov A - Chess Combinations -World Champions-1 (2011).pdf,7,aspecto,0.0,0.0,66.07,358.18,74.25,390.23,140.33
Karpov A - Chess Combinations -World Champions-1 (2011).pdf,7,area-relativa,0.0333,0.0,72.62,228.32,371.26,300.94,439.63
Karpov A - Chess Combinations -World Champions-1 (2011).pdf,7,area-relativa,0.0005,0.0,70.65,82.76,156.68,129.21,227.34
Karpov A - Chess Combinations -World Champions-1 (2011).pdf,7,sobreposicao,0.0855,0.0,460.23,57.57,51.36,405.94,511.59
Karpov A - Chess Combinations -World Champions-1 (2011).pdf,7,sobreposicao,0.0758,0.0,437.99,68.69,62.48,394.81,500.47
Karpov A - Chess Combinations -World Champions-1 (2011).pdf,7,score-baixo,0.0493,0.0,90.93,226.36,358.51,313.69,449.44
Karpov A - Chess Combinations -World Champions-1 (2011).pdf,7,score-baixo,0.0196,0.0,89.63,241.4,64.11,331.03,134.11
Karpov A - Chess Combinations -World Champions-1 (2011).pdf,7,sem-contraste-de-casa,0.5,0.0,83.74,70.33,64.11,151.12,147.85
Karpov A - Chess Combinations -World Champions-1 (2011).pdf,7,sem-contraste-de-casa,0.5,0.0,87.34,69.02,148.51,149.49,235.84
Karpov A - Chess Combinations -World Champions-1 (2011).pdf,7,sem-contraste-de-casa,0.5,0.0,89.3,70.65,238.13,151.78,327.43
Karpov A - Chess Combinations -World Champions-1 (2011).pdf,7,sem-contraste-de-casa,0.5,0.0,482.48,46.45,40.23,417.71,522.71
Karpov A - Chess Combinations -World Champions-1 (2011).pdf,8,aspecto,0.0,0.0,402.66,28.13,13.08,430.8,31.07
Karpov A - Chess Combinations -World Champions-1 (2011).pdf,8,aspecto,0.0,0.0,402.66,28.13,13.08,430.8,31.07
Karpov A - Chess Combinations -World Champions-1 (2011).pdf,8,sobreposicao,0.3037,0.0,199.53,9.16,16.68,207.06,216.22
Karpov A - Chess Combinations -World Champions-1 (2011).pdf,8,sobreposicao,0.3023,0.0,204.44,252.52,51.03,456.96,253.83
Karpov A - Chess Combinations -World Champions-1 (2011).pdf,8,sobreposicao,0.1113,0.0,124.95,101.08,296.03,226.03,419.67
Karpov A - Chess Combinations -World Champions-1 (2011).pdf,8,score-baixo,0.0595,0.0,120.37,249.58,51.68,369.95,170.09
Karpov A - Chess Combinations -World Champions-1 (2011).pdf,8,score-baixo,0.0506,0.0,96.5,66.73,494.58,163.22,589.77
Karpov A - Chess Combinations -World Champions-1 (2011).pdf,8,score-baixo,0.0499,0.0,109.58,100.09,108.93,209.67,215.56
Karpov A - Chess Combinations -World Champions-1 (2011).pdf,8,score-baixo,0.0426,0.0,79.16,345.42,512.9,424.25,592.06
Karpov A - Chess Combinations -World Champions-1 (2011).pdf,8,score-baixo,0.0401,0.0,86.36,129.86,509.95,216.22,595.0
Karpov A - Chess Combinations -World Champions-1 (2011).pdf,8,score-baixo,0.0388,0.0,85.7,249.25,51.68,334.95,135.75
Karpov A - Chess Combinations -World Champions-1 (2011).pdf,8,score-baixo,0.0312,0.0,73.93,133.13,143.93,207.06,216.87
Karpov A - Chess Combinations -World Champions-1 (2011).pdf,8,score-baixo,0.0294,0.0,65.09,49.07,517.8,114.16,581.92
Karpov A - Chess Combinations -World Champions-1 (2011).pdf,8,score-baixo,0.0258,0.0,95.51,318.6,482.48,407.57,577.99
Karpov A - Chess Combinations -World Champions-1 (2011).pdf,8,score-baixo,0.025,0.0,77.52,103.36,86.68,180.89,163.22
Karpov A - Chess Combinations -World Champions-1 (2011).pdf,8,score-baixo,0.0234,0.0,100.75,266.26,69.02,358.83,169.77
Karpov A - Chess Combinations -World Champions-1 (2011).pdf,8,score-baixo,0.0024,0.0,69.35,122.66,490.66,173.36,560.0
Karpov A - Chess Combinations -World Champions-1 (2011).pdf,8,perdeu-para-embutido,0.5,0.0,140.98,56.92,68.69,197.9,204.77
Karpov A - Chess Combinations -World Champions-1 (2011).pdf,8,perdeu-para-embutido,0.5,0.0,145.56,55.61,252.52,201.17,392.52
Karpov A - Chess Combinations -World Champions-1 (2011).pdf,8,perdeu-para-embutido,0.5,0.0,140.65,58.55,441.59,199.21,578.32
Karpov A - Chess Combinations -World Champions-1 (2011).pdf,8,perdeu-para-embutido,0.5,0.0,145.89,263.65,66.4,409.53,206.73
Karpov A - Chess Combinations -World Champions-1 (2011).pdf,8,perdeu-para-embutido,0.5,0.0,140.98,266.59,254.49,407.57,390.89
Karpov A - Chess Combinations -World Champions-1 (2011).pdf,8,perdeu-para-embutido,0.5,0.0,145.89,264.3,439.3,410.19,579.63
Karpov A - Chess Combinations -World Champions-1 (2011).pdf,32,aspecto,0.0,0.0,401.68,28.79,14.07,430.47,31.07
Karpov A - Chess Combinations -World Champions-1 (2011).pdf,32,aspecto,0.0,0.0,401.68,28.79,14.07,430.47,31.07
Karpov A - Chess Combinations -World Champions-1 (2011).pdf,32,sobreposicao,0.3269,0.0,199.21,14.39,205.75,213.6,404.95
Karpov A - Chess Combinations -World Champions-1 (2011).pdf,32,sobreposicao,0.2568,0.0,190.05,41.87,424.58,231.92,612.01
Karpov A - Chess Combinations -World Champions-1 (2011).pdf,32,sobreposicao,0.2311,0.0,197.24,245.0,52.99,442.24,245.0
Karpov A - Chess Combinations -World Champions-1 (2011).pdf,32,sobreposicao,0.1999,0.0,179.58,34.35,43.5,213.93,223.08
Karpov A - Chess Combinations -World Champions-1 (2011).pdf,32,sobreposicao,0.1872,0.0,167.15,231.59,219.49,398.74,384.67
Karpov A - Chess Combinations -World Champions-1 (2011).pdf,32,sobreposicao,0.1797,0.0,171.73,263.97,255.14,435.7,426.54
Karpov A - Chess Combinations -World Champions-1 (2011).pdf,32,sobreposicao,0.1226,0.0,137.06,24.53,407.57,161.59,542.99
Karpov A - Chess Combinations -World Champions-1 (2011).pdf,32,sobreposicao,0.1043,0.0,121.68,32.06,415.42,153.74,535.8
Karpov A - Chess Combinations -World Champions-1 (2011).pdf,32,score-baixo,0.0865,0.0,147.85,65.75,445.84,213.6,590.09
Karpov A - Chess Combinations -World Champions-1 (2011).pdf,32,score-baixo,0.0818,0.0,102.06,129.21,509.95,231.26,611.03
Karpov A - Chess Combinations -World Champions-1 (2011).pdf,32,score-baixo,0.08,0.0,101.73,24.21,35.33,125.93,135.75
Karpov A - Chess Combinations -World Champions-1 (2011).pdf,32,score-baixo,0.0741,0.0,159.3,42.2,423.93,192.99,583.23
Karpov A - Chess Combinations -World Champions-1 (2011).pdf,32,score-baixo,0.0616,0.0,60.84,57.24,69.02,118.08,128.22
Karpov A - Chess Combinations -World Champions-1 (2011).pdf,32,score-baixo,0.0488,0.0,114.81,46.45,52.34,161.26,163.55
Karpov A - Chess Combinations -World Champions-1 (2011).pdf,32,score-baixo,0.0471,0.0,135.75,52.66,77.85,188.41,209.35
Karpov A - Chess Combinations -World Champions-1 (2011).pdf,32,score-baixo,0.0468,0.0,106.64,257.1,62.8,363.74,167.15
Karpov A - Chess Combinations -World Champions-1 (2011).pdf,32,score-baixo,0.0456,0.0,81.78,128.88,144.25,210.65,225.05
Karpov A - Chess Combinations -World Champions-1 (2011).pdf,32,score-baixo,0.0438,0.0,86.36,338.23,509.95,424.58,595.0
Karpov A - Chess Combinations -World Champions-1 (2011).pdf,32,score-baixo,0.0428,0.0,77.52,134.77,517.48,212.29,593.69
Karpov A - Chess Combinations -World Champions-1 (2011).pdf,32,score-baixo,0.0358,0.0,81.78,338.23,513.88,420.0,594.02
Karpov A - Chess Combinations -World Champions-1 (2011).pdf,32,score-baixo,0.0351,0.0,86.03,249.25,56.26,335.28,140.33
Karpov A - Chess Combinations -World Champions-1 (2011).pdf,32,score-baixo,0.0348,0.0,78.83,135.75,323.51,214.58,401.36
Karpov A - Chess Combinations -World Champions-1 (2011).pdf,32,score-baixo,0.0345,0.0,79.16,250.56,61.5,329.72,139.35
Karpov A - Chess Combinations -World Champions-1 (2011).pdf,32,score-baixo,0.0331,0.0,69.67,326.12,295.05,395.8,364.07
Karpov A - Chess Combinations -World Champions-1 (2011).pdf,32,score-baixo,0.0321,0.0,92.24,57.57,304.21,149.81,396.12
Karpov A - Chess Combinations -World Champions-1 (2011).pdf,32,score-baixo,0.0319,0.0,74.58,344.77,144.58,419.35,219.16
Karpov A - Chess Combinations -World Champions-1 (2011).pdf,32,score-baixo,0.0316,0.0,71.96,344.77,329.72,416.73,401.03
Karpov A - Chess Combinations -World Champions-1 (2011).pdf,32,score-baixo,0.0311,0.0,71.64,135.75,330.7,207.38,401.36
Karpov A - Chess Combinations -World Champions-1 (2011).pdf,32,score-baixo,0.0287,0.0,94.86,300.61,120.05,395.47,214.58
Karpov A - Chess Combinations -World Champions-1 (2011).pdf,32,score-baixo,0.028,0.0,62.15,99.44,342.15,161.59,403.65
Karpov A - Chess Combinations -World Champions-1 (2011).pdf,32,score-baixo,0.026,0.0,67.06,140.0,297.01,207.06,362.76
Karpov A - Chess Combinations -World Champions-1 (2011).pdf,32,score-baixo,0.025,0.0,84.72,256.45,236.5,332.66,321.22
Karpov A - Chess Combinations -World Champions-1 (2011).pdf,32,score-baixo,0.0089,0.0,67.38,315.0,498.51,372.9,565.89
Karpov A - Chess Combinations -World Champions-1 (2011).pdf,32,perdeu-para-embutido,0.5,0.0,146.22,54.63,66.73,200.84,207.06
Karpov A - Chess Combinations -World Champions-1 (2011).pdf,32,perdeu-para-embutido,0.5,0.0,140.98,57.57,255.47,198.55,392.2
Karpov A - Chess Combinations -World Champions-1 (2011).pdf,32,perdeu-para-embutido,0.5,0.0,145.56,55.61,439.63,201.17,579.95
Karpov A - Chess Combinations -World Champions-1 (2011).pdf,32,perdeu-para-embutido,0.5,0.0,140.65,265.94,73.27,406.59,210.0
Karpov A - Chess Combinations -World Champions-1 (2011).pdf,32,perdeu-para-embutido,0.5,0.0,141.31,265.94,255.47,407.24,391.22
Karpov A - Chess Combinations -World Champions-1 (2011).pdf,32,perdeu-para-embutido,0.5,0.0,140.98,266.59,441.59,407.57,577.99
Karpov A - Chess Combinations -World Champions-1 (2011).pdf,63,aspecto,0.0,0.0,402.34,29.44,13.41,431.78,31.07
Karpov A - Chess Combinations -World Champions-1 (2011).pdf,63,aspecto,0.0,0.0,402.34,29.44,13.41,431.78,31.07
Karpov A - Chess Combinations -World Champions-1 (2011).pdf,63,sobreposicao,0.2036,0.0,128.55,57.24,68.69,185.79,188.74
Karpov A - Chess Combinations -World Champions-1 (2011).pdf,63,sobreposicao,0.1791,0.0,154.72,94.21,102.38,248.93,255.8
Karpov A - Chess Combinations -World Champions-1 (2011).pdf,63,sobreposicao,0.1754,0.0,153.74,8.18,204.11,161.92,356.54
Karpov A - Chess Combinations -World Champions-1 (2011).pdf,63,sobreposicao,0.155,0.0,173.36,41.54,237.48,214.91,408.23
Karpov A - Chess Combinations -World Champions-1 (2011).pdf,63,sobreposicao,0.1252,0.0,133.46,25.84,217.2,159.3,348.69
Karpov A - Chess Combinations -World Champions-1 (2011).pdf,63,sobreposicao,0.1207,0.0,136.4,232.9,34.35,369.3,168.46
Karpov A - Chess Combinations -World Champions-1 (2011).pdf,63,score-baixo,0.0821,0.0,102.38,129.53,509.95,231.92,611.03
Karpov A - Chess Combinations -World Champions-1 (2011).pdf,63,score-baixo,0.075,0.0,156.03,66.4,62.15,214.58,218.18
Karpov A - Chess Combinations -World Champions-1 (2011).pdf,63,score-baixo,0.0648,0.0,153.74,46.78,237.48,200.51,382.71
Karpov A - Chess Combinations -World Champions-1 (2011).pdf,63,score-baixo,0.0642,0.0,141.64,65.75,262.34,207.38,401.03
Karpov A - Chess Combinations -World Champions-1 (2011).pdf,63,score-baixo,0.057,0.0,120.7,94.21,289.16,214.91,407.57
Karpov A - Chess Combinations -World Champions-1 (2011).pdf,63,score-baixo,0.0551,0.0,121.03,94.53,475.61,215.56,594.02
Karpov A - Chess Combinations -World Champions-1 (2011).pdf,63,score-baixo,0.0503,0.0,110.56,98.13,295.05,208.69,403.65
Karpov A - Chess Combinations -World Champions-1 (2011).pdf,63,score-baixo,0.0491,0.0,110.23,98.46,482.48,208.69,590.09
Karpov A - Chess Combinations -World Champions-1 (2011).pdf,63,score-baixo,0.0464,0.0,84.39,129.86,517.48,214.25,600.24
Karpov A - Chess Combinations -World Champions-1 (2011).pdf,63,score-baixo,0.0392,0.0,55.28,352.29,151.78,407.57,204.44
Karpov A - Chess Combinations -World Champions-1 (2011).pdf,63,score-baixo,0.0378,0.0,85.7,129.53,322.85,215.23,407.57
Karpov A - Chess Combinations -World Champions-1 (2011).pdf,63,score-baixo,0.0355,0.0,78.83,275.09,511.59,353.93,588.79
Karpov A - Chess Combinations -World Champions-1 (2011).pdf,63,score-baixo,0.0353,0.0,80.47,133.46,324.49,213.93,403.65
Karpov A - Chess Combinations -World Champions-1 (2011).pdf,63,score-baixo,0.0326,0.0,79.16,345.09,509.63,424.25,587.48
Karpov A - Chess Combinations -World Champions-1 (2011).pdf,63,score-baixo,0.0312,0.0,71.31,345.42,516.82,416.73,587.48
Karpov A - Chess Combinations -World Champions-1 (2011).pdf,63,score-baixo,0.0297,0.0,84.39,297.99,499.81,382.38,581.92
Karpov A - Chess Combinations -World Champions-1 (2011).pdf,63,score-baixo,0.0285,0.0,67.38,94.21,154.07,161.59,220.79
Karpov A - Chess Combinations -World Champions-1 (2011).pdf,63,score-baixo,0.0265,0.0,62.8,272.15,341.5,334.95,403.97
Karpov A - Chess Combinations -World Champions-1 (2011).pdf,63,score-baixo,0.0206,0.0,135.09,279.02,69.02,406.59,204.11
Karpov A - Chess Combinations -World Champions-1 (2011).pdf,63,score-baixo,0.02,0.0,77.85,264.95,134.11,342.8,207.71
Karpov A - Chess Combinations -World Champions-1 (2011).pdf,63,score-baixo,0.0032,0.0,86.03,139.02,118.08,198.88,204.11
Karpov A - Chess Combinations -World Champions-1 (2011).pdf,63,score-baixo,0.0005,0.0,86.03,351.96,304.86,407.9,390.89
Karpov A - Chess Combinations -World Champions-1 (2011).pdf,63,perdeu-para-embutido,0.5,0.0,146.87,54.95,66.4,201.82,206.73
Karpov A - Chess Combinations -World Champions-1 (2011).pdf,63,perdeu-para-embutido,0.5,0.0,145.89,55.61,252.85,201.5,393.51
Karpov A - Chess Combinations -World Champions-1 (2011).pdf,63,perdeu-para-embutido,0.5,0.0,145.56,55.93,439.3,201.5,579.63
Karpov A - Chess Combinations -World Champions-1 (2011).pdf,63,perdeu-para-embutido,0.5,0.0,146.22,263.97,66.4,410.19,206.73
Karpov A - Chess Combinations -World Champions-1 (2011).pdf,63,perdeu-para-embutido,0.5,0.0,140.98,267.24,441.26,408.23,577.66
Karpov A - Chess Combinations -World Champions-1 (2011).pdf,94,aspecto,0.0,0.0,402.66,28.13,14.07,430.8,31.07
Karpov A - Chess Combinations -World Champions-1 (2011).pdf,94,aspecto,0.0,0.0,402.66,28.13,14.07,430.8,31.07
Karpov A - Chess Combinations -World Champions-1 (2011).pdf,94,sobreposicao,0.311,0.0,207.38,23.55,33.36,230.94,239.11
Karpov A - Chess Combinations -World Champions-1 (2011).pdf,94,sobreposicao,0.2426,0.0,191.36,41.22,237.15,232.57,426.87
Karpov A - Chess Combinations -World Champions-1 (2011).pdf,94,sobreposicao,0.1909,0.0,179.25,247.29,420.98,426.54,597.29
Karpov A - Chess Combinations -World Champions-1 (2011).pdf,94,sobreposicao,0.1811,0.0,153.74,7.85,204.11,161.59,356.22
Karpov A - Chess Combinations -World Champions-1 (2011).pdf,94,sobreposicao,0.163,0.0,169.44,47.43,237.48,216.87,404.3
Karpov A - Chess Combinations -World Champions-1 (2011).pdf,94,sobreposicao,0.1175,0.0,130.84,24.21,223.74,155.05,352.29
Karpov A - Chess Combinations -World Champions-1 (2011).pdf,94,score-baixo,0.0793,0.0,103.04,127.9,136.73,230.94,238.46
Karpov A - Chess Combinations -World Champions-1 (2011).pdf,94,score-baixo,0.0791,0.0,102.38,129.21,509.95,231.59,611.03
Karpov A - Chess Combinations -World Champions-1 (2011).pdf,94,score-baixo,0.0704,0.0,143.93,46.78,56.59,190.7,197.9
Karpov A - Chess Combinations -World Champions-1 (2011).pdf,94,score-baixo,0.0557,0.0,120.7,94.53,475.61,215.23,594.02
Karpov A - Chess Combinations -World Champions-1 (2011).pdf,94,score-baixo,0.0529,0.0,85.05,136.08,323.18,221.12,407.57
Karpov A - Chess Combinations -World Champions-1 (2011).pdf,94,score-baixo,0.0524,0.0,111.54,310.09,478.23,421.64,588.13
Karpov A - Chess Combinations -World Champions-1 (2011).pdf,94,score-baixo,0.0492,0.0,106.31,48.08,58.88,154.39,162.9
Karpov A - Chess Combinations -World Champions-1 (2011).pdf,94,score-baixo,0.0486,0.0,91.26,64.77,291.12,156.03,381.08
Karpov A - Chess Combinations -World Champions-1 (2011).pdf,94,score-baixo,0.0472,0.0,83.08,129.53,517.48,212.62,599.25
Karpov A - Chess Combinations -World Champions-1 (2011).pdf,94,score-baixo,0.0462,0.0,63.79,266.26,255.47,330.05,314.67
Karpov A - Chess Combinations -World Champions-1 (2011).pdf,94,score-baixo,0.0425,0.0,79.49,136.08,324.49,215.56,402.99
Karpov A - Chess Combinations -World Champions-1 (2011).pdf,94,score-baixo,0.0395,0.0,85.37,40.56,52.01,125.93,136.08
Karpov A - Chess Combinations -World Champions-1 (2011).pdf,94,score-baixo,0.0394,0.0,85.37,338.55,323.18,423.93,407.57
Karpov A - Chess Combinations -World Champions-1 (2011).pdf,94,score-baixo,0.0386,0.0,86.03,338.55,509.95,424.58,594.02
Karpov A - Chess Combinations -World Champions-1 (2011).pdf,94,score-baixo,0.0363,0.0,78.18,124.63,436.36,202.8,514.53
Karpov A - Chess Combinations -World Champions-1 (2011).pdf,94,score-baixo,0.0354,0.0,106.96,265.94,476.92,372.9,581.26
Karpov A - Chess Combinations -World Champions-1 (2011).pdf,94,score-baixo,0.0345,0.0,77.2,41.87,58.22,119.07,134.77
Karpov A - Chess Combinations -World Champions-1 (2011).pdf,94,score-baixo,0.0335,0.0,96.5,102.06,297.66,198.55,390.89
Karpov A - Chess Combinations -World Champions-1 (2011).pdf,94,score-baixo,0.0327,0.0,74.91,341.82,517.15,416.73,591.4
Karpov A - Chess Combinations -World Champions-1 (2011).pdf,94,score-baixo,0.0324,0.0,72.62,345.42,143.93,418.04,216.22
Karpov A - Chess Combinations -World Champions-1 (2011).pdf,94,score-baixo,0.0323,0.0,98.13,300.28,482.8,398.41,580.94
Karpov A - Chess Combinations -World Champions-1 (2011).pdf,94,score-baixo,0.0317,0.0,73.93,343.79,329.39,417.71,402.34
Karpov A - Chess Combinations -World Champions-1 (2011).pdf,94,score-baixo,0.0304,0.0,63.13,135.09,155.37,198.22,218.18
Karpov A - Chess Combinations -World Champions-1 (2011).pdf,94,score-baixo,0.0298,0.0,84.72,87.34,127.24,172.06,209.67
Karpov A - Chess Combinations -World Champions-1 (2011).pdf,94,score-baixo,0.0226,0.0,100.42,103.36,64.11,196.92,164.53
Karpov A - Chess Combinations -World Champions-1 (2011).pdf,94,score-baixo,0.0216,0.0,77.52,329.39,104.35,406.92,181.22
Karpov A - Chess Combinations -World Champions-1 (2011).pdf,94,score-baixo,0.0193,0.0,84.39,248.27,431.45,332.66,504.07
Karpov A - Chess Combinations -World Champions-1 (2011).pdf,94,score-baixo,0.0189,0.0,76.87,278.04,121.68,354.91,196.59
Karpov A - Chess Combinations -World Champions-1 (2011).pdf,94,score-baixo,0.0182,0.0,126.59,71.31,84.72,197.9,204.11
Karpov A - Chess Combinations -World Champions-1 (2011).pdf,94,score-baixo,0.0111,0.0,55.93,357.85,438.65,413.79,488.69
Karpov A - Chess Combinations -World Champions-1 (2011).pdf,94,score-baixo,0.009,0.0,103.36,267.24,442.57,370.61,529.58
Karpov A - Chess Combinations -World Champions-1 (2011).pdf,94,perdeu-para-embutido,0.5,0.0,146.22,54.3,66.73,200.51,207.06
Karpov A - Chess Combinations -World Champions-1 (2011).pdf,94,perdeu-para-embutido,0.5,0.0,146.54,54.95,252.85,201.5,393.51
Karpov A - Chess Combinations -World Champions-1 (2011).pdf,94,perdeu-para-embutido,0.5,0.0,140.98,57.9,441.92,198.88,578.32
Karpov A - Chess Combinations -World Champions-1 (2011).pdf,94,perdeu-para-embutido,0.5,0.0,146.54,263.97,252.85,410.52,393.51
Karpov A - Chess Combinations -World Champions-1 (2011).pdf,94,perdeu-para-embutido,0.5,0.0,146.22,264.3,439.63,410.52,579.95
Karpov A - Chess Combinations -World Champions-1 (2011).pdf,125,aspecto,0.0,0.0,402.01,29.44,13.41,431.45,31.07
Karpov A - Chess Combinations -World Champions-1 (2011).pdf,125,aspecto,0.0,0.0,402.01,29.44,13.41,431.45,31.07
Karpov A - Chess Combinations -World Champions-1 (2011).pdf,125,sobreposicao,0.2398,0.0,190.7,24.21,219.81,214.91,408.23
Karpov A - Chess Combinations -World Champions-1 (2011).pdf,125,sobreposicao,0.181,0.0,154.39,94.21,288.83,248.6,441.92
Karpov A - Chess Combinations -World Champions-1 (2011).pdf,125,sobreposicao,0.1727,0.0,168.13,41.54,235.84,209.67,401.68
Karpov A - Chess Combinations -World Champions-1 (2011).pdf,125,sobreposicao,0.1677,0.0,98.46,266.26,255.14,362.76,353.6
Karpov A - Chess Combinations -World Champions-1 (2011).pdf,125,sobreposicao,0.0987,0.0,93.88,105.0,304.53,198.88,391.54
Karpov A - Chess Combinations -World Champions-1 (2011).pdf,125,score-baixo,0.0831,0.0,101.73,25.19,221.12,126.92,322.2
Karpov A - Chess Combinations -World Champions-1 (2011).pdf,125,score-baixo,0.0598,0.0,92.9,129.53,509.3,222.43,601.22
Karpov A - Chess Combinations -World Champions-1 (2011).pdf,125,score-baixo,0.0518,0.0,85.05,136.4,509.3,221.45,593.69
Karpov A - Chess Combinations -World Champions-1 (2011).pdf,125,score-baixo,0.0469,0.0,80.47,136.08,140.0,216.54,220.47
Karpov A - Chess Combinations -World Champions-1 (2011).pdf,125,score-baixo,0.0444,0.0,56.92,56.92,254.49,113.83,308.46
Karpov A - Chess Combinations -World Champions-1 (2011).pdf,125,score-baixo,0.0442,0.0,109.58,46.12,244.67,155.7,350.66
Karpov A - Chess Combinations -World Champions-1 (2011).pdf,125,score-baixo,0.0405,0.0,85.7,338.23,322.85,423.93,407.24
Karpov A - Chess Combinations -World Champions-1 (2011).pdf,125,score-baixo,0.0393,0.0,78.5,45.79,427.2,124.3,504.72
Karpov A - Chess Combinations -World Champions-1 (2011).pdf,125,score-baixo,0.0372,0.0,80.14,102.38,265.61,182.52,343.79
Karpov A - Chess Combinations -World Champions-1 (2011).pdf,125,score-baixo,0.0352,0.0,78.5,346.4,509.63,424.91,586.82
Karpov A - Chess Combinations -World Champions-1 (2011).pdf,125,score-baixo,0.0342,0.0,72.94,133.79,109.58,206.73,181.87
Karpov A - Chess Combinations -World Champions-1 (2011).pdf,125,score-baixo,0.034,0.0,76.54,339.86,330.05,416.4,405.94
Karpov A - Chess Combinations -World Champions-1 (2011).pdf,125,score-baixo,0.0295,0.0,71.64,344.11,144.25,415.75,214.25
Karpov A - Chess Combinations -World Champions-1 (2011).pdf,125,score-baixo,0.0251,0.0,56.26,64.77,324.81,121.03,380.75
Karpov A - Chess Combinations -World Champions-1 (2011).pdf,125,score-baixo,0.0231,0.0,60.84,333.65,147.52,394.49,208.36
Karpov A - Chess Combinations -World Champions-1 (2011).pdf,125,score-baixo,0.0231,0.0,61.82,309.77,527.29,371.59,587.48
Karpov A - Chess Combinations -World Champions-1 (2011).pdf,125,score-baixo,0.0229,0.0,77.52,68.36,120.7,145.89,195.94
Karpov A - Chess Combinations -World Champions-1 (2011).pdf,125,perdeu-para-embutido,0.5,0.0,140.98,57.24,68.69,198.22,205.09
Karpov A - Chess Combinations -World Champions-1 (2011).pdf,125,perdeu-para-embutido,0.5,0.0,146.22,55.28,252.85,201.5,393.18
Karpov A - Chess Combinations -World Champions-1 (2011).pdf,125,perdeu-para-embutido,0.5,0.0,140.33,58.55,441.26,198.88,577.99
Karpov A - Chess Combinations -World Champions-1 (2011).pdf,125,perdeu-para-embutido,0.5,0.0,146.22,263.32,66.07,409.53,206.4
Karpov A - Chess Combinations -World Champions-1 (2011).pdf,125,perdeu-para-embutido,0.5,0.0,141.64,265.94,254.49,407.57,390.56
Karpov A - Chess Combinations -World Champions-1 (2011).pdf,125,perdeu-para-embutido,0.5,0.0,140.98,266.92,441.26,407.9,577.66
Karpov A - Chess Combinations -World Champions-1 (2011).pdf,156,aspecto,0.0,0.0,402.34,28.13,13.41,430.47,31.07
Karpov A - Chess Combinations -World Champions-1 (2011).pdf,156,aspecto,0.0,0.0,402.34,28.13,13.41,430.47,31.07
Karpov A - Chess Combinations -World Champions-1 (2011).pdf,156,sobreposicao,0.2454,0.0,183.83,239.77,405.94,423.6,589.11
Karpov A - Chess Combinations -World Champions-1 (2011).pdf,156,sobreposicao,0.2409,0.0,188.74,24.86,34.02,213.6,220.47
Karpov A - Chess Combinations -World Champions-1 (2011).pdf,156,sobreposicao,0.2325,0.0,189.72,42.2,424.25,231.92,611.68
Karpov A - Chess Combinations -World Champions-1 (2011).pdf,156,sobreposicao,0.1646,0.0,96.17,265.94,255.14,362.1,350.98
Karpov A - Chess Combinations -World Champions-1 (2011).pdf,156,sobreposicao,0.1588,0.0,163.55,49.39,431.12,212.94,592.38
Karpov A - Chess Combinations -World Champions-1 (2011).pdf,156,sobreposicao,0.1556,0.0,167.48,46.78,237.48,214.25,402.34
Karpov A - Chess Combinations -World Champions-1 (2011).pdf,156,sobreposicao,0.1552,0.0,180.23,249.91,233.22,424.58,413.46
Karpov A - Chess Combinations -World Champions-1 (2011).pdf,156,sobreposicao,0.1268,0.0,138.04,93.88,288.83,231.92,425.23
Karpov A - Chess Combinations -World Champions-1 (2011).pdf,156,sobreposicao,0.1222,0.0,137.06,24.86,407.57,161.92,542.99
Karpov A - Chess Combinations -World Champions-1 (2011).pdf,156,sobreposicao,0.1137,0.0,175.33,236.82,34.02,412.15,196.26
Karpov A - Chess Combinations -World Champions-1 (2011).pdf,156,score-baixo,0.0864,0.0,102.38,233.55,407.57,335.94,508.97
Karpov A - Chess Combinations -World Champions-1 (2011).pdf,156,score-baixo,0.0851,0.0,102.38,337.24,136.4,439.63,237.8
Karpov A - Chess Combinations -World Champions-1 (2011).pdf,156,score-baixo,0.084,0.0,101.73,129.53,509.63,231.26,610.7
Karpov A - Chess Combinations -World Champions-1 (2011).pdf,156,score-baixo,0.0786,0.0,101.4,24.86,221.45,126.26,321.87
Karpov A - Chess Combinations -World Champions-1 (2011).pdf,156,score-baixo,0.0633,0.0,143.27,272.48,76.22,415.75,215.56
Karpov A - Chess Combinations -World Champions-1 (2011).pdf,156,score-baixo,0.0579,0.0,120.05,41.22,238.13,161.26,356.54
Karpov A - Chess Combinations -World Champions-1 (2011).pdf,156,score-baixo,0.0553,0.0,108.6,310.75,482.15,419.35,587.81
Karpov A - Chess Combinations -World Champions-1 (2011).pdf,156,score-baixo,0.0547,0.0,121.68,305.84,99.44,422.29,221.12
Karpov A - Chess Combinations -World Champions-1 (2011).pdf,156,score-baixo,0.0517,0.0,126.92,91.59,101.73,218.51,214.91
Karpov A - Chess Combinations -World Champions-1 (2011).pdf,156,score-baixo,0.0511,0.0,112.2,42.52,245.0,154.72,355.23
Karpov A - Chess Combinations -World Champions-1 (2011).pdf,156,score-baixo,0.0483,0.0,84.07,343.46,511.26,427.52,594.02
Karpov A - Chess Combinations -World Champions-1 (2011).pdf,156,score-baixo,0.0483,0.0,80.14,137.38,513.23,217.52,592.71
Karpov A - Chess Combinations -World Champions-1 (2011).pdf,156,score-baixo,0.0422,0.0,75.56,135.42,142.62,210.98,218.18
Karpov A - Chess Combinations -World Champions-1 (2011).pdf,156,score-baixo,0.0414,0.0,78.18,346.4,324.16,424.58,402.01
Karpov A - Chess Combinations -World Champions-1 (2011).pdf,156,score-baixo,0.0409,0.0,75.89,42.52,240.09,118.41,314.67
Karpov A - Chess Combinations -World Champions-1 (2011).pdf,156,score-baixo,0.0386,0.0,84.39,129.21,324.49,213.6,407.57
Karpov A - Chess Combinations -World Champions-1 (2011).pdf,156,score-baixo,0.0359,0.0,85.05,40.56,52.34,125.61,136.08
Karpov A - Chess Combinations -World Champions-1 (2011).pdf,156,score-baixo,0.0318,0.0,73.93,342.8,143.93,416.73,216.22
Karpov A - Chess Combinations -World Champions-1 (2011).pdf,156,score-baixo,0.0313,0.0,73.27,48.41,55.93,121.68,128.55
Karpov A - Chess Combinations -World Champions-1 (2011).pdf,156,score-baixo,0.03,0.0,98.79,314.02,291.78,406.92,390.56
Karpov A - Chess Combinations -World Champions-1 (2011).pdf,156,score-baixo,0.0281,0.0,79.49,297.99,316.96,377.15,396.45
Karpov A - Chess Combinations -World Champions-1 (2011).pdf,156,score-baixo,0.0269,0.0,60.84,66.07,528.27,126.92,588.79
Karpov A - Chess Combinations -World Champions-1 (2011).pdf,156,score-baixo,0.0251,0.0,103.04,58.55,442.24,161.59,542.34
Karpov A - Chess Combinations -World Champions-1 (2011).pdf,156,score-baixo,0.0245,0.0,81.45,120.05,253.51,201.5,332.99
Karpov A - Chess Combinations -World Champions-1 (2011).pdf,156,score-baixo,0.0233,0.0,90.61,107.94,489.02,198.55,577.01
Karpov A - Chess Combinations -World Champions-1 (2011).pdf,156,score-baixo,0.0231,0.0,71.31,57.24,510.94,128.55,581.26
Karpov A - Chess Combinations -World Champions-1 (2011).pdf,156,score-baixo,0.0193,0.0,96.17,102.06,302.9,198.22,390.56
Karpov A - Chess Combinations -World Champions-1 (2011).pdf,156,score-baixo,0.0163,0.0,63.46,265.94,69.02,329.39,120.7
Karpov A - Chess Combinations -World Champions-1 (2011).pdf,156,score-baixo,0.0132,0.0,69.02,266.59,441.59,335.61,495.89
Karpov A - Chess Combinations -World Champions-1 (2011).pdf,156,perdeu-para-embutido,0.5,0.0,146.22,54.95,252.85,201.17,393.51
Karpov A - Chess Combinations -World Champions-1 (2011).pdf,156,perdeu-para-embutido,0.5,0.0,145.89,55.61,439.3,201.5,579.63
Karpov A - Chess Combinations -World Champions-1 (2011).pdf,156,perdeu-para-embutido,0.5,0.0,141.64,265.94,255.14,407.57,391.54
Karpov A - Chess Combinations -World Champions-1 (2011).pdf,156,perdeu-para-embutido,0.5,0.0,141.31,266.59,441.26,407.9,577.66
Karpov A - Chess Combinations -World Champions-1 (2011).pdf,187,aspecto,0.0,0.0,401.68,29.44,13.74,431.12,31.07
Karpov A - Chess Combinations -World Champions-1 (2011).pdf,187,aspecto,0.0,0.0,401.68,29.44,13.74,431.12,31.07
Karpov A - Chess Combinations -World Champions-1 (2011).pdf,187,sobreposicao,0.3346,0.0,207.06,8.18,389.25,215.23,594.67
Karpov A - Chess Combinations -World Champions-1 (2011).pdf,187,sobreposicao,0.3249,0.0,207.38,233.55,407.24,440.94,612.67
Karpov A - Chess Combinations -World Champions-1 (2011).pdf,187,sobreposicao,0.3141,0.0,206.08,45.47,51.36,251.54,255.8
Karpov A - Chess Combinations -World Champions-1 (2011).pdf,187,sobreposicao,0.2329,0.0,190.05,232.9,33.36,422.94,222.76
Karpov A - Chess Combinations -World Champions-1 (2011).pdf,187,sobreposicao,0.2229,0.0,177.62,15.7,395.14,193.32,571.12
Karpov A - Chess Combinations -World Champions-1 (2011).pdf,187,sobreposicao,0.1855,0.0,167.8,256.12,431.78,423.93,596.96
Karpov A - Chess Combinations -World Champions-1 (2011).pdf,187,sobreposicao,0.1331,0.0,96.82,57.24,68.36,154.07,159.63
Karpov A - Chess Combinations -World Champions-1 (2011).pdf,187,sobreposicao,0.1115,0.0,104.02,57.57,68.69,161.59,162.24
Karpov A - Chess Combinations -World Champions-1 (2011).pdf,187,score-baixo,0.0861,0.0,101.73,233.55,35.0,335.28,136.08
Karpov A - Chess Combinations -World Champions-1 (2011).pdf,187,score-baixo,0.0858,0.0,143.6,63.79,445.84,207.38,586.5
Karpov A - Chess Combinations -World Champions-1 (2011).pdf,187,score-baixo,0.0807,0.0,102.38,233.88,407.9,336.26,509.3
Karpov A - Chess Combinations -World Champions-1 (2011).pdf,187,score-baixo,0.0806,0.0,102.38,338.23,510.28,440.61,611.36
Karpov A - Chess Combinations -World Champions-1 (2011).pdf,187,score-baixo,0.0658,0.0,112.2,309.77,106.31,421.96,217.2
Karpov A - Chess Combinations -World Champions-1 (2011).pdf,187,score-baixo,0.0554,0.0,120.7,94.53,475.94,215.23,594.35
Karpov A - Chess Combinations -World Champions-1 (2011).pdf,187,score-baixo,0.054,0.0,86.36,345.09,323.51,431.45,408.88
Karpov A - Chess Combinations -World Champions-1 (2011).pdf,187,score-baixo,0.0489,0.0,107.29,100.09,483.79,207.38,589.11
Karpov A - Chess Combinations -World Champions-1 (2011).pdf,187,score-baixo,0.0429,0.0,75.89,346.4,518.13,422.29,593.37
Karpov A - Chess Combinations -World Champions-1 (2011).pdf,187,score-baixo,0.042,0.0,80.14,247.94,429.16,328.08,507.99
Karpov A - Chess Combinations -World Champions-1 (2011).pdf,187,score-baixo,0.0412,0.0,80.14,129.86,329.39,210.0,408.88
Karpov A - Chess Combinations -World Champions-1 (2011).pdf,187,score-baixo,0.0381,0.0,85.37,129.86,510.28,215.23,594.35
Karpov A - Chess Combinations -World Champions-1 (2011).pdf,187,score-baixo,0.037,0.0,71.96,345.42,330.7,417.38,402.66
Karpov A - Chess Combinations -World Champions-1 (2011).pdf,187,score-baixo,0.0355,0.0,81.45,45.47,238.79,126.92,319.25
Karpov A - Chess Combinations -World Champions-1 (2011).pdf,187,score-baixo,0.0349,0.0,78.5,130.19,516.17,208.69,593.69
Karpov A - Chess Combinations -World Champions-1 (2011).pdf,187,score-baixo,0.0336,0.0,72.94,349.67,138.36,422.62,210.33
Karpov A - Chess Combinations -World Champions-1 (2011).pdf,187,score-baixo,0.0335,0.0,80.14,254.16,240.09,334.3,318.6
Karpov A - Chess Combinations -World Champions-1 (2011).pdf,187,score-baixo,0.0326,0.0,74.25,135.42,329.39,209.67,403.65
Karpov A - Chess Combinations -World Champions-1 (2011).pdf,187,score-baixo,0.0292,0.0,96.82,315.0,473.65,411.5,570.47
Karpov A - Chess Combinations -World Champions-1 (2011).pdf,187,score-baixo,0.0285,0.0,58.22,266.26,69.02,324.49,120.7
Karpov A - Chess Combinations -World Champions-1 (2011).pdf,187,score-baixo,0.0247,0.0,60.84,332.99,454.35,393.83,515.19
Karpov A - Chess Combinations -World Champions-1 (2011).pdf,187,score-baixo,0.0207,0.0,93.55,267.24,442.57,360.8,529.91
Karpov A - Chess Combinations -World Champions-1 (2011).pdf,187,score-baixo,0.0186,0.0,82.76,264.95,316.64,347.71,394.16
Karpov A - Chess Combinations -World Champions-1 (2011).pdf,187,score-baixo,0.0162,0.0,76.87,55.61,443.23,122.66,520.09
Karpov A - Chess Combinations -World Champions-1 (2011).pdf,187,score-baixo,0.0081,0.0,58.55,98.79,454.02,157.34,503.41
Karpov A - Chess Combinations -World Champions-1 (2011).pdf,187,perdeu-para-embutido,0.5,0.0,142.29,56.92,68.69,199.21,205.42
Karpov A - Chess Combinations -World Champions-1 (2011).pdf,187,perdeu-para-embutido,0.5,0.0,145.89,55.61,253.18,201.5,393.51
Karpov A - Chess Combinations -World Champions-1 (2011).pdf,187,perdeu-para-embutido,0.5,0.0,145.89,55.93,439.63,201.82,579.95
Karpov A - Chess Combinations -World Champions-1 (2011).pdf,187,perdeu-para-embutido,0.5,0.0,145.89,263.97,66.73,409.86,207.06
Karpov A - Chess Combinations -World Champions-1 (2011).pdf,187,perdeu-para-embutido,0.5,0.0,145.56,264.3,253.18,409.86,393.83
Karpov A - Chess Combinations -World Champions-1 (2011).pdf,187,perdeu-para-embutido,0.5,0.0,145.56,264.63,439.63,410.19,580.28
Karpov A - Chess Combinations -World Champions-1 (2011).pdf,217,aspecto,0.0,0.0,401.03,29.77,13.74,430.8,31.07
Karpov A - Chess Combinations -World Champions-1 (2011).pdf,217,aspecto,0.0,0.0,401.03,29.77,13.74,430.8,31.07
Karpov A - Chess Combinations -World Champions-1 (2011).pdf,217,sobreposicao,0.3334,0.0,202.48,240.75,407.24,443.23,607.76
Karpov A - Chess Combinations -World Champions-1 (2011).pdf,217,sobreposicao,0.3279,0.0,207.38,8.5,202.8,215.89,408.23
Karpov A - Chess Combinations -World Champions-1 (2011).pdf,217,sobreposicao,0.325,0.0,207.06,26.17,406.59,233.22,612.01
Karpov A - Chess Combinations -World Champions-1 (2011).pdf,217,sobreposicao,0.234,0.0,188.41,43.18,426.22,231.59,612.01
Karpov A - Chess Combinations -World Champions-1 (2011).pdf,217,sobreposicao,0.1802,0.0,175.65,39.58,48.74,215.23,221.78
Karpov A - Chess Combinations -World Champions-1 (2011).pdf,217,sobreposicao,0.1404,0.0,139.35,21.26,30.75,160.61,169.11
Karpov A - Chess Combinations -World Champions-1 (2011).pdf,217,score-baixo,0.0858,0.0,102.06,235.19,407.9,337.24,509.3
Karpov A - Chess Combinations -World Champions-1 (2011).pdf,217,score-baixo,0.0846,0.0,102.06,26.5,407.9,128.55,509.3
Karpov A - Chess Combinations -World Champions-1 (2011).pdf,217,score-baixo,0.0791,0.0,102.38,130.84,509.95,233.22,611.03
Karpov A - Chess Combinations -World Champions-1 (2011).pdf,217,score-baixo,0.0596,0.0,123.97,95.51,285.89,215.56,409.86
Karpov A - Chess Combinations -World Champions-1 (2011).pdf,217,score-baixo,0.0522,0.0,106.64,50.7,431.45,157.34,536.12
Karpov A - Chess Combinations -World Champions-1 (2011).pdf,217,score-baixo,0.0487,0.0,60.51,350.33,331.36,408.55,391.87
Karpov A - Chess Combinations -World Champions-1 (2011).pdf,217,score-baixo,0.0479,0.0,106.64,102.38,108.93,209.02,213.6
Karpov A - Chess Combinations -World Champions-1 (2011).pdf,217,score-baixo,0.0456,0.0,76.54,347.06,517.15,423.6,593.69
Karpov A - Chess Combinations -World Champions-1 (2011).pdf,217,score-baixo,0.0447,0.0,78.18,345.75,143.27,423.93,220.79
Karpov A - Chess Combinations -World Champions-1 (2011).pdf,217,score-baixo,0.0416,0.0,85.37,129.86,136.4,215.23,221.12
Karpov A - Chess Combinations -World Champions-1 (2011).pdf,217,score-baixo,0.0406,0.0,116.12,70.33,455.33,176.31,571.45
Karpov A - Chess Combinations -World Champions-1 (2011).pdf,217,score-baixo,0.0387,0.0,78.5,138.04,324.16,216.54,402.66
Karpov A - Chess Combinations -World Champions-1 (2011).pdf,217,score-baixo,0.037,0.0,85.05,250.89,52.01,335.94,136.08
Karpov A - Chess Combinations -World Champions-1 (2011).pdf,217,score-baixo,0.0366,0.0,56.26,58.88,441.59,115.14,493.6
Karpov A - Chess Combinations -World Champions-1 (2011).pdf,217,score-baixo,0.0342,0.0,73.6,134.11,144.25,207.71,217.2
Karpov A - Chess Combinations -World Champions-1 (2011).pdf,217,score-baixo,0.034,0.0,67.06,267.9,441.59,326.45,508.65
Karpov A - Chess Combinations -World Champions-1 (2011).pdf,217,score-baixo,0.032,0.0,70.65,137.06,520.09,207.71,590.75
Karpov A - Chess Combinations -World Champions-1 (2011).pdf,217,score-baixo,0.0289,0.0,75.23,258.08,242.38,333.32,315.0
Karpov A - Chess Combinations -World Champions-1 (2011).pdf,217,score-baixo,0.0234,0.0,77.52,278.69,307.48,356.22,383.37
Karpov A - Chess Combinations -World Champions-1 (2011).pdf,217,score-baixo,0.021,0.0,59.53,75.89,61.82,135.42,119.72
Karpov A - Chess Combinations -World Champions-1 (2011).pdf,217,score-baixo,0.0103,0.0,57.24,145.23,472.99,202.48,522.38
Karpov A - Chess Combinations -World Champions-1 (2011).pdf,217,perdeu-para-embutido,0.5,0.0,146.22,55.93,66.4,202.15,207.06
Karpov A - Chess Combinations -World Champions-1 (2011).pdf,217,perdeu-para-embutido,0.5,0.0,146.22,56.26,252.85,202.48,393.51
Karpov A - Chess Combinations -World Champions-1 (2011).pdf,217,perdeu-para-embutido,0.5,0.0,146.22,56.92,439.3,203.13,579.95
Karpov A - Chess Combinations -World Champions-1 (2011).pdf,217,perdeu-para-embutido,0.5,0.0,141.64,266.26,69.02,407.9,205.42
Karpov A - Chess Combinations -World Champions-1 (2011).pdf,217,perdeu-para-embutido,0.5,0.0,140.98,267.57,255.47,408.55,392.2
Karpov A - Chess Combinations -World Champions-1 (2011).pdf,217,perdeu-para-embutido,0.5,0.0,140.65,268.22,441.92,408.88,578.32
Karpov A - Chess Combinations -World Champions-1 (2011).pdf,248,aspecto,0.0,0.0,401.36,29.11,14.07,430.47,31.07
Karpov A - Chess Combinations -World Champions-1 (2011).pdf,248,aspecto,0.0,0.0,401.36,29.11,14.07,430.47,31.07
Karpov A - Chess Combinations -World Champions-1 (2011).pdf,248,sobreposicao,0.2954,0.0,201.17,238.46,34.35,439.63,231.92
Karpov A - Chess Combinations -World Champions-1 (2011).pdf,248,sobreposicao,0.2402,0.0,189.72,24.21,220.14,213.93,408.23
Karpov A - Chess Combinations -World Champions-1 (2011).pdf,248,sobreposicao,0.1585,0.0,173.69,248.93,237.48,422.62,408.55
Karpov A - Chess Combinations -World Champions-1 (2011).pdf,248,sobreposicao,0.1499,0.0,143.93,302.24,289.16,446.17,431.45
Karpov A - Chess Combinations -World Champions-1 (2011).pdf,248,sobreposicao,0.1301,0.0,133.46,305.19,295.37,438.65,427.52
Karpov A - Chess Combinations -World Champions-1 (2011).pdf,248,score-baixo,0.0804,0.0,102.06,232.9,221.45,334.95,322.2
Karpov A - Chess Combinations -World Champions-1 (2011).pdf,248,score-baixo,0.0641,0.0,109.25,98.13,292.43,206.4,401.68
Karpov A - Chess Combinations -World Champions-1 (2011).pdf,248,score-baixo,0.0597,0.0,68.36,57.57,255.47,125.93,319.91
Karpov A - Chess Combinations -World Champions-1 (2011).pdf,248,score-baixo,0.0541,0.0,120.7,249.25,238.46,369.95,356.22
Karpov A - Chess Combinations -World Champions-1 (2011).pdf,248,score-baixo,0.05,0.0,112.52,255.8,240.09,368.32,350.33
Karpov A - Chess Combinations -World Champions-1 (2011).pdf,248,score-baixo,0.0477,0.0,89.63,337.57,509.63,427.2,597.62
Karpov A - Chess Combinations -World Champions-1 (2011).pdf,248,score-baixo,0.0423,0.0,84.07,118.08,467.43,202.15,550.19
Karpov A - Chess Combinations -World Champions-1 (2011).pdf,248,score-baixo,0.04,0.0,125.61,263.97,87.01,389.58,208.69
Karpov A - Chess Combinations -World Champions-1 (2011).pdf,248,score-baixo,0.0382,0.0,72.94,135.09,325.8,208.04,398.41
Karpov A - Chess Combinations -World Champions-1 (2011).pdf,248,score-baixo,0.0375,0.0,85.05,248.93,52.34,333.97,136.08
Karpov A - Chess Combinations -World Champions-1 (2011).pdf,248,score-baixo,0.0347,0.0,69.67,342.15,311.08,411.82,379.44
Karpov A - Chess Combinations -World Champions-1 (2011).pdf,248,score-baixo,0.0338,0.0,73.6,136.08,515.84,209.67,588.79
Karpov A - Chess Combinations -World Champions-1 (2011).pdf,248,score-baixo,0.0313,0.0,73.6,343.13,516.5,416.73,588.79
Karpov A - Chess Combinations -World Champions-1 (2011).pdf,248,score-baixo,0.0307,0.0,70.98,343.79,144.25,414.77,214.58
Karpov A - Chess Combinations -World Champions-1 (2011).pdf,248,score-baixo,0.0296,0.0,71.64,256.12,58.55,327.76,128.55
Karpov A - Chess Combinations -World Champions-1 (2011).pdf,248,score-baixo,0.0274,0.0,70.98,129.53,65.09,200.51,134.44
Karpov A - Chess Combinations -World Champions-1 (2011).pdf,248,score-baixo,0.0224,0.0,66.73,265.61,255.14,321.54,321.87
Karpov A - Chess Combinations -World Champions-1 (2011).pdf,248,score-baixo,0.019,0.0,58.22,105.0,321.54,163.22,379.77
Karpov A - Chess Combinations -World Champions-1 (2011).pdf,248,score-baixo,0.0188,0.0,90.28,44.81,426.22,135.09,502.1
Karpov A - Chess Combinations -World Champions-1 (2011).pdf,248,score-baixo,0.0088,0.0,68.04,57.24,69.02,125.28,120.7
Karpov A - Chess Combinations -World Champions-1 (2011).pdf,248,score-baixo,0.0086,0.0,71.31,312.06,287.52,383.37,346.4
Karpov A - Chess Combinations -World Champions-1 (2011).pdf,248,perdeu-para-embutido,0.5,0.0,145.56,54.63,66.73,200.19,207.06
Karpov A - Chess Combinations -World Champions-1 (2011).pdf,248,perdeu-para-embutido,0.5,0.0,140.0,57.24,255.47,197.24,391.87
Karpov A - Chess Combinations -World Champions-1 (2011).pdf,248,perdeu-para-embutido,0.5,0.0,140.65,58.22,441.92,198.88,577.34
Karpov A - Chess Combinations -World Champions-1 (2011).pdf,248,perdeu-para-embutido,0.5,0.0,146.22,262.66,66.73,408.88,207.06
Karpov A - Chess Combinations -World Champions-1 (2011).pdf,248,perdeu-para-embutido,0.5,0.0,146.22,262.99,252.85,409.21,393.51
Karpov A - Chess Combinations -World Champions-1 (2011).pdf,248,perdeu-para-embutido,0.5,0.0,146.22,263.65,439.3,409.86,579.63
Karpov A - Chess Combinations -World Champions-1 (2011).pdf,279,aspecto,0.0,0.0,401.36,30.09,13.74,431.45,30.75
Karpov A - Chess Combinations -World Champions-1 (2011).pdf,279,aspecto,0.0,0.0,401.36,30.09,13.74,431.45,30.75
Karpov A - Chess Combinations -World Champions-1 (2011).pdf,310,aspecto,0.0,0.0,402.01,28.79,14.07,430.8,31.07
Karpov A - Chess Combinations -World Champions-1 (2011).pdf,310,aspecto,0.0,0.0,402.01,28.79,14.07,430.8,31.07
Karpov A - Chess Combinations -World Champions-1 (2011).pdf,341,aspecto,0.0,0.0,402.01,30.09,14.07,432.1,31.07
Karpov A - Chess Combinations -World Champions-1 (2011).pdf,341,aspecto,0.0,0.0,402.01,30.09,14.07,432.1,31.07
Karpov A - Chess Combinations -World Champions-1 (2011).pdf,372,aspecto,0.0,0.0,401.68,29.44,14.07,431.12,31.07
Karpov A - Chess Combinations -World Champions-1 (2011).pdf,372,aspecto,0.0,0.0,401.68,29.44,14.07,431.12,31.07
Karpov A - Chess Combinations -World Champions-2 (2011).pdf,1,aspecto,0.0,0.0,88.0,115.48,418.75,169.13,506.75
Karpov A - Chess Combinations -World Champions-2 (2011).pdf,1,aspecto,0.0,0.0,56.27,410.9,196.94,439.36,253.21
Karpov A - Chess Combinations -World Champions-2 (2011).pdf,1,aspecto,0.0,0.0,333.36,264.66,178.95,352.99,512.31
Karpov A - Chess Combinations -World Champions-2 (2011).pdf,1,aspecto,0.0,0.0,123.66,43.51,63.47,56.92,187.13
Karpov A - Chess Combinations -World Champions-2 (2011).pdf,1,aspecto,0.0,0.0,142.64,415.48,53.32,441.32,195.96
Karpov A - Chess Combinations -World Champions-2 (2011).pdf,1,aspecto,0.0,0.0,635.97,58.89,31.73,428.56,667.71
Karpov A - Chess Combinations -World Champions-2 (2011).pdf,1,aspecto,0.0,0.0,201.52,19.3,2.62,59.21,204.14
Karpov A - Chess Combinations -World Champions-2 (2011).pdf,1,aspecto,0.0,0.0,317.66,74.26,0.0,391.92,115.48
Karpov A - Chess Combinations -World Champions-2 (2011).pdf,1,aspecto,0.0,0.0,81.13,29.77,551.9,73.94,633.03
Karpov A - Chess Combinations -World Champions-2 (2011).pdf,1,aspecto,0.0,0.0,209.7,104.36,519.84,314.06,610.13
Karpov A - Chess Combinations -World Champions-2 (2011).pdf,1,aspecto,0.0,0.0,88.0,115.48,418.75,169.13,506.75
Karpov A - Chess Combinations -World Champions-2 (2011).pdf,1,aspecto,0.0,0.0,69.68,311.77,222.79,352.99,292.47
Karpov A - Chess Combinations -World Champions-2 (2011).pdf,1,aspecto,0.0,0.0,333.36,264.66,178.95,352.99,512.31
Karpov A - Chess Combinations -World Champions-2 (2011).pdf,1,aspecto,0.0,0.0,123.66,43.51,63.47,56.92,187.13
Karpov A - Chess Combinations -World Champions-2 (2011).pdf,1,aspecto,0.0,0.0,142.64,415.48,53.32,441.32,195.96
Karpov A - Chess Combinations -World Champions-2 (2011).pdf,1,aspecto,0.0,0.0,201.52,19.3,2.62,59.21,204.14
Karpov A - Chess Combinations -World Champions-2 (2011).pdf,1,aspecto,0.0,0.0,663.78,91.27,3.93,417.11,667.71
Karpov A - Chess Combinations -World Champions-2 (2011).pdf,1,area-relativa,0.0199,0.0,68.05,93.89,45.47,157.03,113.52
Karpov A - Chess Combinations -World Champions-2 (2011).pdf,1,area-relativa,0.0106,0.0,63.14,153.43,310.14,207.74,373.27
Karpov A - Chess Combinations -World Champions-2 (2011).pdf,1,area-relativa,0.0091,0.0,64.12,262.37,342.2,317.66,406.32
Karpov A - Chess Combinations -World Champions-2 (2011).pdf,1,area-relativa,0.0081,0.0,68.37,270.22,172.73,338.6,228.68
Karpov A - Chess Combinations -World Champions-2 (2011).pdf,1,area-relativa,0.0051,0.0,59.87,399.77,210.03,445.25,269.9
Karpov A - Chess Combinations -World Champions-2 (2011).pdf,1,area-relativa,0.0018,0.0,49.73,333.04,86.37,369.02,136.09
Karpov A - Chess Combinations -World Champions-2 (2011).pdf,1,area-relativa,0.0013,0.0,50.38,62.49,85.71,98.14,136.09
Karpov A - Chess Combinations -World Champions-2 (2011).pdf,1,score-baixo,0.0527,0.0,117.77,259.43,397.48,359.53,515.26
Karpov A - Chess Combinations -World Champions-2 (2011).pdf,1,score-baixo,0.0363,0.0,109.27,114.83,178.62,205.78,287.89
Karpov A - Chess Combinations -World Champions-2 (2011).pdf,1,score-baixo,0.0322,0.0,95.53,260.08,304.9,342.52,400.43
Karpov A - Chess Combinations -World Champions-2 (2011).pdf,1,score-baixo,0.0314,0.0,66.08,270.22,426.6,333.69,492.68
Karpov A - Chess Combinations -World Champions-2 (2011).pdf,1,score-baixo,0.0182,0.0,105.67,120.72,182.22,200.21,287.89
Karpov A - Chess Combinations -World Champions-2 (2011).pdf,1,score-baixo,0.0156,0.0,105.01,269.24,182.55,348.74,287.56
Karpov A - Chess Combinations -World Champions-2 (2011).pdf,1,score-baixo,0.0145,0.0,104.36,268.59,293.78,346.78,398.14
Karpov A - Chess Combinations -World Champions-2 (2011).pdf,1,score-baixo,0.0144,0.0,105.01,122.35,404.68,201.2,509.69
Karpov A - Chess Combinations -World Champions-2 (2011).pdf,1,score-baixo,0.0137,0.0,103.71,123.33,293.45,201.2,397.16
Karpov A - Chess Combinations -World Champions-2 (2011).pdf,1,score-baixo,0.0035,0.0,158.34,119.74,32.06,278.07,137.4
Karpov A - Chess Combinations -World Champions-2 (2011).pdf,1,score-baixo,0.0001,0.0,74.59,398.14,195.31,445.57,269.9
Karpov A - Chess Combinations -World Champions-2 (2011).pdf,1,sem-contraste-de-casa,0.5,0.0,381.13,83.42,137.73,387.01,518.85
Karpov A - Chess Combinations -World Champions-2 (2011).pdf,1,sem-contraste-de-casa,0.5,0.0,118.43,253.21,393.23,371.64,511.33
Karpov A - Chess Combinations -World Champions-2 (2011).pdf,2,aspecto,0.0,0.0,61.17,215.56,432.1,250.23,493.27
Karpov A - Chess Combinations -World Champions-2 (2011).pdf,2,aspecto,0.0,0.0,46.45,157.99,196.92,204.44,225.37
Karpov A - Chess Combinations -World Champions-2 (2011).pdf,2,aspecto,0.0,0.0,61.17,215.56,432.1,249.91,493.27
Karpov A - Chess Combinations -World Champions-2 (2011).pdf,2,aspecto,0.0,0.0,46.45,157.99,196.92,204.44,225.37
Karpov A - Chess Combinations -World Champions-2 (2011).pdf,2,area-relativa,0.0204,0.0,54.95,210.0,503.41,256.78,558.37
Karpov A - Chess Combinations -World Champions-2 (2011).pdf,2,area-relativa,0.0186,0.0,40.23,263.97,231.92,304.21,269.21
Karpov A - Chess Combinations -World Champions-2 (2011).pdf,2,area-relativa,0.0013,0.0,64.11,210.33,429.81,254.49,493.93
Karpov A - Chess Combinations -World Champions-2 (2011).pdf,2,area-relativa,0.0,0.0,59.21,245.0,231.92,304.21,269.21
Karpov A - Chess Combinations -World Champions-2 (2011).pdf,2,score-baixo,0.0136,0.0,445.84,80.47,53.32,382.38,499.16
Karpov A - Chess Combinations -World Champions-2 (2011).pdf,2,score-baixo,0.0002,0.0,489.02,78.5,13.08,385.33,502.1
Karpov A - Chess Combinations -World Champions-2 (2011).pdf,7,aspecto,0.0,0.0,87.66,193.32,413.13,245.65,500.8
Karpov A - Chess Combinations -World Champions-2 (2011).pdf,7,aspecto,0.0,0.0,136.4,164.86,342.15,301.26,418.37
Karpov A - Chess Combinations -World Champions-2 (2011).pdf,7,aspecto,0.0,0.0,59.86,80.14,298.65,105.98,358.51
Karpov A - Chess Combinations -World Champions-2 (2011).pdf,7,aspecto,0.0,0.0,77.85,354.25,282.94,393.83,360.8
Karpov A - Chess Combinations -World Champions-2 (2011).pdf,7,aspecto,0.0,0.0,74.91,357.85,207.71,395.47,282.62
Karpov A - Chess Combinations -World Champions-2 (2011).pdf,7,aspecto,0.0,0.0,76.22,327.76,207.38,354.91,283.6
Karpov A - Chess Combinations -World Champions-2 (2011).pdf,7,aspecto,0.0,0.0,75.89,355.89,132.15,392.2,208.04
Karpov A - Chess Combinations -World Champions-2 (2011).pdf,7,aspecto,0.0,0.0,71.31,355.23,59.86,394.49,131.17
Karpov A - Chess Combinations -World Champions-2 (2011).pdf,7,aspecto,0.0,0.0,88.32,193.65,412.8,245.98,501.12
Karpov A - Chess Combinations -World Champions-2 (2011).pdf,7,aspecto,0.0,0.0,136.4,164.86,342.15,301.26,418.37
Karpov A - Chess Combinations -World Champions-2 (2011).pdf,7,aspecto,0.0,0.0,59.86,80.14,298.65,105.98,358.51
Karpov A - Chess Combinations -World Champions-2 (2011).pdf,7,aspecto,0.0,0.0,77.2,354.25,283.27,393.51,360.47
Karpov A - Chess Combinations -World Champions-2 (2011).pdf,7,aspecto,0.0,0.0,73.93,357.85,208.36,395.47,282.29
Karpov A - Chess Combinations -World Champions-2 (2011).pdf,7,aspecto,0.0,0.0,76.22,327.76,207.38,354.91,283.6
Karpov A - Chess Combinations -World Champions-2 (2011).pdf,7,aspecto,0.0,0.0,75.89,355.89,132.15,392.2,208.04
Karpov A - Chess Combinations -World Champions-2 (2011).pdf,7,aspecto,0.0,0.0,70.65,355.89,60.19,394.49,130.84
Karpov A - Chess Combinations -World Champions-2 (2011).pdf,7,area-relativa,0.0359,0.0,62.48,247.29,269.53,309.77,332.01
Karpov A - Chess Combinations -World Champions-2 (2011).pdf,7,area-relativa,0.0202,0.0,56.59,258.08,269.86,310.42,326.45
Karpov A - Chess Combinations -World Champions-2 (2011).pdf,7,area-relativa,0.0022,0.0,48.74,278.69,244.35,327.43,280.65
Karpov A - Chess Combinations -World Champions-2 (2011).pdf,7,sobreposicao,0.0892,0.0,459.91,57.24,49.72,406.92,509.63
Karpov A - Chess Combinations -World Champions-2 (2011).pdf,7,score-baixo,0.0557,0.0,76.87,126.92,62.48,203.79,132.48
Karpov A - Chess Combinations -World Champions-2 (2011).pdf,7,score-baixo,0.0291,0.0,69.35,67.38,61.5,126.92,130.84
Karpov A - Chess Combinations -World Champions-2 (2011).pdf,7,score-baixo,0.0079,0.0,76.87,70.0,132.48,127.57,209.35
Karpov A - Chess Combinations -World Champions-2 (2011).pdf,7,score-baixo,0.004,0.0,439.3,68.04,60.19,355.23,499.49
Karpov A - Chess Combinations -World Champions-2 (2011).pdf,7,score-baixo,0.0031,0.0,213.6,258.41,285.56,397.76,499.16
Karpov A - Chess Combinations -World Champions-2 (2011).pdf,7,sem-contraste-de-casa,0.5,0.0,481.82,45.79,38.93,418.37,520.75
Karpov A - Chess Combinations -World Champions-2 (2011).pdf,8,aspecto,0.0,0.0,402.34,28.79,13.74,431.12,30.75
Karpov A - Chess Combinations -World Champions-2 (2011).pdf,8,aspecto,0.0,0.0,402.34,28.79,13.74,431.12,30.75
Karpov A - Chess Combinations -World Champions-2 (2011).pdf,8,sobreposicao,0.3383,0.0,207.06,235.51,217.2,442.57,422.29
Karpov A - Chess Combinations -World Champions-2 (2011).pdf,8,sobreposicao,0.304,0.0,210.33,248.93,52.01,459.25,259.07
Karpov A - Chess Combinations -World Champions-2 (2011).pdf,8,sobreposicao,0.2866,0.0,196.59,239.44,418.04,436.03,612.01
Karpov A - Chess Combinations -World Champions-2 (2011).pdf,8,sobreposicao,0.2625,0.0,193.32,23.88,409.86,217.2,601.54
Karpov A - Chess Combinations -World Champions-2 (2011).pdf,8,sobreposicao,0.2611,0.0,196.92,18.97,26.82,215.89,221.45
Karpov A - Chess Combinations -World Champions-2 (2011).pdf,8,sobreposicao,0.172,0.0,156.68,93.88,290.8,250.56,444.86
Karpov A - Chess Combinations -World Champions-2 (2011).pdf,8,sobreposicao,0.1295,0.0,172.06,29.44,410.84,201.5,576.03
Karpov A - Chess Combinations -World Champions-2 (2011).pdf,8,sobreposicao,0.0892,0.0,105.98,265.28,70.0,371.26,163.88
Karpov A - Chess Combinations -World Champions-2 (2011).pdf,8,score-baixo,0.0839,0.0,103.69,24.21,412.15,127.9,514.21
Karpov A - Chess Combinations -World Champions-2 (2011).pdf,8,score-baixo,0.0826,0.0,103.36,339.21,324.81,442.57,426.87
Karpov A - Chess Combinations -World Champions-2 (2011).pdf,8,score-baixo,0.0792,0.0,104.02,130.19,514.86,234.21,616.92
Karpov A - Chess Combinations -World Champions-2 (2011).pdf,8,score-baixo,0.0741,0.0,152.1,65.42,447.8,217.52,594.02
Karpov A - Chess Combinations -World Champions-2 (2011).pdf,8,score-baixo,0.0549,0.0,62.15,57.24,446.82,117.1,508.97
Karpov A - Chess Combinations -World Champions-2 (2011).pdf,8,score-baixo,0.0503,0.0,87.66,134.44,515.84,222.1,602.2
Karpov A - Chess Combinations -World Champions-2 (2011).pdf,8,score-baixo,0.0499,0.0,113.5,96.82,298.32,210.33,407.57
Karpov A - Chess Combinations -World Champions-2 (2011).pdf,8,score-baixo,0.0496,0.0,116.12,101.08,480.84,217.2,593.37
Karpov A - Chess Combinations -World Champions-2 (2011).pdf,8,score-baixo,0.0481,0.0,115.47,256.12,52.66,371.59,164.21
Karpov A - Chess Combinations -World Champions-2 (2011).pdf,8,score-baixo,0.0461,0.0,108.6,100.42,110.89,209.02,215.89
Karpov A - Chess Combinations -World Champions-2 (2011).pdf,8,score-baixo,0.046,0.0,108.6,101.4,487.71,210.0,593.04
Karpov A - Chess Combinations -World Champions-2 (2011).pdf,8,score-baixo,0.0445,0.0,82.1,133.13,144.91,215.23,225.05
Karpov A - Chess Combinations -World Champions-2 (2011).pdf,8,score-baixo,0.0402,0.0,87.01,249.91,429.49,336.92,514.53
Karpov A - Chess Combinations -World Champions-2 (2011).pdf,8,score-baixo,0.0388,0.0,74.25,347.06,332.01,421.31,405.61
Karpov A - Chess Combinations -World Champions-2 (2011).pdf,8,score-baixo,0.0361,0.0,86.36,339.86,514.53,426.22,599.25
Karpov A - Chess Combinations -World Champions-2 (2011).pdf,8,score-baixo,0.035,0.0,81.45,254.81,430.14,336.26,509.63
Karpov A - Chess Combinations -World Champions-2 (2011).pdf,8,score-baixo,0.0342,0.0,57.9,265.61,256.78,323.51,309.11
Karpov A - Chess Combinations -World Champions-2 (2011).pdf,8,score-baixo,0.0327,0.0,79.49,130.19,332.01,209.67,409.53
Karpov A - Chess Combinations -World Champions-2 (2011).pdf,8,score-baixo,0.0313,0.0,74.91,343.79,521.73,418.69,595.66
Karpov A - Chess Combinations -World Champions-2 (2011).pdf,8,score-baixo,0.0313,0.0,76.54,252.2,57.24,328.74,129.53
Karpov A - Chess Combinations -World Champions-2 (2011).pdf,8,score-baixo,0.0294,0.0,71.31,346.4,144.91,417.71,214.91
Karpov A - Chess Combinations -World Champions-2 (2011).pdf,8,score-baixo,0.0271,0.0,87.66,277.38,299.95,365.05,385.33
Karpov A - Chess Combinations -World Champions-2 (2011).pdf,8,score-baixo,0.0263,0.0,78.5,40.23,60.84,118.74,135.42
Karpov A - Chess Combinations -World Champions-2 (2011).pdf,8,score-baixo,0.0197,0.0,51.03,375.51,548.23,426.54,598.93
Karpov A - Chess Combinations -World Champions-2 (2011).pdf,8,score-baixo,0.0181,0.0,34.67,374.53,172.06,409.21,205.75
Karpov A - Chess Combinations -World Champions-2 (2011).pdf,8,score-baixo,0.0101,0.0,76.54,85.05,75.89,149.49,152.43
Karpov A - Chess Combinations -World Champions-2 (2011).pdf,22,aspecto,0.0,0.0,402.01,28.79,13.74,430.8,30.75
Karpov A - Chess Combinations -World Champions-2 (2011).pdf,22,aspecto,0.0,0.0,402.01,28.79,13.74,430.8,30.75
Karpov A - Chess Combinations -World Champions-2 (2011).pdf,22,sobreposicao,0.3487,0.0,148.83,262.34,67.38,411.17,207.71
Karpov A - Chess Combinations -World Champions-2 (2011).pdf,22,sobreposicao,0.3023,0.0,203.79,6.21,208.36,210.0,410.19
Karpov A - Chess Combinations -World Champions-2 (2011).pdf,22,sobreposicao,0.2035,0.0,181.54,222.76,396.45,404.3,573.74
Karpov A - Chess Combinations -World Champions-2 (2011).pdf,22,sobreposicao,0.165,0.0,179.58,57.24,70.98,236.82,245.65
Karpov A - Chess Combinations -World Champions-2 (2011).pdf,22,sobreposicao,0.1623,0.0,170.75,273.79,441.26,442.24,612.01
Karpov A - Chess Combinations -World Champions-2 (2011).pdf,22,sobreposicao,0.1324,0.0,176.31,25.84,31.4,202.15,197.57
Karpov A - Chess Combinations -World Champions-2 (2011).pdf,22,sobreposicao,0.1166,0.0,139.35,23.55,410.84,162.9,546.92
Karpov A - Chess Combinations -World Champions-2 (2011).pdf,22,sobreposicao,0.1035,0.0,124.95,31.4,417.06,156.36,539.72
Karpov A - Chess Combinations -World Champions-2 (2011).pdf,22,sobreposicao,0.0999,0.0,129.86,235.51,227.99,365.37,353.93
Karpov A - Chess Combinations -World Champions-2 (2011).pdf,22,score-baixo,0.0814,0.0,148.83,252.2,242.06,401.03,386.64
Karpov A - Chess Combinations -World Champions-2 (2011).pdf,22,score-baixo,0.0528,0.0,56.92,55.93,69.67,111.22,126.59
Karpov A - Chess Combinations -World Champions-2 (2011).pdf,22,score-baixo,0.0498,0.0,109.25,100.75,297.34,210.0,403.32
Karpov A - Chess Combinations -World Champions-2 (2011).pdf,22,score-baixo,0.0424,0.0,82.1,137.06,513.55,219.16,594.02
Karpov A - Chess Combinations -World Champions-2 (2011).pdf,22,score-baixo,0.0368,0.0,75.89,136.4,331.36,212.29,405.61
Karpov A - Chess Combinations -World Champions-2 (2011).pdf,22,score-baixo,0.0368,0.0,68.36,140.0,324.49,200.51,392.85
Karpov A - Chess Combinations -World Champions-2 (2011).pdf,22,score-baixo,0.0361,0.0,74.58,345.42,144.91,420.0,217.52
Karpov A - Chess Combinations -World Champions-2 (2011).pdf,22,score-baixo,0.0358,0.0,74.58,109.58,265.94,184.16,339.21
Karpov A - Chess Combinations -World Champions-2 (2011).pdf,22,score-baixo,0.0357,0.0,86.68,338.88,513.55,425.56,598.27
Karpov A - Chess Combinations -World Champions-2 (2011).pdf,22,score-baixo,0.0346,0.0,80.79,135.75,136.4,214.25,217.2
Karpov A - Chess Combinations -World Champions-2 (2011).pdf,22,score-baixo,0.0327,0.0,97.48,105.65,482.48,200.19,579.95
Karpov A - Chess Combinations -World Champions-2 (2011).pdf,22,score-baixo,0.0312,0.0,79.49,255.8,53.32,335.28,130.19
Karpov A - Chess Combinations -World Champions-2 (2011).pdf,22,score-baixo,0.0304,0.0,73.6,344.44,521.08,418.04,593.04
Karpov A - Chess Combinations -World Champions-2 (2011).pdf,22,score-baixo,0.0287,0.0,72.62,345.09,331.68,417.71,402.34
Karpov A - Chess Combinations -World Champions-2 (2011).pdf,22,score-baixo,0.028,0.0,84.39,102.71,303.88,187.1,388.27
Karpov A - Chess Combinations -World Champions-2 (2011).pdf,22,score-baixo,0.0246,0.0,134.11,274.77,272.15,408.88,391.54
Karpov A - Chess Combinations -World Champions-2 (2011).pdf,22,score-baixo,0.0203,0.0,53.97,289.81,438.65,343.79,491.96
Karpov A - Chess Combinations -World Champions-2 (2011).pdf,22,score-baixo,0.0197,0.0,51.03,164.53,171.4,215.56,222.1
Karpov A - Chess Combinations -World Champions-2 (2011).pdf,22,score-baixo,0.0193,0.0,50.7,249.25,239.44,299.95,289.49
Karpov A - Chess Combinations -World Champions-2 (2011).pdf,22,score-baixo,0.0175,0.0,74.58,125.61,138.69,200.19,208.36
Karpov A - Chess Combinations -World Champions-2 (2011).pdf,22,score-baixo,0.0114,0.0,58.22,321.87,65.42,380.09,116.78
Karpov A - Chess Combinations -World Champions-2 (2011).pdf,22,sem-contraste-de-casa,0.5,0.0,207.06,234.21,31.4,441.26,238.46
Karpov A - Chess Combinations -World Champions-2 (2011).pdf,43,aspecto,0.0,0.0,70.98,312.71,323.51,383.69,364.39
Karpov A - Chess Combinations -World Champions-2 (2011).pdf,43,aspecto,0.0,0.0,67.71,66.4,250.23,94.53,317.94
Karpov A - Chess Combinations -World Champions-2 (2011).pdf,43,aspecto,0.0,0.0,89.63,70.65,235.84,113.18,325.47
Karpov A - Chess Combinations -World Champions-2 (2011).pdf,43,aspecto,0.0,0.0,84.72,69.02,150.47,109.25,235.19
Karpov A - Chess Combinations -World Champions-2 (2011).pdf,43,aspecto,0.0,0.0,90.61,337.24,146.87,383.69,237.48
Karpov A - Chess Combinations -World Champions-2 (2011).pdf,43,aspecto,0.0,0.0,282.62,51.03,133.13,56.26,415.75
Karpov A - Chess Combinations -World Champions-2 (2011).pdf,43,aspecto,0.0,0.0,92.9,200.19,61.82,293.08,108.93
Karpov A - Chess Combinations -World Champions-2 (2011).pdf,43,aspecto,0.0,0.0,86.03,70.98,63.13,112.85,149.16
Karpov A - Chess Combinations -World Champions-2 (2011).pdf,43,aspecto,0.0,0.0,453.04,398.41,56.92,406.26,509.95
Karpov A - Chess Combinations -World Champions-2 (2011).pdf,43,aspecto,0.0,0.0,70.98,312.71,323.51,383.69,364.07
Karpov A - Chess Combinations -World Champions-2 (2011).pdf,43,aspecto,0.0,0.0,116.45,191.03,317.29,307.48,373.55
Karpov A - Chess Combinations -World Champions-2 (2011).pdf,43,aspecto,0.0,0.0,67.06,66.4,250.56,94.21,317.62
Karpov A - Chess Combinations -World Champions-2 (2011).pdf,43,aspecto,0.0,0.0,89.63,70.65,235.84,113.18,325.47
Karpov A - Chess Combinations -World Champions-2 (2011).pdf,43,aspecto,0.0,0.0,84.39,69.02,150.79,108.93,235.19
Karpov A - Chess Combinations -World Champions-2 (2011).pdf,43,aspecto,0.0,0.0,91.59,337.24,146.22,384.35,237.8
Karpov A - Chess Combinations -World Champions-2 (2011).pdf,43,aspecto,0.0,0.0,92.9,200.19,61.82,293.08,108.93
Karpov A - Chess Combinations -World Champions-2 (2011).pdf,43,aspecto,0.0,0.0,86.03,70.98,63.13,112.85,149.16
Karpov A - Chess Combinations -World Champions-2 (2011).pdf,43,score-baixo,0.0878,0.0,481.5,46.78,39.25,417.38,520.75
Karpov A - Chess Combinations -World Champions-2 (2011).pdf,43,score-baixo,0.0781,0.0,451.08,63.13,54.63,402.34,505.7
Karpov A - Chess Combinations -World Champions-2 (2011).pdf,43,score-baixo,0.0284,0.0,81.78,115.47,240.42,183.83,322.2
Karpov A - Chess Combinations -World Champions-2 (2011).pdf,43,sem-contraste-de-casa,0.5,0.0,377.8,52.01,138.36,412.8,516.17
Karpov A - Chess Combinations -World Champions-2 (2011).pdf,64,aspecto,0.0,0.0,401.03,29.44,13.74,430.47,30.75
Karpov A - Chess Combinations -World Champions-2 (2011).pdf,64,aspecto,0.0,0.0,401.03,29.44,13.74,430.47,30.75
Karpov A - Chess Combinations -World Champions-2 (2011).pdf,64,sobreposicao,0.3236,0.0,210.0,5.56,15.7,215.56,222.43
Karpov A - Chess Combinations -World Champions-2 (2011).pdf,64,sobreposicao,0.2888,0.0,195.61,222.1,22.9,417.71,217.52
Karpov A - Chess Combinations -World Champions-2 (2011).pdf,64,sobreposicao,0.2832,0.0,198.55,11.78,20.61,210.33,216.54
Karpov A - Chess Combinations -World Champions-2 (2011).pdf,64,sobreposicao,0.1665,0.0,167.15,250.56,242.71,417.71,406.59
Karpov A - Chess Combinations -World Champions-2 (2011).pdf,64,sobreposicao,0.1571,0.0,166.82,257.1,434.72,423.93,597.95
Karpov A - Chess Combinations -World Champions-2 (2011).pdf,64,sobreposicao,0.1306,0.0,92.9,265.61,445.52,358.51,534.16
Karpov A - Chess Combinations -World Champions-2 (2011).pdf,64,sobreposicao,0.128,0.0,139.67,302.57,287.52,440.28,427.2
Karpov A - Chess Combinations -World Champions-2 (2011).pdf,64,sobreposicao,0.1132,0.0,143.93,89.3,103.04,233.22,242.38
Karpov A - Chess Combinations -World Champions-2 (2011).pdf,64,sobreposicao,0.1078,0.0,131.17,234.21,223.74,365.37,351.31
Karpov A - Chess Combinations -World Champions-2 (2011).pdf,64,sobreposicao,0.0869,0.0,157.66,60.19,441.92,216.22,599.58
Karpov A - Chess Combinations -World Champions-2 (2011).pdf,64,score-baixo,0.0612,0.0,147.52,47.76,432.1,195.28,573.09
Karpov A - Chess Combinations -World Champions-2 (2011).pdf,64,score-baixo,0.0571,0.0,109.25,102.06,486.4,211.31,592.71
Karpov A - Chess Combinations -World Champions-2 (2011).pdf,64,score-baixo,0.0529,0.0,121.68,302.9,480.84,424.58,597.95
Karpov A - Chess Combinations -World Champions-2 (2011).pdf,64,score-baixo,0.0487,0.0,106.96,48.41,436.03,155.37,540.38
Karpov A - Chess Combinations -World Champions-2 (2011).pdf,64,score-baixo,0.0487,0.0,109.58,99.44,110.56,209.02,216.54
Karpov A - Chess Combinations -World Champions-2 (2011).pdf,64,score-baixo,0.0465,0.0,109.58,307.48,109.91,417.06,216.54
Karpov A - Chess Combinations -World Champions-2 (2011).pdf,64,score-baixo,0.0366,0.0,86.36,40.56,428.51,126.92,513.23
Karpov A - Chess Combinations -World Champions-2 (2011).pdf,64,score-baixo,0.0357,0.0,86.68,337.9,137.06,424.58,221.78
Karpov A - Chess Combinations -World Champions-2 (2011).pdf,64,score-baixo,0.0355,0.0,72.94,345.09,519.11,417.71,592.06
Karpov A - Chess Combinations -World Champions-2 (2011).pdf,64,score-baixo,0.0331,0.0,78.5,43.18,433.41,121.68,510.28
Karpov A - Chess Combinations -World Champions-2 (2011).pdf,64,score-baixo,0.0324,0.0,80.47,136.08,323.83,216.54,402.01
Karpov A - Chess Combinations -World Champions-2 (2011).pdf,64,score-baixo,0.0309,0.0,73.6,136.73,519.11,210.33,591.4
Karpov A - Chess Combinations -World Champions-2 (2011).pdf,64,score-baixo,0.0303,0.0,75.89,136.4,327.76,212.29,402.01
Karpov A - Chess Combinations -World Champions-2 (2011).pdf,64,score-baixo,0.0296,0.0,72.62,135.75,144.58,208.36,215.56
Karpov A - Chess Combinations -World Champions-2 (2011).pdf,64,score-baixo,0.0267,0.0,76.54,314.67,494.91,391.22,569.49
Karpov A - Chess Combinations -World Champions-2 (2011).pdf,64,score-baixo,0.0242,0.0,86.68,277.06,490.66,363.74,573.09
Karpov A - Chess Combinations -World Champions-2 (2011).pdf,64,score-baixo,0.0231,0.0,79.16,56.92,506.36,136.08,585.19
Karpov A - Chess Combinations -World Champions-2 (2011).pdf,64,score-baixo,0.0199,0.0,51.36,164.53,170.75,215.89,221.78
Karpov A - Chess Combinations -World Champions-2 (2011).pdf,64,score-baixo,0.0194,0.0,51.03,165.19,357.85,216.22,408.23
Karpov A - Chess Combinations -World Champions-2 (2011).pdf,64,score-baixo,0.0188,0.0,51.03,373.55,170.75,424.58,221.45
Karpov A - Chess Combinations -World Champions-2 (2011).pdf,64,score-baixo,0.0166,0.0,82.1,266.59,315.0,343.46,397.1
Karpov A - Chess Combinations -World Champions-2 (2011).pdf,64,score-baixo,0.0083,0.0,59.86,326.45,62.15,375.51,122.01
Karpov A - Chess Combinations -World Champions-2 (2011).pdf,64,score-baixo,0.008,0.0,69.02,90.28,106.64,148.51,175.65
Karpov A - Chess Combinations -World Champions-2 (2011).pdf,85,aspecto,0.0,0.0,401.68,30.09,13.74,431.78,30.75
Karpov A - Chess Combinations -World Champions-2 (2011).pdf,85,aspecto,0.0,0.0,401.68,30.09,13.74,431.78,30.75
Karpov A - Chess Combinations -World Champions-2 (2011).pdf,85,sobreposicao,0.2315,0.0,193.32,23.88,409.86,217.2,598.6
Karpov A - Chess Combinations -World Champions-2 (2011).pdf,85,sobreposicao,0.2312,0.0,194.95,40.89,236.5,228.97,431.45
Karpov A - Chess Combinations -World Champions-2 (2011).pdf,85,sobreposicao,0.2265,0.0,193.97,40.23,50.37,234.21,240.42
Karpov A - Chess Combinations -World Champions-2 (2011).pdf,85,sobreposicao,0.2103,0.0,179.25,30.09,417.06,209.35,592.71
Karpov A - Chess Combinations -World Champions-2 (2011).pdf,85,sobreposicao,0.1392,0.0,105.65,56.26,69.67,161.92,168.46
Karpov A - Chess Combinations -World Champions-2 (2011).pdf,85,sobreposicao,0.1187,0.0,139.35,302.9,479.53,442.24,615.94
Karpov A - Chess Combinations -World Champions-2 (2011).pdf,85,sobreposicao,0.1184,0.0,140.0,94.21,479.53,234.21,615.94
Karpov A - Chess Combinations -World Champions-2 (2011).pdf,85,sobreposicao,0.1126,0.0,130.84,25.84,223.74,156.68,351.31
Karpov A - Chess Combinations -World Champions-2 (2011).pdf,85,score-baixo,0.0802,0.0,104.02,128.88,137.38,232.9,239.44
Karpov A - Chess Combinations -World Champions-2 (2011).pdf,85,score-baixo,0.0796,0.0,103.04,24.53,411.17,127.57,512.9
Karpov A - Chess Combinations -World Champions-2 (2011).pdf,85,score-baixo,0.0683,0.0,113.83,310.42,486.4,424.25,597.62
Karpov A - Chess Combinations -World Champions-2 (2011).pdf,85,score-baixo,0.0528,0.0,70.0,57.24,445.84,127.24,510.28
Karpov A - Chess Combinations -World Champions-2 (2011).pdf,85,score-baixo,0.0522,0.0,110.23,100.09,486.73,210.33,593.69
Karpov A - Chess Combinations -World Champions-2 (2011).pdf,85,score-baixo,0.0494,0.0,62.48,55.93,69.67,118.41,129.21
Karpov A - Chess Combinations -World Champions-2 (2011).pdf,85,score-baixo,0.0483,0.0,81.12,343.46,143.27,424.58,223.41
Karpov A - Chess Combinations -World Champions-2 (2011).pdf,85,score-baixo,0.0465,0.0,99.44,256.12,300.61,355.56,397.1
Karpov A - Chess Combinations -World Champions-2 (2011).pdf,85,score-baixo,0.0429,0.0,82.76,136.4,323.83,219.16,404.63
Karpov A - Chess Combinations -World Champions-2 (2011).pdf,85,score-baixo,0.0372,0.0,86.68,338.88,324.16,425.56,408.88
Karpov A - Chess Combinations -World Champions-2 (2011).pdf,85,score-baixo,0.0352,0.0,74.58,136.73,331.03,211.31,404.3
Karpov A - Chess Combinations -World Champions-2 (2011).pdf,85,score-baixo,0.0335,0.0,74.58,290.8,105.33,365.37,177.94
Karpov A - Chess Combinations -World Champions-2 (2011).pdf,85,score-baixo,0.0318,0.0,75.89,344.77,329.07,420.66,403.32
Karpov A - Chess Combinations -World Champions-2 (2011).pdf,85,score-baixo,0.031,0.0,79.49,328.08,286.54,402.99,366.03
Karpov A - Chess Combinations -World Champions-2 (2011).pdf,85,score-baixo,0.0301,0.0,64.44,328.08,299.95,391.54,364.39
Karpov A - Chess Combinations -World Champions-2 (2011).pdf,85,score-baixo,0.0297,0.0,97.15,265.94,488.69,363.08,585.84
Karpov A - Chess Combinations -World Champions-2 (2011).pdf,85,score-baixo,0.0295,0.0,71.96,137.06,144.58,209.02,214.58
Karpov A - Chess Combinations -World Champions-2 (2011).pdf,85,score-baixo,0.0286,0.0,72.62,137.06,520.75,209.67,591.4
Karpov A - Chess Combinations -World Champions-2 (2011).pdf,85,score-baixo,0.0286,0.0,72.62,345.09,521.08,417.71,591.73
Karpov A - Chess Combinations -World Champions-2 (2011).pdf,85,score-baixo,0.026,0.0,67.06,69.02,128.55,136.08,194.3
Karpov A - Chess Combinations -World Champions-2 (2011).pdf,85,score-baixo,0.022,0.0,102.71,56.59,70.33,159.3,159.95
Karpov A - Chess Combinations -World Champions-2 (2011).pdf,85,score-baixo,0.0191,0.0,34.67,265.61,256.12,300.28,289.49
Karpov A - Chess Combinations -World Champions-2 (2011).pdf,85,score-baixo,0.0185,0.0,51.36,165.84,547.24,217.2,597.95
Karpov A - Chess Combinations -World Champions-2 (2011).pdf,85,score-baixo,0.0095,0.0,67.06,70.65,125.93,128.88,192.99
Karpov A - Chess Combinations -World Champions-2 (2011).pdf,106,aspecto,0.0,0.0,401.36,29.11,14.07,430.47,31.07
Karpov A - Chess Combinations -World Champions-2 (2011).pdf,106,aspecto,0.0,0.0,401.36,29.11,14.07,430.47,31.07
Karpov A - Chess Combinations -World Champions-2 (2011).pdf,106,sobreposicao,0.3171,0.0,210.33,23.88,409.86,234.21,617.24
Karpov A - Chess Combinations -World Champions-2 (2011).pdf,106,sobreposicao,0.3041,0.0,208.04,5.56,18.32,213.6,223.08
Karpov A - Chess Combinations -World Champions-2 (2011).pdf,106,sobreposicao,0.3028,0.0,203.79,221.45,202.8,425.23,403.97
Karpov A - Chess Combinations -World Champions-2 (2011).pdf,106,sobreposicao,0.2322,0.0,185.79,31.4,409.53,217.2,592.71
Karpov A - Chess Combinations -World Champions-2 (2011).pdf,106,sobreposicao,0.1891,0.0,193.65,220.14,17.34,413.79,198.55
Karpov A - Chess Combinations -World Champions-2 (2011).pdf,106,sobreposicao,0.1799,0.0,156.03,302.9,290.14,458.93,443.88
Karpov A - Chess Combinations -World Champions-2 (2011).pdf,106,sobreposicao,0.1786,0.0,156.36,93.88,290.14,250.23,444.53
Karpov A - Chess Combinations -World Champions-2 (2011).pdf,106,sobreposicao,0.1561,0.0,172.06,253.51,426.87,425.56,596.64
Karpov A - Chess Combinations -World Champions-2 (2011).pdf,106,sobreposicao,0.1464,0.0,174.02,42.52,238.46,216.54,407.9
Karpov A - Chess Combinations -World Champions-2 (2011).pdf,106,sobreposicao,0.1266,0.0,130.84,310.42,487.06,441.26,615.61
Karpov A - Chess Combinations -World Champions-2 (2011).pdf,106,sobreposicao,0.1183,0.0,138.04,95.19,294.07,233.22,428.83
Karpov A - Chess Combinations -World Champions-2 (2011).pdf,106,sobreposicao,0.11,0.0,132.15,304.21,297.66,436.36,426.87
Karpov A - Chess Combinations -World Champions-2 (2011).pdf,106,sobreposicao,0.1077,0.0,136.73,26.5,221.45,163.22,354.25
Karpov A - Chess Combinations -World Champions-2 (2011).pdf,106,score-baixo,0.0825,0.0,103.69,23.88,411.5,127.57,513.23
Karpov A - Chess Combinations -World Champions-2 (2011).pdf,106,score-baixo,0.0738,0.0,144.58,274.77,77.2,419.35,216.87
Karpov A - Chess Combinations -World Champions-2 (2011).pdf,106,score-baixo,0.0647,0.0,70.33,265.94,446.17,336.26,513.23
Karpov A - Chess Combinations -World Champions-2 (2011).pdf,106,score-baixo,0.0578,0.0,114.81,96.17,110.89,210.98,222.1
Karpov A - Chess Combinations -World Champions-2 (2011).pdf,106,score-baixo,0.0499,0.0,111.54,257.43,431.45,368.97,540.38
Karpov A - Chess Combinations -World Champions-2 (2011).pdf,106,score-baixo,0.0485,0.0,116.12,101.08,479.53,217.2,591.4
Karpov A - Chess Combinations -World Champions-2 (2011).pdf,106,score-baixo,0.0447,0.0,107.29,310.42,110.89,417.71,214.91
Karpov A - Chess Combinations -World Champions-2 (2011).pdf,106,score-baixo,0.0427,0.0,78.83,136.4,144.91,215.23,222.1
Karpov A - Chess Combinations -World Champions-2 (2011).pdf,106,score-baixo,0.0357,0.0,116.78,263.97,97.8,380.75,209.67
Karpov A - Chess Combinations -World Champions-2 (2011).pdf,106,score-baixo,0.0347,0.0,87.34,129.86,513.55,217.2,598.27
Karpov A - Chess Combinations -World Champions-2 (2011).pdf,106,score-baixo,0.0318,0.0,79.16,41.22,245.65,120.37,322.85
Karpov A - Chess Combinations -World Champions-2 (2011).pdf,106,score-baixo,0.0316,0.0,79.16,131.5,519.77,210.65,596.96
Karpov A - Chess Combinations -World Champions-2 (2011).pdf,106,score-baixo,0.0313,0.0,86.68,343.13,134.11,424.25,220.79
Karpov A - Chess Combinations -World Champions-2 (2011).pdf,106,score-baixo,0.0268,0.0,91.59,54.63,121.68,146.22,210.0
Karpov A - Chess Combinations -World Champions-2 (2011).pdf,106,score-baixo,0.0216,0.0,90.61,56.26,499.16,146.87,586.17
Karpov A - Chess Combinations -World Champions-2 (2011).pdf,106,score-baixo,0.0204,0.0,56.26,324.81,281.96,381.08,336.92
Karpov A - Chess Combinations -World Champions-2 (2011).pdf,106,score-baixo,0.0187,0.0,51.03,40.23,239.77,91.26,289.81
Karpov A - Chess Combinations -World Champions-2 (2011).pdf,106,score-baixo,0.0126,0.0,67.06,266.26,446.17,333.32,498.83
Karpov A - Chess Combinations -World Champions-2 (2011).pdf,106,score-baixo,0.0115,0.0,70.0,56.92,446.17,126.92,500.8
Karpov A - Chess Combinations -World Champions-2 (2011).pdf,127,aspecto,0.0,0.0,401.68,29.44,13.41,431.12,31.07
Karpov A - Chess Combinations -World Champions-2 (2011).pdf,127,aspecto,0.0,0.0,401.68,29.44,13.41,431.12,31.07
Karpov A - Chess Combinations -World Champions-2 (2011).pdf,127,sobreposicao,0.3148,0.0,210.98,230.61,34.02,441.59,241.73
Karpov A - Chess Combinations -World Champions-2 (2011).pdf,127,sobreposicao,0.2378,0.0,193.32,40.89,427.85,234.21,616.92
Karpov A - Chess Combinations -World Champions-2 (2011).pdf,127,sobreposicao,0.2088,0.0,186.45,234.21,37.62,420.66,220.14
Karpov A - Chess Combinations -World Champions-2 (2011).pdf,127,sobreposicao,0.1453,0.0,171.4,40.89,432.43,212.29,599.25
Karpov A - Chess Combinations -World Champions-2 (2011).pdf,127,score-baixo,0.0807,0.0,104.02,129.86,513.55,233.88,615.61
Karpov A - Chess Combinations -World Champions-2 (2011).pdf,127,score-baixo,0.0797,0.0,103.36,231.92,35.33,335.28,137.06
Karpov A - Chess Combinations -World Champions-2 (2011).pdf,127,score-baixo,0.0739,0.0,149.49,250.56,246.64,400.05,391.22
Karpov A - Chess Combinations -World Champions-2 (2011).pdf,127,score-baixo,0.0609,0.0,118.74,100.09,477.24,215.56,595.98
Karpov A - Chess Combinations -World Champions-2 (2011).pdf,127,score-baixo,0.056,0.0,116.12,102.06,287.85,214.91,403.97
Karpov A - Chess Combinations -World Champions-2 (2011).pdf,127,score-baixo,0.0531,0.0,122.34,40.89,428.83,163.22,547.24
Karpov A - Chess Combinations -World Champions-2 (2011).pdf,127,score-baixo,0.0494,0.0,90.93,242.71,47.76,333.65,137.06
Karpov A - Chess Combinations -World Champions-2 (2011).pdf,127,score-baixo,0.0493,0.0,110.56,256.78,243.04,367.34,350.66
Karpov A - Chess Combinations -World Champions-2 (2011).pdf,127,score-baixo,0.0488,0.0,110.89,306.17,110.89,417.06,218.18
Karpov A - Chess Combinations -World Champions-2 (2011).pdf,127,score-baixo,0.0482,0.0,113.5,100.09,105.98,213.6,215.56
Karpov A - Chess Combinations -World Champions-2 (2011).pdf,127,score-baixo,0.0462,0.0,83.08,132.8,520.75,215.89,602.2
Karpov A - Chess Combinations -World Champions-2 (2011).pdf,127,score-baixo,0.0434,0.0,81.45,42.2,51.03,123.65,132.48
Karpov A - Chess Combinations -World Champions-2 (2011).pdf,127,score-baixo,0.038,0.0,86.68,338.23,137.06,424.91,222.1
Karpov A - Chess Combinations -World Champions-2 (2011).pdf,127,score-baixo,0.0375,0.0,82.76,130.51,139.02,213.27,221.45
Karpov A - Chess Combinations -World Champions-2 (2011).pdf,127,score-baixo,0.0365,0.0,86.36,40.89,428.83,127.24,513.55
Karpov A - Chess Combinations -World Champions-2 (2011).pdf,127,score-baixo,0.0362,0.0,86.68,129.86,324.16,216.54,408.88
Karpov A - Chess Combinations -World Champions-2 (2011).pdf,127,score-baixo,0.036,0.0,84.39,338.55,326.78,422.94,408.88
Karpov A - Chess Combinations -World Champions-2 (2011).pdf,127,score-baixo,0.0354,0.0,87.01,248.93,239.11,335.94,323.83
Karpov A - Chess Combinations -World Champions-2 (2011).pdf,127,score-baixo,0.0332,0.0,77.52,339.53,144.58,417.06,220.79
Karpov A - Chess Combinations -World Champions-2 (2011).pdf,127,score-baixo,0.0312,0.0,74.91,134.11,331.68,209.02,404.95
Karpov A - Chess Combinations -World Champions-2 (2011).pdf,127,score-baixo,0.031,0.0,75.89,44.49,435.37,120.37,509.63
Karpov A - Chess Combinations -World Champions-2 (2011).pdf,127,score-baixo,0.0304,0.0,97.48,57.57,446.5,155.05,539.07
Karpov A - Chess Combinations -World Champions-2 (2011).pdf,127,score-baixo,0.0299,0.0,73.93,345.42,519.77,419.35,591.73
Karpov A - Chess Combinations -World Champions-2 (2011).pdf,127,score-baixo,0.0293,0.0,63.46,274.44,472.66,337.9,535.8
Karpov A - Chess Combinations -World Champions-2 (2011).pdf,127,score-baixo,0.0288,0.0,72.62,255.14,246.96,327.76,317.62
Karpov A - Chess Combinations -World Champions-2 (2011).pdf,127,score-baixo,0.0241,0.0,67.06,296.68,77.2,363.74,142.29
Karpov A - Chess Combinations -World Champions-2 (2011).pdf,127,score-baixo,0.0206,0.0,51.03,373.55,171.08,424.58,221.78
Karpov A - Chess Combinations -World Champions-2 (2011).pdf,127,score-baixo,0.0197,0.0,51.36,374.53,546.92,425.89,597.95
Karpov A - Chess Combinations -World Champions-2 (2011).pdf,127,score-baixo,0.0196,0.0,51.03,374.21,358.18,425.23,408.55
Karpov A - Chess Combinations -World Champions-2 (2011).pdf,127,score-baixo,0.0192,0.0,51.03,249.25,239.44,300.28,289.81
Karpov A - Chess Combinations -World Champions-2 (2011).pdf,127,score-baixo,0.0187,0.0,51.68,164.53,171.4,216.22,222.1
Karpov A - Chess Combinations -World Champions-2 (2011).pdf,127,score-baixo,0.0162,0.0,142.94,56.59,70.33,199.53,192.01
Karpov A - Chess Combinations -World Champions-2 (2011).pdf,127,score-baixo,0.0156,0.0,141.31,267.57,271.82,408.88,391.54
Karpov A - Chess Combinations -World Champions-2 (2011).pdf,127,score-baixo,0.013,0.0,60.19,140.0,256.12,192.99,316.31
Karpov A - Chess Combinations -World Champions-2 (2011).pdf,149,aspecto,0.0,0.0,399.72,30.09,14.07,429.81,31.07
Karpov A - Chess Combinations -World Champions-2 (2011).pdf,149,aspecto,0.0,0.0,399.72,30.09,14.07,429.81,31.07
Karpov A - Chess Combinations -World Champions-2 (2011).pdf,149,sobreposicao,0.317,0.0,209.67,214.91,15.37,424.58,222.43
Karpov A - Chess Combinations -World Champions-2 (2011).pdf,149,sobreposicao,0.3044,0.0,210.0,232.9,410.19,442.9,616.92
Karpov A - Chess Combinations -World Champions-2 (2011).pdf,149,sobreposicao,0.1434,0.0,167.8,254.49,52.01,422.29,216.22
Karpov A - Chess Combinations -World Champions-2 (2011).pdf,149,sobreposicao,0.1405,0.0,165.84,236.82,417.38,402.66,579.3
Karpov A - Chess Combinations -World Champions-2 (2011).pdf,149,sobreposicao,0.1171,0.0,139.35,302.57,102.71,441.92,239.11
Karpov A - Chess Combinations -World Champions-2 (2011).pdf,149,score-baixo,0.0801,0.0,104.02,129.21,136.4,233.22,238.79
Karpov A - Chess Combinations -World Champions-2 (2011).pdf,149,score-baixo,0.0798,0.0,103.36,339.21,513.55,442.57,615.61
Karpov A - Chess Combinations -World Champions-2 (2011).pdf,149,score-baixo,0.0705,0.0,116.78,247.94,51.03,364.72,163.88
Karpov A - Chess Combinations -World Champions-2 (2011).pdf,149,score-baixo,0.069,0.0,152.1,267.57,453.37,419.67,599.25
Karpov A - Chess Combinations -World Champions-2 (2011).pdf,149,score-baixo,0.0689,0.0,119.07,306.82,106.31,425.89,222.76
Karpov A - Chess Combinations -World Champions-2 (2011).pdf,149,score-baixo,0.0579,0.0,110.23,98.46,106.31,208.69,214.91
Karpov A - Chess Combinations -World Champions-2 (2011).pdf,149,score-baixo,0.046,0.0,107.94,310.09,297.34,418.04,402.34
Karpov A - Chess Combinations -World Champions-2 (2011).pdf,149,score-baixo,0.0447,0.0,107.29,311.08,487.06,418.37,590.75
Karpov A - Chess Combinations -World Champions-2 (2011).pdf,149,score-baixo,0.0419,0.0,88.65,130.19,317.94,215.56,406.59
Karpov A - Chess Combinations -World Champions-2 (2011).pdf,149,score-baixo,0.0388,0.0,79.49,132.15,143.93,211.64,221.45
Karpov A - Chess Combinations -World Champions-2 (2011).pdf,149,score-baixo,0.0355,0.0,87.01,249.58,428.83,336.59,513.23
Karpov A - Chess Combinations -World Champions-2 (2011).pdf,149,score-baixo,0.0351,0.0,86.68,338.88,324.49,425.56,408.88
Karpov A - Chess Combinations -World Champions-2 (2011).pdf,149,score-baixo,0.0347,0.0,82.43,40.56,239.44,122.99,320.23
Karpov A - Chess Combinations -World Champions-2 (2011).pdf,149,score-baixo,0.0327,0.0,78.5,41.54,58.22,120.05,135.09
Karpov A - Chess Combinations -World Champions-2 (2011).pdf,149,score-baixo,0.0311,0.0,71.96,345.75,331.68,417.71,402.66
Karpov A - Chess Combinations -World Champions-2 (2011).pdf,149,score-baixo,0.031,0.0,73.6,345.75,519.77,419.35,591.73
Karpov A - Chess Combinations -World Champions-2 (2011).pdf,149,score-baixo,0.0302,0.0,72.62,344.77,143.93,417.38,215.23
Karpov A - Chess Combinations -World Champions-2 (2011).pdf,149,score-baixo,0.0282,0.0,65.09,119.07,296.03,182.85,361.12
Karpov A - Chess Combinations -World Champions-2 (2011).pdf,149,score-baixo,0.0282,0.0,71.64,256.78,436.36,328.41,506.03
Karpov A - Chess Combinations -World Champions-2 (2011).pdf,149,score-baixo,0.0279,0.0,82.1,255.8,52.66,331.68,134.77
Karpov A - Chess Combinations -World Champions-2 (2011).pdf,149,score-baixo,0.027,0.0,71.64,132.8,247.29,204.44,316.96
Karpov A - Chess Combinations -World Champions-2 (2011).pdf,149,score-baixo,0.0229,0.0,89.95,57.24,305.51,147.2,393.18
Karpov A - Chess Combinations -World Champions-2 (2011).pdf,149,score-baixo,0.022,0.0,59.86,142.62,64.77,202.48,124.63
Karpov A - Chess Combinations -World Champions-2 (2011).pdf,149,score-baixo,0.0215,0.0,64.77,124.63,519.77,189.39,582.9
Karpov A - Chess Combinations -World Champions-2 (2011).pdf,149,score-baixo,0.0194,0.0,51.03,166.17,354.25,217.2,404.63
Karpov A - Chess Combinations -World Champions-2 (2011).pdf,149,score-baixo,0.0194,0.0,51.03,373.88,170.42,424.91,221.12
Karpov A - Chess Combinations -World Champions-2 (2011).pdf,170,aspecto,0.0,0.0,402.34,29.11,13.08,431.45,31.4
Karpov A - Chess Combinations -World Champions-2 (2011).pdf,170,aspecto,0.0,0.0,402.34,29.11,13.08,431.45,31.4
Karpov A - Chess Combinations -World Champions-2 (2011).pdf,191,aspecto,0.0,0.0,402.01,29.11,13.08,431.12,31.73
Karpov A - Chess Combinations -World Champions-2 (2011).pdf,191,aspecto,0.0,0.0,402.01,29.11,13.08,431.12,31.73
Karpov A - Chess Combinations -World Champions-2 (2011).pdf,212,aspecto,0.0,0.0,402.34,28.79,13.74,431.12,30.42
Karpov A - Chess Combinations -World Champions-2 (2011).pdf,212,aspecto,0.0,0.0,402.34,28.79,13.74,431.12,30.42
Karpov A - Chess Combinations -World Champions-2 (2011).pdf,233,aspecto,0.0,0.0,401.68,30.75,14.07,432.43,31.07
Karpov A - Chess Combinations -World Champions-2 (2011).pdf,233,aspecto,0.0,0.0,401.68,30.75,14.07,432.43,31.07
Karpov A - Chess Combinations -World Champions-2 (2011).pdf,254,aspecto,0.0,0.0,401.03,29.44,13.74,430.47,30.75
Karpov A - Chess Combinations -World Champions-2 (2011).pdf,254,aspecto,0.0,0.0,401.03,29.44,13.74,430.47,30.75
Kmoch - Internationaal meestertournooi Zandvoort 1936 (1936).pdf,1,aspecto,0.0,0.0,362.16,10.14,249.62,17.34,611.79
Kmoch - Internationaal meestertournooi Zandvoort 1936 (1936).pdf,1,aspecto,0.0,0.0,212.65,414.51,165.87,435.77,378.52
Kmoch - Internationaal meestertournooi Zandvoort 1936 (1936).pdf,1,aspecto,0.0,0.0,382.45,7.52,249.62,27.48,632.07
Kmoch - Internationaal meestertournooi Zandvoort 1936 (1936).pdf,1,aspecto,0.0,0.0,212.65,414.51,165.87,435.77,378.52
Kmoch - Internationaal meestertournooi Zandvoort 1936 (1936).pdf,1,area-relativa,0.0316,0.0,112.87,286.26,262.38,399.13,366.74
Kmoch - Internationaal meestertournooi Zandvoort 1936 (1936).pdf,1,area-relativa,0.0296,0.0,75.57,28.79,464.89,103.71,540.46
Kmoch - Internationaal meestertournooi Zandvoort 1936 (1936).pdf,1,area-relativa,0.0153,0.0,68.05,34.35,9.49,96.84,77.54
Kmoch - Internationaal meestertournooi Zandvoort 1936 (1936).pdf,1,area-relativa,0.0148,0.0,70.01,223.12,159.0,293.13,222.79
Kmoch - Internationaal meestertournooi Zandvoort 1936 (1936).pdf,1,area-relativa,0.0076,0.0,102.07,196.62,2.29,298.7,83.1
Kmoch - Internationaal meestertournooi Zandvoort 1936 (1936).pdf,1,area-relativa,0.006,0.0,119.74,17.01,318.0,136.75,409.27
Kmoch - Internationaal meestertournooi Zandvoort 1936 (1936).pdf,1,area-relativa,0.0006,0.0,87.02,163.91,209.38,250.93,268.92
Kmoch - Internationaal meestertournooi Zandvoort 1936 (1936).pdf,1,area-relativa,0.0,0.0,84.73,324.54,252.24,378.52,336.97
Kmoch - Internationaal meestertournooi Zandvoort 1936 (1936).pdf,1,score-baixo,0.023,0.0,612.11,-1.31,25.19,424.98,637.3
Kmoch - Internationaal meestertournooi Zandvoort 1936 (1936).pdf,1,sem-contraste-de-casa,0.5,0.0,168.16,58.56,334.03,226.72,502.19
Kmoch - Internationaal meestertournooi Zandvoort 1936 (1936).pdf,1,sem-contraste-de-casa,0.5,0.0,196.95,291.82,-13.41,488.77,167.83
Kmoch - Internationaal meestertournooi Zandvoort 1936 (1936).pdf,1,sem-contraste-de-casa,0.5,0.0,697.17,15.05,-2.62,712.22,664.78
Kmoch - Internationaal meestertournooi Zandvoort 1936 (1936).pdf,2,sem-contraste-de-casa,0.5,0.0,690.0,-0.33,-0.33,689.67,636.34
Kmoch - Internationaal meestertournooi Zandvoort 1936 (1936).pdf,3,aspecto,0.0,0.0,450.37,14.72,9.81,20.93,460.18
Kmoch - Internationaal meestertournooi Zandvoort 1936 (1936).pdf,3,score-baixo,0.014,0.0,646.28,0.0,-0.33,442.52,645.95
Kmoch - Internationaal meestertournooi Zandvoort 1936 (1936).pdf,4,aspecto,0.0,0.0,616.67,387.67,9.16,392.9,625.83
Kmoch - Internationaal meestertournooi Zandvoort 1936 (1936).pdf,4,aspecto,0.0,0.0,71.97,152.78,178.29,184.18,250.27
Kmoch - Internationaal meestertournooi Zandvoort 1936 (1936).pdf,4,aspecto,0.0,0.0,616.67,387.67,9.16,393.23,625.83
Kmoch - Internationaal meestertournooi Zandvoort 1936 (1936).pdf,4,area-relativa,0.0176,0.0,52.67,241.76,220.5,288.21,273.17
Kmoch - Internationaal meestertournooi Zandvoort 1936 (1936).pdf,4,area-relativa,0.0029,0.0,45.8,153.76,221.15,188.43,266.95
Kmoch - Internationaal meestertournooi Zandvoort 1936 (1936).pdf,4,area-relativa,0.0026,0.0,70.66,145.58,179.6,196.29,250.27
Kmoch - Internationaal meestertournooi Zandvoort 1936 (1936).pdf,4,area-relativa,0.0002,0.0,53.65,247.32,218.53,282.33,272.18
Kmoch - Internationaal meestertournooi Zandvoort 1936 (1936).pdf,4,score-baixo,0.115,0.0,159.97,137.07,149.83,297.05,282.33
Kmoch - Internationaal meestertournooi Zandvoort 1936 (1936).pdf,4,score-baixo,0.0,0.0,633.02,0.0,0.98,392.57,634.01
Kmoch - Internationaal meestertournooi Zandvoort 1936 (1936).pdf,4,sem-contraste-de-casa,0.5,0.0,177.64,133.47,130.86,305.88,308.5
Kmoch - Internationaal meestertournooi Zandvoort 1936 (1936).pdf,5,score-baixo,0.0018,0.0,640.06,0.0,0.0,411.77,640.06
Kmoch - Internationaal meestertournooi Zandvoort 1936 (1936).pdf,6,aspecto,0.0,0.0,617.14,405.87,6.87,411.1,624.01
Kmoch - Internationaal meestertournooi Zandvoort 1936 (1936).pdf,6,aspecto,0.0,0.0,624.01,406.19,0.0,410.77,624.01
Kmoch - Internationaal meestertournooi Zandvoort 1936 (1936).pdf,6,score-baixo,0.0017,0.0,639.05,-0.65,-1.96,410.77,637.09
Kmoch - Internationaal meestertournooi Zandvoort 1936 (1936).pdf,7,area-relativa,0.057,0.0,55.62,170.45,344.17,225.41,399.79
Kmoch - Internationaal meestertournooi Zandvoort 1936 (1936).pdf,7,area-relativa,0.0012,0.0,41.22,177.65,350.39,218.87,379.83
Kmoch - Internationaal meestertournooi Zandvoort 1936 (1936).pdf,7,score-baixo,0.0139,0.0,643.19,0.0,0.0,438.72,643.19
Kmoch - Internationaal meestertournooi Zandvoort 1936 (1936).pdf,8,aspecto,0.0,0.0,617.82,406.87,6.54,411.77,624.36
Kmoch - Internationaal meestertournooi Zandvoort 1936 (1936).pdf,8,aspecto,0.0,0.0,617.82,406.87,6.54,411.77,624.36
Kmoch - Internationaal meestertournooi Zandvoort 1936 (1936).pdf,8,area-relativa,0.0833,0.0,91.9,161.57,375.14,253.47,462.79
Kmoch - Internationaal meestertournooi Zandvoort 1936 (1936).pdf,8,area-relativa,0.0094,0.0,48.73,191.99,401.31,232.54,450.04
Kmoch - Internationaal meestertournooi Zandvoort 1936 (1936).pdf,8,score-baixo,0.0022,0.0,636.47,0.0,-1.31,411.77,635.16
Kmoch - Internationaal meestertournooi Zandvoort 1936 (1936).pdf,11,score-baixo,0.0083,0.0,646.76,0.0,-2.29,433.14,644.47
Kmoch - Internationaal meestertournooi Zandvoort 1936 (1936).pdf,22,score-baixo,0.0046,0.0,635.79,0.0,-0.65,417.97,635.14
Kmoch - Internationaal meestertournooi Zandvoort 1936 (1936).pdf,32,aspecto,0.0,0.0,619.37,417.16,6.22,420.76,625.58
Kmoch - Internationaal meestertournooi Zandvoort 1936 (1936).pdf,32,aspecto,0.0,0.0,619.37,417.16,6.22,420.76,625.58
Kmoch - Internationaal meestertournooi Zandvoort 1936 (1936).pdf,32,score-baixo,0.0061,0.0,637.04,0.0,-1.31,422.07,635.73
Kmoch - Internationaal meestertournooi Zandvoort 1936 (1936).pdf,42,aspecto,0.0,0.0,618.62,415.47,6.54,419.06,625.16
Kmoch - Internationaal meestertournooi Zandvoort 1936 (1936).pdf,42,aspecto,0.0,0.0,618.62,415.47,6.54,419.06,625.16
Kmoch - Internationaal meestertournooi Zandvoort 1936 (1936).pdf,42,score-baixo,0.0053,0.0,636.61,0.0,0.0,420.37,636.61
Kmoch - Internationaal meestertournooi Zandvoort 1936 (1936).pdf,53,score-baixo,0.0033,0.0,641.78,0.0,0.0,418.69,641.78
Kmoch - Internationaal meestertournooi Zandvoort 1936 (1936).pdf,63,aspecto,0.0,0.0,623.45,12.76,8.84,16.69,632.29
Kmoch - Internationaal meestertournooi Zandvoort 1936 (1936).pdf,63,score-baixo,0.0055,0.0,642.44,0.0,1.64,423.82,644.07
Kmoch - Internationaal meestertournooi Zandvoort 1936 (1936).pdf,73,aspecto,0.0,0.0,622.97,12.43,8.51,17.01,631.47
Kmoch - Internationaal meestertournooi Zandvoort 1936 (1936).pdf,73,aspecto,0.0,0.0,370.7,9.16,20.29,12.43,390.99
Kmoch - Internationaal meestertournooi Zandvoort 1936 (1936).pdf,73,aspecto,0.0,0.0,622.97,12.43,8.51,17.67,631.47
Kmoch - Internationaal meestertournooi Zandvoort 1936 (1936).pdf,73,score-baixo,0.0057,0.0,638.67,0.0,1.31,421.75,639.98
Kmoch - Internationaal meestertournooi Zandvoort 1936 (1936).pdf,83,area-relativa,0.0269,0.0,61.85,98.82,227.75,160.67,289.59
Kmoch - Internationaal meestertournooi Zandvoort 1936 (1936).pdf,83,area-relativa,0.0047,0.0,61.85,102.42,238.55,164.27,286.98
Kmoch - Internationaal meestertournooi Zandvoort 1936 (1936).pdf,83,score-baixo,0.006,0.0,640.38,0.0,0.0,422.77,640.38
Kmoch - Internationaal meestertournooi Zandvoort 1936 (1936).pdf,94,aspecto,0.0,0.0,617.24,405.16,10.15,410.07,627.38
Kmoch - Internationaal meestertournooi Zandvoort 1936 (1936).pdf,94,aspecto,0.0,0.0,617.24,405.16,10.15,410.07,627.38
Kmoch - Internationaal meestertournooi Zandvoort 1936 (1936).pdf,94,score-baixo,0.0022,0.0,633.93,0.0,0.0,409.75,633.93
Kmoch - Internationaal meestertournooi Zandvoort 1936 (1936).pdf,104,aspecto,0.0,0.0,592.1,406.62,33.69,409.89,625.79
Kmoch - Internationaal meestertournooi Zandvoort 1936 (1936).pdf,104,aspecto,0.0,0.0,592.1,406.62,33.69,409.89,625.79
Kmoch - Internationaal meestertournooi Zandvoort 1936 (1936).pdf,104,area-relativa,0.0012,0.0,47.11,303.57,372.6,336.28,419.7
Kmoch - Internationaal meestertournooi Zandvoort 1936 (1936).pdf,104,area-relativa,0.0001,0.0,47.43,239.78,294.09,287.22,324.83
Kmoch - Internationaal meestertournooi Zandvoort 1936 (1936).pdf,104,score-baixo,0.0029,0.0,633.97,0.0,0.0,411.52,633.97
Kmoch - Internationaal meestertournooi Zandvoort 1936 (1936).pdf,114,aspecto,0.0,0.0,617.17,409.49,8.83,415.7,626.0
Kmoch - Internationaal meestertournooi Zandvoort 1936 (1936).pdf,114,aspecto,0.0,0.0,617.17,409.49,8.83,415.7,626.0
Kmoch - Internationaal meestertournooi Zandvoort 1936 (1936).pdf,114,score-baixo,0.0041,0.0,633.85,0.0,0.0,415.37,633.85
Kmoch - Internationaal meestertournooi Zandvoort 1936 (1936).pdf,125,score-baixo,0.0062,0.0,639.75,0.0,0.65,423.77,640.4
Koblenz - El dominio del arte de la combinacion (1978).pdf,1,aspecto,0.0,0.0,80.48,225.07,387.34,259.1,467.81
Koblenz - El dominio del arte de la combinacion (1978).pdf,1,aspecto,0.0,0.0,80.48,268.91,386.68,305.22,467.16
Koblenz - El dominio del arte de la combinacion (1978).pdf,1,aspecto,0.0,0.0,81.46,184.84,291.48,210.03,372.94
Koblenz - El dominio del arte de la combinacion (1978).pdf,1,aspecto,0.0,0.0,280.36,123.99,189.42,404.35,282.65
Koblenz - El dominio del arte de la combinacion (1978).pdf,1,aspecto,0.0,0.0,80.15,269.56,387.01,304.57,467.16
Koblenz - El dominio del arte de la combinacion (1978).pdf,1,aspecto,0.0,0.0,81.46,224.09,386.68,259.1,468.14
Koblenz - El dominio del arte de la combinacion (1978).pdf,1,aspecto,0.0,0.0,81.13,184.51,291.16,210.03,372.29
Koblenz - El dominio del arte de la combinacion (1978).pdf,1,aspecto,0.0,0.0,280.03,123.99,189.42,404.02,282.65
Koblenz - El dominio del arte de la combinacion (1978).pdf,1,area-relativa,0.0233,0.0,54.96,234.56,399.11,288.54,454.07
Koblenz - El dominio del arte de la combinacion (1978).pdf,1,area-relativa,0.0222,0.0,35.99,123.33,141.65,159.32,176.66
Koblenz - El dominio del arte de la combinacion (1978).pdf,1,area-relativa,0.0218,0.0,34.02,364.44,482.21,398.13,516.23
Koblenz - El dominio del arte de la combinacion (1978).pdf,1,area-relativa,0.0213,0.0,40.57,360.84,477.95,401.4,517.54
Koblenz - El dominio del arte de la combinacion (1978).pdf,1,area-relativa,0.0198,0.0,35.99,177.64,242.74,213.62,277.09
Koblenz - El dominio del arte de la combinacion (1978).pdf,1,area-relativa,0.0165,0.0,41.87,315.69,477.3,357.57,516.88
Koblenz - El dominio del arte de la combinacion (1978).pdf,1,area-relativa,0.0137,0.0,53.65,112.86,279.71,162.26,333.36
Koblenz - El dominio del arte de la combinacion (1978).pdf,1,score-baixo,0.17,0.0,93.89,29.12,380.47,123.01,473.37
Koblenz - El dominio del arte de la combinacion (1978).pdf,1,score-baixo,0.1662,0.0,93.56,30.1,475.99,123.01,569.55
Koblenz - El dominio del arte de la combinacion (1978).pdf,1,score-baixo,0.1653,0.0,93.24,124.64,285.27,216.89,378.5
Koblenz - El dominio del arte de la combinacion (1978).pdf,1,score-baixo,0.1612,0.0,93.24,125.3,476.32,217.88,569.55
Koblenz - El dominio del arte de la combinacion (1978).pdf,1,score-baixo,0.1609,0.0,93.24,124.97,380.47,217.55,473.7
Koblenz - El dominio del arte de la combinacion (1978).pdf,1,score-baixo,0.1576,0.0,93.89,28.79,285.27,122.68,377.85
Koblenz - El dominio del arte de la combinacion (1978).pdf,1,score-baixo,0.1567,0.0,92.91,313.4,475.99,406.31,568.57
Koblenz - El dominio del arte de la combinacion (1978).pdf,1,score-baixo,0.1547,0.0,93.56,312.75,380.79,406.31,473.7
Koblenz - El dominio del arte de la combinacion (1978).pdf,1,score-baixo,0.1535,0.0,93.89,311.77,285.27,405.66,378.83
Koblenz - El dominio del arte de la combinacion (1978).pdf,1,score-baixo,0.1486,0.0,93.56,28.46,189.74,121.37,283.3
Koblenz - El dominio del arte de la combinacion (1978).pdf,1,score-baixo,0.1473,0.0,92.91,220.49,475.99,311.44,568.9
Koblenz - El dominio del arte de la combinacion (1978).pdf,1,score-baixo,0.1422,0.0,93.24,219.84,380.47,311.11,473.7
Koblenz - El dominio del arte de la combinacion (1978).pdf,1,score-baixo,0.1392,0.0,84.4,33.7,480.57,117.44,564.97
Koblenz - El dominio del arte de la combinacion (1978).pdf,1,score-baixo,0.1366,0.0,93.56,219.18,285.27,310.13,378.83
Koblenz - El dominio del arte de la combinacion (1978).pdf,1,score-baixo,0.131,0.0,84.73,32.06,194.32,116.14,279.05
Koblenz - El dominio del arte de la combinacion (1978).pdf,1,score-baixo,0.1276,0.0,84.73,317.33,480.24,400.75,564.97
Koblenz - El dominio del arte de la combinacion (1978).pdf,1,score-baixo,0.125,0.0,85.38,127.91,289.19,211.99,374.58
Koblenz - El dominio del arte de la combinacion (1978).pdf,1,score-baixo,0.1154,0.0,84.73,223.11,385.05,305.88,469.78
Koblenz - El dominio del arte de la combinacion (1978).pdf,1,score-baixo,0.1023,0.0,75.24,36.64,198.9,110.25,274.14
Koblenz - El dominio del arte de la combinacion (1978).pdf,1,score-baixo,0.0752,0.0,93.56,308.49,477.95,402.06,566.28
Koblenz - El dominio del arte de la combinacion (1978).pdf,1,score-baixo,0.0727,0.0,79.82,318.64,482.86,398.46,556.47
Koblenz - El dominio del arte de la combinacion (1978).pdf,1,score-baixo,0.0498,0.0,78.19,130.53,290.83,199.23,369.02
Koblenz - El dominio del arte de la combinacion (1978).pdf,1,score-baixo,0.0338,0.0,71.97,134.78,294.43,196.61,366.4
Koblenz - El dominio del arte de la combinacion (1978).pdf,1,score-baixo,0.0132,0.0,62.81,141.98,302.28,192.36,365.09
Koblenz - El dominio del arte de la combinacion (1978).pdf,1,score-baixo,0.0109,0.0,82.44,231.29,386.35,296.06,468.79
Koblenz - El dominio del arte de la combinacion (1978).pdf,1,sem-contraste-de-casa,0.5,0.0,386.35,25.52,186.14,409.25,572.5
Koblenz - El dominio del arte de la combinacion (1978).pdf,4,score-baixo,0.0014,0.0,44.18,214.35,450.63,245.77,494.81
Koblenz - El dominio del arte de la combinacion (1978).pdf,4,score-baixo,0.0006,0.0,42.22,215.66,451.62,244.46,493.83
Koblenz - El dominio del arte de la combinacion (1978).pdf,7,aspecto,0.0,0.0,146.94,65.78,412.34,212.72,432.96
Koblenz - El dominio del arte de la combinacion (1978).pdf,7,sobreposicao,0.2157,0.0,145.63,248.39,135.81,394.02,266.71
Koblenz - El dominio del arte de la combinacion (1978).pdf,7,score-baixo,0.1145,0.0,73.31,285.7,155.12,358.02,228.43
Koblenz - El dominio del arte de la combinacion (1978).pdf,7,score-baixo,0.0651,0.0,126.65,49.09,298.79,175.74,404.82
Koblenz - El dominio del arte de la combinacion (1978).pdf,7,score-baixo,0.0454,0.0,90.0,241.52,183.26,330.86,273.26
Koblenz - El dominio del arte de la combinacion (1978).pdf,7,score-baixo,0.0253,0.0,53.34,57.92,366.86,111.27,420.2
Koblenz - El dominio del arte de la combinacion (1978).pdf,7,score-baixo,0.0246,0.0,53.34,348.53,183.26,401.87,236.61
Koblenz - El dominio del arte de la combinacion (1978).pdf,7,score-baixo,0.0237,0.0,53.34,57.92,330.53,110.94,383.87
Koblenz - El dominio del arte de la combinacion (1978).pdf,7,score-baixo,0.0236,0.0,52.03,147.27,349.18,199.3,400.89
Koblenz - El dominio del arte de la combinacion (1978).pdf,7,score-baixo,0.0233,0.0,53.02,349.18,220.24,402.2,273.26
Koblenz - El dominio del arte de la combinacion (1978).pdf,7,score-baixo,0.0227,0.0,53.34,164.61,329.88,217.95,383.22
Koblenz - El dominio del arte de la combinacion (1978).pdf,7,score-baixo,0.0217,0.0,53.67,163.96,292.9,216.32,346.57
Koblenz - El dominio del arte de la combinacion (1978).pdf,7,score-baixo,0.0214,0.0,49.74,164.61,329.88,214.03,379.62
Koblenz - El dominio del arte de la combinacion (1978).pdf,7,score-baixo,0.0207,0.0,53.67,128.94,311.55,180.97,365.22
Koblenz - El dominio del arte de la combinacion (1978).pdf,7,score-baixo,0.0115,0.0,49.09,164.28,293.55,213.37,338.38
Koblenz - El dominio del arte de la combinacion (1978).pdf,8,aspecto,0.0,0.0,143.01,250.02,375.69,393.04,395.98
Koblenz - El dominio del arte de la combinacion (1978).pdf,8,aspecto,0.0,0.0,149.88,60.22,218.61,118.79,368.49
Koblenz - El dominio del arte de la combinacion (1978).pdf,8,score-baixo,0.0387,0.0,89.01,263.11,276.53,349.18,365.55
Koblenz - El dominio del arte de la combinacion (1978).pdf,8,score-baixo,0.0378,0.0,86.4,72.65,285.04,156.1,371.44
Koblenz - El dominio del arte de la combinacion (1978).pdf,8,score-baixo,0.0373,0.0,90.0,261.48,312.53,348.2,402.53
Koblenz - El dominio del arte de la combinacion (1978).pdf,8,score-baixo,0.0314,0.0,71.34,92.61,230.39,161.34,301.73
Koblenz - El dominio del arte de la combinacion (1978).pdf,8,score-baixo,0.0312,0.0,71.01,143.99,286.02,213.37,357.04
Koblenz - El dominio del arte de la combinacion (1978).pdf,8,score-baixo,0.0291,0.0,71.67,54.32,303.04,124.03,374.71
Koblenz - El dominio del arte de la combinacion (1978).pdf,8,score-baixo,0.0225,0.0,54.0,90.65,266.71,143.34,320.71
Koblenz - El dominio del arte de la combinacion (1978).pdf,8,score-baixo,0.0218,0.0,65.78,275.55,349.18,341.33,410.05
Koblenz - El dominio del arte de la combinacion (1978).pdf,8,score-baixo,0.0217,0.0,52.36,143.99,286.02,196.03,338.38
Koblenz - El dominio del arte de la combinacion (1978).pdf,8,score-baixo,0.0205,0.0,53.34,350.49,294.2,402.53,347.55
Koblenz - El dominio del arte de la combinacion (1978).pdf,8,score-baixo,0.0205,0.0,52.69,110.61,212.39,162.32,265.08
Koblenz - El dominio del arte de la combinacion (1978).pdf,8,score-baixo,0.02,0.0,54.32,313.84,312.2,366.86,366.53
Koblenz - El dominio del arte de la combinacion (1978).pdf,8,score-baixo,0.0199,0.0,53.34,334.78,238.9,386.49,292.24
Koblenz - El dominio del arte de la combinacion (1978).pdf,8,score-baixo,0.0199,0.0,53.02,162.65,267.37,214.35,320.38
Koblenz - El dominio del arte de la combinacion (1978).pdf,8,score-baixo,0.0197,0.0,53.02,331.51,349.18,383.22,402.2
Koblenz - El dominio del arte de la combinacion (1978).pdf,8,score-baixo,0.018,0.0,54.32,332.82,311.88,384.53,366.2
Koblenz - El dominio del arte de la combinacion (1978).pdf,8,score-baixo,0.0165,0.0,48.76,268.68,243.81,315.8,292.57
Koblenz - El dominio del arte de la combinacion (1978).pdf,12,aspecto,0.0,0.0,147.59,63.16,469.61,210.75,489.25
Koblenz - El dominio del arte de la combinacion (1978).pdf,12,aspecto,0.0,0.0,154.79,64.8,67.41,143.34,222.21
Koblenz - El dominio del arte de la combinacion (1978).pdf,12,aspecto,0.0,0.0,149.56,253.95,70.69,328.89,220.24
Koblenz - El dominio del arte de la combinacion (1978).pdf,12,aspecto,0.0,0.0,154.79,64.8,67.41,143.34,222.21
Koblenz - El dominio del arte de la combinacion (1978).pdf,12,score-baixo,0.1211,0.0,93.27,271.62,355.07,360.96,448.34
Koblenz - El dominio del arte de la combinacion (1978).pdf,12,score-baixo,0.102,0.0,75.6,102.1,358.02,174.76,433.62
Koblenz - El dominio del arte de la combinacion (1978).pdf,12,score-baixo,0.0734,0.0,90.32,146.61,350.49,235.95,440.82
Koblenz - El dominio del arte de la combinacion (1978).pdf,12,score-baixo,0.0422,0.0,90.32,93.92,387.15,181.63,477.47
Koblenz - El dominio del arte de la combinacion (1978).pdf,12,score-baixo,0.0383,0.0,90.32,320.06,81.49,406.45,171.81
Koblenz - El dominio del arte de la combinacion (1978).pdf,12,score-baixo,0.0341,0.0,71.67,114.87,136.14,185.23,207.81
Koblenz - El dominio del arte de la combinacion (1978).pdf,12,score-baixo,0.0322,0.0,71.67,284.06,81.16,353.77,152.83
Koblenz - El dominio del arte de la combinacion (1978).pdf,12,score-baixo,0.0309,0.0,71.34,151.52,99.81,220.9,171.16
Koblenz - El dominio del arte de la combinacion (1978).pdf,12,score-baixo,0.0303,0.0,147.92,292.9,71.01,401.54,218.94
Koblenz - El dominio del arte de la combinacion (1978).pdf,12,score-baixo,0.0294,0.0,66.11,339.04,64.47,403.51,130.58
Koblenz - El dominio del arte de la combinacion (1978).pdf,12,score-baixo,0.0231,0.0,52.03,352.46,403.18,404.49,454.89
Koblenz - El dominio del arte de la combinacion (1978).pdf,12,score-baixo,0.0227,0.0,53.02,298.46,420.85,351.15,473.87
Koblenz - El dominio del arte de la combinacion (1978).pdf,12,score-baixo,0.0224,0.0,52.36,62.83,118.47,114.54,170.83
Koblenz - El dominio del arte de la combinacion (1978).pdf,12,score-baixo,0.0219,0.0,54.0,93.27,423.47,146.28,477.47
Koblenz - El dominio del arte de la combinacion (1978).pdf,12,score-baixo,0.0219,0.0,53.34,334.13,420.85,386.82,474.2
Koblenz - El dominio del arte de la combinacion (1978).pdf,12,score-baixo,0.0218,0.0,54.32,96.87,154.14,150.21,208.46
Koblenz - El dominio del arte de la combinacion (1978).pdf,12,score-baixo,0.0214,0.0,52.69,79.85,172.79,131.23,225.48
Koblenz - El dominio del arte de la combinacion (1978).pdf,12,score-baixo,0.0211,0.0,52.69,248.72,154.79,300.09,207.48
Koblenz - El dominio del arte de la combinacion (1978).pdf,12,score-baixo,0.021,0.0,53.67,129.59,386.82,181.96,440.49
Koblenz - El dominio del arte de la combinacion (1978).pdf,12,score-baixo,0.0208,0.0,53.02,319.08,154.79,370.78,207.81
Koblenz - El dominio del arte de la combinacion (1978).pdf,12,score-baixo,0.0206,0.0,55.31,265.41,80.51,319.4,135.81
Koblenz - El dominio del arte de la combinacion (1978).pdf,12,score-baixo,0.0204,0.0,52.69,281.11,439.51,332.82,492.19
Koblenz - El dominio del arte de la combinacion (1978).pdf,12,score-baixo,0.0202,0.0,52.69,75.92,442.12,127.63,494.81
Koblenz - El dominio del arte de la combinacion (1978).pdf,12,score-baixo,0.0201,0.0,53.67,299.44,384.2,351.47,437.87
Koblenz - El dominio del arte de la combinacion (1978).pdf,12,score-baixo,0.0199,0.0,53.34,266.39,99.81,318.09,153.16
Koblenz - El dominio del arte de la combinacion (1978).pdf,12,score-baixo,0.0199,0.0,53.34,354.42,118.14,406.45,171.48
Koblenz - El dominio del arte de la combinacion (1978).pdf,12,score-baixo,0.0195,0.0,54.0,245.77,402.2,298.13,456.2
Koblenz - El dominio del arte de la combinacion (1978).pdf,12,score-baixo,0.0011,0.0,54.0,324.97,373.73,378.96,410.71
Koblenz - El dominio del arte de la combinacion (1978).pdf,12,score-baixo,0.0,0.0,149.23,305.99,354.09,398.6,503.32
Koblenz - El dominio del arte de la combinacion (1978).pdf,17,score-baixo,0.07,0.0,90.0,336.75,314.49,426.09,404.49
Koblenz - El dominio del arte de la combinacion (1978).pdf,17,score-baixo,0.0443,0.0,90.0,266.39,314.82,354.42,404.82
Koblenz - El dominio del arte de la combinacion (1978).pdf,17,score-baixo,0.0369,0.0,71.01,336.42,259.84,407.44,330.86
Koblenz - El dominio del arte de la combinacion (1978).pdf,17,score-baixo,0.0336,0.0,72.32,283.4,277.51,353.77,349.84
Koblenz - El dominio del arte de la combinacion (1978).pdf,17,score-baixo,0.0301,0.0,72.0,284.71,314.82,354.09,386.82
Koblenz - El dominio del arte de la combinacion (1978).pdf,17,score-baixo,0.0228,0.0,51.71,285.37,370.13,337.07,421.83
Koblenz - El dominio del arte de la combinacion (1978).pdf,17,score-baixo,0.0224,0.0,53.34,247.41,278.17,300.75,331.18
Koblenz - El dominio del arte de la combinacion (1978).pdf,17,score-baixo,0.0113,0.0,54.65,248.72,315.15,303.37,363.91
Koblenz - El dominio del arte de la combinacion (1978).pdf,17,score-baixo,0.0009,0.0,55.63,310.24,377.98,365.87,415.62
Koblenz - El dominio del arte de la combinacion (1978).pdf,23,aspecto,0.0,0.0,147.27,64.8,203.88,212.06,224.17
Koblenz - El dominio del arte de la combinacion (1978).pdf,23,aspecto,0.0,0.0,148.25,248.72,140.39,396.96,197.34
Koblenz - El dominio del arte de la combinacion (1978).pdf,23,aspecto,0.0,0.0,151.52,55.63,73.31,207.15,130.25
Koblenz - El dominio del arte de la combinacion (1978).pdf,23,aspecto,0.0,0.0,56.29,295.51,489.9,351.8,510.85
Koblenz - El dominio del arte de la combinacion (1978).pdf,23,score-baixo,0.1174,0.0,125.99,73.63,122.07,198.32,248.06
Koblenz - El dominio del arte de la combinacion (1978).pdf,23,score-baixo,0.0851,0.0,101.45,249.7,83.45,350.49,184.9
Koblenz - El dominio del arte de la combinacion (1978).pdf,23,score-baixo,0.0769,0.0,90.65,278.82,75.92,368.82,166.57
Koblenz - El dominio del arte de la combinacion (1978).pdf,23,score-baixo,0.0687,0.0,59.23,108.32,375.69,167.56,434.6
Koblenz - El dominio del arte de la combinacion (1978).pdf,23,score-baixo,0.0629,0.0,84.76,108.32,349.84,193.08,433.94
Koblenz - El dominio del arte de la combinacion (1978).pdf,23,score-baixo,0.0573,0.0,55.63,117.49,166.9,172.46,222.53
Koblenz - El dominio del arte de la combinacion (1978).pdf,23,score-baixo,0.0348,0.0,71.34,100.8,371.76,172.14,443.11
Koblenz - El dominio del arte de la combinacion (1978).pdf,23,score-baixo,0.0336,0.0,71.67,145.3,103.09,215.66,174.76
Koblenz - El dominio del arte de la combinacion (1978).pdf,23,score-baixo,0.0331,0.0,72.32,127.3,121.41,198.32,193.74
Koblenz - El dominio del arte de la combinacion (1978).pdf,23,score-baixo,0.0243,0.0,52.69,351.15,131.88,403.84,184.25
Koblenz - El dominio del arte de la combinacion (1978).pdf,23,score-baixo,0.0242,0.0,55.31,73.31,176.72,128.61,232.03
Koblenz - El dominio del arte de la combinacion (1978).pdf,23,score-baixo,0.0235,0.0,54.0,350.17,93.92,403.84,147.92
Koblenz - El dominio del arte de la combinacion (1978).pdf,23,score-baixo,0.0234,0.0,53.67,55.96,158.72,109.3,212.39
Koblenz - El dominio del arte de la combinacion (1978).pdf,23,score-baixo,0.0231,0.0,53.67,315.15,94.9,368.16,148.57
Koblenz - El dominio del arte de la combinacion (1978).pdf,23,score-baixo,0.0222,0.0,55.31,126.65,139.41,180.97,194.72
Koblenz - El dominio del arte de la combinacion (1978).pdf,23,score-baixo,0.022,0.0,53.34,261.48,39.6,314.17,92.94
Koblenz - El dominio del arte de la combinacion (1978).pdf,23,score-baixo,0.0217,0.0,54.0,305.66,501.69,358.67,555.68
Koblenz - El dominio del arte de la combinacion (1978).pdf,23,score-baixo,0.0209,0.0,55.31,314.82,149.56,368.82,204.86
Koblenz - El dominio del arte de la combinacion (1978).pdf,23,score-baixo,0.0019,0.0,152.83,300.75,43.2,400.56,196.03
Koblenz - El dominio del arte de la combinacion (1978).pdf,28,aspecto,0.0,0.0,145.63,250.35,361.29,395.98,381.91
Koblenz - El dominio del arte de la combinacion (1978).pdf,28,aspecto,0.0,0.0,146.28,251.99,243.48,398.27,281.77
Koblenz - El dominio del arte de la combinacion (1978).pdf,28,aspecto,0.0,0.0,145.96,251.33,130.25,397.29,150.87
Koblenz - El dominio del arte de la combinacion (1978).pdf,28,score-baixo,0.1275,0.0,143.99,246.1,125.01,386.82,269.01
Koblenz - El dominio del arte de la combinacion (1978).pdf,28,score-baixo,0.0962,0.0,74.94,288.64,399.91,359.98,474.85
Koblenz - El dominio del arte de la combinacion (1978).pdf,28,score-baixo,0.0727,0.0,89.01,315.15,355.07,403.84,444.09
Koblenz - El dominio del arte de la combinacion (1978).pdf,28,score-baixo,0.0343,0.0,71.34,244.79,374.06,315.48,445.4
Koblenz - El dominio del arte de la combinacion (1978).pdf,28,score-baixo,0.0342,0.0,71.67,263.44,197.66,333.48,269.33
Koblenz - El dominio del arte de la combinacion (1978).pdf,28,score-baixo,0.0317,0.0,71.01,245.12,447.36,314.49,518.38
Koblenz - El dominio del arte de la combinacion (1978).pdf,28,score-baixo,0.0298,0.0,71.67,245.12,410.38,314.82,482.05
Koblenz - El dominio del arte de la combinacion (1978).pdf,28,score-baixo,0.0241,0.0,53.02,316.79,142.68,369.47,195.7
Koblenz - El dominio del arte de la combinacion (1978).pdf,28,score-baixo,0.0234,0.0,53.02,351.8,179.01,404.82,231.7
Koblenz - El dominio del arte de la combinacion (1978).pdf,28,score-baixo,0.0227,0.0,53.34,352.13,142.36,404.49,195.7
Koblenz - El dominio del arte de la combinacion (1978).pdf,28,score-baixo,0.0221,0.0,54.0,351.15,410.05,403.84,464.05
Koblenz - El dominio del arte de la combinacion (1978).pdf,28,score-baixo,0.0219,0.0,54.0,316.46,215.34,369.15,269.33
Koblenz - El dominio del arte de la combinacion (1978).pdf,28,score-baixo,0.0219,0.0,53.34,280.46,374.06,333.8,426.74
Koblenz - El dominio del arte de la combinacion (1978).pdf,28,score-baixo,0.0216,0.0,57.27,279.8,122.07,334.46,179.34
Koblenz - El dominio del arte de la combinacion (1978).pdf,28,score-baixo,0.0185,0.0,54.0,334.46,428.05,385.84,482.05
Koblenz - El dominio del arte de la combinacion (1978).pdf,28,score-baixo,0.0012,0.0,55.31,306.31,362.93,361.62,400.89
Koblenz - El dominio del arte de la combinacion (1978).pdf,28,score-baixo,0.0002,0.0,56.62,306.64,223.84,343.29,280.46
Koblenz - El dominio del arte de la combinacion (1978).pdf,33,aspecto,0.0,0.0,146.94,62.51,446.05,209.44,466.67
Koblenz - El dominio del arte de la combinacion (1978).pdf,33,aspecto,0.0,0.0,148.25,249.04,379.95,397.29,400.89
Koblenz - El dominio del arte de la combinacion (1978).pdf,33,aspecto,0.0,0.0,145.96,65.12,315.15,211.08,335.44
Koblenz - El dominio del arte de la combinacion (1978).pdf,33,aspecto,0.0,0.0,148.25,248.72,250.68,290.6,398.93
Koblenz - El dominio del arte de la combinacion (1978).pdf,33,aspecto,0.0,0.0,149.23,323.66,250.02,396.96,399.25
Koblenz - El dominio del arte de la combinacion (1978).pdf,33,score-baixo,0.1105,0.0,118.14,250.68,250.68,368.16,368.82
Koblenz - El dominio del arte de la combinacion (1978).pdf,33,score-baixo,0.0772,0.0,90.32,225.81,260.82,315.15,351.15
Koblenz - El dominio del arte de la combinacion (1978).pdf,33,score-baixo,0.0545,0.0,108.32,110.29,308.6,216.97,416.93
Koblenz - El dominio del arte de la combinacion (1978).pdf,33,score-baixo,0.0484,0.0,56.94,118.79,371.44,173.45,428.38
Koblenz - El dominio del arte de la combinacion (1978).pdf,33,score-baixo,0.0458,0.0,73.31,73.96,344.6,146.94,417.91
Koblenz - El dominio del arte de la combinacion (1978).pdf,33,score-baixo,0.0439,0.0,90.65,56.94,363.58,146.28,454.23
Koblenz - El dominio del arte de la combinacion (1978).pdf,33,score-baixo,0.0371,0.0,71.34,243.81,334.78,314.82,406.13
Koblenz - El dominio del arte de la combinacion (1978).pdf,33,score-baixo,0.035,0.0,72.0,296.5,242.82,368.49,314.49
Koblenz - El dominio del arte de la combinacion (1978).pdf,33,score-baixo,0.035,0.0,71.67,279.48,334.46,350.49,406.13
Koblenz - El dominio del arte de la combinacion (1978).pdf,33,score-baixo,0.0313,0.0,73.96,261.15,296.82,332.49,370.78
Koblenz - El dominio del arte de la combinacion (1978).pdf,33,score-baixo,0.0299,0.0,38.29,172.46,390.09,210.1,428.38
Koblenz - El dominio del arte de la combinacion (1978).pdf,33,score-baixo,0.0276,0.0,54.98,75.92,184.57,130.9,239.55
Koblenz - El dominio del arte de la combinacion (1978).pdf,33,score-baixo,0.0244,0.0,54.32,278.5,242.17,332.49,296.5
Koblenz - El dominio del arte de la combinacion (1978).pdf,33,score-baixo,0.0244,0.0,55.31,111.92,165.92,166.57,221.23
Koblenz - El dominio del arte de la combinacion (1978).pdf,33,score-baixo,0.0236,0.0,53.67,315.15,334.46,368.49,388.13
Koblenz - El dominio del arte de la combinacion (1978).pdf,33,score-baixo,0.0236,0.0,96.21,143.99,309.26,223.84,405.47
Koblenz - El dominio del arte de la combinacion (1978).pdf,33,score-baixo,0.0235,0.0,53.34,164.28,400.56,217.63,452.92
Koblenz - El dominio del arte de la combinacion (1978).pdf,33,score-baixo,0.0233,0.0,54.98,74.29,307.62,128.61,362.6
Koblenz - El dominio del arte de la combinacion (1978).pdf,33,score-baixo,0.0228,0.0,53.67,351.15,334.78,403.84,388.45
Koblenz - El dominio del arte de la combinacion (1978).pdf,33,score-baixo,0.0228,0.0,52.69,75.6,419.22,127.96,471.9
Koblenz - El dominio del arte de la combinacion (1978).pdf,33,score-baixo,0.0223,0.0,53.67,130.9,166.57,183.92,220.24
Koblenz - El dominio del arte de la combinacion (1978).pdf,33,score-baixo,0.0218,0.0,53.02,351.47,298.13,404.16,351.15
Koblenz - El dominio del arte de la combinacion (1978).pdf,33,score-baixo,0.0213,0.0,54.98,109.96,326.28,163.96,381.25
Koblenz - El dominio del arte de la combinacion (1978).pdf,33,score-baixo,0.021,0.0,54.98,296.82,334.13,350.82,389.11
Koblenz - El dominio del arte de la combinacion (1978).pdf,33,score-baixo,0.0208,0.0,52.69,164.61,327.26,217.3,379.62
Koblenz - El dominio del arte de la combinacion (1978).pdf,33,score-baixo,0.0075,0.0,112.25,81.49,170.83,193.74,249.37
Koblenz - El dominio del arte de la combinacion (1978).pdf,33,score-baixo,0.0008,0.0,53.67,66.11,335.44,119.78,371.76
Koblenz - El dominio del arte de la combinacion (1978).pdf,39,aspecto,0.0,0.0,145.3,251.01,200.28,396.31,220.57
Koblenz - El dominio del arte de la combinacion (1978).pdf,39,aspecto,0.0,0.0,150.87,57.92,181.96,208.79,222.86
Koblenz - El dominio del arte de la combinacion (1978).pdf,39,aspecto,0.0,0.0,151.19,245.77,66.76,396.96,90.0
Koblenz - El dominio del arte de la combinacion (1978).pdf,39,score-baixo,0.1127,0.0,74.29,268.02,89.67,341.33,163.96
Koblenz - El dominio del arte de la combinacion (1978).pdf,39,score-baixo,0.0983,0.0,107.67,264.1,397.62,371.44,505.29
Koblenz - El dominio del arte de la combinacion (1978).pdf,39,score-baixo,0.069,0.0,89.01,89.34,63.49,178.36,152.5
Koblenz - El dominio del arte de la combinacion (1978).pdf,39,score-baixo,0.0516,0.0,72.32,277.84,99.49,350.17,171.81
Koblenz - El dominio del arte de la combinacion (1978).pdf,39,score-baixo,0.0355,0.0,71.67,243.15,118.47,314.49,190.14
Koblenz - El dominio del arte de la combinacion (1978).pdf,39,score-baixo,0.0353,0.0,72.32,331.18,99.81,403.51,171.16
Koblenz - El dominio del arte de la combinacion (1978).pdf,39,score-baixo,0.0346,0.0,71.34,54.0,118.47,125.34,189.48
Koblenz - El dominio del arte de la combinacion (1978).pdf,39,score-baixo,0.0299,0.0,65.78,335.11,378.64,400.56,444.42
Koblenz - El dominio del arte de la combinacion (1978).pdf,39,score-baixo,0.0244,0.0,53.67,317.44,396.96,370.78,450.63
Koblenz - El dominio del arte de la combinacion (1978).pdf,39,score-baixo,0.0244,0.0,52.36,297.8,155.12,350.17,207.48
Koblenz - El dominio del arte de la combinacion (1978).pdf,39,score-baixo,0.0242,0.0,53.02,354.42,470.27,407.44,522.96
Koblenz - El dominio del arte de la combinacion (1978).pdf,39,score-baixo,0.0236,0.0,53.34,71.34,100.14,124.69,153.16
Koblenz - El dominio del arte de la combinacion (1978).pdf,39,score-baixo,0.0231,0.0,53.34,282.75,470.6,335.77,523.94
Koblenz - El dominio del arte de la combinacion (1978).pdf,39,score-baixo,0.0231,0.0,52.36,247.41,434.6,299.77,486.96
Koblenz - El dominio del arte de la combinacion (1978).pdf,39,score-baixo,0.023,0.0,53.34,349.51,81.49,402.85,134.5
Koblenz - El dominio del arte de la combinacion (1978).pdf,39,score-baixo,0.0226,0.0,53.67,353.44,433.62,407.11,486.3
Koblenz - El dominio del arte de la combinacion (1978).pdf,39,score-baixo,0.0223,0.0,53.34,243.48,155.12,296.82,207.48
Koblenz - El dominio del arte de la combinacion (1978).pdf,39,score-baixo,0.0223,0.0,53.67,351.15,154.79,403.51,208.46
Koblenz - El dominio del arte de la combinacion (1978).pdf,39,score-baixo,0.0222,0.0,53.67,125.34,118.14,179.01,171.81
Koblenz - El dominio del arte de la combinacion (1978).pdf,39,score-baixo,0.022,0.0,53.02,161.01,118.47,214.03,170.5
Koblenz - El dominio del arte de la combinacion (1978).pdf,39,score-baixo,0.0215,0.0,52.69,161.99,155.12,214.68,207.15
Koblenz - El dominio del arte de la combinacion (1978).pdf,39,score-baixo,0.0214,0.0,53.34,161.01,81.16,213.7,134.5
Koblenz - El dominio del arte de la combinacion (1978).pdf,39,score-baixo,0.021,0.0,53.02,143.99,173.12,197.01,225.81
Koblenz - El dominio del arte de la combinacion (1978).pdf,39,score-baixo,0.017,0.0,72.0,322.02,70.03,394.02,126.65
Koblenz - El dominio del arte de la combinacion (1978).pdf,39,score-baixo,0.0129,0.0,54.98,333.48,173.77,388.45,222.86
Koblenz - El dominio del arte de la combinacion (1978).pdf,39,score-baixo,0.0042,0.0,53.02,262.13,388.13,315.15,430.02
Koblenz - El dominio del arte de la combinacion (1978).pdf,39,score-baixo,0.0011,0.0,54.65,290.6,478.78,327.91,533.43
Koblenz - El dominio del arte de la combinacion (1978).pdf,44,sobreposicao,0.3864,0.0,220.9,250.68,184.25,471.58,404.49
Koblenz - El dominio del arte de la combinacion (1978).pdf,44,sobreposicao,0.3821,0.0,221.23,61.85,142.36,283.08,363.58
Koblenz - El dominio del arte de la combinacion (1978).pdf,44,score-baixo,0.1264,0.0,140.07,42.54,232.68,179.66,372.75
Koblenz - El dominio del arte de la combinacion (1978).pdf,44,score-baixo,0.1255,0.0,145.63,280.79,175.08,422.16,320.71
Koblenz - El dominio del arte de la combinacion (1978).pdf,44,score-baixo,0.0375,0.0,91.3,245.77,191.77,332.82,283.08
Koblenz - El dominio del arte de la combinacion (1978).pdf,44,score-baixo,0.0368,0.0,70.69,128.28,228.75,198.32,299.44
Koblenz - El dominio del arte de la combinacion (1978).pdf,44,score-baixo,0.0338,0.0,72.0,110.29,246.75,180.32,318.75
Koblenz - El dominio del arte de la combinacion (1978).pdf,44,score-baixo,0.0323,0.0,71.67,334.46,175.08,404.49,246.75
Koblenz - El dominio del arte de la combinacion (1978).pdf,44,score-baixo,0.0318,0.0,71.34,280.13,266.71,349.84,338.06
Koblenz - El dominio del arte de la combinacion (1978).pdf,44,score-baixo,0.0247,0.0,53.02,162.65,301.73,215.66,354.42
Koblenz - El dominio del arte de la combinacion (1978).pdf,44,score-baixo,0.0242,0.0,53.67,351.15,229.73,404.49,283.4
Koblenz - El dominio del arte de la combinacion (1978).pdf,44,score-baixo,0.0226,0.0,54.65,126.65,283.08,180.65,337.73
Koblenz - El dominio del arte de la combinacion (1978).pdf,44,score-baixo,0.0221,0.0,52.69,56.94,302.71,109.3,355.4
Koblenz - El dominio del arte de la combinacion (1978).pdf,44,score-baixo,0.0215,0.0,54.32,91.3,283.08,144.97,337.4
Koblenz - El dominio del arte de la combinacion (1978).pdf,44,score-baixo,0.0205,0.0,53.34,245.77,229.41,297.8,282.75
Koblenz - El dominio del arte de la combinacion (1978).pdf,44,score-baixo,0.0195,0.0,54.65,315.8,211.08,368.82,265.73
Koblenz - El dominio del arte de la combinacion (1978).pdf,44,score-baixo,0.0051,0.0,51.38,323.33,292.57,374.71,331.51
Koblenz - El dominio del arte de la combinacion (1978).pdf,44,score-baixo,0.0001,0.0,56.62,306.31,237.59,342.31,294.2
Koblenz - El dominio del arte de la combinacion (1978).pdf,49,aspecto,0.0,0.0,148.25,249.7,212.06,397.94,270.97
Koblenz - El dominio del arte de la combinacion (1978).pdf,49,aspecto,0.0,0.0,152.83,135.16,162.65,213.37,315.48
Koblenz - El dominio del arte de la combinacion (1978).pdf,49,sobreposicao,0.4661,0.0,153.48,65.78,162.32,214.68,315.8
Koblenz - El dominio del arte de la combinacion (1978).pdf,49,score-baixo,0.06,0.0,125.01,267.37,114.87,387.8,239.88
Koblenz - El dominio del arte de la combinacion (1978).pdf,49,score-baixo,0.045,0.0,150.21,249.04,119.12,362.6,269.33
Koblenz - El dominio del arte de la combinacion (1978).pdf,49,score-baixo,0.0431,0.0,90.32,128.61,174.43,216.64,264.75
Koblenz - El dominio del arte de la combinacion (1978).pdf,49,score-baixo,0.0345,0.0,72.0,280.79,203.88,351.47,275.88
Koblenz - El dominio del arte de la combinacion (1978).pdf,49,score-baixo,0.0328,0.0,71.67,56.62,211.41,126.98,283.08
Koblenz - El dominio del arte de la combinacion (1978).pdf,49,score-baixo,0.0314,0.0,73.63,73.96,174.1,145.96,247.73
Koblenz - El dominio del arte de la combinacion (1978).pdf,49,score-baixo,0.0306,0.0,73.96,298.79,129.92,370.78,203.88
Koblenz - El dominio del arte de la combinacion (1978).pdf,49,score-baixo,0.029,0.0,37.96,324.64,231.04,362.6,269.01
Koblenz - El dominio del arte de la combinacion (1978).pdf,49,score-baixo,0.0236,0.0,53.34,264.1,149.56,317.11,202.9
Koblenz - El dominio del arte de la combinacion (1978).pdf,49,score-baixo,0.0231,0.0,52.69,245.77,167.23,298.13,219.92
Koblenz - El dominio del arte de la combinacion (1978).pdf,49,score-baixo,0.022,0.0,54.98,144.97,210.75,199.3,265.73
Koblenz - El dominio del arte de la combinacion (1978).pdf,49,score-baixo,0.0213,0.0,53.34,145.63,229.73,198.32,283.08
Koblenz - El dominio del arte de la combinacion (1978).pdf,49,score-baixo,0.0202,0.0,54.32,110.61,174.1,163.63,228.43
Koblenz - El dominio del arte de la combinacion (1978).pdf,49,score-baixo,0.0175,0.0,54.0,109.63,266.71,163.63,317.77
Koblenz - El dominio del arte de la combinacion (1978).pdf,49,score-baixo,0.013,0.0,54.0,263.44,222.86,317.44,271.95
Koblenz - El dominio del arte de la combinacion (1978).pdf,55,aspecto,0.0,0.0,147.27,253.3,516.41,400.56,536.7
Koblenz - El dominio del arte de la combinacion (1978).pdf,55,aspecto,0.0,0.0,110.29,101.12,212.72,156.43,323.0
Koblenz - El dominio del arte de la combinacion (1978).pdf,55,aspecto,0.0,0.0,146.61,252.97,198.97,399.58,218.94
Koblenz - El dominio del arte de la combinacion (1978).pdf,55,aspecto,0.0,0.0,147.27,62.51,173.77,209.77,231.37
Koblenz - El dominio del arte de la combinacion (1978).pdf,55,sobreposicao,0.4685,0.0,229.73,172.46,67.09,402.2,296.82
Koblenz - El dominio del arte de la combinacion (1978).pdf,55,sobreposicao,0.2375,0.0,162.97,228.43,378.64,390.09,541.61
Koblenz - El dominio del arte de la combinacion (1978).pdf,55,score-baixo,0.063,0.0,108.65,280.79,79.52,387.8,188.17
Koblenz - El dominio del arte de la combinacion (1978).pdf,55,score-baixo,0.0593,0.0,108.65,110.94,167.88,218.28,276.53
Koblenz - El dominio del arte de la combinacion (1978).pdf,55,score-baixo,0.0362,0.0,71.67,147.27,241.52,217.95,313.19
Koblenz - El dominio del arte de la combinacion (1978).pdf,55,score-baixo,0.0352,0.0,72.0,336.75,378.96,408.09,450.96
Koblenz - El dominio del arte de la combinacion (1978).pdf,55,score-baixo,0.0326,0.0,73.96,282.1,377.98,354.42,451.94
Koblenz - El dominio del arte de la combinacion (1978).pdf,55,score-baixo,0.0297,0.0,66.11,340.02,66.76,405.47,132.87
Koblenz - El dominio del arte de la combinacion (1978).pdf,55,score-baixo,0.0256,0.0,53.34,57.92,259.51,111.27,312.86
Koblenz - El dominio del arte de la combinacion (1978).pdf,55,score-baixo,0.025,0.0,53.02,352.46,116.5,405.47,169.52
Koblenz - El dominio del arte de la combinacion (1978).pdf,55,score-baixo,0.0246,0.0,53.34,245.12,116.18,298.46,169.52
Koblenz - El dominio del arte de la combinacion (1978).pdf,55,score-baixo,0.0236,0.0,53.02,146.94,168.21,199.63,221.23
Koblenz - El dominio del arte de la combinacion (1978).pdf,55,score-baixo,0.0233,0.0,53.67,354.75,433.94,408.42,487.29
Koblenz - El dominio del arte de la combinacion (1978).pdf,55,score-baixo,0.0232,0.0,53.67,319.08,397.29,372.09,450.96
Koblenz - El dominio del arte de la combinacion (1978).pdf,55,score-baixo,0.0225,0.0,54.0,280.79,152.83,334.13,206.83
Koblenz - El dominio del arte de la combinacion (1978).pdf,55,score-baixo,0.0224,0.0,53.34,147.27,277.84,200.28,331.18
Koblenz - El dominio del arte de la combinacion (1978).pdf,55,score-baixo,0.0221,0.0,53.34,245.12,79.85,298.46,133.19
Koblenz - El dominio del arte de la combinacion (1978).pdf,55,score-baixo,0.0213,0.0,53.67,247.73,397.29,300.42,450.96
Koblenz - El dominio del arte de la combinacion (1978).pdf,55,score-baixo,0.0066,0.0,75.27,306.97,69.05,361.62,144.32
Koblenz - El dominio del arte de la combinacion (1978).pdf,55,score-baixo,0.006,0.0,54.0,338.06,490.56,392.05,534.74
Koblenz - El dominio del arte de la combinacion (1978).pdf,55,score-baixo,0.004,0.0,95.89,311.88,452.27,380.27,548.16
Koblenz - El dominio del arte de la combinacion (1978).pdf,55,score-baixo,0.0003,0.0,56.62,137.45,267.37,174.43,323.98
Koblenz - El dominio del arte de la combinacion (1978).pdf,60,aspecto,0.0,0.0,146.28,255.26,342.97,401.54,363.58
Koblenz - El dominio del arte de la combinacion (1978).pdf,60,score-baixo,0.0455,0.0,89.67,316.46,355.07,404.49,444.74
Koblenz - El dominio del arte de la combinacion (1978).pdf,60,score-baixo,0.0419,0.0,90.65,316.46,392.05,404.82,482.7
Koblenz - El dominio del arte de la combinacion (1978).pdf,60,score-baixo,0.0215,0.0,54.65,298.46,354.75,352.13,409.4
Koblenz - El dominio del arte de la combinacion (1978).pdf,60,score-baixo,0.021,0.0,54.0,281.11,373.4,334.13,427.4
Koblenz - El dominio del arte de la combinacion (1978).pdf,60,score-baixo,0.0045,0.0,145.96,249.7,336.75,348.86,482.7
"La_Combinacion_En_El_Ajedrez_Constantin_Dobonov_83p,1974_OCR.pdf",1,aspecto,0.0,0.0,107.02,257.89,378.98,364.91,405.49
"La_Combinacion_En_El_Ajedrez_Constantin_Dobonov_83p,1974_OCR.pdf",1,aspecto,0.0,0.0,133.85,3.6,336.11,52.69,469.96
"La_Combinacion_En_El_Ajedrez_Constantin_Dobonov_83p,1974_OCR.pdf",1,score-baixo,0.0552,0.0,93.6,272.29,422.84,365.89,500.07
"La_Combinacion_En_El_Ajedrez_Constantin_Dobonov_83p,1974_OCR.pdf",1,score-baixo,0.0146,0.0,154.47,257.24,249.71,364.91,404.18
"La_Combinacion_En_El_Ajedrez_Constantin_Dobonov_83p,1974_OCR.pdf",1,score-baixo,0.0044,0.0,50.07,325.64,268.04,362.95,318.11
"La_Combinacion_En_El_Ajedrez_Constantin_Dobonov_83p,1974_OCR.pdf",1,score-baixo,0.0004,0.0,56.29,325.31,260.84,362.29,317.13
"La_Combinacion_En_El_Ajedrez_Constantin_Dobonov_83p,1974_OCR.pdf",5,aspecto,0.0,0.0,318.24,37.29,422.9,355.52,433.37
"La_Combinacion_En_El_Ajedrez_Constantin_Dobonov_83p,1974_OCR.pdf",14,score-baixo,0.0318,0.0,74.56,121.32,353.51,195.89,427.09
"La_Combinacion_En_El_Ajedrez_Constantin_Dobonov_83p,1974_OCR.pdf",14,perdeu-para-embutido,0.5,0.0,139.64,120.67,287.45,260.31,424.47
"La_Combinacion_En_El_Ajedrez_Constantin_Dobonov_83p,1974_OCR.pdf",20,sobreposicao,0.3251,0.0,191.39,108.62,263.04,300.01,454.44
"La_Combinacion_En_El_Ajedrez_Constantin_Dobonov_83p,1974_OCR.pdf",20,sobreposicao,0.2786,0.0,101.1,125.31,280.38,226.4,381.48
"La_Combinacion_En_El_Ajedrez_Constantin_Dobonov_83p,1974_OCR.pdf",20,sobreposicao,0.2324,0.0,154.75,74.27,229.02,229.02,383.77
"La_Combinacion_En_El_Ajedrez_Constantin_Dobonov_83p,1974_OCR.pdf",20,score-baixo,0.0464,0.0,66.74,198.27,359.56,265.01,419.1
"La_Combinacion_En_El_Ajedrez_Constantin_Dobonov_83p,1974_OCR.pdf",20,score-baixo,0.0444,0.0,85.39,137.41,325.21,222.8,409.62
"La_Combinacion_En_El_Ajedrez_Constantin_Dobonov_83p,1974_OCR.pdf",20,perdeu-para-embutido,0.5,0.0,141.66,124.32,279.4,265.99,420.09
"La_Combinacion_En_El_Ajedrez_Constantin_Dobonov_83p,1974_OCR.pdf",27,score-baixo,0.03,0.0,58.89,129.89,155.08,188.78,213.97
"La_Combinacion_En_El_Ajedrez_Constantin_Dobonov_83p,1974_OCR.pdf",27,score-baixo,0.0169,0.0,56.6,112.55,96.19,163.91,152.79
"La_Combinacion_En_El_Ajedrez_Constantin_Dobonov_83p,1974_OCR.pdf",27,score-baixo,0.0049,0.0,55.29,173.4,115.16,216.91,170.46
"La_Combinacion_En_El_Ajedrez_Constantin_Dobonov_83p,1974_OCR.pdf",27,perdeu-para-embutido,0.5,0.0,157.37,117.45,67.07,274.82,223.78
"La_Combinacion_En_El_Ajedrez_Constantin_Dobonov_83p,1974_OCR.pdf",39,score-baixo,0.0607,0.0,86.7,207.75,133.16,294.45,219.86
"La_Combinacion_En_El_Ajedrez_Constantin_Dobonov_83p,1974_OCR.pdf",39,score-baixo,0.0316,0.0,76.56,212.99,131.85,275.8,208.41
"La_Combinacion_En_El_Ajedrez_Constantin_Dobonov_83p,1974_OCR.pdf",39,score-baixo,0.0075,0.0,56.93,183.87,51.69,240.8,98.15
"La_Combinacion_En_El_Ajedrez_Constantin_Dobonov_83p,1974_OCR.pdf",39,score-baixo,0.0017,0.0,35.01,250.29,173.4,275.8,208.41
"La_Combinacion_En_El_Ajedrez_Constantin_Dobonov_83p,1974_OCR.pdf",39,perdeu-para-embutido,0.5,0.0,154.42,121.71,53.98,275.8,208.41
"La_Combinacion_En_El_Ajedrez_Constantin_Dobonov_83p,1974_OCR.pdf",46,score-baixo,0.035,0.0,55.95,103.71,42.53,159.66,98.48
"La_Combinacion_En_El_Ajedrez_Constantin_Dobonov_83p,1974_OCR.pdf",46,score-baixo,0.0299,0.0,57.58,148.86,56.6,206.44,114.18
"La_Combinacion_En_El_Ajedrez_Constantin_Dobonov_83p,1974_OCR.pdf",46,score-baixo,0.0003,0.0,65.43,117.45,169.15,182.89,212.01
"La_Combinacion_En_El_Ajedrez_Constantin_Dobonov_83p,1974_OCR.pdf",46,sem-contraste-de-casa,0.5,0.0,157.04,121.05,59.87,277.77,216.91
"La_Combinacion_En_El_Ajedrez_Constantin_Dobonov_83p,1974_OCR.pdf",52,score-baixo,0.0264,0.0,78.19,192.38,108.95,263.04,187.14
"La_Combinacion_En_El_Ajedrez_Constantin_Dobonov_83p,1974_OCR.pdf",52,score-baixo,0.0252,0.0,93.9,194.01,130.21,277.11,224.11
"La_Combinacion_En_El_Ajedrez_Constantin_Dobonov_83p,1974_OCR.pdf",52,perdeu-para-embutido,0.5,0.0,157.04,117.45,59.54,274.5,216.59
"La_Combinacion_En_El_Ajedrez_Constantin_Dobonov_83p,1974_OCR.pdf",65,score-baixo,0.14,0.0,114.15,189.37,395.1,303.52,508.92
"La_Combinacion_En_El_Ajedrez_Constantin_Dobonov_83p,1974_OCR.pdf",65,score-baixo,0.0664,0.0,87.65,191.34,401.31,278.99,488.97
"La_Combinacion_En_El_Ajedrez_Constantin_Dobonov_83p,1974_OCR.pdf",65,perdeu-para-embutido,0.5,0.0,154.7,111.2,316.6,265.58,471.31
"La_Combinacion_En_El_Ajedrez_Constantin_Dobonov_83p,1974_OCR.pdf",71,score-baixo,0.0779,0.0,95.83,198.2,401.97,294.04,497.8
"La_Combinacion_En_El_Ajedrez_Constantin_Dobonov_83p,1974_OCR.pdf",71,score-baixo,0.0632,0.0,93.87,151.11,351.6,244.97,445.14
"La_Combinacion_En_El_Ajedrez_Constantin_Dobonov_83p,1974_OCR.pdf",71,score-baixo,0.0333,0.0,104.34,175.64,360.1,279.97,454.3
"La_Combinacion_En_El_Ajedrez_Constantin_Dobonov_83p,1974_OCR.pdf",71,score-baixo,0.0218,0.0,89.62,114.15,313.99,192.97,403.6
"La_Combinacion_En_El_Ajedrez_Constantin_Dobonov_83p,1974_OCR.pdf",71,perdeu-para-embutido,0.5,0.0,156.99,117.42,322.16,274.41,479.16
"La_Combinacion_En_El_Ajedrez_Constantin_Dobonov_83p,1974_OCR.pdf",78,score-baixo,0.0383,0.0,70.32,172.37,396.41,241.38,466.73
"La_Combinacion_En_El_Ajedrez_Constantin_Dobonov_83p,1974_OCR.pdf",78,score-baixo,0.0305,0.0,56.26,100.08,306.14,156.34,362.39
"La_Combinacion_En_El_Ajedrez_Constantin_Dobonov_83p,1974_OCR.pdf",78,perdeu-para-embutido,0.5,0.0,156.99,117.42,323.47,274.08,480.46
Levenfis - Cartea sahistului inceparator (1962).pdf,1,aspecto,0.0,0.0,110.21,0.65,454.56,20.28,564.76
Levenfis - Cartea sahistului inceparator (1962).pdf,1,aspecto,0.0,0.0,68.02,53.96,386.86,121.98,419.89
Levenfis - Cartea sahistului inceparator (1962).pdf,1,aspecto,0.0,0.0,72.6,155.66,122.96,186.73,195.56
Levenfis - Cartea sahistului inceparator (1962).pdf,1,aspecto,0.0,0.0,327.67,21.26,22.24,188.04,349.91
Levenfis - Cartea sahistului inceparator (1962).pdf,1,aspecto,0.0,0.0,110.21,0.65,454.56,20.28,564.76
Levenfis - Cartea sahistului inceparator (1962).pdf,1,aspecto,0.0,0.0,67.69,54.29,387.19,121.98,419.89
Levenfis - Cartea sahistului inceparator (1962).pdf,1,aspecto,0.0,0.0,72.6,155.66,122.96,186.73,195.56
Levenfis - Cartea sahistului inceparator (1962).pdf,1,aspecto,0.0,0.0,327.67,21.26,22.24,188.04,349.91
Levenfis - Cartea sahistului inceparator (1962).pdf,1,area-relativa,0.0285,0.0,36.3,45.78,472.87,82.08,509.17
Levenfis - Cartea sahistului inceparator (1962).pdf,1,area-relativa,0.0271,0.0,46.11,99.41,473.85,145.52,517.34
Levenfis - Cartea sahistului inceparator (1962).pdf,1,area-relativa,0.0208,0.0,36.63,10.14,473.2,44.8,509.82
Levenfis - Cartea sahistului inceparator (1962).pdf,1,area-relativa,0.0085,0.0,42.51,294.97,473.85,337.48,507.86
Levenfis - Cartea sahistului inceparator (1962).pdf,1,area-relativa,0.0076,0.0,36.63,10.46,473.2,41.2,509.82
Levenfis - Cartea sahistului inceparator (1962).pdf,1,area-relativa,0.0055,0.0,36.3,272.41,472.54,301.51,508.84
Levenfis - Cartea sahistului inceparator (1962).pdf,1,area-relativa,0.0004,0.0,53.63,182.8,474.18,236.43,509.5
Levenfis - Cartea sahistului inceparator (1962).pdf,1,score-baixo,0.0526,0.0,101.05,24.2,259.33,106.28,360.37
Levenfis - Cartea sahistului inceparator (1962).pdf,1,score-baixo,0.0002,0.0,384.9,0.0,210.6,384.9,451.94
Levenfis - Cartea sahistului inceparator (1962).pdf,1,sem-contraste-de-casa,0.5,0.0,105.3,19.95,256.38,109.22,361.68
Levenfis - Cartea sahistului inceparator (1962).pdf,1,sem-contraste-de-casa,0.5,0.0,105.95,190.32,69.65,296.28,173.97
Levenfis - Cartea sahistului inceparator (1962).pdf,25,score-baixo,0.0257,0.0,49.71,240.03,132.44,289.74,182.15
Levenfis - Cartea sahistului inceparator (1962).pdf,25,score-baixo,0.025,0.0,50.03,89.93,126.88,139.64,176.92
Levenfis - Cartea sahistului inceparator (1962).pdf,25,score-baixo,0.0239,0.0,50.03,123.61,126.88,173.65,176.92
Levenfis - Cartea sahistului inceparator (1962).pdf,25,score-baixo,0.0235,0.0,48.73,141.6,145.2,190.32,193.92
Levenfis - Cartea sahistului inceparator (1962).pdf,25,score-baixo,0.0007,0.0,52.0,298.57,122.3,333.56,174.3
Levenfis - Cartea sahistului inceparator (1962).pdf,72,score-baixo,0.0279,0.0,34.01,250.82,438.86,284.83,472.22
Levenfis - Cartea sahistului inceparator (1962).pdf,72,score-baixo,0.0258,0.0,50.03,242.97,431.01,293.01,481.04
Levenfis - Cartea sahistului inceparator (1962).pdf,72,score-baixo,0.0198,0.0,50.36,208.64,448.34,257.04,498.7
Levenfis - Cartea sahistului inceparator (1962).pdf,95,score-baixo,0.0255,0.0,50.36,241.34,164.16,291.7,213.87
Levenfis - Cartea sahistului inceparator (1962).pdf,95,score-baixo,0.0227,0.0,49.71,224.33,181.17,274.04,229.89
Levenfis - Cartea sahistului inceparator (1962).pdf,95,score-baixo,0.0086,0.0,50.69,310.99,145.2,354.16,195.88
Levenfis - Cartea sahistului inceparator (1962).pdf,119,score-baixo,0.0251,0.0,49.71,275.68,427.74,325.38,477.45
Levenfis - Cartea sahistului inceparator (1962).pdf,119,score-baixo,0.0235,0.0,50.03,224.01,410.74,274.04,460.44
Levenfis - Cartea sahistului inceparator (1962).pdf,119,score-baixo,0.022,0.0,49.71,293.99,462.4,342.72,512.11
Levenfis - Cartea sahistului inceparator (1962).pdf,142,score-baixo,0.0271,0.0,50.03,78.16,93.53,128.19,143.56
Levenfis - Cartea sahistului inceparator (1962).pdf,142,score-baixo,0.0257,0.0,49.38,78.48,127.86,127.86,177.24
Levenfis - Cartea sahistului inceparator (1962).pdf,142,score-baixo,0.0008,0.0,51.34,34.99,169.07,86.33,203.73
Levenfis - Cartea sahistului inceparator (1962).pdf,166,aspecto,0.0,0.0,140.95,30.09,369.53,171.03,441.15
Levenfis - Cartea sahistului inceparator (1962).pdf,166,aspecto,0.0,0.0,141.93,29.43,230.55,171.36,301.84
Levenfis - Cartea sahistului inceparator (1962).pdf,166,aspecto,0.0,0.0,141.6,190.65,104.32,261.61,245.92
Levenfis - Cartea sahistului inceparator (1962).pdf,166,aspecto,0.0,0.0,142.25,273.71,103.66,345.33,245.92
Levenfis - Cartea sahistului inceparator (1962).pdf,166,aspecto,0.0,0.0,141.6,29.43,77.5,171.03,149.45
Levenfis - Cartea sahistului inceparator (1962).pdf,166,aspecto,0.0,0.0,140.95,30.09,369.53,171.03,441.15
Levenfis - Cartea sahistului inceparator (1962).pdf,166,aspecto,0.0,0.0,141.93,29.43,230.55,171.36,301.84
Levenfis - Cartea sahistului inceparator (1962).pdf,166,aspecto,0.0,0.0,141.6,190.65,104.32,261.61,245.92
Levenfis - Cartea sahistului inceparator (1962).pdf,166,aspecto,0.0,0.0,141.93,274.04,103.99,345.33,245.92
Levenfis - Cartea sahistului inceparator (1962).pdf,166,aspecto,0.0,0.0,141.93,29.1,77.5,171.03,149.45
Levenfis - Cartea sahistului inceparator (1962).pdf,166,score-baixo,0.0267,0.0,49.38,202.1,201.77,251.48,250.82
Levenfis - Cartea sahistului inceparator (1962).pdf,166,score-baixo,0.0266,0.0,49.71,110.21,259.33,159.91,309.03
Levenfis - Cartea sahistului inceparator (1962).pdf,166,score-baixo,0.0255,0.0,49.05,75.87,396.35,124.92,445.07
Levenfis - Cartea sahistului inceparator (1962).pdf,166,score-baixo,0.0254,0.0,50.03,302.49,149.45,352.53,199.48
Levenfis - Cartea sahistului inceparator (1962).pdf,166,score-baixo,0.0252,0.0,50.03,201.77,167.11,251.8,216.81
Levenfis - Cartea sahistului inceparator (1962).pdf,166,score-baixo,0.0244,0.0,49.05,75.87,259.98,124.59,309.03
Levenfis - Cartea sahistului inceparator (1962).pdf,166,score-baixo,0.0234,0.0,50.03,219.43,115.44,269.46,165.47
Levenfis - Cartea sahistului inceparator (1962).pdf,189,score-baixo,0.0271,0.0,50.03,128.52,444.42,178.55,494.45
Levenfis - Cartea sahistului inceparator (1962).pdf,189,score-baixo,0.0271,0.0,50.69,112.49,169.4,163.18,219.76
Levenfis - Cartea sahistului inceparator (1962).pdf,189,score-baixo,0.027,0.0,49.71,262.6,237.09,312.3,286.8
Levenfis - Cartea sahistului inceparator (1962).pdf,189,score-baixo,0.0257,0.0,50.03,279.6,220.41,329.63,270.12
Levenfis - Cartea sahistului inceparator (1962).pdf,189,score-baixo,0.0245,0.0,50.36,261.61,289.41,311.98,339.12
Levenfis - Cartea sahistului inceparator (1962).pdf,189,score-baixo,0.0233,0.0,50.03,111.84,393.08,161.87,443.11
Levenfis - Cartea sahistului inceparator (1962).pdf,189,score-baixo,0.0216,0.0,49.05,60.17,478.76,107.92,527.81
Levenfis - Cartea sahistului inceparator (1962).pdf,236,aspecto,0.0,0.0,141.6,197.19,203.41,338.79,274.04
Levenfis - Cartea sahistului inceparator (1962).pdf,236,aspecto,0.0,0.0,141.6,197.19,203.41,338.79,274.04
Levenfis - Cartea sahistului inceparator (1962).pdf,236,score-baixo,0.0426,0.0,67.37,76.52,139.96,143.89,207.33
Levenfis - Cartea sahistului inceparator (1962).pdf,236,score-baixo,0.0233,0.0,49.71,42.51,105.95,92.22,155.33
"Mauricio Flores Rios - Chess Structures - A Grandmaster Guide[Quality Chess, 2015].pdf",1,aspecto,0.0,0.0,259.73,191.69,542.69,451.42,647.36
"Mauricio Flores Rios - Chess Structures - A Grandmaster Guide[Quality Chess, 2015].pdf",1,aspecto,0.0,0.0,173.7,33.04,541.38,206.74,635.26
"Mauricio Flores Rios - Chess Structures - A Grandmaster Guide[Quality Chess, 2015].pdf",1,aspecto,0.0,0.0,123.32,64.77,506.38,188.09,528.95
"Mauricio Flores Rios - Chess Structures - A Grandmaster Guide[Quality Chess, 2015].pdf",1,aspecto,0.0,0.0,109.91,286.23,507.03,396.14,527.64
"Mauricio Flores Rios - Chess Structures - A Grandmaster Guide[Quality Chess, 2015].pdf",1,aspecto,0.0,0.0,63.79,296.37,472.68,360.15,495.91
"Mauricio Flores Rios - Chess Structures - A Grandmaster Guide[Quality Chess, 2015].pdf",1,aspecto,0.0,0.0,99.12,119.72,455.02,218.84,486.75
"Mauricio Flores Rios - Chess Structures - A Grandmaster Guide[Quality Chess, 2015].pdf",1,aspecto,0.0,0.0,156.36,188.75,382.73,284.59,539.09
"Mauricio Flores Rios - Chess Structures - A Grandmaster Guide[Quality Chess, 2015].pdf",1,aspecto,0.0,0.0,436.37,20.61,378.47,456.98,544.32
"Mauricio Flores Rios - Chess Structures - A Grandmaster Guide[Quality Chess, 2015].pdf",1,aspecto,0.0,0.0,91.92,63.13,320.9,155.05,336.28
"Mauricio Flores Rios - Chess Structures - A Grandmaster Guide[Quality Chess, 2015].pdf",1,aspecto,0.0,0.0,455.67,0.0,243.7,455.67,269.22
"Mauricio Flores Rios - Chess Structures - A Grandmaster Guide[Quality Chess, 2015].pdf",1,aspecto,0.0,0.0,145.24,56.92,184.82,202.16,222.11
"Mauricio Flores Rios - Chess Structures - A Grandmaster Guide[Quality Chess, 2015].pdf",1,aspecto,0.0,0.0,73.93,320.57,183.84,394.5,222.11
"Mauricio Flores Rios - Chess Structures - A Grandmaster Guide[Quality Chess, 2015].pdf",1,aspecto,0.0,0.0,104.02,210.01,183.51,314.03,223.75
"Mauricio Flores Rios - Chess Structures - A Grandmaster Guide[Quality Chess, 2015].pdf",1,aspecto,0.0,0.0,235.2,71.31,108.28,306.51,143.93
"Mauricio Flores Rios - Chess Structures - A Grandmaster Guide[Quality Chess, 2015].pdf",1,aspecto,0.0,0.0,96.83,314.03,107.62,410.86,144.59
"Mauricio Flores Rios - Chess Structures - A Grandmaster Guide[Quality Chess, 2015].pdf",1,aspecto,0.0,0.0,146.55,2.62,43.83,149.16,91.27
"Mauricio Flores Rios - Chess Structures - A Grandmaster Guide[Quality Chess, 2015].pdf",1,aspecto,0.0,0.0,285.57,161.27,43.83,446.84,90.61
"Mauricio Flores Rios - Chess Structures - A Grandmaster Guide[Quality Chess, 2015].pdf",1,aspecto,0.0,0.0,76.55,363.1,552.5,439.64,580.3
"Mauricio Flores Rios - Chess Structures - A Grandmaster Guide[Quality Chess, 2015].pdf",1,aspecto,0.0,0.0,259.73,191.69,542.69,451.42,647.36
"Mauricio Flores Rios - Chess Structures - A Grandmaster Guide[Quality Chess, 2015].pdf",1,aspecto,0.0,0.0,146.88,285.9,506.7,432.77,527.97
"Mauricio Flores Rios - Chess Structures - A Grandmaster Guide[Quality Chess, 2015].pdf",1,aspecto,0.0,0.0,118.74,336.93,505.39,455.67,525.68
"Mauricio Flores Rios - Chess Structures - A Grandmaster Guide[Quality Chess, 2015].pdf",1,aspecto,0.0,0.0,89.3,357.54,470.39,446.84,499.18
"Mauricio Flores Rios - Chess Structures - A Grandmaster Guide[Quality Chess, 2015].pdf",1,aspecto,0.0,0.0,65.75,295.39,471.05,361.14,503.76
"Mauricio Flores Rios - Chess Structures - A Grandmaster Guide[Quality Chess, 2015].pdf",1,aspecto,0.0,0.0,186.78,32.38,454.04,219.17,491.33
"Mauricio Flores Rios - Chess Structures - A Grandmaster Guide[Quality Chess, 2015].pdf",1,aspecto,0.0,0.0,75.24,323.19,451.75,398.43,474.65
"Mauricio Flores Rios - Chess Structures - A Grandmaster Guide[Quality Chess, 2015].pdf",1,aspecto,0.0,0.0,99.77,349.69,417.73,449.46,438.99
"Mauricio Flores Rios - Chess Structures - A Grandmaster Guide[Quality Chess, 2015].pdf",1,aspecto,0.0,0.0,63.13,6.54,393.85,69.68,418.71
"Mauricio Flores Rios - Chess Structures - A Grandmaster Guide[Quality Chess, 2015].pdf",1,aspecto,0.0,0.0,59.21,92.9,386.65,152.11,420.67
"Mauricio Flores Rios - Chess Structures - A Grandmaster Guide[Quality Chess, 2015].pdf",1,aspecto,0.0,0.0,155.38,190.38,383.05,284.26,538.43
"Mauricio Flores Rios - Chess Structures - A Grandmaster Guide[Quality Chess, 2015].pdf",1,aspecto,0.0,0.0,105.0,214.26,343.14,319.27,365.06
"Mauricio Flores Rios - Chess Structures - A Grandmaster Guide[Quality Chess, 2015].pdf",1,aspecto,0.0,0.0,89.96,289.17,309.78,379.13,345.43
"Mauricio Flores Rios - Chess Structures - A Grandmaster Guide[Quality Chess, 2015].pdf",1,aspecto,0.0,0.0,140.99,14.39,307.16,155.38,353.61
"Mauricio Flores Rios - Chess Structures - A Grandmaster Guide[Quality Chess, 2015].pdf",1,aspecto,0.0,0.0,111.87,104.35,276.41,216.22,303.89
"Mauricio Flores Rios - Chess Structures - A Grandmaster Guide[Quality Chess, 2015].pdf",1,aspecto,0.0,0.0,71.31,212.63,269.87,283.94,299.97
"Mauricio Flores Rios - Chess Structures - A Grandmaster Guide[Quality Chess, 2015].pdf",1,aspecto,0.0,0.0,455.67,0.0,243.7,455.67,269.22
"Mauricio Flores Rios - Chess Structures - A Grandmaster Guide[Quality Chess, 2015].pdf",1,aspecto,0.0,0.0,145.24,56.92,184.82,202.16,222.11
"Mauricio Flores Rios - Chess Structures - A Grandmaster Guide[Quality Chess, 2015].pdf",1,aspecto,0.0,0.0,73.93,320.57,183.84,394.5,222.11
"Mauricio Flores Rios - Chess Structures - A Grandmaster Guide[Quality Chess, 2015].pdf",1,aspecto,0.0,0.0,104.02,210.01,183.51,314.03,223.75
"Mauricio Flores Rios - Chess Structures - A Grandmaster Guide[Quality Chess, 2015].pdf",1,aspecto,0.0,0.0,235.2,71.31,108.28,306.51,143.93
"Mauricio Flores Rios - Chess Structures - A Grandmaster Guide[Quality Chess, 2015].pdf",1,aspecto,0.0,0.0,96.83,314.03,107.62,410.86,144.59
"Mauricio Flores Rios - Chess Structures - A Grandmaster Guide[Quality Chess, 2015].pdf",1,aspecto,0.0,0.0,146.55,2.62,43.83,149.16,91.27
"Mauricio Flores Rios - Chess Structures - A Grandmaster Guide[Quality Chess, 2015].pdf",1,aspecto,0.0,0.0,285.57,161.27,43.83,446.84,90.61
"Mauricio Flores Rios - Chess Structures - A Grandmaster Guide[Quality Chess, 2015].pdf",1,area-relativa,0.0091,0.0,67.71,261.04,553.81,318.28,621.52
"Mauricio Flores Rios - Chess Structures - A Grandmaster Guide[Quality Chess, 2015].pdf",1,area-relativa,0.0001,0.0,70.33,373.89,539.41,444.22,585.21
"Mauricio Flores Rios - Chess Structures - A Grandmaster Guide[Quality Chess, 2015].pdf",1,score-baixo,0.033,0.0,64.77,138.7,351.65,203.47,416.09
"Mauricio Flores Rios - Chess Structures - A Grandmaster Guide[Quality Chess, 2015].pdf",1,score-baixo,0.0225,0.0,461.56,-5.23,333.33,456.33,653.25
"Mauricio Flores Rios - Chess Structures - A Grandmaster Guide[Quality Chess, 2015].pdf",1,score-baixo,0.002,0.0,107.95,307.49,577.36,415.44,651.62
"Mauricio Flores Rios - Chess Structures - A Grandmaster Guide[Quality Chess, 2015].pdf",3,aspecto,0.0,0.0,102.06,176.97,452.73,279.03,482.5
"Mauricio Flores Rios - Chess Structures - A Grandmaster Guide[Quality Chess, 2015].pdf",3,aspecto,0.0,0.0,102.06,176.97,452.73,279.03,489.37
"Mauricio Flores Rios - Chess Structures - A Grandmaster Guide[Quality Chess, 2015].pdf",37,sobreposicao,0.2125,0.0,108.28,315.01,74.91,423.29,181.88
"Mauricio Flores Rios - Chess Structures - A Grandmaster Guide[Quality Chess, 2015].pdf",37,sobreposicao,0.1818,0.0,180.57,259.73,19.95,440.3,199.87
"Mauricio Flores Rios - Chess Structures - A Grandmaster Guide[Quality Chess, 2015].pdf",37,score-baixo,0.0928,0.0,107.29,241.74,2.29,349.03,109.26
"Mauricio Flores Rios - Chess Structures - A Grandmaster Guide[Quality Chess, 2015].pdf",37,score-baixo,0.0656,0.0,125.61,259.73,20.28,385.34,145.24
"Mauricio Flores Rios - Chess Structures - A Grandmaster Guide[Quality Chess, 2015].pdf",37,score-baixo,0.0219,0.0,55.28,377.49,27.8,432.12,83.09
"Mauricio Flores Rios - Chess Structures - A Grandmaster Guide[Quality Chess, 2015].pdf",73,aspecto,0.0,0.0,76.22,70.66,519.79,109.26,596.01
"Mauricio Flores Rios - Chess Structures - A Grandmaster Guide[Quality Chess, 2015].pdf",73,aspecto,0.0,0.0,75.56,162.25,500.81,199.54,576.38
"Mauricio Flores Rios - Chess Structures - A Grandmaster Guide[Quality Chess, 2015].pdf",73,score-baixo,0.0232,0.0,53.97,81.78,565.58,135.75,619.56
"Mauricio Flores Rios - Chess Structures - A Grandmaster Guide[Quality Chess, 2015].pdf",73,score-baixo,0.0225,0.0,52.67,35.98,467.45,88.65,520.11
"Mauricio Flores Rios - Chess Structures - A Grandmaster Guide[Quality Chess, 2015].pdf",73,score-baixo,0.0195,0.0,52.99,164.21,593.06,217.21,646.05
"Mauricio Flores Rios - Chess Structures - A Grandmaster Guide[Quality Chess, 2015].pdf",109,aspecto,0.0,0.0,55.28,160.61,118.42,182.53,173.7
"Mauricio Flores Rios - Chess Structures - A Grandmaster Guide[Quality Chess, 2015].pdf",109,sobreposicao,0.3443,0.0,216.22,35.33,100.75,251.55,316.32
"Mauricio Flores Rios - Chess Structures - A Grandmaster Guide[Quality Chess, 2015].pdf",109,score-baixo,0.0902,0.0,106.97,17.66,83.09,124.63,189.73
"Mauricio Flores Rios - Chess Structures - A Grandmaster Guide[Quality Chess, 2015].pdf",109,score-baixo,0.081,0.0,71.97,256.46,197.91,328.42,268.89
"Mauricio Flores Rios - Chess Structures - A Grandmaster Guide[Quality Chess, 2015].pdf",109,score-baixo,0.0809,0.0,75.89,310.43,197.91,386.32,271.18
"Mauricio Flores Rios - Chess Structures - A Grandmaster Guide[Quality Chess, 2015].pdf",109,score-baixo,0.0654,0.0,125.61,35.33,100.75,160.94,225.71
"Mauricio Flores Rios - Chess Structures - A Grandmaster Guide[Quality Chess, 2015].pdf",109,score-baixo,0.0226,0.0,53.32,162.58,227.02,215.9,280.01
"Mauricio Flores Rios - Chess Structures - A Grandmaster Guide[Quality Chess, 2015].pdf",109,score-baixo,0.0214,0.0,53.65,284.59,225.38,338.24,278.7
"Mauricio Flores Rios - Chess Structures - A Grandmaster Guide[Quality Chess, 2015].pdf",109,score-baixo,0.0212,0.0,54.3,265.95,188.75,320.25,242.72
"Mauricio Flores Rios - Chess Structures - A Grandmaster Guide[Quality Chess, 2015].pdf",144,score-baixo,0.021,0.0,54.63,97.81,343.47,152.44,397.77
"Mauricio Flores Rios - Chess Structures - A Grandmaster Guide[Quality Chess, 2015].pdf",144,score-baixo,0.0205,0.0,52.99,35.0,245.01,87.99,298.0
"Mauricio Flores Rios - Chess Structures - A Grandmaster Guide[Quality Chess, 2015].pdf",180,score-baixo,0.0886,0.0,106.97,329.73,131.17,436.7,237.49
"Mauricio Flores Rios - Chess Structures - A Grandmaster Guide[Quality Chess, 2015].pdf",180,score-baixo,0.0271,0.0,56.26,319.92,67.71,376.18,123.65
"Mauricio Flores Rios - Chess Structures - A Grandmaster Guide[Quality Chess, 2015].pdf",180,score-baixo,0.0263,0.0,39.58,272.81,58.88,312.07,98.46
"Mauricio Flores Rios - Chess Structures - A Grandmaster Guide[Quality Chess, 2015].pdf",180,score-baixo,0.0227,0.0,54.3,338.24,85.05,392.54,139.35
"Mauricio Flores Rios - Chess Structures - A Grandmaster Guide[Quality Chess, 2015].pdf",180,score-baixo,0.0214,0.0,53.97,301.93,121.69,355.9,175.33
"Mauricio Flores Rios - Chess Structures - A Grandmaster Guide[Quality Chess, 2015].pdf",216,aspecto,0.0,0.0,56.59,104.68,183.51,126.92,240.1
"Mauricio Flores Rios - Chess Structures - A Grandmaster Guide[Quality Chess, 2015].pdf",216,sobreposicao,0.1592,0.0,149.82,293.1,119.07,442.92,268.24
"Mauricio Flores Rios - Chess Structures - A Grandmaster Guide[Quality Chess, 2015].pdf",216,score-baixo,0.0831,0.0,72.29,255.15,82.76,327.44,153.42
"Mauricio Flores Rios - Chess Structures - A Grandmaster Guide[Quality Chess, 2015].pdf",216,score-baixo,0.0386,0.0,88.98,34.67,149.16,123.32,238.14
"Mauricio Flores Rios - Chess Structures - A Grandmaster Guide[Quality Chess, 2015].pdf",216,score-baixo,0.022,0.0,52.34,34.67,149.49,87.01,201.83
"Mauricio Flores Rios - Chess Structures - A Grandmaster Guide[Quality Chess, 2015].pdf",216,score-baixo,0.0214,0.0,53.97,134.44,247.63,188.42,300.95
"Mauricio Flores Rios - Chess Structures - A Grandmaster Guide[Quality Chess, 2015].pdf",252,score-baixo,0.0238,0.0,40.56,327.77,366.04,368.33,405.95
"Mauricio Flores Rios - Chess Structures - A Grandmaster Guide[Quality Chess, 2015].pdf",252,score-baixo,0.021,0.0,53.65,284.59,431.47,338.24,484.79
"Mauricio Flores Rios - Chess Structures - A Grandmaster Guide[Quality Chess, 2015].pdf",252,score-baixo,0.0199,0.0,35.33,256.46,350.67,291.79,385.34
"Mauricio Flores Rios - Chess Structures - A Grandmaster Guide[Quality Chess, 2015].pdf",252,score-baixo,0.0187,0.0,55.61,338.89,376.51,392.54,432.12
"Mauricio Flores Rios - Chess Structures - A Grandmaster Guide[Quality Chess, 2015].pdf",288,score-baixo,0.0213,0.0,53.32,236.51,40.89,289.82,93.88
"Mauricio Flores Rios - Chess Structures - A Grandmaster Guide[Quality Chess, 2015].pdf",288,score-baixo,0.0213,0.0,53.32,336.6,85.7,389.92,139.02
"Mauricio Flores Rios - Chess Structures - A Grandmaster Guide[Quality Chess, 2015].pdf",288,score-baixo,0.0212,0.0,52.34,33.37,41.22,85.7,93.56
"Mauricio Flores Rios - Chess Structures - A Grandmaster Guide[Quality Chess, 2015].pdf",288,score-baixo,0.0182,0.0,67.06,91.59,46.45,152.11,113.51
"Mauricio Flores Rios - Chess Structures - A Grandmaster Guide[Quality Chess, 2015].pdf",288,score-baixo,0.0008,0.0,87.67,106.31,66.73,165.52,154.4
"Mauricio Flores Rios - Chess Structures - A Grandmaster Guide[Quality Chess, 2015].pdf",324,sobreposicao,0.2085,0.0,160.94,314.36,74.26,475.3,235.2
"Mauricio Flores Rios - Chess Structures - A Grandmaster Guide[Quality Chess, 2015].pdf",359,sobreposicao,0.178,0.0,108.28,293.75,205.76,402.03,310.76
"Mauricio Flores Rios - Chess Structures - A Grandmaster Guide[Quality Chess, 2015].pdf",359,score-baixo,0.0226,0.0,54.96,264.64,265.62,319.59,320.57
"Mauricio Flores Rios - Chess Structures - A Grandmaster Guide[Quality Chess, 2015].pdf",359,score-baixo,0.0221,0.0,54.3,265.29,193.33,319.59,247.3
"Mauricio Flores Rios - Chess Structures - A Grandmaster Guide[Quality Chess, 2015].pdf",359,score-baixo,0.0221,0.0,55.61,354.92,174.68,410.53,229.31
"Mauricio Flores Rios - Chess Structures - A Grandmaster Guide[Quality Chess, 2015].pdf",359,score-baixo,0.0009,0.0,47.1,109.26,223.75,156.36,256.46
"Mauricio Flores Rios - Chess Structures - A Grandmaster Guide[Quality Chess, 2015].pdf",359,score-baixo,0.0009,0.0,46.45,79.16,238.14,111.22,284.59
"Mauricio Flores Rios - Chess Structures - A Grandmaster Guide[Quality Chess, 2015].pdf",359,score-baixo,0.0008,0.0,55.61,255.8,166.5,293.42,222.11
"Mauricio Flores Rios - Chess Structures - A Grandmaster Guide[Quality Chess, 2015].pdf",395,aspecto,0.0,0.0,70.66,52.01,58.88,74.91,129.54
"Mauricio Flores Rios - Chess Structures - A Grandmaster Guide[Quality Chess, 2015].pdf",395,score-baixo,0.0341,0.0,72.62,42.53,86.03,115.14,158.65
"Mauricio Flores Rios - Chess Structures - A Grandmaster Guide[Quality Chess, 2015].pdf",395,score-baixo,0.0222,0.0,53.65,162.58,166.5,215.9,220.15
"Mauricio Flores Rios - Chess Structures - A Grandmaster Guide[Quality Chess, 2015].pdf",395,score-baixo,0.0221,0.0,53.97,338.89,139.35,392.87,193.33
"Mauricio Flores Rios - Chess Structures - A Grandmaster Guide[Quality Chess, 2015].pdf",395,score-baixo,0.0178,0.0,56.59,133.79,57.57,181.88,114.16
"Mauricio Flores Rios - Chess Structures - A Grandmaster Guide[Quality Chess, 2015].pdf",395,score-baixo,0.0061,0.0,76.22,256.13,75.56,312.07,151.78
"Mauricio Flores Rios - Chess Structures - A Grandmaster Guide[Quality Chess, 2015].pdf",395,score-baixo,0.0002,0.0,60.19,123.98,127.9,162.9,188.09
"Mauricio Flores Rios - Chess Structures - A Grandmaster Guide[Quality Chess, 2015].pdf",431,aspecto,0.0,0.0,54.63,365.06,386.98,390.58,441.61
"Mauricio Flores Rios - Chess Structures - A Grandmaster Guide[Quality Chess, 2015].pdf",431,aspecto,0.0,0.0,55.28,328.42,103.7,353.61,158.98
"Mauricio Flores Rios - Chess Structures - A Grandmaster Guide[Quality Chess, 2015].pdf",431,sobreposicao,0.201,0.0,161.6,299.64,423.29,461.23,584.56
"Mauricio Flores Rios - Chess Structures - A Grandmaster Guide[Quality Chess, 2015].pdf",431,score-baixo,0.0242,0.0,54.3,140.01,203.47,194.31,257.44
"Mauricio Flores Rios - Chess Structures - A Grandmaster Guide[Quality Chess, 2015].pdf",431,score-baixo,0.0232,0.0,37.95,165.19,104.35,203.14,141.64
"Mauricio Flores Rios - Chess Structures - A Grandmaster Guide[Quality Chess, 2015].pdf",431,score-baixo,0.0226,0.0,53.32,86.36,468.43,139.68,521.75
"Mauricio Flores Rios - Chess Structures - A Grandmaster Guide[Quality Chess, 2015].pdf",431,score-baixo,0.0219,0.0,39.58,92.57,387.31,132.15,425.25
"Mauricio Flores Rios - Chess Structures - A Grandmaster Guide[Quality Chess, 2015].pdf",431,score-baixo,0.0215,0.0,53.65,343.8,167.48,397.45,220.8
"Mauricio Flores Rios - Chess Structures - A Grandmaster Guide[Quality Chess, 2015].pdf",431,score-baixo,0.0211,0.0,52.99,39.91,87.01,92.9,139.68
"Mauricio Flores Rios - Chess Structures - A Grandmaster Guide[Quality Chess, 2015].pdf",431,score-baixo,0.0208,0.0,53.97,326.13,396.14,380.11,449.78
"Mauricio Flores Rios - Chess Structures - A Grandmaster Guide[Quality Chess, 2015].pdf",431,score-baixo,0.0208,0.0,53.97,343.47,113.18,397.45,166.83
"Mauricio Flores Rios - Chess Structures - A Grandmaster Guide[Quality Chess, 2015].pdf",431,score-baixo,0.02,0.0,54.3,289.82,413.8,344.13,467.45
"Mauricio Flores Rios - Chess Structures - A Grandmaster Guide[Quality Chess, 2015].pdf",431,score-baixo,0.0199,0.0,60.52,154.73,376.18,215.24,432.77
"Mauricio Flores Rios - Chess Structures - A Grandmaster Guide[Quality Chess, 2015].pdf",431,score-baixo,0.0076,0.0,140.01,103.37,94.54,202.16,234.54
Melhores Finais de Capablanca - Irving Chernev pt-br - Copia.pdf,1,aspecto,0.0,0.0,366.39,0.0,606.51,366.39,610.11
Melhores Finais de Capablanca - Irving Chernev pt-br - Copia.pdf,1,aspecto,0.0,0.0,117.44,233.58,581.32,351.02,612.4
Melhores Finais de Capablanca - Irving Chernev pt-br - Copia.pdf,1,aspecto,0.0,0.0,84.73,47.11,361.16,131.84,413.17
Melhores Finais de Capablanca - Irving Chernev pt-br - Copia.pdf,1,aspecto,0.0,0.0,120.71,336.95,323.87,366.39,444.58
Melhores Finais de Capablanca - Irving Chernev pt-br - Copia.pdf,1,aspecto,0.0,0.0,442.62,178.94,164.55,366.72,607.17
Melhores Finais de Capablanca - Irving Chernev pt-br - Copia.pdf,1,aspecto,0.0,0.0,583.28,-3.27,24.21,347.09,607.49
Melhores Finais de Capablanca - Irving Chernev pt-br - Copia.pdf,1,aspecto,0.0,0.0,366.39,0.0,606.51,366.39,610.11
Melhores Finais de Capablanca - Irving Chernev pt-br - Copia.pdf,1,aspecto,0.0,0.0,117.44,233.58,581.32,351.02,612.4
Melhores Finais de Capablanca - Irving Chernev pt-br - Copia.pdf,1,aspecto,0.0,0.0,84.4,47.43,361.16,131.84,412.85
Melhores Finais de Capablanca - Irving Chernev pt-br - Copia.pdf,1,aspecto,0.0,0.0,442.62,178.94,164.55,366.72,607.17
Melhores Finais de Capablanca - Irving Chernev pt-br - Copia.pdf,1,aspecto,0.0,0.0,583.28,-3.27,24.21,347.09,607.49
Melhores Finais de Capablanca - Irving Chernev pt-br - Copia.pdf,1,score-baixo,0.0593,0.0,78.51,42.53,273.81,115.81,352.33
Melhores Finais de Capablanca - Irving Chernev pt-br - Copia.pdf,1,score-baixo,0.0359,0.0,81.46,22.25,388.97,94.22,470.42
Melhores Finais de Capablanca - Irving Chernev pt-br - Copia.pdf,1,score-baixo,0.033,0.0,62.81,237.5,330.08,297.04,392.89
Melhores Finais de Capablanca - Irving Chernev pt-br - Copia.pdf,1,score-baixo,0.0237,0.0,36.97,97.16,62.16,131.84,99.12
Melhores Finais de Capablanca - Irving Chernev pt-br - Copia.pdf,1,score-baixo,0.0223,0.0,36.64,39.26,61.83,73.28,98.47
Melhores Finais de Capablanca - Irving Chernev pt-br - Copia.pdf,1,score-baixo,0.0223,0.0,36.97,185.16,62.81,219.51,99.78
Melhores Finais de Capablanca - Irving Chernev pt-br - Copia.pdf,1,score-baixo,0.0214,0.0,36.64,280.68,64.12,315.03,100.76
Melhores Finais de Capablanca - Irving Chernev pt-br - Copia.pdf,1,score-baixo,0.0151,0.0,53.98,17.01,355.6,64.77,409.57
Melhores Finais de Capablanca - Irving Chernev pt-br - Copia.pdf,1,score-baixo,0.015,0.0,43.84,266.94,237.5,306.85,281.34
Melhores Finais de Capablanca - Irving Chernev pt-br - Copia.pdf,1,score-baixo,0.0076,0.0,37.29,220.49,62.48,251.24,99.78
Melhores Finais de Capablanca - Irving Chernev pt-br - Copia.pdf,1,score-baixo,0.0027,0.0,37.29,132.82,62.16,160.95,99.45
Melhores Finais de Capablanca - Irving Chernev pt-br - Copia.pdf,1,score-baixo,0.0023,0.0,36.97,74.59,61.5,102.07,98.47
Melhores Finais de Capablanca - Irving Chernev pt-br - Copia.pdf,1,score-baixo,0.0023,0.0,64.12,75.57,300.64,120.39,364.76
Melhores Finais de Capablanca - Irving Chernev pt-br - Copia.pdf,1,score-baixo,0.002,0.0,50.71,23.55,358.21,60.85,408.92
Melhores Finais de Capablanca - Irving Chernev pt-br - Copia.pdf,1,score-baixo,0.0019,0.0,37.95,253.2,62.81,281.01,100.76
Melhores Finais de Capablanca - Irving Chernev pt-br - Copia.pdf,1,score-baixo,0.0013,0.0,48.74,201.19,317.65,235.87,366.39
Melhores Finais de Capablanca - Irving Chernev pt-br - Copia.pdf,1,score-baixo,0.0013,0.0,38.6,11.78,60.19,39.26,98.8
Melhores Finais de Capablanca - Irving Chernev pt-br - Copia.pdf,1,score-baixo,0.0001,0.0,45.47,266.62,306.85,296.06,352.33
Melhores Finais de Capablanca - Irving Chernev pt-br - Copia.pdf,1,score-baixo,0.0001,0.0,103.38,6.54,472.39,72.3,575.76
Melhores Finais de Capablanca - Irving Chernev pt-br - Copia.pdf,1,score-baixo,0.0,0.0,39.26,318.63,62.48,343.49,101.74
Melhores Finais de Capablanca - Irving Chernev pt-br - Copia.pdf,1,sem-contraste-de-casa,0.5,0.0,99.45,44.16,220.49,137.4,319.94
Melhores Finais de Capablanca - Irving Chernev pt-br - Copia.pdf,2,aspecto,0.0,0.0,64.43,231.57,512.85,296.0,543.92
Melhores Finais de Capablanca - Irving Chernev pt-br - Copia.pdf,2,aspecto,0.0,0.0,76.86,222.08,315.95,264.6,392.81
Melhores Finais de Capablanca - Irving Chernev pt-br - Copia.pdf,2,aspecto,0.0,0.0,93.22,61.82,132.79,115.46,226.01
Melhores Finais de Capablanca - Irving Chernev pt-br - Copia.pdf,2,aspecto,0.0,0.0,64.43,231.57,512.85,296.0,543.92
Melhores Finais de Capablanca - Irving Chernev pt-br - Copia.pdf,2,aspecto,0.0,0.0,75.88,222.08,315.95,264.28,391.83
Melhores Finais de Capablanca - Irving Chernev pt-br - Copia.pdf,2,aspecto,0.0,0.0,136.39,235.49,294.04,317.26,430.43
Melhores Finais de Capablanca - Irving Chernev pt-br - Copia.pdf,2,aspecto,0.0,0.0,90.93,69.34,134.43,114.48,225.35
Melhores Finais de Capablanca - Irving Chernev pt-br - Copia.pdf,2,area-relativa,0.0213,0.0,50.04,222.08,155.36,270.16,205.4
Melhores Finais de Capablanca - Irving Chernev pt-br - Copia.pdf,2,area-relativa,0.0149,0.0,48.08,224.05,157.32,268.53,205.4
Melhores Finais de Capablanca - Irving Chernev pt-br - Copia.pdf,2,area-relativa,0.0034,0.0,48.41,149.47,192.65,186.1,241.05
Melhores Finais de Capablanca - Irving Chernev pt-br - Copia.pdf,2,sobreposicao,0.1242,0.0,353.57,73.59,78.17,353.24,431.74
Melhores Finais de Capablanca - Irving Chernev pt-br - Copia.pdf,2,score-baixo,0.0414,0.0,75.23,134.1,181.53,209.33,251.85
Melhores Finais de Capablanca - Irving Chernev pt-br - Copia.pdf,2,score-baixo,0.0304,0.0,78.17,126.58,272.78,199.84,350.95
Melhores Finais de Capablanca - Irving Chernev pt-br - Copia.pdf,2,score-baixo,0.029,0.0,63.78,139.33,187.74,203.11,246.61
Melhores Finais de Capablanca - Irving Chernev pt-br - Copia.pdf,2,score-baixo,0.0288,0.0,395.43,73.59,60.51,352.91,455.94
Melhores Finais de Capablanca - Irving Chernev pt-br - Copia.pdf,2,score-baixo,0.0242,0.0,49.39,112.51,338.19,157.0,387.58
Melhores Finais de Capablanca - Irving Chernev pt-br - Copia.pdf,2,score-baixo,0.0181,0.0,188.39,174.98,95.51,311.05,283.9
Melhores Finais de Capablanca - Irving Chernev pt-br - Copia.pdf,2,score-baixo,0.0109,0.0,540.65,2.94,66.07,427.81,606.72
Melhores Finais de Capablanca - Irving Chernev pt-br - Copia.pdf,2,score-baixo,0.0013,0.0,183.49,186.1,97.79,305.16,281.28
Melhores Finais de Capablanca - Irving Chernev pt-br - Copia.pdf,2,sem-contraste-de-casa,0.5,0.0,363.71,59.53,66.72,423.23,399.03
Melhores Finais de Capablanca - Irving Chernev pt-br - Copia.pdf,2,sem-contraste-de-casa,0.5,0.0,179.89,85.04,304.51,254.46,484.4
Melhores Finais de Capablanca - Irving Chernev pt-br - Copia.pdf,3,aspecto,0.0,0.0,253.31,44.84,499.09,298.15,507.6
Melhores Finais de Capablanca - Irving Chernev pt-br - Copia.pdf,3,aspecto,0.0,0.0,253.31,44.84,499.09,298.15,507.6
Melhores Finais de Capablanca - Irving Chernev pt-br - Copia.pdf,5,aspecto,0.0,0.0,183.27,211.42,381.93,394.69,460.8
Melhores Finais de Capablanca - Irving Chernev pt-br - Copia.pdf,5,aspecto,0.0,0.0,320.73,206.51,373.09,405.16,693.82
Melhores Finais de Capablanca - Irving Chernev pt-br - Copia.pdf,5,aspecto,0.0,0.0,183.27,211.42,47.45,394.69,126.0
Melhores Finais de Capablanca - Irving Chernev pt-br - Copia.pdf,5,aspecto,0.0,0.0,66.11,365.89,483.71,404.84,549.82
Melhores Finais de Capablanca - Irving Chernev pt-br - Copia.pdf,5,aspecto,0.0,0.0,183.27,211.42,381.93,394.69,460.8
Melhores Finais de Capablanca - Irving Chernev pt-br - Copia.pdf,5,aspecto,0.0,0.0,320.4,207.82,373.42,405.16,693.82
Melhores Finais de Capablanca - Irving Chernev pt-br - Copia.pdf,5,aspecto,0.0,0.0,91.31,364.91,122.4,404.51,213.71
Melhores Finais de Capablanca - Irving Chernev pt-br - Copia.pdf,5,aspecto,0.0,0.0,183.27,211.42,47.45,394.69,126.0
Melhores Finais de Capablanca - Irving Chernev pt-br - Copia.pdf,5,aspecto,0.0,0.0,321.38,207.16,38.29,405.16,359.67
Melhores Finais de Capablanca - Irving Chernev pt-br - Copia.pdf,5,score-baixo,0.0105,0.0,67.42,218.62,544.91,286.04,603.49
Melhores Finais de Capablanca - Irving Chernev pt-br - Copia.pdf,5,score-baixo,0.0001,0.0,323.67,204.87,36.0,406.47,359.67
Melhores Finais de Capablanca - Irving Chernev pt-br - Copia.pdf,5,score-baixo,0.0,0.0,324.0,204.87,370.47,406.47,694.47
Melhores Finais de Capablanca - Irving Chernev pt-br - Copia.pdf,6,score-baixo,0.0052,0.0,54.0,258.22,202.25,301.42,256.25
Melhores Finais de Capablanca - Irving Chernev pt-br - Copia.pdf,6,score-baixo,0.0034,0.0,68.73,213.05,225.82,264.76,294.55
Melhores Finais de Capablanca - Irving Chernev pt-br - Copia.pdf,6,score-baixo,0.0021,0.0,93.93,295.85,255.27,364.25,349.2
Melhores Finais de Capablanca - Irving Chernev pt-br - Copia.pdf,6,score-baixo,0.0014,0.0,60.87,217.31,233.67,260.51,294.55
Melhores Finais de Capablanca - Irving Chernev pt-br - Copia.pdf,6,score-baixo,0.0001,0.0,73.96,257.56,183.6,305.35,257.56
Melhores Finais de Capablanca - Irving Chernev pt-br - Copia.pdf,6,sem-contraste-de-casa,0.5,0.0,167.56,227.13,118.15,394.69,270.98
Melhores Finais de Capablanca - Irving Chernev pt-br - Copia.pdf,34,sobreposicao,0.5711,0.0,233.35,47.13,154.15,276.55,387.49
Melhores Finais de Capablanca - Irving Chernev pt-br - Copia.pdf,34,perdeu-para-embutido,0.5,0.0,207.82,59.89,167.24,264.11,375.05
Melhores Finais de Capablanca - Irving Chernev pt-br - Copia.pdf,164,sobreposicao,0.5523,0.0,233.02,48.11,38.95,276.55,271.96
Melhores Finais de Capablanca - Irving Chernev pt-br - Copia.pdf,164,perdeu-para-embutido,0.5,0.0,211.75,58.58,49.75,265.42,261.49
Melhores Finais de Capablanca - Irving Chernev pt-br - Copia.pdf,196,sobreposicao,0.5465,0.0,234.0,47.13,492.22,275.89,726.22
Melhores Finais de Capablanca - Irving Chernev pt-br - Copia.pdf,196,perdeu-para-embutido,0.5,0.0,213.05,58.25,502.69,265.09,715.75
Melhores Finais de Capablanca - Irving Chernev pt-br - Copia.pdf,261,sobreposicao,0.5436,0.0,233.67,47.45,141.38,275.56,375.05
Melhores Finais de Capablanca - Irving Chernev pt-br - Copia.pdf,261,perdeu-para-embutido,0.5,0.0,212.07,58.91,152.18,265.09,364.25
Melhores Finais de Capablanca - Irving Chernev pt-br - Copia.pdf,326,sobreposicao,0.583,0.0,231.05,47.13,461.13,276.55,692.18
Melhores Finais de Capablanca - Irving Chernev pt-br - Copia.pdf,326,perdeu-para-embutido,0.5,0.0,205.2,61.2,473.56,263.78,678.76
Melhores Finais de Capablanca - Irving Chernev pt-br - Copia.pdf,359,sobreposicao,0.5399,0.0,238.25,45.82,320.73,278.18,558.98
Melhores Finais de Capablanca - Irving Chernev pt-br - Copia.pdf,359,perdeu-para-embutido,0.5,0.0,208.47,60.22,335.78,263.13,544.25
Melhores Finais de Capablanca - Irving Chernev pt-br - Copia.pdf,391,sobreposicao,0.4799,0.0,241.2,45.82,121.09,276.22,362.29
Melhores Finais de Capablanca - Irving Chernev pt-br - Copia.pdf,391,perdeu-para-embutido,0.5,0.0,210.44,60.22,136.8,261.49,347.24
Melhores Finais de Capablanca - Irving Chernev pt-br - Copia_hq.pdf,1,aspecto,0.0,0.0,366.39,0.0,606.51,366.39,610.11
Melhores Finais de Capablanca - Irving Chernev pt-br - Copia_hq.pdf,1,aspecto,0.0,0.0,117.44,233.58,581.32,351.02,612.4
Melhores Finais de Capablanca - Irving Chernev pt-br - Copia_hq.pdf,1,aspecto,0.0,0.0,84.73,47.11,361.16,131.84,413.17
Melhores Finais de Capablanca - Irving Chernev pt-br - Copia_hq.pdf,1,aspecto,0.0,0.0,120.71,336.95,323.87,366.39,444.58
Melhores Finais de Capablanca - Irving Chernev pt-br - Copia_hq.pdf,1,aspecto,0.0,0.0,442.62,178.94,164.55,366.72,607.17
Melhores Finais de Capablanca - Irving Chernev pt-br - Copia_hq.pdf,1,aspecto,0.0,0.0,583.28,-3.27,24.21,347.09,607.49
Melhores Finais de Capablanca - Irving Chernev pt-br - Copia_hq.pdf,1,aspecto,0.0,0.0,366.39,0.0,606.51,366.39,610.11
Melhores Finais de Capablanca - Irving Chernev pt-br - Copia_hq.pdf,1,aspecto,0.0,0.0,117.44,233.58,581.32,351.02,612.4
Melhores Finais de Capablanca - Irving Chernev pt-br - Copia_hq.pdf,1,aspecto,0.0,0.0,84.4,47.43,361.16,131.84,412.85
Melhores Finais de Capablanca - Irving Chernev pt-br - Copia_hq.pdf,1,aspecto,0.0,0.0,442.62,178.94,164.55,366.72,607.17
Melhores Finais de Capablanca - Irving Chernev pt-br - Copia_hq.pdf,1,aspecto,0.0,0.0,583.28,-3.27,24.21,347.09,607.49
Melhores Finais de Capablanca - Irving Chernev pt-br - Copia_hq.pdf,1,score-baixo,0.0593,0.0,78.51,42.53,273.81,115.81,352.33
Melhores Finais de Capablanca - Irving Chernev pt-br - Copia_hq.pdf,1,score-baixo,0.0359,0.0,81.46,22.25,388.97,94.22,470.42
Melhores Finais de Capablanca - Irving Chernev pt-br - Copia_hq.pdf,1,score-baixo,0.033,0.0,62.81,237.5,330.08,297.04,392.89
Melhores Finais de Capablanca - Irving Chernev pt-br - Copia_hq.pdf,1,score-baixo,0.0237,0.0,36.97,97.16,62.16,131.84,99.12
Melhores Finais de Capablanca - Irving Chernev pt-br - Copia_hq.pdf,1,score-baixo,0.0223,0.0,36.64,39.26,61.83,73.28,98.47
Melhores Finais de Capablanca - Irving Chernev pt-br - Copia_hq.pdf,1,score-baixo,0.0223,0.0,36.97,185.16,62.81,219.51,99.78
Melhores Finais de Capablanca - Irving Chernev pt-br - Copia_hq.pdf,1,score-baixo,0.0214,0.0,36.64,280.68,64.12,315.03,100.76
Melhores Finais de Capablanca - Irving Chernev pt-br - Copia_hq.pdf,1,score-baixo,0.0151,0.0,53.98,17.01,355.6,64.77,409.57
Melhores Finais de Capablanca - Irving Chernev pt-br - Copia_hq.pdf,1,score-baixo,0.015,0.0,43.84,266.94,237.5,306.85,281.34
Melhores Finais de Capablanca - Irving Chernev pt-br - Copia_hq.pdf,1,score-baixo,0.0076,0.0,37.29,220.49,62.48,251.24,99.78
Melhores Finais de Capablanca - Irving Chernev pt-br - Copia_hq.pdf,1,score-baixo,0.0027,0.0,37.29,132.82,62.16,160.95,99.45
Melhores Finais de Capablanca - Irving Chernev pt-br - Copia_hq.pdf,1,score-baixo,0.0023,0.0,36.97,74.59,61.5,102.07,98.47
Melhores Finais de Capablanca - Irving Chernev pt-br - Copia_hq.pdf,1,score-baixo,0.0023,0.0,64.12,75.57,300.64,120.39,364.76
Melhores Finais de Capablanca - Irving Chernev pt-br - Copia_hq.pdf,1,score-baixo,0.002,0.0,50.71,23.55,358.21,60.85,408.92
Melhores Finais de Capablanca - Irving Chernev pt-br - Copia_hq.pdf,1,score-baixo,0.0019,0.0,37.95,253.2,62.81,281.01,100.76
Melhores Finais de Capablanca - Irving Chernev pt-br - Copia_hq.pdf,1,score-baixo,0.0013,0.0,48.74,201.19,317.65,235.87,366.39
Melhores Finais de Capablanca - Irving Chernev pt-br - Copia_hq.pdf,1,score-baixo,0.0013,0.0,38.6,11.78,60.19,39.26,98.8
Melhores Finais de Capablanca - Irving Chernev pt-br - Copia_hq.pdf,1,score-baixo,0.0001,0.0,45.47,266.62,306.85,296.06,352.33
Melhores Finais de Capablanca - Irving Chernev pt-br - Copia_hq.pdf,1,score-baixo,0.0001,0.0,103.38,6.54,472.39,72.3,575.76
Melhores Finais de Capablanca - Irving Chernev pt-br - Copia_hq.pdf,1,score-baixo,0.0,0.0,39.26,318.63,62.48,343.49,101.74
Melhores Finais de Capablanca - Irving Chernev pt-br - Copia_hq.pdf,1,sem-contraste-de-casa,0.5,0.0,99.45,44.16,220.49,137.4,319.94
Melhores Finais de Capablanca - Irving Chernev pt-br - Copia_hq.pdf,2,aspecto,0.0,0.0,64.43,231.57,512.85,296.0,543.92
Melhores Finais de Capablanca - Irving Chernev pt-br - Copia_hq.pdf,2,aspecto,0.0,0.0,76.86,222.08,315.95,264.6,392.81
Melhores Finais de Capablanca - Irving Chernev pt-br - Copia_hq.pdf,2,aspecto,0.0,0.0,93.22,61.82,132.79,115.46,226.01
Melhores Finais de Capablanca - Irving Chernev pt-br - Copia_hq.pdf,2,aspecto,0.0,0.0,64.43,231.57,512.85,296.0,543.92
Melhores Finais de Capablanca - Irving Chernev pt-br - Copia_hq.pdf,2,aspecto,0.0,0.0,75.88,222.08,315.95,264.28,391.83
Melhores Finais de Capablanca - Irving Chernev pt-br - Copia_hq.pdf,2,aspecto,0.0,0.0,136.39,235.49,294.04,317.26,430.43
Melhores Finais de Capablanca - Irving Chernev pt-br - Copia_hq.pdf,2,aspecto,0.0,0.0,90.93,69.34,134.43,114.48,225.35
Melhores Finais de Capablanca - Irving Chernev pt-br - Copia_hq.pdf,2,area-relativa,0.0213,0.0,50.04,222.08,155.36,270.16,205.4
Melhores Finais de Capablanca - Irving Chernev pt-br - Copia_hq.pdf,2,area-relativa,0.0149,0.0,48.08,224.05,157.32,268.53,205.4
Melhores Finais de Capablanca - Irving Chernev pt-br - Copia_hq.pdf,2,area-relativa,0.0034,0.0,48.41,149.47,192.65,186.1,241.05
Melhores Finais de Capablanca - Irving Chernev pt-br - Copia_hq.pdf,2,sobreposicao,0.1242,0.0,353.57,73.59,78.17,353.24,431.74
Melhores Finais de Capablanca - Irving Chernev pt-br - Copia_hq.pdf,2,score-baixo,0.0414,0.0,75.23,134.1,181.53,209.33,251.85
Melhores Finais de Capablanca - Irving Chernev pt-br - Copia_hq.pdf,2,score-baixo,0.0304,0.0,78.17,126.58,272.78,199.84,350.95
Melhores Finais de Capablanca - Irving Chernev pt-br - Copia_hq.pdf,2,score-baixo,0.029,0.0,63.78,139.33,187.74,203.11,246.61
Melhores Finais de Capablanca - Irving Chernev pt-br - Copia_hq.pdf,2,score-baixo,0.0288,0.0,395.43,73.59,60.51,352.91,455.94
Melhores Finais de Capablanca - Irving Chernev pt-br - Copia_hq.pdf,2,score-baixo,0.0242,0.0,49.39,112.51,338.19,157.0,387.58
Melhores Finais de Capablanca - Irving Chernev pt-br - Copia_hq.pdf,2,score-baixo,0.0181,0.0,188.39,174.98,95.51,311.05,283.9
Melhores Finais de Capablanca - Irving Chernev pt-br - Copia_hq.pdf,2,score-baixo,0.0109,0.0,540.65,2.94,66.07,427.81,606.72
Melhores Finais de Capablanca - Irving Chernev pt-br - Copia_hq.pdf,2,score-baixo,0.0013,0.0,183.49,186.1,97.79,305.16,281.28
Melhores Finais de Capablanca - Irving Chernev pt-br - Copia_hq.pdf,2,sem-contraste-de-casa,0.5,0.0,363.71,59.53,66.72,423.23,399.03
Melhores Finais de Capablanca - Irving Chernev pt-br - Copia_hq.pdf,2,sem-contraste-de-casa,0.5,0.0,179.89,85.04,304.51,254.46,484.4
Melhores Finais de Capablanca - Irving Chernev pt-br - Copia_hq.pdf,3,aspecto,0.0,0.0,253.31,44.84,499.09,298.15,507.6
Melhores Finais de Capablanca - Irving Chernev pt-br - Copia_hq.pdf,3,aspecto,0.0,0.0,253.31,44.84,499.09,298.15,507.6
Melhores Finais de Capablanca - Irving Chernev pt-br - Copia_hq.pdf,5,aspecto,0.0,0.0,183.27,211.42,381.93,394.69,460.8
Melhores Finais de Capablanca - Irving Chernev pt-br - Copia_hq.pdf,5,aspecto,0.0,0.0,320.73,206.51,373.09,405.16,693.82
Melhores Finais de Capablanca - Irving Chernev pt-br - Copia_hq.pdf,5,aspecto,0.0,0.0,183.27,211.42,47.45,394.69,126.0
Melhores Finais de Capablanca - Irving Chernev pt-br - Copia_hq.pdf,5,aspecto,0.0,0.0,66.11,365.89,483.71,404.84,549.82
Melhores Finais de Capablanca - Irving Chernev pt-br - Copia_hq.pdf,5,aspecto,0.0,0.0,183.27,211.42,381.93,394.69,460.8
Melhores Finais de Capablanca - Irving Chernev pt-br - Copia_hq.pdf,5,aspecto,0.0,0.0,320.4,207.82,373.42,405.16,693.82
Melhores Finais de Capablanca - Irving Chernev pt-br - Copia_hq.pdf,5,aspecto,0.0,0.0,91.31,364.91,122.4,404.51,213.71
Melhores Finais de Capablanca - Irving Chernev pt-br - Copia_hq.pdf,5,aspecto,0.0,0.0,183.27,211.42,47.45,394.69,126.0
Melhores Finais de Capablanca - Irving Chernev pt-br - Copia_hq.pdf,5,aspecto,0.0,0.0,321.38,207.16,38.29,405.16,359.67
Melhores Finais de Capablanca - Irving Chernev pt-br - Copia_hq.pdf,5,score-baixo,0.0105,0.0,67.42,218.62,544.91,286.04,603.49
Melhores Finais de Capablanca - Irving Chernev pt-br - Copia_hq.pdf,5,score-baixo,0.0001,0.0,323.67,204.87,36.0,406.47,359.67
Melhores Finais de Capablanca - Irving Chernev pt-br - Copia_hq.pdf,5,score-baixo,0.0,0.0,324.0,204.87,370.47,406.47,694.47
Melhores Finais de Capablanca - Irving Chernev pt-br - Copia_hq.pdf,6,score-baixo,0.0052,0.0,54.0,258.22,202.25,301.42,256.25
Melhores Finais de Capablanca - Irving Chernev pt-br - Copia_hq.pdf,6,score-baixo,0.0034,0.0,68.73,213.05,225.82,264.76,294.55
Melhores Finais de Capablanca - Irving Chernev pt-br - Copia_hq.pdf,6,score-baixo,0.0021,0.0,93.93,295.85,255.27,364.25,349.2
Melhores Finais de Capablanca - Irving Chernev pt-br - Copia_hq.pdf,6,score-baixo,0.0014,0.0,60.87,217.31,233.67,260.51,294.55
Melhores Finais de Capablanca - Irving Chernev pt-br - Copia_hq.pdf,6,score-baixo,0.0001,0.0,73.96,257.56,183.6,305.35,257.56
Melhores Finais de Capablanca - Irving Chernev pt-br - Copia_hq.pdf,6,sem-contraste-de-casa,0.5,0.0,167.56,227.13,118.15,394.69,270.98
Melhores Finais de Capablanca - Irving Chernev pt-br - Copia_hq.pdf,326,sobreposicao,0.4737,0.0,209.78,58.91,471.27,265.42,681.05
Melhores Finais de Capablanca - Irving Chernev pt-br - Copia_hq.pdf,326,sem-contraste-de-casa,0.5,0.0,231.05,47.13,461.13,276.55,692.18
Melhores Finais de Capablanca - Irving Chernev pt-br - Copia_hq.pdf,391,score-baixo,0.0298,0.0,115.85,153.49,235.64,269.35,351.49
Mieses - Blind Schaken (1938).pdf,1,aspecto,0.0,0.0,199.27,113.21,537.28,312.49,548.73
Mieses - Blind Schaken (1938).pdf,1,aspecto,0.0,0.0,97.84,376.62,451.55,402.47,549.39
Mieses - Blind Schaken (1938).pdf,1,aspecto,0.0,0.0,128.27,144.63,348.48,272.89,378.91
Mieses - Blind Schaken (1938).pdf,1,aspecto,0.0,0.0,127.61,145.28,305.61,272.89,361.24
Mieses - Blind Schaken (1938).pdf,1,aspecto,0.0,0.0,128.27,144.95,304.96,273.22,376.29
Mieses - Blind Schaken (1938).pdf,1,aspecto,0.0,0.0,134.81,141.03,302.02,275.84,379.24
Mieses - Blind Schaken (1938).pdf,1,aspecto,0.0,0.0,134.81,141.35,302.34,276.17,379.24
Mieses - Blind Schaken (1938).pdf,1,aspecto,0.0,0.0,372.37,18.65,174.73,23.56,547.1
Mieses - Blind Schaken (1938).pdf,1,aspecto,0.0,0.0,531.06,44.83,14.07,117.47,545.13
Mieses - Blind Schaken (1938).pdf,1,aspecto,0.0,0.0,55.95,185.86,320.34,241.81,343.9
Mieses - Blind Schaken (1938).pdf,1,aspecto,0.0,0.0,129.9,143.97,315.43,273.88,376.62
Mieses - Blind Schaken (1938).pdf,1,aspecto,0.0,0.0,129.9,143.65,304.31,273.55,320.34
Mieses - Blind Schaken (1938).pdf,1,aspecto,0.0,0.0,134.81,141.35,302.34,276.17,379.24
Mieses - Blind Schaken (1938).pdf,1,aspecto,0.0,0.0,372.37,18.65,174.73,23.56,547.1
Mieses - Blind Schaken (1938).pdf,1,aspecto,0.0,0.0,538.26,44.83,12.11,348.48,550.37
Mieses - Blind Schaken (1938).pdf,1,score-baixo,0.0016,0.0,44.17,144.63,317.72,188.8,349.46
Mieses - Blind Schaken (1938).pdf,2,aspecto,0.0,0.0,89.01,124.35,218.27,166.57,307.28
Mieses - Blind Schaken (1938).pdf,2,aspecto,0.0,0.0,72.32,124.35,217.95,154.46,290.27
Mieses - Blind Schaken (1938).pdf,2,area-relativa,0.0188,0.0,49.09,214.35,259.18,256.56,308.26
Mieses - Blind Schaken (1938).pdf,2,area-relativa,0.0021,0.0,46.14,126.32,261.14,160.02,307.28
Mieses - Blind Schaken (1938).pdf,2,area-relativa,0.0003,0.0,54.0,219.25,256.56,254.92,310.56
Mieses - Blind Schaken (1938).pdf,2,sobreposicao,0.1509,0.0,162.97,107.01,186.86,269.98,323.32
Mieses - Blind Schaken (1938).pdf,2,score-baixo,0.0129,0.0,556.32,0.0,0.0,377.97,556.32
Mieses - Blind Schaken (1938).pdf,2,sem-contraste-de-casa,0.5,0.0,171.8,107.01,172.79,274.56,344.59
Mieses - Blind Schaken (1938).pdf,3,score-baixo,0.0133,0.0,554.31,-2.94,0.0,375.1,554.31
Mieses - Blind Schaken (1938).pdf,4,aspecto,0.0,0.0,498.38,367.48,23.23,375.34,521.61
Mieses - Blind Schaken (1938).pdf,4,aspecto,0.0,0.0,513.1,367.48,20.29,375.34,533.39
Mieses - Blind Schaken (1938).pdf,4,score-baixo,0.009,0.0,555.64,0.65,0.0,373.37,555.64
Mieses - Blind Schaken (1938).pdf,5,area-relativa,0.0989,0.0,87.36,115.5,358.94,202.87,446.31
Mieses - Blind Schaken (1938).pdf,5,area-relativa,0.0733,0.0,79.51,119.76,362.87,198.61,442.38
Mieses - Blind Schaken (1938).pdf,5,score-baixo,0.0107,0.0,554.94,-2.62,-0.33,371.05,554.61
Mieses - Blind Schaken (1938).pdf,6,area-relativa,0.0111,0.0,47.43,175.99,365.71,214.91,413.14
Mieses - Blind Schaken (1938).pdf,6,area-relativa,0.0035,0.0,54.3,175.33,359.17,214.91,413.47
Mieses - Blind Schaken (1938).pdf,6,score-baixo,0.0579,0.0,95.19,154.72,327.11,236.17,422.3
Mieses - Blind Schaken (1938).pdf,6,score-baixo,0.011,0.0,555.11,0.0,0.98,375.2,556.09
Mieses - Blind Schaken (1938).pdf,6,sem-contraste-de-casa,0.5,0.0,103.69,150.47,324.49,244.35,428.19
Mieses - Blind Schaken (1938).pdf,7,score-baixo,0.0103,0.0,555.11,0.0,0.0,375.52,555.11
Mieses - Blind Schaken (1938).pdf,8,aspecto,0.0,0.0,484.7,373.5,28.13,376.77,512.82
Mieses - Blind Schaken (1938).pdf,8,aspecto,0.0,0.0,495.82,373.5,25.51,376.77,521.33
Mieses - Blind Schaken (1938).pdf,8,score-baixo,0.0121,0.0,556.65,0.0,0.0,377.42,556.65
Mieses - Blind Schaken (1938).pdf,12,score-baixo,0.0112,0.0,557.35,0.0,0.0,376.47,557.35
Mieses - Blind Schaken (1938).pdf,18,aspecto,0.0,0.0,349.1,378.55,199.91,382.15,549.01
Mieses - Blind Schaken (1938).pdf,18,aspecto,0.0,0.0,354.01,378.55,195.0,382.15,549.01
Mieses - Blind Schaken (1938).pdf,18,score-baixo,0.0152,0.0,559.15,0.0,0.0,382.47,559.15
Mieses - Blind Schaken (1938).pdf,23,score-baixo,0.0018,0.0,553.03,0.0,0.0,355.82,553.03
Mieses - Blind Schaken (1938).pdf,29,aspecto,0.0,0.0,434.32,158.95,47.09,163.85,481.41
Mieses - Blind Schaken (1938).pdf,29,aspecto,0.0,0.0,434.32,158.95,47.09,163.85,481.41
Mieses - Blind Schaken (1938).pdf,29,score-baixo,0.0044,0.0,553.36,0.0,0.0,363.02,553.36
Mieses - Blind Schaken (1938).pdf,34,score-baixo,0.0082,0.0,557.39,0.0,0.0,371.92,557.39
Mieses - Blind Schaken (1938).pdf,40,score-baixo,0.0102,0.0,557.91,0.0,0.0,375.65,557.91
Mieses - Blind Schaken (1938).pdf,45,score-baixo,0.011,0.0,553.33,-1.96,0.0,371.5,553.33
Mieses - Blind Schaken (1938).pdf,51,area-relativa,0.026,0.0,49.71,164.18,323.13,213.24,372.84
Mieses - Blind Schaken (1938).pdf,51,area-relativa,0.0256,0.0,48.73,231.55,339.81,279.96,388.54
Mieses - Blind Schaken (1938).pdf,51,area-relativa,0.0052,0.0,48.73,199.17,363.35,247.91,402.6
Mieses - Blind Schaken (1938).pdf,51,area-relativa,0.0006,0.0,50.37,272.11,296.64,305.79,347.0
Mieses - Blind Schaken (1938).pdf,51,sobreposicao,0.2118,0.0,136.71,170.72,261.64,290.1,398.35
Mieses - Blind Schaken (1938).pdf,51,score-baixo,0.0099,0.0,555.99,-3.27,-0.33,370.22,555.66
Mieses - Blind Schaken (1938).pdf,51,score-baixo,0.0,0.0,112.18,191.0,259.35,260.66,371.53
Mieses - Blind Schaken (1938).pdf,56,aspecto,0.0,0.0,118.74,211.65,363.43,281.32,482.18
Mieses - Blind Schaken (1938).pdf,56,area-relativa,0.05,0.0,77.2,207.39,376.19,284.59,453.06
Mieses - Blind Schaken (1938).pdf,56,area-relativa,0.0322,0.0,56.59,221.79,416.1,278.38,472.36
Mieses - Blind Schaken (1938).pdf,56,area-relativa,0.0261,0.0,49.4,255.81,339.55,305.2,388.95
Mieses - Blind Schaken (1938).pdf,56,area-relativa,0.0243,0.0,49.72,272.49,372.92,321.23,422.64
Mieses - Blind Schaken (1938).pdf,56,area-relativa,0.0218,0.0,50.05,287.87,423.95,337.92,472.36
Mieses - Blind Schaken (1938).pdf,56,area-relativa,0.0006,0.0,50.05,314.04,381.75,347.4,431.8
Mieses - Blind Schaken (1938).pdf,56,score-baixo,0.1309,0.0,67.71,279.36,414.46,347.07,482.18
Mieses - Blind Schaken (1938).pdf,56,score-baixo,0.0063,0.0,560.03,0.0,0.0,369.97,560.03
Mieses - Blind Schaken (1938).pdf,62,score-baixo,0.0067,0.0,558.23,0.0,0.0,371.17,558.23
Mieses - Blind Schaken (1938).pdf,67,aspecto,0.0,0.0,67.09,271.29,264.74,305.65,331.83
Mieses - Blind Schaken (1938).pdf,67,area-relativa,0.0346,0.0,65.78,180.97,291.25,246.42,357.02
Mieses - Blind Schaken (1938).pdf,67,area-relativa,0.0134,0.0,50.72,213.69,239.22,259.18,289.94
Mieses - Blind Schaken (1938).pdf,67,area-relativa,0.0127,0.0,63.81,238.23,240.52,292.88,304.34
Mieses - Blind Schaken (1938).pdf,67,area-relativa,0.0009,0.0,50.72,221.54,315.14,255.91,365.86
Mieses - Blind Schaken (1938).pdf,67,area-relativa,0.0009,0.0,102.75,157.4,238.23,225.14,340.99
Mieses - Blind Schaken (1938).pdf,67,area-relativa,0.0009,0.0,51.38,220.24,231.36,254.92,282.74
Mieses - Blind Schaken (1938).pdf,67,sobreposicao,0.5954,0.0,135.81,170.49,231.03,306.3,366.51
Mieses - Blind Schaken (1938).pdf,67,score-baixo,0.0095,0.0,557.3,-5.89,0.33,367.5,557.62
Neumann - Traité élémentaire du jeu des échecs (1870).pdf,1,aspecto,0.0,0.0,108.29,259.11,618.98,367.4,636.65
Neumann - Traité élémentaire du jeu des échecs (1870).pdf,1,aspecto,0.0,0.0,108.29,259.11,618.98,367.4,636.65
Neumann - Traité élémentaire du jeu des échecs (1870).pdf,1,aspecto,0.0,0.0,79.17,182.88,79.5,262.05,97.49
Neumann - Traité élémentaire du jeu des échecs (1870).pdf,1,sobreposicao,0.1186,0.0,118.43,280.37,316.69,398.8,429.56
Neumann - Traité élémentaire du jeu des échecs (1870).pdf,1,score-baixo,0.0279,0.0,81.13,173.72,342.86,239.48,424.0
Neumann - Traité élémentaire du jeu des échecs (1870).pdf,1,score-baixo,0.0216,0.0,43.84,318.0,353.98,359.22,397.82
Neumann - Traité élémentaire du jeu des échecs (1870).pdf,1,score-baixo,0.018,0.0,68.38,328.47,406.33,396.84,464.89
Neumann - Traité élémentaire du jeu des échecs (1870).pdf,1,score-baixo,0.0005,0.0,48.75,239.81,374.92,272.52,423.67
Neumann - Traité élémentaire du jeu des échecs (1870).pdf,1,perdeu-para-embutido,0.5,0.0,137.08,138.39,307.2,275.47,443.3
Neumann - Traité élémentaire du jeu des échecs (1870).pdf,1,sem-contraste-de-casa,0.5,0.0,164.23,270.89,307.2,431.52,471.43
Neumann - Traité élémentaire du jeu des échecs (1870).pdf,2,score-baixo,0.0445,0.0,86.37,180.92,322.9,253.87,409.27
Neumann - Traité élémentaire du jeu des échecs (1870).pdf,2,score-baixo,0.0101,0.0,49.73,198.58,355.29,240.46,405.02
Neumann - Traité élémentaire du jeu des échecs (1870).pdf,2,sem-contraste-de-casa,0.5,0.0,99.78,171.76,315.71,262.71,415.49
Neumann - Traité élémentaire du jeu des échecs (1870).pdf,7,aspecto,0.0,0.0,475.36,219.85,107.96,223.12,583.32
Neumann - Traité élémentaire du jeu des échecs (1870).pdf,7,aspecto,0.0,0.0,515.93,222.47,68.05,492.37,583.98
Neumann - Traité élémentaire du jeu des échecs (1870).pdf,7,aspecto,0.0,0.0,319.63,61.83,72.96,381.46,106.65
Neumann - Traité élémentaire du jeu des échecs (1870).pdf,7,aspecto,0.0,0.0,475.36,219.85,107.96,223.12,583.32
Neumann - Traité élémentaire du jeu des échecs (1870).pdf,7,score-baixo,0.0003,0.0,511.67,60.52,72.3,382.12,583.98
Neumann - Traité élémentaire du jeu des échecs (1870).pdf,8,aspecto,0.0,0.0,439.7,167.83,86.04,173.72,525.74
Neumann - Traité élémentaire du jeu des échecs (1870).pdf,8,aspecto,0.0,0.0,439.7,167.83,86.04,173.72,525.74
Neumann - Traité élémentaire du jeu des échecs (1870).pdf,8,score-baixo,0.0089,0.0,483.87,48.75,41.55,371.65,525.41
Neumann - Traité élémentaire du jeu des échecs (1870).pdf,11,perdeu-para-embutido,0.5,0.0,135.44,160.31,301.31,295.75,435.45
Neumann - Traité élémentaire du jeu des échecs (1870).pdf,16,score-baixo,0.059,0.0,81.13,134.46,151.8,215.27,232.94
Neumann - Traité élémentaire du jeu des échecs (1870).pdf,16,score-baixo,0.0585,0.0,81.13,87.35,364.45,168.49,445.26
Neumann - Traité élémentaire du jeu des échecs (1870).pdf,16,score-baixo,0.0481,0.0,96.84,70.99,315.38,167.5,412.22
Neumann - Traité élémentaire du jeu des échecs (1870).pdf,16,score-baixo,0.0364,0.0,80.48,119.74,315.71,200.22,396.19
Neumann - Traité élémentaire du jeu des échecs (1870).pdf,16,score-baixo,0.0282,0.0,63.8,300.33,152.13,363.8,215.92
Neumann - Traité élémentaire du jeu des échecs (1870).pdf,16,score-baixo,0.0281,0.0,64.12,104.36,380.81,168.16,444.93
Neumann - Traité élémentaire du jeu des échecs (1870).pdf,16,score-baixo,0.0224,0.0,33.7,223.78,124.97,257.47,158.67
Neumann - Traité élémentaire du jeu des échecs (1870).pdf,16,score-baixo,0.0222,0.0,52.35,234.57,163.58,286.92,215.92
Neumann - Traité élémentaire du jeu des échecs (1870).pdf,16,perdeu-para-embutido,0.5,0.0,135.44,57.58,124.65,193.02,260.09
Neumann - Traité élémentaire du jeu des échecs (1870).pdf,16,perdeu-para-embutido,0.5,0.0,136.42,59.22,320.29,195.64,455.73
Neumann - Traité élémentaire du jeu des échecs (1870).pdf,16,perdeu-para-embutido,0.5,0.0,135.77,223.45,123.99,359.22,259.76
Neumann - Traité élémentaire du jeu des échecs (1870).pdf,26,aspecto,0.0,0.0,215.92,405.02,417.78,417.13,633.7
Neumann - Traité élémentaire du jeu des échecs (1870).pdf,26,aspecto,0.0,0.0,215.92,405.02,417.78,416.8,633.7
Neumann - Traité élémentaire du jeu des échecs (1870).pdf,26,score-baixo,0.0363,0.0,49.07,231.95,312.11,281.03,360.53
Neumann - Traité élémentaire du jeu des échecs (1870).pdf,26,score-baixo,0.0315,0.0,74.92,58.89,230.65,133.81,305.56
Neumann - Traité élémentaire du jeu des échecs (1870).pdf,26,score-baixo,0.0282,0.0,63.47,141.66,496.3,205.13,559.77
Neumann - Traité élémentaire du jeu des échecs (1870).pdf,26,score-baixo,0.027,0.0,65.76,57.25,224.76,123.01,290.52
Neumann - Traité élémentaire du jeu des échecs (1870).pdf,26,score-baixo,0.0268,0.0,64.12,257.15,369.03,321.27,432.5
Neumann - Traité élémentaire du jeu des échecs (1870).pdf,26,score-baixo,0.0259,0.0,60.52,62.16,274.81,122.68,335.01
Neumann - Traité élémentaire du jeu des échecs (1870).pdf,26,score-baixo,0.0254,0.0,60.52,61.51,209.38,122.03,269.9
Neumann - Traité élémentaire du jeu des échecs (1870).pdf,26,score-baixo,0.0005,0.0,49.07,147.55,265.65,196.62,298.69
Neumann - Traité élémentaire du jeu des échecs (1870).pdf,26,score-baixo,0.0003,0.0,54.64,364.78,17.99,419.42,53.98
Neumann - Traité élémentaire du jeu des échecs (1870).pdf,26,score-baixo,0.0003,0.0,49.07,281.03,311.78,330.1,344.17
Neumann - Traité élémentaire du jeu des échecs (1870).pdf,26,score-baixo,0.0003,0.0,49.07,131.52,233.59,180.59,265.98
Neumann - Traité élémentaire du jeu des échecs (1870).pdf,26,perdeu-para-embutido,0.5,0.0,134.13,64.78,199.24,198.91,333.05
Neumann - Traité élémentaire du jeu des échecs (1870).pdf,26,perdeu-para-embutido,0.5,0.0,139.04,63.47,435.45,201.86,574.49
Neumann - Traité élémentaire du jeu des échecs (1870).pdf,26,perdeu-para-embutido,0.5,0.0,135.12,229.66,293.13,364.78,427.27
Neumann - Traité élémentaire du jeu des échecs (1870).pdf,31,aspecto,0.0,0.0,67.07,239.48,436.1,306.55,471.76
Neumann - Traité élémentaire du jeu des échecs (1870).pdf,31,aspecto,0.0,0.0,143.29,236.53,288.23,379.83,352.02
Neumann - Traité élémentaire du jeu des échecs (1870).pdf,31,score-baixo,0.1029,0.0,136.42,71.97,132.17,208.4,262.38
Neumann - Traité élémentaire du jeu des échecs (1870).pdf,31,score-baixo,0.0958,0.0,124.97,223.12,463.58,348.09,586.27
Neumann - Traité élémentaire du jeu des échecs (1870).pdf,31,score-baixo,0.0833,0.0,108.94,299.68,206.44,407.64,315.38
Neumann - Traité élémentaire du jeu des échecs (1870).pdf,31,score-baixo,0.0588,0.0,143.95,229.01,188.12,351.04,332.06
Neumann - Traité élémentaire du jeu des échecs (1870).pdf,31,score-baixo,0.0577,0.0,83.43,298.69,413.53,381.79,496.95
Neumann - Traité élémentaire du jeu des échecs (1870).pdf,31,score-baixo,0.05,0.0,113.85,233.59,431.85,347.44,543.41
Neumann - Traité élémentaire du jeu des échecs (1870).pdf,31,score-baixo,0.0355,0.0,80.81,233.92,431.19,314.72,511.02
Neumann - Traité élémentaire du jeu des échecs (1870).pdf,31,score-baixo,0.0354,0.0,80.48,70.01,83.75,150.49,163.58
Neumann - Traité élémentaire du jeu des échecs (1870).pdf,31,score-baixo,0.0334,0.0,80.81,300.33,266.96,381.14,346.13
Neumann - Traité élémentaire du jeu des échecs (1870).pdf,31,score-baixo,0.0314,0.0,75.25,305.89,512.33,381.14,586.27
Neumann - Traité élémentaire du jeu des échecs (1870).pdf,31,score-baixo,0.029,0.0,64.45,119.09,83.43,183.54,147.87
Neumann - Traité élémentaire du jeu des échecs (1870).pdf,31,score-baixo,0.029,0.0,64.45,282.66,496.62,347.11,560.42
Neumann - Traité élémentaire du jeu des échecs (1870).pdf,31,score-baixo,0.0284,0.0,73.94,225.08,462.93,299.02,535.23
Neumann - Traité élémentaire du jeu des échecs (1870).pdf,31,score-baixo,0.0276,0.0,64.12,267.61,282.34,331.74,345.8
Neumann - Traité élémentaire du jeu des échecs (1870).pdf,31,score-baixo,0.0275,0.0,64.45,135.44,132.5,199.89,196.29
Neumann - Traité élémentaire du jeu des échecs (1870).pdf,31,score-baixo,0.0247,0.0,63.8,70.34,132.5,134.13,194.99
Neumann - Traité élémentaire du jeu des échecs (1870).pdf,31,score-baixo,0.0244,0.0,61.51,237.52,282.01,299.02,342.53
Neumann - Traité élémentaire du jeu des échecs (1870).pdf,31,score-baixo,0.0237,0.0,66.74,68.38,115.81,135.12,180.59
Neumann - Traité élémentaire du jeu des échecs (1870).pdf,31,score-baixo,0.0124,0.0,68.7,157.04,155.4,211.34,224.1
Neumann - Traité élémentaire du jeu des échecs (1870).pdf,31,score-baixo,0.0113,0.0,76.88,62.49,149.18,139.37,212.32
Neumann - Traité élémentaire du jeu des échecs (1870).pdf,31,score-baixo,0.0006,0.0,51.36,75.9,89.31,127.26,123.99
Neumann - Traité élémentaire du jeu des échecs (1870).pdf,31,perdeu-para-embutido,0.5,0.0,137.41,74.59,88.33,212.0,225.08
Neumann - Traité élémentaire du jeu des échecs (1870).pdf,31,perdeu-para-embutido,0.5,0.0,137.08,239.48,205.45,376.56,342.53
Neumann - Traité élémentaire du jeu des échecs (1870).pdf,31,perdeu-para-embutido,0.5,0.0,138.06,238.17,435.12,376.23,572.85
Neumann - Traité élémentaire du jeu des échecs (1870).pdf,35,score-baixo,0.0559,0.0,112.54,59.87,424.98,172.41,536.86
Neumann - Traité élémentaire du jeu des échecs (1870).pdf,35,score-baixo,0.0021,0.0,48.09,65.43,448.2,100.11,496.3
Neumann - Traité élémentaire du jeu des échecs (1870).pdf,35,perdeu-para-embutido,0.5,0.0,135.12,65.1,430.21,200.22,564.02
Neumann - Traité élémentaire du jeu des échecs (1870).pdf,40,score-baixo,0.0589,0.0,81.79,256.16,510.69,337.95,592.48
Neumann - Traité élémentaire du jeu des échecs (1870).pdf,40,score-baixo,0.0377,0.0,49.07,279.72,110.91,328.79,159.65
Neumann - Traité élémentaire du jeu des échecs (1870).pdf,40,score-baixo,0.0367,0.0,80.15,289.53,462.93,369.69,543.08
Neumann - Traité élémentaire du jeu des échecs (1870).pdf,40,score-baixo,0.0141,0.0,63.8,313.42,504.8,364.45,568.6
Neumann - Traité élémentaire du jeu des échecs (1870).pdf,40,perdeu-para-embutido,0.5,0.0,137.41,227.37,75.9,364.78,212.0
Neumann - Traité élémentaire du jeu des échecs (1870).pdf,40,perdeu-para-embutido,0.5,0.0,136.75,228.68,435.12,365.43,570.89
Neumann - Traité élémentaire du jeu des échecs (1870).pdf,45,aspecto,0.0,0.0,65.1,75.57,466.53,108.62,531.63
Neumann - Traité élémentaire du jeu des échecs (1870).pdf,45,score-baixo,0.0368,0.0,81.79,141.0,432.17,208.73,513.96
Neumann - Traité élémentaire du jeu des échecs (1870).pdf,45,score-baixo,0.0292,0.0,64.12,117.45,426.29,181.57,490.41
Neumann - Traité élémentaire du jeu des échecs (1870).pdf,45,score-baixo,0.0248,0.0,59.87,133.81,447.22,193.68,506.44
Neumann - Traité élémentaire du jeu des échecs (1870).pdf,45,perdeu-para-embutido,0.5,0.0,134.79,73.94,432.17,208.73,566.31
Neumann - Traité élémentaire du jeu des échecs (1870).pdf,50,sobreposicao,0.1257,0.0,128.9,262.05,376.56,390.95,505.13
Neumann - Traité élémentaire du jeu des échecs (1870).pdf,50,score-baixo,0.0584,0.0,80.48,95.2,98.15,175.68,178.63
Neumann - Traité élémentaire du jeu des échecs (1870).pdf,50,score-baixo,0.0493,0.0,51.36,151.47,170.45,202.84,221.81
Neumann - Traité élémentaire du jeu des échecs (1870).pdf,50,score-baixo,0.0387,0.0,79.83,128.25,147.55,208.07,227.37
Neumann - Traité élémentaire du jeu des échecs (1870).pdf,50,score-baixo,0.0271,0.0,62.49,310.8,394.22,373.29,456.38
Neumann - Traité élémentaire du jeu des échecs (1870).pdf,50,score-baixo,0.0236,0.0,61.18,65.43,130.86,126.61,192.04
Neumann - Traité élémentaire du jeu des échecs (1870).pdf,50,score-baixo,0.0114,0.0,58.56,118.76,149.84,177.32,201.86
Neumann - Traité élémentaire du jeu des échecs (1870).pdf,50,score-baixo,0.0005,0.0,48.42,335.01,480.92,367.4,529.34
Neumann - Traité élémentaire du jeu des échecs (1870).pdf,50,score-baixo,0.0002,0.0,49.4,252.57,416.47,301.97,448.86
Neumann - Traité élémentaire du jeu des échecs (1870).pdf,50,perdeu-para-embutido,0.5,0.0,133.81,68.7,87.68,202.18,221.49
Neumann - Traité élémentaire du jeu des échecs (1870).pdf,50,perdeu-para-embutido,0.5,0.0,134.79,234.24,398.15,369.03,531.63
Neumann - Traité élémentaire du jeu des échecs (1870).pdf,55,aspecto,0.0,0.0,66.74,59.87,425.96,95.86,492.7
Neumann - Traité élémentaire du jeu des échecs (1870).pdf,55,aspecto,0.0,0.0,140.68,223.78,361.18,364.45,436.1
Neumann - Traité élémentaire du jeu des échecs (1870).pdf,55,score-baixo,0.094,0.0,117.78,226.07,400.44,343.84,501.86
Neumann - Traité élémentaire du jeu des échecs (1870).pdf,55,score-baixo,0.0374,0.0,64.45,236.86,442.64,301.31,507.09
Neumann - Traité élémentaire du jeu des échecs (1870).pdf,55,score-baixo,0.0357,0.0,81.13,285.94,427.27,367.07,507.09
Neumann - Traité élémentaire du jeu des échecs (1870).pdf,55,score-baixo,0.0272,0.0,64.12,54.31,469.47,118.43,533.27
Neumann - Traité élémentaire du jeu des échecs (1870).pdf,55,perdeu-para-embutido,0.5,0.0,138.06,58.56,424.98,196.62,562.71
Neumann - Traité élémentaire du jeu des échecs (1870).pdf,55,perdeu-para-embutido,0.5,0.0,135.44,226.39,367.07,361.84,501.86
Neumann - Traité élémentaire du jeu des échecs (1870).pdf,60,score-baixo,0.0246,0.0,62.81,299.35,286.26,360.85,349.08
Neumann - Traité élémentaire du jeu des échecs (1870).pdf,60,score-baixo,0.002,0.0,89.97,298.04,273.5,360.53,363.47
Neumann - Traité élémentaire du jeu des échecs (1870).pdf,60,perdeu-para-embutido,0.5,0.0,138.06,53.33,122.36,190.41,260.42
Neumann - Traité élémentaire du jeu des échecs (1870).pdf,60,perdeu-para-embutido,0.5,0.0,137.08,219.52,258.45,356.6,394.88
Niemeijer - Zwarte Magie 100 zwarte dame‑problemen (1945).pdf,1,score-baixo,0.0009,0.0,1251.5,-0.33,1.96,797.04,1253.47
Niemeijer - Zwarte Magie 100 zwarte dame‑problemen (1945).pdf,2,score-baixo,0.0053,0.0,1243.44,2.62,1.31,820.67,1244.75
Niemeijer - Zwarte Magie 100 zwarte dame‑problemen (1945).pdf,3,score-baixo,0.0054,0.0,1257.16,0.0,-0.33,829.49,1256.83
Niemeijer - Zwarte Magie 100 zwarte dame‑problemen (1945).pdf,4,score-baixo,0.0041,0.0,1240.03,2.94,2.62,815.67,1242.65
Niemeijer - Zwarte Magie 100 zwarte dame‑problemen (1945).pdf,5,score-baixo,0.0045,0.0,1247.94,-3.93,1.96,815.06,1249.9
Niemeijer - Zwarte Magie 100 zwarte dame‑problemen (1945).pdf,6,score-baixo,0.0044,0.0,1241.64,1.96,1.31,814.67,1242.95
Niemeijer - Zwarte Magie 100 zwarte dame‑problemen (1945).pdf,7,aspecto,0.0,0.0,798.71,0.0,-0.98,798.71,20.94
Niemeijer - Zwarte Magie 100 zwarte dame‑problemen (1945).pdf,7,aspecto,0.0,0.0,165.89,510.44,666.19,676.34,699.9
Niemeijer - Zwarte Magie 100 zwarte dame‑problemen (1945).pdf,7,aspecto,0.0,0.0,798.71,0.0,-0.98,798.71,20.94
Niemeijer - Zwarte Magie 100 zwarte dame‑problemen (1945).pdf,8,aspecto,0.0,0.0,145.6,240.15,933.46,385.75,968.47
Niemeijer - Zwarte Magie 100 zwarte dame‑problemen (1945).pdf,8,score-baixo,0.0051,0.0,1240.36,0.98,1.64,815.67,1242.0
Niemeijer - Zwarte Magie 100 zwarte dame‑problemen (1945).pdf,11,score-baixo,0.0044,0.0,1245.57,-2.62,1.96,812.38,1247.53
Niemeijer - Zwarte Magie 100 zwarte dame‑problemen (1945).pdf,13,score-baixo,0.0043,0.0,1243.3,0.0,1.64,813.38,1244.94
Niemeijer - Zwarte Magie 100 zwarte dame‑problemen (1945).pdf,16,score-baixo,0.0073,0.0,1248.46,1.96,1.31,830.89,1249.77
Niemeijer - Zwarte Magie 100 zwarte dame‑problemen (1945).pdf,18,score-baixo,0.0053,0.0,1246.47,2.29,1.64,823.35,1248.11
Niemeijer - Zwarte Magie 100 zwarte dame‑problemen (1945).pdf,21,score-baixo,0.0034,0.0,1243.52,0.0,0.98,808.73,1244.5
Niemeijer - Zwarte Magie 100 zwarte dame‑problemen (1945).pdf,23,score-baixo,0.0047,0.0,1242.92,-5.23,3.93,810.73,1246.85
Niemeijer - Zwarte Magie 100 zwarte dame‑problemen (1945).pdf,26,score-baixo,0.0078,0.0,1245.79,0.0,1.64,828.67,1247.43
Niemeijer - Zwarte Magie 100 zwarte dame‑problemen (1945).pdf,26,score-baixo,0.002,0.0,303.6,599.01,242.42,802.83,546.01
Niemeijer - Zwarte Magie 100 zwarte dame‑problemen (1945).pdf,28,score-baixo,0.008,0.0,1243.85,0.0,2.29,829.35,1246.15
Niemeijer - Zwarte Magie 100 zwarte dame‑problemen (1945).pdf,31,score-baixo,0.0039,0.0,1248.43,-4.58,1.31,810.04,1249.73
"Polgar,_Laszlo_Chess_5334_Problems,_Combinations,_and_Games.pdf",1,aspecto,0.0,0.0,80.18,342.0,939.6,422.18,981.49
"Polgar,_Laszlo_Chess_5334_Problems,_Combinations,_and_Games.pdf",1,aspecto,0.0,0.0,158.73,91.64,570.76,250.36,632.62
"Polgar,_Laszlo_Chess_5334_Problems,_Combinations,_and_Games.pdf",1,aspecto,0.0,0.0,192.44,548.51,567.82,640.47,760.25
"Polgar,_Laszlo_Chess_5334_Problems,_Combinations,_and_Games.pdf",1,aspecto,0.0,0.0,259.2,188.84,251.67,448.04,270.98
"Polgar,_Laszlo_Chess_5334_Problems,_Combinations,_and_Games.pdf",1,aspecto,0.0,0.0,85.42,476.51,213.71,561.93,252.98
"Polgar,_Laszlo_Chess_5334_Problems,_Combinations,_and_Games.pdf",1,aspecto,0.0,0.0,119.45,137.78,211.75,257.24,249.71
"Polgar,_Laszlo_Chess_5334_Problems,_Combinations,_and_Games.pdf",1,aspecto,0.0,0.0,170.51,257.24,210.76,427.75,250.36
"Polgar,_Laszlo_Chess_5334_Problems,_Combinations,_and_Games.pdf",1,aspecto,0.0,0.0,135.16,284.07,59.24,313.2,194.4
"Polgar,_Laszlo_Chess_5334_Problems,_Combinations,_and_Games.pdf",1,aspecto,0.0,0.0,156.44,486.33,50.07,572.07,206.51
"Polgar,_Laszlo_Chess_5334_Problems,_Combinations,_and_Games.pdf",1,aspecto,0.0,0.0,153.82,405.49,50.73,484.36,204.55
"Polgar,_Laszlo_Chess_5334_Problems,_Combinations,_and_Games.pdf",1,aspecto,0.0,0.0,163.64,483.05,46.47,575.67,210.11
"Polgar,_Laszlo_Chess_5334_Problems,_Combinations,_and_Games.pdf",1,aspecto,0.0,0.0,312.22,175.09,47.45,487.31,207.16
"Polgar,_Laszlo_Chess_5334_Problems,_Combinations,_and_Games.pdf",1,aspecto,0.0,0.0,1000.47,0.98,0.0,4.91,1000.47
"Polgar,_Laszlo_Chess_5334_Problems,_Combinations,_and_Games.pdf",1,aspecto,0.0,0.0,212.4,429.71,745.53,642.11,854.51
"Polgar,_Laszlo_Chess_5334_Problems,_Combinations,_and_Games.pdf",1,aspecto,0.0,0.0,158.73,92.95,570.76,251.67,632.95
"Polgar,_Laszlo_Chess_5334_Problems,_Combinations,_and_Games.pdf",1,aspecto,0.0,0.0,192.44,541.96,567.82,640.47,760.25
"Polgar,_Laszlo_Chess_5334_Problems,_Combinations,_and_Games.pdf",1,aspecto,0.0,0.0,260.18,188.51,251.67,448.69,270.98
"Polgar,_Laszlo_Chess_5334_Problems,_Combinations,_and_Games.pdf",1,aspecto,0.0,0.0,85.42,476.51,213.71,561.93,252.98
"Polgar,_Laszlo_Chess_5334_Problems,_Combinations,_and_Games.pdf",1,aspecto,0.0,0.0,119.45,137.78,211.75,257.24,249.71
"Polgar,_Laszlo_Chess_5334_Problems,_Combinations,_and_Games.pdf",1,aspecto,0.0,0.0,170.18,257.56,211.09,427.75,250.36
"Polgar,_Laszlo_Chess_5334_Problems,_Combinations,_and_Games.pdf",1,aspecto,0.0,0.0,134.18,284.07,59.89,313.2,194.07
"Polgar,_Laszlo_Chess_5334_Problems,_Combinations,_and_Games.pdf",1,aspecto,0.0,0.0,156.44,486.65,50.07,572.07,206.51
"Polgar,_Laszlo_Chess_5334_Problems,_Combinations,_and_Games.pdf",1,aspecto,0.0,0.0,153.49,405.16,51.05,484.36,204.55
"Polgar,_Laszlo_Chess_5334_Problems,_Combinations,_and_Games.pdf",1,aspecto,0.0,0.0,163.64,483.05,46.47,575.67,210.11
"Polgar,_Laszlo_Chess_5334_Problems,_Combinations,_and_Games.pdf",1,aspecto,0.0,0.0,312.22,175.09,47.45,487.31,207.16
"Polgar,_Laszlo_Chess_5334_Problems,_Combinations,_and_Games.pdf",1,aspecto,0.0,0.0,1000.47,0.98,0.0,4.91,1000.47
"Polgar,_Laszlo_Chess_5334_Problems,_Combinations,_and_Games.pdf",1,sobreposicao,0.2155,0.0,263.13,270.98,457.2,518.73,720.33
"Polgar,_Laszlo_Chess_5334_Problems,_Combinations,_and_Games.pdf",1,score-baixo,0.0726,0.0,222.22,392.07,852.55,614.29,1046.29
"Polgar,_Laszlo_Chess_5334_Problems,_Combinations,_and_Games.pdf",1,score-baixo,0.0487,0.0,113.89,189.49,900.98,303.38,1014.55
"Polgar,_Laszlo_Chess_5334_Problems,_Combinations,_and_Games.pdf",1,score-baixo,0.0377,0.0,147.27,177.71,53.67,296.84,200.95
"Polgar,_Laszlo_Chess_5334_Problems,_Combinations,_and_Games.pdf",1,score-baixo,0.0364,0.0,324.98,11.45,477.49,336.44,714.11
"Polgar,_Laszlo_Chess_5334_Problems,_Combinations,_and_Games.pdf",1,score-baixo,0.031,0.0,99.82,343.31,673.85,432.98,773.67
"Polgar,_Laszlo_Chess_5334_Problems,_Combinations,_and_Games.pdf",1,score-baixo,0.0216,0.0,99.16,160.69,713.78,256.25,812.95
"Polgar,_Laszlo_Chess_5334_Problems,_Combinations,_and_Games.pdf",1,score-baixo,0.007,0.0,357.38,256.91,811.96,614.29,1053.16
"Polgar,_Laszlo_Chess_5334_Problems,_Combinations,_and_Games.pdf",1,score-baixo,0.0055,0.0,128.62,136.47,720.0,265.09,816.55
"Polgar,_Laszlo_Chess_5334_Problems,_Combinations,_and_Games.pdf",1,score-baixo,0.005,0.0,161.35,62.84,46.8,175.42,208.15
"Polgar,_Laszlo_Chess_5334_Problems,_Combinations,_and_Games.pdf",1,score-baixo,0.0044,0.0,147.93,300.11,53.67,402.87,201.6
"Polgar,_Laszlo_Chess_5334_Problems,_Combinations,_and_Games.pdf",1,score-baixo,0.0,0.0,92.95,322.69,373.42,381.93,466.36
"Polgar,_Laszlo_Chess_5334_Problems,_Combinations,_and_Games.pdf",1,sem-contraste-de-casa,0.5,0.0,294.87,270.98,438.22,558.33,733.09
"Polgar,_Laszlo_Chess_5334_Problems,_Combinations,_and_Games.pdf",2,score-baixo,0.0715,0.0,197.67,268.36,392.73,466.04,590.4
"Polgar,_Laszlo_Chess_5334_Problems,_Combinations,_and_Games.pdf",2,score-baixo,0.0541,0.0,139.42,326.62,452.62,466.04,592.04
"Polgar,_Laszlo_Chess_5334_Problems,_Combinations,_and_Games.pdf",92,sobreposicao,0.3248,0.0,327.27,324.98,662.4,652.25,989.35
"Polgar,_Laszlo_Chess_5334_Problems,_Combinations,_and_Games.pdf",92,sobreposicao,0.2355,0.0,300.76,324.98,79.2,625.75,379.64
"Polgar,_Laszlo_Chess_5334_Problems,_Combinations,_and_Games.pdf",92,sobreposicao,0.2255,0.0,300.76,324.65,662.4,625.42,962.18
"Polgar,_Laszlo_Chess_5334_Problems,_Combinations,_and_Games.pdf",92,sobreposicao,0.2233,0.0,297.16,325.31,370.8,622.47,667.96
"Polgar,_Laszlo_Chess_5334_Problems,_Combinations,_and_Games.pdf",92,sobreposicao,0.2209,0.0,297.49,18.0,79.2,315.16,376.69
"Polgar,_Laszlo_Chess_5334_Problems,_Combinations,_and_Games.pdf",92,sobreposicao,0.2128,0.0,300.44,18.0,662.4,318.44,962.84
"Polgar,_Laszlo_Chess_5334_Problems,_Combinations,_and_Games.pdf",92,sobreposicao,0.2031,0.0,297.49,18.0,370.8,315.49,668.29
"Polgar,_Laszlo_Chess_5334_Problems,_Combinations,_and_Games.pdf",92,sobreposicao,0.1758,0.0,236.95,-11.45,49.75,225.49,286.69
"Polgar,_Laszlo_Chess_5334_Problems,_Combinations,_and_Games.pdf",92,score-baixo,0.0906,0.0,207.16,414.98,460.47,622.15,667.64
"Polgar,_Laszlo_Chess_5334_Problems,_Combinations,_and_Games.pdf",92,score-baixo,0.0892,0.0,208.15,107.35,459.82,315.16,667.96
"Polgar,_Laszlo_Chess_5334_Problems,_Combinations,_and_Games.pdf",92,score-baixo,0.0871,0.0,207.16,108.0,169.2,315.16,376.36
"Polgar,_Laszlo_Chess_5334_Problems,_Combinations,_and_Games.pdf",92,score-baixo,0.0868,0.0,207.49,325.31,79.53,532.8,286.69
"Polgar,_Laszlo_Chess_5334_Problems,_Combinations,_and_Games.pdf",92,score-baixo,0.0853,0.0,207.16,415.31,169.2,622.15,376.36
"Polgar,_Laszlo_Chess_5334_Problems,_Combinations,_and_Games.pdf",92,score-baixo,0.0835,0.0,197.67,325.31,380.62,522.98,578.29
"Polgar,_Laszlo_Chess_5334_Problems,_Combinations,_and_Games.pdf",92,score-baixo,0.0814,0.0,207.16,415.31,752.07,622.15,959.24
"Polgar,_Laszlo_Chess_5334_Problems,_Combinations,_and_Games.pdf",92,score-baixo,0.08,0.0,207.16,18.0,662.73,225.16,869.56
"Polgar,_Laszlo_Chess_5334_Problems,_Combinations,_and_Games.pdf",92,score-baixo,0.0798,0.0,197.67,108.0,761.56,305.35,959.24
"Polgar,_Laszlo_Chess_5334_Problems,_Combinations,_and_Games.pdf",92,score-baixo,0.0751,0.0,207.82,18.0,370.8,225.49,578.62
"Polgar,_Laszlo_Chess_5334_Problems,_Combinations,_and_Games.pdf",92,score-baixo,0.0691,0.0,177.71,354.76,691.53,531.82,869.24
"Polgar,_Laszlo_Chess_5334_Problems,_Combinations,_and_Games.pdf",92,score-baixo,0.065,0.0,178.04,108.33,461.78,286.36,638.51
"Polgar,_Laszlo_Chess_5334_Problems,_Combinations,_and_Games.pdf",92,score-baixo,0.0587,0.0,147.6,325.31,662.4,472.91,810.0
"Polgar,_Laszlo_Chess_5334_Problems,_Combinations,_and_Games.pdf",92,score-baixo,0.0582,0.0,147.93,18.0,370.8,165.93,518.73
"Polgar,_Laszlo_Chess_5334_Problems,_Combinations,_and_Games.pdf",92,score-baixo,0.058,0.0,147.27,474.87,811.96,622.15,959.24
"Polgar,_Laszlo_Chess_5334_Problems,_Combinations,_and_Games.pdf",92,score-baixo,0.0579,0.0,147.6,325.31,79.53,472.91,227.13
"Polgar,_Laszlo_Chess_5334_Problems,_Combinations,_and_Games.pdf",92,score-baixo,0.0569,0.0,147.27,474.87,229.09,622.15,376.36
"Polgar,_Laszlo_Chess_5334_Problems,_Combinations,_and_Games.pdf",92,score-baixo,0.0566,0.0,147.6,325.31,370.8,472.58,518.4
"Polgar,_Laszlo_Chess_5334_Problems,_Combinations,_and_Games.pdf",92,score-baixo,0.0558,0.0,147.6,167.56,520.36,315.16,667.64
"Polgar,_Laszlo_Chess_5334_Problems,_Combinations,_and_Games.pdf",92,score-baixo,0.0548,0.0,147.27,167.89,229.09,315.16,376.36
"Polgar,_Laszlo_Chess_5334_Problems,_Combinations,_and_Games.pdf",92,score-baixo,0.0546,0.0,147.93,474.55,520.04,622.47,667.64
"Polgar,_Laszlo_Chess_5334_Problems,_Combinations,_and_Games.pdf",92,score-baixo,0.0531,0.0,147.93,18.0,662.4,165.93,810.33
"Polgar,_Laszlo_Chess_5334_Problems,_Combinations,_and_Games.pdf",92,score-baixo,0.0516,0.0,178.36,47.45,108.65,224.84,287.02
"Polgar,_Laszlo_Chess_5334_Problems,_Combinations,_and_Games.pdf",92,score-baixo,0.0457,0.0,137.45,167.89,821.78,305.35,959.24
"Polgar,_Laszlo_Chess_5334_Problems,_Combinations,_and_Games.pdf",92,score-baixo,0.0322,0.0,58.25,354.44,108.65,412.69,166.91
"Polgar,_Laszlo_Chess_5334_Problems,_Combinations,_and_Games.pdf",92,score-baixo,0.0311,0.0,58.25,354.44,691.53,412.36,749.78
"Polgar,_Laszlo_Chess_5334_Problems,_Combinations,_and_Games.pdf",92,score-baixo,0.0311,0.0,58.25,354.44,399.93,412.36,458.18
"Polgar,_Laszlo_Chess_5334_Problems,_Combinations,_and_Games.pdf",92,score-baixo,0.03,0.0,57.93,535.42,289.64,593.35,347.56
"Polgar,_Laszlo_Chess_5334_Problems,_Combinations,_and_Games.pdf",92,score-baixo,0.0288,0.0,58.25,535.09,580.91,593.35,638.84
"Polgar,_Laszlo_Chess_5334_Problems,_Combinations,_and_Games.pdf",92,score-baixo,0.0288,0.0,58.25,228.11,580.91,286.36,638.84
"Polgar,_Laszlo_Chess_5334_Problems,_Combinations,_and_Games.pdf",92,score-baixo,0.0285,0.0,87.05,227.78,288.98,314.84,376.04
"Polgar,_Laszlo_Chess_5334_Problems,_Combinations,_and_Games.pdf",92,score-baixo,0.0284,0.0,87.71,18.33,662.73,106.04,750.44
"Polgar,_Laszlo_Chess_5334_Problems,_Combinations,_and_Games.pdf",92,score-baixo,0.0283,0.0,87.71,18.33,79.85,106.04,167.56
"Polgar,_Laszlo_Chess_5334_Problems,_Combinations,_and_Games.pdf",92,score-baixo,0.0282,0.0,87.05,18.65,371.45,105.71,458.51
"Polgar,_Laszlo_Chess_5334_Problems,_Combinations,_and_Games.pdf",92,score-baixo,0.0281,0.0,58.58,47.13,108.65,105.71,166.91
"Polgar,_Laszlo_Chess_5334_Problems,_Combinations,_and_Games.pdf",92,score-baixo,0.0281,0.0,87.05,534.76,871.85,621.82,958.91
"Polgar,_Laszlo_Chess_5334_Problems,_Combinations,_and_Games.pdf",92,score-baixo,0.0279,0.0,86.73,227.78,871.85,314.51,958.58
"Polgar,_Laszlo_Chess_5334_Problems,_Combinations,_and_Games.pdf",92,score-baixo,0.0274,0.0,87.38,325.64,79.85,413.02,167.24
"Polgar,_Laszlo_Chess_5334_Problems,_Combinations,_and_Games.pdf",92,score-baixo,0.0272,0.0,87.38,227.45,579.93,314.84,667.31
"Polgar,_Laszlo_Chess_5334_Problems,_Combinations,_and_Games.pdf",92,score-baixo,0.0271,0.0,87.38,534.44,579.93,621.82,667.31
"Polgar,_Laszlo_Chess_5334_Problems,_Combinations,_and_Games.pdf",92,score-baixo,0.027,0.0,87.38,325.64,662.73,413.02,750.11
"Polgar,_Laszlo_Chess_5334_Problems,_Combinations,_and_Games.pdf",92,score-baixo,0.027,0.0,87.38,325.64,371.13,413.02,458.51
"Polgar,_Laszlo_Chess_5334_Problems,_Combinations,_and_Games.pdf",92,score-baixo,0.0265,0.0,87.38,534.44,288.65,621.82,376.04
"Polgar,_Laszlo_Chess_5334_Problems,_Combinations,_and_Games.pdf",183,sobreposicao,0.2907,0.0,339.05,-43.53,602.84,295.53,929.78
"Polgar,_Laszlo_Chess_5334_Problems,_Combinations,_and_Games.pdf",183,sobreposicao,0.2288,0.0,300.76,324.98,79.2,625.75,379.96
"Polgar,_Laszlo_Chess_5334_Problems,_Combinations,_and_Games.pdf",183,sobreposicao,0.2216,0.0,297.49,18.0,79.2,315.49,376.69
"Polgar,_Laszlo_Chess_5334_Problems,_Combinations,_and_Games.pdf",183,sobreposicao,0.2159,0.0,287.02,48.11,702.33,335.13,989.02
"Polgar,_Laszlo_Chess_5334_Problems,_Combinations,_and_Games.pdf",183,sobreposicao,0.2031,0.0,297.82,17.67,370.47,315.49,668.29
"Polgar,_Laszlo_Chess_5334_Problems,_Combinations,_and_Games.pdf",183,sobreposicao,0.1516,0.0,236.95,-11.45,49.75,225.49,286.69
"Polgar,_Laszlo_Chess_5334_Problems,_Combinations,_and_Games.pdf",183,score-baixo,0.0961,0.0,208.15,414.98,463.75,622.8,671.89
"Polgar,_Laszlo_Chess_5334_Problems,_Combinations,_and_Games.pdf",183,score-baixo,0.0871,0.0,207.16,108.0,169.2,315.16,376.36
"Polgar,_Laszlo_Chess_5334_Problems,_Combinations,_and_Games.pdf",183,score-baixo,0.0862,0.0,207.49,107.67,460.8,315.16,667.64
"Polgar,_Laszlo_Chess_5334_Problems,_Combinations,_and_Games.pdf",183,score-baixo,0.0834,0.0,207.16,415.31,169.2,622.15,376.36
"Polgar,_Laszlo_Chess_5334_Problems,_Combinations,_and_Games.pdf",183,score-baixo,0.0676,0.0,178.04,355.09,108.65,532.15,286.69
"Polgar,_Laszlo_Chess_5334_Problems,_Combinations,_and_Games.pdf",183,score-baixo,0.06,0.0,178.04,354.76,399.93,531.82,577.96
"Polgar,_Laszlo_Chess_5334_Problems,_Combinations,_and_Games.pdf",183,score-baixo,0.058,0.0,147.27,474.87,229.09,622.15,376.36
"Polgar,_Laszlo_Chess_5334_Problems,_Combinations,_and_Games.pdf",183,score-baixo,0.0566,0.0,147.6,325.31,370.8,472.58,518.4
"Polgar,_Laszlo_Chess_5334_Problems,_Combinations,_and_Games.pdf",183,score-baixo,0.0558,0.0,147.6,167.56,520.36,315.16,667.64
"Polgar,_Laszlo_Chess_5334_Problems,_Combinations,_and_Games.pdf",183,score-baixo,0.0553,0.0,147.27,167.89,229.09,315.16,376.36
"Polgar,_Laszlo_Chess_5334_Problems,_Combinations,_and_Games.pdf",183,score-baixo,0.0519,0.0,138.11,334.8,79.53,472.91,216.98
"Polgar,_Laszlo_Chess_5334_Problems,_Combinations,_and_Games.pdf",183,score-baixo,0.0514,0.0,178.04,47.45,399.93,224.51,577.96
"Polgar,_Laszlo_Chess_5334_Problems,_Combinations,_and_Games.pdf",183,score-baixo,0.0505,0.0,136.15,476.18,530.18,612.33,666.0
"Polgar,_Laszlo_Chess_5334_Problems,_Combinations,_and_Games.pdf",183,score-baixo,0.0502,0.0,147.6,167.89,811.96,315.49,959.56
"Polgar,_Laszlo_Chess_5334_Problems,_Combinations,_and_Games.pdf",183,score-baixo,0.05,0.0,137.78,474.87,821.45,612.0,959.24
"Polgar,_Laszlo_Chess_5334_Problems,_Combinations,_and_Games.pdf",183,score-baixo,0.0355,0.0,131.56,349.2,225.82,480.76,357.38
"Polgar,_Laszlo_Chess_5334_Problems,_Combinations,_and_Games.pdf",183,score-baixo,0.0322,0.0,58.25,354.44,108.65,412.69,166.91
"Polgar,_Laszlo_Chess_5334_Problems,_Combinations,_and_Games.pdf",183,score-baixo,0.0318,0.0,149.89,349.85,792.65,491.89,942.55
"Polgar,_Laszlo_Chess_5334_Problems,_Combinations,_and_Games.pdf",183,score-baixo,0.0311,0.0,58.25,354.44,399.93,412.36,458.18
"Polgar,_Laszlo_Chess_5334_Problems,_Combinations,_and_Games.pdf",183,score-baixo,0.0299,0.0,238.91,355.09,399.93,575.02,638.84
"Polgar,_Laszlo_Chess_5334_Problems,_Combinations,_and_Games.pdf",183,score-baixo,0.0288,0.0,58.25,228.11,580.91,286.36,638.84
"Polgar,_Laszlo_Chess_5334_Problems,_Combinations,_and_Games.pdf",183,score-baixo,0.0285,0.0,87.05,227.78,288.98,314.84,376.04
"Polgar,_Laszlo_Chess_5334_Problems,_Combinations,_and_Games.pdf",183,score-baixo,0.0284,0.0,87.71,18.33,662.73,106.04,750.44
"Polgar,_Laszlo_Chess_5334_Problems,_Combinations,_and_Games.pdf",183,score-baixo,0.028,0.0,58.58,47.13,108.65,105.71,166.91
"Polgar,_Laszlo_Chess_5334_Problems,_Combinations,_and_Games.pdf",183,score-baixo,0.0279,0.0,87.71,18.33,79.85,106.04,167.56
"Polgar,_Laszlo_Chess_5334_Problems,_Combinations,_and_Games.pdf",183,score-baixo,0.0275,0.0,58.25,535.09,580.91,593.35,638.84
"Polgar,_Laszlo_Chess_5334_Problems,_Combinations,_and_Games.pdf",183,score-baixo,0.0274,0.0,87.38,325.64,79.85,413.02,167.24
"Polgar,_Laszlo_Chess_5334_Problems,_Combinations,_and_Games.pdf",183,score-baixo,0.0272,0.0,87.38,227.45,579.93,314.84,667.31
"Polgar,_Laszlo_Chess_5334_Problems,_Combinations,_and_Games.pdf",183,score-baixo,0.0271,0.0,87.38,534.44,579.93,621.82,667.31
"Polgar,_Laszlo_Chess_5334_Problems,_Combinations,_and_Games.pdf",183,score-baixo,0.0271,0.0,87.38,325.64,371.13,413.02,458.51
"Polgar,_Laszlo_Chess_5334_Problems,_Combinations,_and_Games.pdf",183,score-baixo,0.0253,0.0,101.13,349.85,547.53,450.98,648.65
"Polgar,_Laszlo_Chess_5334_Problems,_Combinations,_and_Games.pdf",183,score-baixo,0.0241,0.0,87.05,534.76,288.98,621.82,376.04
"Polgar,_Laszlo_Chess_5334_Problems,_Combinations,_and_Games.pdf",183,score-baixo,0.0036,0.0,58.25,47.13,399.93,105.38,445.09
"Polgar,_Laszlo_Chess_5334_Problems,_Combinations,_and_Games.pdf",274,sobreposicao,0.3502,0.0,327.27,295.2,340.69,622.47,667.96
"Polgar,_Laszlo_Chess_5334_Problems,_Combinations,_and_Games.pdf",274,sobreposicao,0.2343,0.0,297.49,18.0,370.8,315.16,668.29
"Polgar,_Laszlo_Chess_5334_Problems,_Combinations,_and_Games.pdf",274,sobreposicao,0.2158,0.0,298.15,18.0,78.87,315.16,377.02
"Polgar,_Laszlo_Chess_5334_Problems,_Combinations,_and_Games.pdf",274,sobreposicao,0.2027,0.0,297.16,324.98,662.4,622.15,959.56
"Polgar,_Laszlo_Chess_5334_Problems,_Combinations,_and_Games.pdf",274,sobreposicao,0.2023,0.0,297.16,18.0,662.4,315.16,959.56
"Polgar,_Laszlo_Chess_5334_Problems,_Combinations,_and_Games.pdf",274,score-baixo,0.0901,0.0,207.16,414.98,460.8,622.15,667.64
"Polgar,_Laszlo_Chess_5334_Problems,_Combinations,_and_Games.pdf",274,score-baixo,0.0893,0.0,207.49,325.31,79.53,532.8,286.69
"Polgar,_Laszlo_Chess_5334_Problems,_Combinations,_and_Games.pdf",274,score-baixo,0.0885,0.0,207.82,414.98,168.87,622.15,376.69
"Polgar,_Laszlo_Chess_5334_Problems,_Combinations,_and_Games.pdf",274,score-baixo,0.0873,0.0,207.49,325.31,662.4,532.8,869.56
"Polgar,_Laszlo_Chess_5334_Problems,_Combinations,_and_Games.pdf",274,score-baixo,0.0866,0.0,207.49,18.0,79.53,225.49,287.02
"Polgar,_Laszlo_Chess_5334_Problems,_Combinations,_and_Games.pdf",274,score-baixo,0.0856,0.0,207.49,107.67,460.8,315.16,667.64
"Polgar,_Laszlo_Chess_5334_Problems,_Combinations,_and_Games.pdf",274,score-baixo,0.0751,0.0,207.16,108.0,752.07,315.16,959.24
"Polgar,_Laszlo_Chess_5334_Problems,_Combinations,_and_Games.pdf",274,score-baixo,0.0701,0.0,178.36,47.45,400.25,225.16,578.62
"Polgar,_Laszlo_Chess_5334_Problems,_Combinations,_and_Games.pdf",274,score-baixo,0.0699,0.0,178.04,415.96,460.8,593.02,638.84
"Polgar,_Laszlo_Chess_5334_Problems,_Combinations,_and_Games.pdf",274,score-baixo,0.0665,0.0,178.04,108.33,169.2,286.04,347.24
"Polgar,_Laszlo_Chess_5334_Problems,_Combinations,_and_Games.pdf",274,score-baixo,0.063,0.0,178.04,415.64,752.07,593.02,930.11
"Polgar,_Laszlo_Chess_5334_Problems,_Combinations,_and_Games.pdf",274,score-baixo,0.0604,0.0,147.27,167.89,811.96,315.16,959.24
"Polgar,_Laszlo_Chess_5334_Problems,_Combinations,_and_Games.pdf",274,score-baixo,0.059,0.0,147.6,474.55,228.76,622.15,376.36
"Polgar,_Laszlo_Chess_5334_Problems,_Combinations,_and_Games.pdf",274,score-baixo,0.0585,0.0,147.93,18.0,79.53,165.93,227.13
"Polgar,_Laszlo_Chess_5334_Problems,_Combinations,_and_Games.pdf",274,score-baixo,0.0579,0.0,147.27,474.87,811.96,622.15,959.24
"Polgar,_Laszlo_Chess_5334_Problems,_Combinations,_and_Games.pdf",274,score-baixo,0.0579,0.0,147.6,325.31,79.53,472.91,227.13
"Polgar,_Laszlo_Chess_5334_Problems,_Combinations,_and_Games.pdf",274,score-baixo,0.0568,0.0,147.93,18.0,370.8,165.93,518.73
"Polgar,_Laszlo_Chess_5334_Problems,_Combinations,_and_Games.pdf",274,score-baixo,0.0566,0.0,147.6,325.31,370.8,472.58,518.4
"Polgar,_Laszlo_Chess_5334_Problems,_Combinations,_and_Games.pdf",274,score-baixo,0.0563,0.0,147.6,325.31,662.4,472.58,810.0
"Polgar,_Laszlo_Chess_5334_Problems,_Combinations,_and_Games.pdf",274,score-baixo,0.056,0.0,178.04,47.78,691.85,225.16,869.89
"Polgar,_Laszlo_Chess_5334_Problems,_Combinations,_and_Games.pdf",274,score-baixo,0.0558,0.0,147.6,167.56,520.36,315.16,667.64
"Polgar,_Laszlo_Chess_5334_Problems,_Combinations,_and_Games.pdf",274,score-baixo,0.055,0.0,144.33,478.15,520.36,622.47,664.69
"Polgar,_Laszlo_Chess_5334_Problems,_Combinations,_and_Games.pdf",274,score-baixo,0.0546,0.0,147.27,167.89,229.09,315.16,376.36
"Polgar,_Laszlo_Chess_5334_Problems,_Combinations,_and_Games.pdf",274,score-baixo,0.0466,0.0,139.75,26.18,662.4,165.93,802.15
"Polgar,_Laszlo_Chess_5334_Problems,_Combinations,_and_Games.pdf",274,score-baixo,0.0463,0.0,175.09,425.78,684.0,600.87,859.09
"Polgar,_Laszlo_Chess_5334_Problems,_Combinations,_and_Games.pdf",274,score-baixo,0.0322,0.0,58.25,354.44,108.65,412.69,166.91
"Polgar,_Laszlo_Chess_5334_Problems,_Combinations,_and_Games.pdf",274,score-baixo,0.0311,0.0,58.25,354.44,691.53,412.36,749.78
"Polgar,_Laszlo_Chess_5334_Problems,_Combinations,_and_Games.pdf",274,score-baixo,0.0311,0.0,58.25,354.44,399.93,412.36,458.18
"Polgar,_Laszlo_Chess_5334_Problems,_Combinations,_and_Games.pdf",274,score-baixo,0.0288,0.0,58.25,535.09,580.91,593.35,638.84
"Polgar,_Laszlo_Chess_5334_Problems,_Combinations,_and_Games.pdf",274,score-baixo,0.0288,0.0,58.25,228.11,580.91,286.36,638.84
"Polgar,_Laszlo_Chess_5334_Problems,_Combinations,_and_Games.pdf",274,score-baixo,0.0285,0.0,87.05,227.78,288.98,314.84,376.04
"Polgar,_Laszlo_Chess_5334_Problems,_Combinations,_and_Games.pdf",274,score-baixo,0.0284,0.0,87.71,18.33,662.73,106.04,750.44
"Polgar,_Laszlo_Chess_5334_Problems,_Combinations,_and_Games.pdf",274,score-baixo,0.0281,0.0,87.05,534.76,871.85,621.82,958.91
"Polgar,_Laszlo_Chess_5334_Problems,_Combinations,_and_Games.pdf",274,score-baixo,0.0279,0.0,86.73,227.78,871.85,314.51,958.58
"Polgar,_Laszlo_Chess_5334_Problems,_Combinations,_and_Games.pdf",274,score-baixo,0.0274,0.0,87.38,325.64,79.85,413.02,167.24
"Polgar,_Laszlo_Chess_5334_Problems,_Combinations,_and_Games.pdf",274,score-baixo,0.0272,0.0,87.38,227.45,579.93,314.84,667.31
"Polgar,_Laszlo_Chess_5334_Problems,_Combinations,_and_Games.pdf",274,score-baixo,0.0271,0.0,87.38,534.44,579.93,621.82,667.31
"Polgar,_Laszlo_Chess_5334_Problems,_Combinations,_and_Games.pdf",274,score-baixo,0.0265,0.0,87.38,325.64,662.73,413.02,750.11
"Polgar,_Laszlo_Chess_5334_Problems,_Combinations,_and_Games.pdf",274,score-baixo,0.0265,0.0,87.38,325.64,371.13,413.02,458.51
"Polgar,_Laszlo_Chess_5334_Problems,_Combinations,_and_Games.pdf",274,score-baixo,0.0263,0.0,87.71,18.33,371.13,106.04,458.84
"Polgar,_Laszlo_Chess_5334_Problems,_Combinations,_and_Games.pdf",274,score-baixo,0.0241,0.0,87.05,534.76,288.98,621.82,376.04
"Polgar,_Laszlo_Chess_5334_Problems,_Combinations,_and_Games.pdf",274,score-baixo,0.0098,0.0,119.45,72.33,789.05,172.47,908.51
"Polgar,_Laszlo_Chess_5334_Problems,_Combinations,_and_Games.pdf",274,score-baixo,0.0035,0.0,58.91,47.13,108.65,106.04,154.15
"Polgar,_Laszlo_Chess_5334_Problems,_Combinations,_and_Games.pdf",365,sobreposicao,0.3194,0.0,327.27,-11.45,49.42,315.49,376.69
"Polgar,_Laszlo_Chess_5334_Problems,_Combinations,_and_Games.pdf",365,sobreposicao,0.3027,0.0,327.27,-11.78,632.29,315.16,959.56
"Polgar,_Laszlo_Chess_5334_Problems,_Combinations,_and_Games.pdf",365,sobreposicao,0.2343,0.0,297.49,18.0,370.8,315.16,668.29
"Polgar,_Laszlo_Chess_5334_Problems,_Combinations,_and_Games.pdf",365,sobreposicao,0.2235,0.0,299.45,324.98,79.2,624.44,378.33
"Polgar,_Laszlo_Chess_5334_Problems,_Combinations,_and_Games.pdf",365,sobreposicao,0.2234,0.0,297.49,324.98,662.4,622.47,959.56
"Polgar,_Laszlo_Chess_5334_Problems,_Combinations,_and_Games.pdf",365,sobreposicao,0.2222,0.0,297.49,18.0,79.2,315.49,376.69
"Polgar,_Laszlo_Chess_5334_Problems,_Combinations,_and_Games.pdf",365,sobreposicao,0.2187,0.0,297.16,325.31,370.8,622.47,667.96
"Polgar,_Laszlo_Chess_5334_Problems,_Combinations,_and_Games.pdf",365,score-baixo,0.0891,0.0,207.16,414.98,460.47,622.15,667.64
"Polgar,_Laszlo_Chess_5334_Problems,_Combinations,_and_Games.pdf",365,score-baixo,0.0874,0.0,210.44,18.33,79.53,228.76,289.96
"Polgar,_Laszlo_Chess_5334_Problems,_Combinations,_and_Games.pdf",365,score-baixo,0.0873,0.0,207.49,325.31,662.4,532.8,869.56
"Polgar,_Laszlo_Chess_5334_Problems,_Combinations,_and_Games.pdf",365,score-baixo,0.0871,0.0,207.16,108.0,169.2,315.16,376.36
"Polgar,_Laszlo_Chess_5334_Problems,_Combinations,_and_Games.pdf",365,score-baixo,0.0868,0.0,207.49,325.31,79.53,532.8,286.69
"Polgar,_Laszlo_Chess_5334_Problems,_Combinations,_and_Games.pdf",365,score-baixo,0.0851,0.0,207.16,415.31,169.2,622.15,376.36
"Polgar,_Laszlo_Chess_5334_Problems,_Combinations,_and_Games.pdf",365,score-baixo,0.084,0.0,200.95,331.85,370.8,532.47,571.75
"Polgar,_Laszlo_Chess_5334_Problems,_Combinations,_and_Games.pdf",365,score-baixo,0.0716,0.0,178.04,108.33,752.07,286.04,930.11
"Polgar,_Laszlo_Chess_5334_Problems,_Combinations,_and_Games.pdf",365,score-baixo,0.0679,0.0,178.36,47.45,400.25,225.16,578.62
"Polgar,_Laszlo_Chess_5334_Problems,_Combinations,_and_Games.pdf",365,score-baixo,0.0633,0.0,177.71,416.29,752.73,593.02,930.44
"Polgar,_Laszlo_Chess_5334_Problems,_Combinations,_and_Games.pdf",365,score-baixo,0.0619,0.0,178.04,108.65,460.8,285.71,638.84
"Polgar,_Laszlo_Chess_5334_Problems,_Combinations,_and_Games.pdf",365,score-baixo,0.0604,0.0,147.27,167.89,811.96,315.16,959.24
"Polgar,_Laszlo_Chess_5334_Problems,_Combinations,_and_Games.pdf",365,score-baixo,0.0599,0.0,147.93,167.56,520.04,315.49,667.64
"Polgar,_Laszlo_Chess_5334_Problems,_Combinations,_and_Games.pdf",365,score-baixo,0.058,0.0,147.27,474.87,811.96,622.15,959.24
"Polgar,_Laszlo_Chess_5334_Problems,_Combinations,_and_Games.pdf",365,score-baixo,0.0579,0.0,147.6,325.31,79.53,472.91,227.13
"Polgar,_Laszlo_Chess_5334_Problems,_Combinations,_and_Games.pdf",365,score-baixo,0.0576,0.0,147.6,325.31,662.4,472.58,810.0
"Polgar,_Laszlo_Chess_5334_Problems,_Combinations,_and_Games.pdf",365,score-baixo,0.0566,0.0,147.6,325.31,370.8,472.58,518.4
"Polgar,_Laszlo_Chess_5334_Problems,_Combinations,_and_Games.pdf",365,score-baixo,0.0548,0.0,147.27,474.87,229.09,622.15,376.36
"Polgar,_Laszlo_Chess_5334_Problems,_Combinations,_and_Games.pdf",365,score-baixo,0.0548,0.0,147.93,18.0,662.4,165.93,810.33
"Polgar,_Laszlo_Chess_5334_Problems,_Combinations,_and_Games.pdf",365,score-baixo,0.0546,0.0,147.93,474.55,520.04,622.47,667.64
"Polgar,_Laszlo_Chess_5334_Problems,_Combinations,_and_Games.pdf",365,score-baixo,0.0536,0.0,147.27,167.89,229.09,315.16,376.36
"Polgar,_Laszlo_Chess_5334_Problems,_Combinations,_and_Games.pdf",365,score-baixo,0.0506,0.0,147.93,18.0,79.53,165.93,227.45
"Polgar,_Laszlo_Chess_5334_Problems,_Combinations,_and_Games.pdf",365,score-baixo,0.05,0.0,144.33,17.02,377.35,161.35,518.73
"Polgar,_Laszlo_Chess_5334_Problems,_Combinations,_and_Games.pdf",365,score-baixo,0.0399,0.0,144.0,70.04,704.29,211.75,848.29
"Polgar,_Laszlo_Chess_5334_Problems,_Combinations,_and_Games.pdf",365,score-baixo,0.0322,0.0,58.25,354.44,108.65,412.69,166.91
"Polgar,_Laszlo_Chess_5334_Problems,_Combinations,_and_Games.pdf",365,score-baixo,0.0315,0.0,58.58,47.13,108.65,105.71,166.91
"Polgar,_Laszlo_Chess_5334_Problems,_Combinations,_and_Games.pdf",365,score-baixo,0.0311,0.0,58.25,354.44,399.93,412.36,458.18
"Polgar,_Laszlo_Chess_5334_Problems,_Combinations,_and_Games.pdf",365,score-baixo,0.0288,0.0,58.25,535.09,580.91,593.35,638.84
"Polgar,_Laszlo_Chess_5334_Problems,_Combinations,_and_Games.pdf",365,score-baixo,0.0285,0.0,87.05,227.78,288.98,314.84,376.04
"Polgar,_Laszlo_Chess_5334_Problems,_Combinations,_and_Games.pdf",365,score-baixo,0.0284,0.0,87.38,227.45,579.93,314.84,667.31
"Polgar,_Laszlo_Chess_5334_Problems,_Combinations,_and_Games.pdf",365,score-baixo,0.0284,0.0,87.71,18.33,662.73,106.04,750.44
"Polgar,_Laszlo_Chess_5334_Problems,_Combinations,_and_Games.pdf",365,score-baixo,0.0281,0.0,87.05,534.76,871.85,621.82,958.91
"Polgar,_Laszlo_Chess_5334_Problems,_Combinations,_and_Games.pdf",365,score-baixo,0.0279,0.0,86.73,227.78,871.85,314.51,958.58
"Polgar,_Laszlo_Chess_5334_Problems,_Combinations,_and_Games.pdf",365,score-baixo,0.0274,0.0,87.38,325.64,79.85,413.02,167.24
"Polgar,_Laszlo_Chess_5334_Problems,_Combinations,_and_Games.pdf",365,score-baixo,0.0274,0.0,58.25,228.11,580.91,286.36,638.84
"Polgar,_Laszlo_Chess_5334_Problems,_Combinations,_and_Games.pdf",365,score-baixo,0.0273,0.0,87.71,18.33,79.85,106.04,167.56
"Polgar,_Laszlo_Chess_5334_Problems,_Combinations,_and_Games.pdf",365,score-baixo,0.0271,0.0,87.38,534.44,579.93,621.82,667.31
"Polgar,_Laszlo_Chess_5334_Problems,_Combinations,_and_Games.pdf",365,score-baixo,0.0269,0.0,87.05,18.65,371.45,105.71,458.51
"Polgar,_Laszlo_Chess_5334_Problems,_Combinations,_and_Games.pdf",365,score-baixo,0.0264,0.0,87.38,325.64,371.13,413.02,458.51
"Polgar,_Laszlo_Chess_5334_Problems,_Combinations,_and_Games.pdf",365,score-baixo,0.0264,0.0,87.38,325.64,662.73,413.02,750.11
"Polgar,_Laszlo_Chess_5334_Problems,_Combinations,_and_Games.pdf",365,score-baixo,0.0264,0.0,58.25,354.44,691.53,412.36,749.78
"Polgar,_Laszlo_Chess_5334_Problems,_Combinations,_and_Games.pdf",365,score-baixo,0.0241,0.0,87.05,534.76,288.98,621.82,376.04
"Polgar,_Laszlo_Chess_5334_Problems,_Combinations,_and_Games.pdf",365,score-baixo,0.0195,0.0,237.93,47.13,691.85,285.05,909.16
"Polgar,_Laszlo_Chess_5334_Problems,_Combinations,_and_Games.pdf",456,sobreposicao,0.4696,0.0,357.05,-11.45,49.42,345.27,406.47
"Polgar,_Laszlo_Chess_5334_Problems,_Combinations,_and_Games.pdf",456,sobreposicao,0.4301,0.0,357.38,18.0,370.8,375.05,728.18
"Polgar,_Laszlo_Chess_5334_Problems,_Combinations,_and_Games.pdf",456,sobreposicao,0.3295,0.0,327.27,18.0,662.4,345.27,989.35
"Polgar,_Laszlo_Chess_5334_Problems,_Combinations,_and_Games.pdf",456,sobreposicao,0.2206,0.0,297.16,325.31,370.8,622.47,667.96
"Polgar,_Laszlo_Chess_5334_Problems,_Combinations,_and_Games.pdf",456,sobreposicao,0.2027,0.0,297.16,324.98,662.4,622.15,959.56
"Polgar,_Laszlo_Chess_5334_Problems,_Combinations,_and_Games.pdf",456,sobreposicao,0.202,0.0,296.84,48.11,692.18,344.95,989.02
"Polgar,_Laszlo_Chess_5334_Problems,_Combinations,_and_Games.pdf",456,score-baixo,0.1165,0.0,118.15,354.44,108.65,472.58,226.8
"Polgar,_Laszlo_Chess_5334_Problems,_Combinations,_and_Games.pdf",456,score-baixo,0.1014,0.0,177.38,295.85,49.75,472.91,227.13
"Polgar,_Laszlo_Chess_5334_Problems,_Combinations,_and_Games.pdf",456,score-baixo,0.0895,0.0,207.16,414.98,460.47,622.15,667.64
"Polgar,_Laszlo_Chess_5334_Problems,_Combinations,_and_Games.pdf",456,score-baixo,0.0876,0.0,207.82,325.31,370.47,532.8,578.29
"Polgar,_Laszlo_Chess_5334_Problems,_Combinations,_and_Games.pdf",456,score-baixo,0.0873,0.0,207.49,325.31,662.4,532.8,869.56
"Polgar,_Laszlo_Chess_5334_Problems,_Combinations,_and_Games.pdf",456,score-baixo,0.0865,0.0,207.16,415.31,169.2,622.15,376.36
"Polgar,_Laszlo_Chess_5334_Problems,_Combinations,_and_Games.pdf",456,score-baixo,0.0851,0.0,207.16,415.31,752.07,622.15,959.24
"Polgar,_Laszlo_Chess_5334_Problems,_Combinations,_and_Games.pdf",456,score-baixo,0.0824,0.0,207.82,324.98,79.2,532.8,286.69
"Polgar,_Laszlo_Chess_5334_Problems,_Combinations,_and_Games.pdf",456,score-baixo,0.0751,0.0,207.82,18.0,370.8,225.49,578.62
"Polgar,_Laszlo_Chess_5334_Problems,_Combinations,_and_Games.pdf",456,score-baixo,0.0585,0.0,178.04,47.78,691.85,225.16,869.89
"Polgar,_Laszlo_Chess_5334_Problems,_Combinations,_and_Games.pdf",456,score-baixo,0.0582,0.0,147.27,167.89,229.09,315.16,376.36
"Polgar,_Laszlo_Chess_5334_Problems,_Combinations,_and_Games.pdf",456,score-baixo,0.058,0.0,147.27,474.87,811.96,622.15,959.24
"Polgar,_Laszlo_Chess_5334_Problems,_Combinations,_and_Games.pdf",456,score-baixo,0.058,0.0,147.27,474.87,229.09,622.15,376.36
"Polgar,_Laszlo_Chess_5334_Problems,_Combinations,_and_Games.pdf",456,score-baixo,0.0565,0.0,147.6,325.31,370.8,472.58,518.4
"Polgar,_Laszlo_Chess_5334_Problems,_Combinations,_and_Games.pdf",456,score-baixo,0.0563,0.0,147.6,325.31,662.4,472.58,810.0
"Polgar,_Laszlo_Chess_5334_Problems,_Combinations,_and_Games.pdf",456,score-baixo,0.0558,0.0,147.6,474.55,520.36,622.15,667.64
"Polgar,_Laszlo_Chess_5334_Problems,_Combinations,_and_Games.pdf",456,score-baixo,0.0557,0.0,147.6,18.0,662.4,165.6,810.0
"Polgar,_Laszlo_Chess_5334_Problems,_Combinations,_and_Games.pdf",456,score-baixo,0.0554,0.0,147.93,18.0,79.53,165.93,227.13
"Polgar,_Laszlo_Chess_5334_Problems,_Combinations,_and_Games.pdf",456,score-baixo,0.05,0.0,147.93,18.0,370.8,165.93,518.73
"Polgar,_Laszlo_Chess_5334_Problems,_Combinations,_and_Games.pdf",456,score-baixo,0.0457,0.0,137.45,167.89,821.78,305.35,959.24
"Polgar,_Laszlo_Chess_5334_Problems,_Combinations,_and_Games.pdf",456,score-baixo,0.0388,0.0,171.16,431.35,685.64,602.51,856.8
"Polgar,_Laszlo_Chess_5334_Problems,_Combinations,_and_Games.pdf",456,score-baixo,0.0315,0.0,58.58,47.13,108.65,105.71,166.91
"Polgar,_Laszlo_Chess_5334_Problems,_Combinations,_and_Games.pdf",456,score-baixo,0.0311,0.0,58.25,354.44,691.53,412.36,749.78
"Polgar,_Laszlo_Chess_5334_Problems,_Combinations,_and_Games.pdf",456,score-baixo,0.0311,0.0,58.25,354.44,399.93,412.36,458.18
"Polgar,_Laszlo_Chess_5334_Problems,_Combinations,_and_Games.pdf",456,score-baixo,0.0288,0.0,58.25,535.09,580.91,593.35,638.84
"Polgar,_Laszlo_Chess_5334_Problems,_Combinations,_and_Games.pdf",456,score-baixo,0.0288,0.0,58.25,228.11,580.91,286.36,638.84
"Polgar,_Laszlo_Chess_5334_Problems,_Combinations,_and_Games.pdf",456,score-baixo,0.0285,0.0,87.05,227.78,288.98,314.84,376.04
"Polgar,_Laszlo_Chess_5334_Problems,_Combinations,_and_Games.pdf",456,score-baixo,0.0281,0.0,87.05,534.76,871.85,621.82,958.91
"Polgar,_Laszlo_Chess_5334_Problems,_Combinations,_and_Games.pdf",456,score-baixo,0.0279,0.0,86.73,227.78,871.85,314.51,958.58
"Polgar,_Laszlo_Chess_5334_Problems,_Combinations,_and_Games.pdf",456,score-baixo,0.0274,0.0,87.05,18.65,371.45,105.71,458.51
"Polgar,_Laszlo_Chess_5334_Problems,_Combinations,_and_Games.pdf",456,score-baixo,0.0273,0.0,87.71,18.33,79.85,106.04,167.56
"Polgar,_Laszlo_Chess_5334_Problems,_Combinations,_and_Games.pdf",456,score-baixo,0.0272,0.0,87.38,227.45,579.93,314.84,667.31
"Polgar,_Laszlo_Chess_5334_Problems,_Combinations,_and_Games.pdf",456,score-baixo,0.0271,0.0,87.38,534.44,579.93,621.82,667.31
"Polgar,_Laszlo_Chess_5334_Problems,_Combinations,_and_Games.pdf",456,score-baixo,0.0264,0.0,87.38,325.64,662.73,413.02,750.11
"Polgar,_Laszlo_Chess_5334_Problems,_Combinations,_and_Games.pdf",456,score-baixo,0.0264,0.0,87.38,325.64,371.13,413.02,458.51
"Polgar,_Laszlo_Chess_5334_Problems,_Combinations,_and_Games.pdf",456,score-baixo,0.0241,0.0,87.05,534.76,288.98,621.82,376.04
"Polgar,_Laszlo_Chess_5334_Problems,_Combinations,_and_Games.pdf",547,sobreposicao,0.3408,0.0,327.6,18.0,370.8,345.6,698.4
"Polgar,_Laszlo_Chess_5334_Problems,_Combinations,_and_Games.pdf",547,sobreposicao,0.3275,0.0,327.27,18.0,79.2,345.27,406.47
"Polgar,_Laszlo_Chess_5334_Problems,_Combinations,_and_Games.pdf",547,sobreposicao,0.2362,0.0,297.49,18.0,662.07,315.49,959.56
"Polgar,_Laszlo_Chess_5334_Problems,_Combinations,_and_Games.pdf",547,sobreposicao,0.236,0.0,297.49,324.98,662.07,622.47,959.56
"Polgar,_Laszlo_Chess_5334_Problems,_Combinations,_and_Games.pdf",547,sobreposicao,0.1744,0.0,236.95,415.31,752.07,651.93,989.02
"Polgar,_Laszlo_Chess_5334_Problems,_Combinations,_and_Games.pdf",547,score-baixo,0.1185,0.0,177.05,167.56,520.04,344.62,697.09
"Polgar,_Laszlo_Chess_5334_Problems,_Combinations,_and_Games.pdf",547,score-baixo,0.112,0.0,118.15,168.22,521.02,286.36,638.84
"Polgar,_Laszlo_Chess_5334_Problems,_Combinations,_and_Games.pdf",547,score-baixo,0.1032,0.0,176.73,167.89,229.09,344.62,405.82
"Polgar,_Laszlo_Chess_5334_Problems,_Combinations,_and_Games.pdf",547,score-baixo,0.0925,0.0,207.49,18.0,662.4,225.49,869.89
"Polgar,_Laszlo_Chess_5334_Problems,_Combinations,_and_Games.pdf",547,score-baixo,0.0876,0.0,207.82,325.31,370.47,532.8,578.29
"Polgar,_Laszlo_Chess_5334_Problems,_Combinations,_and_Games.pdf",547,score-baixo,0.0873,0.0,207.49,325.31,662.4,532.8,869.56
"Polgar,_Laszlo_Chess_5334_Problems,_Combinations,_and_Games.pdf",547,score-baixo,0.0784,0.0,203.89,414.98,464.07,618.87,667.64
"Polgar,_Laszlo_Chess_5334_Problems,_Combinations,_and_Games.pdf",547,score-baixo,0.0751,0.0,207.82,18.0,370.8,225.49,578.62
"Polgar,_Laszlo_Chess_5334_Problems,_Combinations,_and_Games.pdf",547,score-baixo,0.0689,0.0,178.04,108.33,752.07,286.04,930.11
"Polgar,_Laszlo_Chess_5334_Problems,_Combinations,_and_Games.pdf",547,score-baixo,0.0676,0.0,178.04,355.09,108.65,532.15,286.69
"Polgar,_Laszlo_Chess_5334_Problems,_Combinations,_and_Games.pdf",547,score-baixo,0.0643,0.0,150.55,167.89,229.09,318.44,379.64
"Polgar,_Laszlo_Chess_5334_Problems,_Combinations,_and_Games.pdf",547,score-baixo,0.0635,0.0,233.67,366.55,101.78,600.22,335.45
"Polgar,_Laszlo_Chess_5334_Problems,_Combinations,_and_Games.pdf",547,score-baixo,0.0622,0.0,177.71,47.45,108.65,224.84,286.36
"Polgar,_Laszlo_Chess_5334_Problems,_Combinations,_and_Games.pdf",547,score-baixo,0.0579,0.0,147.6,325.31,79.53,472.91,227.13
"Polgar,_Laszlo_Chess_5334_Problems,_Combinations,_and_Games.pdf",547,score-baixo,0.0574,0.0,147.27,474.87,229.09,622.15,376.36
"Polgar,_Laszlo_Chess_5334_Problems,_Combinations,_and_Games.pdf",547,score-baixo,0.0568,0.0,147.93,18.0,370.8,165.93,518.73
"Polgar,_Laszlo_Chess_5334_Problems,_Combinations,_and_Games.pdf",547,score-baixo,0.0566,0.0,147.6,325.31,370.8,472.58,518.4
"Polgar,_Laszlo_Chess_5334_Problems,_Combinations,_and_Games.pdf",547,score-baixo,0.0564,0.0,144.0,171.16,811.96,315.16,955.96
"Polgar,_Laszlo_Chess_5334_Problems,_Combinations,_and_Games.pdf",547,score-baixo,0.0563,0.0,147.6,325.31,662.4,472.58,810.0
"Polgar,_Laszlo_Chess_5334_Problems,_Combinations,_and_Games.pdf",547,score-baixo,0.0554,0.0,147.93,18.0,79.53,165.93,227.13
"Polgar,_Laszlo_Chess_5334_Problems,_Combinations,_and_Games.pdf",547,score-baixo,0.0546,0.0,147.93,474.55,520.04,622.47,667.64
"Polgar,_Laszlo_Chess_5334_Problems,_Combinations,_and_Games.pdf",547,score-baixo,0.054,0.0,147.93,18.0,662.4,165.93,810.33
"Polgar,_Laszlo_Chess_5334_Problems,_Combinations,_and_Games.pdf",547,score-baixo,0.0322,0.0,58.25,354.44,108.65,412.69,166.91
"Polgar,_Laszlo_Chess_5334_Problems,_Combinations,_and_Games.pdf",547,score-baixo,0.0315,0.0,58.58,47.13,108.65,105.71,166.91
"Polgar,_Laszlo_Chess_5334_Problems,_Combinations,_and_Games.pdf",547,score-baixo,0.0311,0.0,58.25,354.44,691.53,412.36,749.78
"Polgar,_Laszlo_Chess_5334_Problems,_Combinations,_and_Games.pdf",547,score-baixo,0.0311,0.0,58.25,354.44,399.93,412.36,458.18
"Polgar,_Laszlo_Chess_5334_Problems,_Combinations,_and_Games.pdf",547,score-baixo,0.0288,0.0,58.25,535.09,580.91,593.35,638.84
"Polgar,_Laszlo_Chess_5334_Problems,_Combinations,_and_Games.pdf",547,score-baixo,0.0284,0.0,87.71,18.33,662.73,106.04,750.44
"Polgar,_Laszlo_Chess_5334_Problems,_Combinations,_and_Games.pdf",547,score-baixo,0.0281,0.0,87.05,534.76,871.85,621.82,958.91
"Polgar,_Laszlo_Chess_5334_Problems,_Combinations,_and_Games.pdf",547,score-baixo,0.0279,0.0,86.73,227.78,871.85,314.51,958.58
"Polgar,_Laszlo_Chess_5334_Problems,_Combinations,_and_Games.pdf",547,score-baixo,0.0276,0.0,87.71,18.33,79.85,106.04,167.56
"Polgar,_Laszlo_Chess_5334_Problems,_Combinations,_and_Games.pdf",547,score-baixo,0.0274,0.0,87.38,325.64,79.85,413.02,167.24
"Polgar,_Laszlo_Chess_5334_Problems,_Combinations,_and_Games.pdf",547,score-baixo,0.0271,0.0,87.38,534.44,579.93,621.82,667.31
"Polgar,_Laszlo_Chess_5334_Problems,_Combinations,_and_Games.pdf",547,score-baixo,0.0264,0.0,87.38,325.64,371.13,413.02,458.51
"Polgar,_Laszlo_Chess_5334_Problems,_Combinations,_and_Games.pdf",547,score-baixo,0.0263,0.0,87.38,325.64,662.73,413.02,750.11
"Polgar,_Laszlo_Chess_5334_Problems,_Combinations,_and_Games.pdf",547,score-baixo,0.0263,0.0,87.71,18.33,371.13,106.04,458.84
"Polgar,_Laszlo_Chess_5334_Problems,_Combinations,_and_Games.pdf",547,score-baixo,0.0241,0.0,87.05,534.76,288.98,621.82,376.04
"Polgar,_Laszlo_Chess_5334_Problems,_Combinations,_and_Games.pdf",730,sobreposicao,0.3996,0.0,353.78,18.0,665.67,371.78,1019.45
"Polgar,_Laszlo_Chess_5334_Problems,_Combinations,_and_Games.pdf",730,sobreposicao,0.331,0.0,327.27,-11.78,341.02,315.16,668.29
"Polgar,_Laszlo_Chess_5334_Problems,_Combinations,_and_Games.pdf",730,sobreposicao,0.308,0.0,326.62,18.33,666.0,344.95,992.29
"Polgar,_Laszlo_Chess_5334_Problems,_Combinations,_and_Games.pdf",730,sobreposicao,0.2611,0.0,301.42,324.98,79.2,626.4,380.62
"Polgar,_Laszlo_Chess_5334_Problems,_Combinations,_and_Games.pdf",730,sobreposicao,0.2508,0.0,267.05,-41.24,19.96,225.49,287.02
"Polgar,_Laszlo_Chess_5334_Problems,_Combinations,_and_Games.pdf",730,sobreposicao,0.246,0.0,297.49,18.0,79.2,315.16,376.69
"Polgar,_Laszlo_Chess_5334_Problems,_Combinations,_and_Games.pdf",730,sobreposicao,0.1729,0.0,177.38,47.13,691.2,224.51,855.82
"Polgar,_Laszlo_Chess_5334_Problems,_Combinations,_and_Games.pdf",730,sobreposicao,0.1696,0.0,237.6,295.2,49.42,532.8,286.69
"Polgar,_Laszlo_Chess_5334_Problems,_Combinations,_and_Games.pdf",730,score-baixo,0.104,0.0,118.47,47.13,108.65,165.6,226.8
"Polgar,_Laszlo_Chess_5334_Problems,_Combinations,_and_Games.pdf",730,score-baixo,0.0861,0.0,207.82,107.67,460.47,315.49,667.64
"Polgar,_Laszlo_Chess_5334_Problems,_Combinations,_and_Games.pdf",730,score-baixo,0.0825,0.0,207.49,415.31,168.87,621.82,376.36
"Polgar,_Laszlo_Chess_5334_Problems,_Combinations,_and_Games.pdf",730,score-baixo,0.081,0.0,207.16,415.31,752.07,622.15,959.24
"Polgar,_Laszlo_Chess_5334_Problems,_Combinations,_and_Games.pdf",730,score-baixo,0.0682,0.0,178.04,108.33,169.2,286.04,347.24
"Polgar,_Laszlo_Chess_5334_Problems,_Combinations,_and_Games.pdf",730,score-baixo,0.0642,0.0,177.71,354.76,108.65,532.15,286.36
"Polgar,_Laszlo_Chess_5334_Problems,_Combinations,_and_Games.pdf",730,score-baixo,0.0634,0.0,150.87,325.31,79.53,476.18,230.4
"Polgar,_Laszlo_Chess_5334_Problems,_Combinations,_and_Games.pdf",730,score-baixo,0.0619,0.0,147.93,167.56,520.04,315.49,667.64
"Polgar,_Laszlo_Chess_5334_Problems,_Combinations,_and_Games.pdf",730,score-baixo,0.06,0.0,177.71,47.45,108.65,224.84,286.36
"Polgar,_Laszlo_Chess_5334_Problems,_Combinations,_and_Games.pdf",730,score-baixo,0.0586,0.0,145.96,169.2,228.76,315.16,374.73
"Polgar,_Laszlo_Chess_5334_Problems,_Combinations,_and_Games.pdf",730,score-baixo,0.0582,0.0,147.93,18.0,370.8,165.93,518.73
"Polgar,_Laszlo_Chess_5334_Problems,_Combinations,_and_Games.pdf",730,score-baixo,0.058,0.0,147.27,474.87,811.96,622.15,959.24
"Polgar,_Laszlo_Chess_5334_Problems,_Combinations,_and_Games.pdf",730,score-baixo,0.0569,0.0,147.27,474.87,229.09,622.15,376.36
"Polgar,_Laszlo_Chess_5334_Problems,_Combinations,_and_Games.pdf",730,score-baixo,0.0535,0.0,137.78,177.38,229.09,315.16,366.22
"Polgar,_Laszlo_Chess_5334_Problems,_Combinations,_and_Games.pdf",730,score-baixo,0.0515,0.0,137.78,167.89,821.45,305.02,959.24
"Polgar,_Laszlo_Chess_5334_Problems,_Combinations,_and_Games.pdf",730,score-baixo,0.0325,0.0,105.38,68.07,452.62,173.45,558.0
"Polgar,_Laszlo_Chess_5334_Problems,_Combinations,_and_Games.pdf",730,score-baixo,0.0311,0.0,58.25,354.44,399.93,412.36,458.18
"Polgar,_Laszlo_Chess_5334_Problems,_Combinations,_and_Games.pdf",730,score-baixo,0.027,0.0,87.71,18.33,371.13,106.04,458.84
"Polgar,_Laszlo_Chess_5334_Problems,_Combinations,_and_Games.pdf",730,score-baixo,0.0265,0.0,87.38,325.64,371.13,413.02,458.51
"Polgar,_Laszlo_Chess_5334_Problems,_Combinations,_and_Games.pdf",730,score-baixo,0.0201,0.0,58.58,230.73,580.25,286.04,638.84
"Polgar,_Laszlo_Chess_5334_Problems,_Combinations,_and_Games.pdf",730,score-baixo,0.0089,0.0,119.13,132.22,729.49,232.04,848.62
"Polgar,_Laszlo_Chess_5334_Problems,_Combinations,_and_Games.pdf",821,sobreposicao,0.3326,0.0,327.27,295.2,49.42,622.47,376.36
"Polgar,_Laszlo_Chess_5334_Problems,_Combinations,_and_Games.pdf",821,sobreposicao,0.3149,0.0,330.22,295.2,341.02,625.42,671.24
"Polgar,_Laszlo_Chess_5334_Problems,_Combinations,_and_Games.pdf",821,sobreposicao,0.2401,0.0,290.95,18.0,670.58,308.62,961.53
"Polgar,_Laszlo_Chess_5334_Problems,_Combinations,_and_Games.pdf",821,sobreposicao,0.2385,0.0,302.4,317.45,657.49,618.87,959.89
"Polgar,_Laszlo_Chess_5334_Problems,_Combinations,_and_Games.pdf",821,sobreposicao,0.1449,0.0,178.36,47.13,691.53,209.13,869.89
"Polgar,_Laszlo_Chess_5334_Problems,_Combinations,_and_Games.pdf",821,score-baixo,0.1162,0.0,177.05,295.85,632.95,472.91,810.0
"Polgar,_Laszlo_Chess_5334_Problems,_Combinations,_and_Games.pdf",821,score-baixo,0.1073,0.0,118.15,354.44,691.53,472.25,809.67
"Polgar,_Laszlo_Chess_5334_Problems,_Combinations,_and_Games.pdf",821,score-baixo,0.1022,0.0,118.15,354.44,108.65,472.58,226.8
"Polgar,_Laszlo_Chess_5334_Problems,_Combinations,_and_Games.pdf",821,score-baixo,0.0872,0.0,208.47,107.02,168.22,315.16,376.69
"Polgar,_Laszlo_Chess_5334_Problems,_Combinations,_and_Games.pdf",821,score-baixo,0.0864,0.0,207.49,107.67,460.8,315.16,667.64
"Polgar,_Laszlo_Chess_5334_Problems,_Combinations,_and_Games.pdf",821,score-baixo,0.0827,0.0,207.16,415.31,169.2,622.15,376.36
"Polgar,_Laszlo_Chess_5334_Problems,_Combinations,_and_Games.pdf",821,score-baixo,0.0824,0.0,199.31,325.31,670.58,524.62,869.56
"Polgar,_Laszlo_Chess_5334_Problems,_Combinations,_and_Games.pdf",821,score-baixo,0.0771,0.0,195.71,414.98,472.25,610.69,667.64
"Polgar,_Laszlo_Chess_5334_Problems,_Combinations,_and_Games.pdf",821,score-baixo,0.0676,0.0,178.04,108.33,752.07,286.04,930.11
"Polgar,_Laszlo_Chess_5334_Problems,_Combinations,_and_Games.pdf",821,score-baixo,0.0671,0.0,177.71,416.29,752.73,593.02,930.44
"Polgar,_Laszlo_Chess_5334_Problems,_Combinations,_and_Games.pdf",821,score-baixo,0.0668,0.0,152.18,325.31,370.47,476.84,522.65
"Polgar,_Laszlo_Chess_5334_Problems,_Combinations,_and_Games.pdf",821,score-baixo,0.0605,0.0,147.93,167.56,520.04,315.49,667.64
"Polgar,_Laszlo_Chess_5334_Problems,_Combinations,_and_Games.pdf",821,score-baixo,0.0582,0.0,147.27,474.87,229.09,622.15,376.36
"Polgar,_Laszlo_Chess_5334_Problems,_Combinations,_and_Games.pdf",821,score-baixo,0.0579,0.0,147.93,474.55,520.04,622.47,667.64
"Polgar,_Laszlo_Chess_5334_Problems,_Combinations,_and_Games.pdf",821,score-baixo,0.0554,0.0,144.0,171.16,229.09,315.16,373.09
"Polgar,_Laszlo_Chess_5334_Problems,_Combinations,_and_Games.pdf",821,score-baixo,0.053,0.0,137.45,484.69,811.96,622.15,949.42
"Polgar,_Laszlo_Chess_5334_Problems,_Combinations,_and_Games.pdf",821,score-baixo,0.0502,0.0,147.6,167.89,811.96,315.49,959.56
"Polgar,_Laszlo_Chess_5334_Problems,_Combinations,_and_Games.pdf",821,score-baixo,0.0422,0.0,174.44,41.89,474.55,216.33,648.98
"Polgar,_Laszlo_Chess_5334_Problems,_Combinations,_and_Games.pdf",821,score-baixo,0.0299,0.0,152.51,374.73,767.78,527.24,909.16
"Polgar,_Laszlo_Chess_5334_Problems,_Combinations,_and_Games.pdf",821,score-baixo,0.02,0.0,58.58,538.04,580.25,593.35,638.84
"Polgar,_Laszlo_Chess_5334_Problems,_Combinations,_and_Games.pdf",821,score-baixo,0.0119,0.0,58.58,541.31,288.98,593.35,347.56
"Polgar,_Laszlo_Chess_5334_Problems,_Combinations,_and_Games.pdf",912,sobreposicao,0.4561,0.0,357.38,-11.45,632.29,345.27,989.67
"Polgar,_Laszlo_Chess_5334_Problems,_Combinations,_and_Games.pdf",912,sobreposicao,0.3417,0.0,318.76,295.2,349.2,613.96,667.96
"Polgar,_Laszlo_Chess_5334_Problems,_Combinations,_and_Games.pdf",912,sobreposicao,0.3311,0.0,327.6,295.2,49.09,622.15,376.69
"Polgar,_Laszlo_Chess_5334_Problems,_Combinations,_and_Games.pdf",912,sobreposicao,0.3296,0.0,327.27,-11.45,49.42,315.49,376.69
"Polgar,_Laszlo_Chess_5334_Problems,_Combinations,_and_Games.pdf",912,sobreposicao,0.3252,0.0,326.95,295.2,632.62,622.15,959.56
"Polgar,_Laszlo_Chess_5334_Problems,_Combinations,_and_Games.pdf",912,sobreposicao,0.3174,0.0,331.85,-13.42,632.62,318.44,958.91
"Polgar,_Laszlo_Chess_5334_Problems,_Combinations,_and_Games.pdf",912,sobreposicao,0.2339,0.0,297.82,18.33,78.87,315.16,376.69
"Polgar,_Laszlo_Chess_5334_Problems,_Combinations,_and_Games.pdf",912,sobreposicao,0.1932,0.0,287.35,-1.64,341.02,285.38,628.36
"Polgar,_Laszlo_Chess_5334_Problems,_Combinations,_and_Games.pdf",912,score-baixo,0.1184,0.0,177.05,295.85,341.35,472.91,518.4
"Polgar,_Laszlo_Chess_5334_Problems,_Combinations,_and_Games.pdf",912,score-baixo,0.1169,0.0,177.71,-11.45,49.75,165.93,227.45
"Polgar,_Laszlo_Chess_5334_Problems,_Combinations,_and_Games.pdf",912,score-baixo,0.1153,0.0,177.38,-11.13,632.95,165.93,810.33
"Polgar,_Laszlo_Chess_5334_Problems,_Combinations,_and_Games.pdf",912,score-baixo,0.1064,0.0,270.65,45.82,400.58,316.47,667.96
"Polgar,_Laszlo_Chess_5334_Problems,_Combinations,_and_Games.pdf",912,score-baixo,0.1039,0.0,118.47,47.13,108.65,165.6,226.8
"Polgar,_Laszlo_Chess_5334_Problems,_Combinations,_and_Games.pdf",912,score-baixo,0.103,0.0,118.15,354.44,399.93,472.25,518.07
"Polgar,_Laszlo_Chess_5334_Problems,_Combinations,_and_Games.pdf",912,score-baixo,0.0916,0.0,207.49,108.0,169.2,315.49,376.69
"Polgar,_Laszlo_Chess_5334_Problems,_Combinations,_and_Games.pdf",912,score-baixo,0.0902,0.0,208.47,414.65,459.49,622.15,667.96
"Polgar,_Laszlo_Chess_5334_Problems,_Combinations,_and_Games.pdf",912,score-baixo,0.0885,0.0,207.82,107.67,460.47,315.49,667.64
"Polgar,_Laszlo_Chess_5334_Problems,_Combinations,_and_Games.pdf",912,score-baixo,0.0854,0.0,204.22,418.25,169.2,622.47,373.09
"Polgar,_Laszlo_Chess_5334_Problems,_Combinations,_and_Games.pdf",912,score-baixo,0.0794,0.0,197.67,108.0,761.56,305.35,959.24
"Polgar,_Laszlo_Chess_5334_Problems,_Combinations,_and_Games.pdf",912,score-baixo,0.0657,0.0,177.71,416.29,752.73,593.02,930.44
"Polgar,_Laszlo_Chess_5334_Problems,_Combinations,_and_Games.pdf",912,score-baixo,0.0587,0.0,177.71,47.45,108.65,224.84,286.36
"Polgar,_Laszlo_Chess_5334_Problems,_Combinations,_and_Games.pdf",912,score-baixo,0.058,0.0,147.27,474.87,229.09,622.15,376.36
"Polgar,_Laszlo_Chess_5334_Problems,_Combinations,_and_Games.pdf",912,score-baixo,0.0576,0.0,145.96,169.53,520.36,315.49,666.33
"Polgar,_Laszlo_Chess_5334_Problems,_Combinations,_and_Games.pdf",912,score-baixo,0.0564,0.0,144.0,171.16,811.96,315.16,955.96
"Polgar,_Laszlo_Chess_5334_Problems,_Combinations,_and_Games.pdf",912,score-baixo,0.053,0.0,137.45,484.69,811.96,622.15,949.42
"Polgar,_Laszlo_Chess_5334_Problems,_Combinations,_and_Games.pdf",912,score-baixo,0.0513,0.0,145.96,476.51,520.36,622.15,666.33
"Polgar,_Laszlo_Chess_5334_Problems,_Combinations,_and_Games.pdf",912,score-baixo,0.0414,0.0,127.64,177.71,238.91,305.35,366.55
"Polgar,_Laszlo_Chess_5334_Problems,_Combinations,_and_Games.pdf",912,score-baixo,0.0348,0.0,144.98,150.22,685.64,295.2,830.62
"Polgar,_Laszlo_Chess_5334_Problems,_Combinations,_and_Games.pdf",912,score-baixo,0.0332,0.0,118.15,354.44,108.65,472.25,226.8
"Polgar,_Laszlo_Chess_5334_Problems,_Combinations,_and_Games.pdf",912,score-baixo,0.0287,0.0,58.25,535.09,580.91,593.35,638.84
"Polgar,_Laszlo_Chess_5334_Problems,_Combinations,_and_Games.pdf",912,score-baixo,0.0287,0.0,58.25,228.11,580.91,286.36,638.84
"Polgar,_Laszlo_Chess_5334_Problems,_Combinations,_and_Games.pdf",912,score-baixo,0.0284,0.0,87.05,227.78,288.98,314.84,376.04
"Polgar,_Laszlo_Chess_5334_Problems,_Combinations,_and_Games.pdf",912,score-baixo,0.0281,0.0,87.05,534.76,288.98,621.82,376.04
"Polgar,_Laszlo_Chess_5334_Problems,_Combinations,_and_Games.pdf",912,score-baixo,0.0279,0.0,86.73,227.78,871.85,314.51,958.58
"Polgar,_Laszlo_Chess_5334_Problems,_Combinations,_and_Games.pdf",912,score-baixo,0.0278,0.0,118.15,47.13,399.93,144.65,518.07
"Polgar,_Laszlo_Chess_5334_Problems,_Combinations,_and_Games.pdf",912,score-baixo,0.0274,0.0,118.15,354.44,691.53,451.64,809.67
"Polgar,_Laszlo_Chess_5334_Problems,_Combinations,_and_Games.pdf",912,score-baixo,0.027,0.0,87.38,534.44,579.93,621.82,667.31
"Polgar,_Laszlo_Chess_5334_Problems,_Combinations,_and_Games.pdf",912,score-baixo,0.027,0.0,87.38,227.45,579.93,314.84,667.31
"Polgar,_Laszlo_Chess_5334_Problems,_Combinations,_and_Games.pdf",912,score-baixo,0.0215,0.0,91.96,150.22,155.78,242.18,247.75
"Polgar,_Laszlo_Chess_5334_Problems,_Combinations,_and_Games.pdf",912,score-baixo,0.0121,0.0,111.93,174.44,249.71,286.36,347.24
Reinfeld_1001_Sacrificios_y_Combinaciones_Brillantes_1977.pdf,1,aspecto,0.0,0.0,89.97,163.25,443.62,253.22,461.62
Reinfeld_1001_Sacrificios_y_Combinaciones_Brillantes_1977.pdf,1,aspecto,0.0,0.0,69.36,59.54,365.43,128.9,382.12
Reinfeld_1001_Sacrificios_y_Combinaciones_Brillantes_1977.pdf,1,aspecto,0.0,0.0,61.18,176.99,347.44,238.17,367.4
Reinfeld_1001_Sacrificios_y_Combinaciones_Brillantes_1977.pdf,1,aspecto,0.0,0.0,74.59,170.78,314.07,245.37,338.93
Reinfeld_1001_Sacrificios_y_Combinaciones_Brillantes_1977.pdf,1,aspecto,0.0,0.0,129.55,56.93,255.51,131.52,385.06
Reinfeld_1001_Sacrificios_y_Combinaciones_Brillantes_1977.pdf,1,aspecto,0.0,0.0,210.36,159.65,253.22,256.16,463.58
Reinfeld_1001_Sacrificios_y_Combinaciones_Brillantes_1977.pdf,1,aspecto,0.0,0.0,274.16,128.25,210.03,280.7,484.19
Reinfeld_1001_Sacrificios_y_Combinaciones_Brillantes_1977.pdf,1,aspecto,0.0,0.0,48.75,36.64,71.65,58.89,120.39
Reinfeld_1001_Sacrificios_y_Combinaciones_Brillantes_1977.pdf,1,aspecto,0.0,0.0,53.98,172.41,69.36,198.58,123.34
Reinfeld_1001_Sacrificios_y_Combinaciones_Brillantes_1977.pdf,1,aspecto,0.0,0.0,53.33,34.35,69.36,60.85,122.68
Reinfeld_1001_Sacrificios_y_Combinaciones_Brillantes_1977.pdf,1,aspecto,0.0,0.0,89.64,163.25,443.62,252.89,461.62
Reinfeld_1001_Sacrificios_y_Combinaciones_Brillantes_1977.pdf,1,aspecto,0.0,0.0,69.03,59.54,365.43,128.57,382.77
Reinfeld_1001_Sacrificios_y_Combinaciones_Brillantes_1977.pdf,1,aspecto,0.0,0.0,61.18,176.99,347.77,238.17,367.4
Reinfeld_1001_Sacrificios_y_Combinaciones_Brillantes_1977.pdf,1,aspecto,0.0,0.0,74.26,170.78,314.07,245.04,338.93
Reinfeld_1001_Sacrificios_y_Combinaciones_Brillantes_1977.pdf,1,aspecto,0.0,0.0,57.58,65.43,291.5,123.01,307.2
Reinfeld_1001_Sacrificios_y_Combinaciones_Brillantes_1977.pdf,1,aspecto,0.0,0.0,129.55,56.93,255.51,131.52,385.06
Reinfeld_1001_Sacrificios_y_Combinaciones_Brillantes_1977.pdf,1,aspecto,0.0,0.0,210.36,159.65,253.22,256.16,463.58
Reinfeld_1001_Sacrificios_y_Combinaciones_Brillantes_1977.pdf,1,aspecto,0.0,0.0,274.16,128.25,210.03,280.7,484.19
Reinfeld_1001_Sacrificios_y_Combinaciones_Brillantes_1977.pdf,1,aspecto,0.0,0.0,48.42,175.68,72.3,195.97,120.72
Reinfeld_1001_Sacrificios_y_Combinaciones_Brillantes_1977.pdf,1,aspecto,0.0,0.0,48.75,36.97,71.65,58.56,120.39
Reinfeld_1001_Sacrificios_y_Combinaciones_Brillantes_1977.pdf,1,aspecto,0.0,0.0,53.98,172.41,69.36,198.58,123.34
Reinfeld_1001_Sacrificios_y_Combinaciones_Brillantes_1977.pdf,1,aspecto,0.0,0.0,53.33,34.35,69.36,60.85,122.68
Reinfeld_1001_Sacrificios_y_Combinaciones_Brillantes_1977.pdf,1,area-relativa,0.019,0.0,37.3,75.9,256.49,113.2,289.86
Reinfeld_1001_Sacrificios_y_Combinaciones_Brillantes_1977.pdf,1,score-baixo,0.0762,0.0,67.39,174.7,255.84,242.1,323.23
Reinfeld_1001_Sacrificios_y_Combinaciones_Brillantes_1977.pdf,1,score-baixo,0.042,0.0,217.56,16.36,196.29,173.39,413.85
Reinfeld_1001_Sacrificios_y_Combinaciones_Brillantes_1977.pdf,1,score-baixo,0.0357,0.0,101.42,36.64,403.06,138.06,481.25
Reinfeld_1001_Sacrificios_y_Combinaciones_Brillantes_1977.pdf,1,score-baixo,0.0173,0.0,54.96,78.19,68.7,122.36,123.67
Reinfeld_1001_Sacrificios_y_Combinaciones_Brillantes_1977.pdf,1,score-baixo,0.0157,0.0,55.29,127.26,68.7,171.1,123.99
Reinfeld_1001_Sacrificios_y_Combinaciones_Brillantes_1977.pdf,1,score-baixo,0.0121,0.0,50.05,129.55,71.32,168.81,121.38
Reinfeld_1001_Sacrificios_y_Combinaciones_Brillantes_1977.pdf,1,score-baixo,0.0109,0.0,50.05,80.81,70.99,119.74,121.05
Reinfeld_1001_Sacrificios_y_Combinaciones_Brillantes_1977.pdf,1,score-baixo,0.0071,0.0,63.47,61.83,317.67,125.3,364.13
Reinfeld_1001_Sacrificios_y_Combinaciones_Brillantes_1977.pdf,1,sem-contraste-de-casa,0.5,0.0,262.05,40.57,215.6,273.18,477.65
Reinfeld_1001_Sacrificios_y_Combinaciones_Brillantes_1977.pdf,1,sem-contraste-de-casa,0.5,0.0,109.27,153.44,365.76,262.71,475.03
Reinfeld_1001_Sacrificios_y_Combinaciones_Brillantes_1977.pdf,2,aspecto,0.0,0.0,55.59,152.38,295.28,207.97,306.73
Reinfeld_1001_Sacrificios_y_Combinaciones_Brillantes_1977.pdf,2,aspecto,0.0,0.0,38.59,160.56,233.81,199.15,246.89
Reinfeld_1001_Sacrificios_y_Combinaciones_Brillantes_1977.pdf,2,aspecto,0.0,0.0,46.43,156.96,210.59,203.4,229.56
Reinfeld_1001_Sacrificios_y_Combinaciones_Brillantes_1977.pdf,2,aspecto,0.0,0.0,82.4,84.37,175.93,131.46,258.33
Reinfeld_1001_Sacrificios_y_Combinaciones_Brillantes_1977.pdf,2,aspecto,0.0,0.0,133.09,149.44,174.62,210.26,307.71
Reinfeld_1001_Sacrificios_y_Combinaciones_Brillantes_1977.pdf,2,aspecto,0.0,0.0,34.01,158.27,58.21,173.97,92.21
Reinfeld_1001_Sacrificios_y_Combinaciones_Brillantes_1977.pdf,2,aspecto,0.0,0.0,34.01,69.98,57.88,86.66,91.89
Reinfeld_1001_Sacrificios_y_Combinaciones_Brillantes_1977.pdf,2,aspecto,0.0,0.0,329.95,242.96,14.06,252.45,344.01
Reinfeld_1001_Sacrificios_y_Combinaciones_Brillantes_1977.pdf,2,aspecto,0.0,0.0,337.14,44.47,8.83,250.16,345.97
Reinfeld_1001_Sacrificios_y_Combinaciones_Brillantes_1977.pdf,2,aspecto,0.0,0.0,341.39,42.18,7.19,252.12,348.59
Reinfeld_1001_Sacrificios_y_Combinaciones_Brillantes_1977.pdf,2,aspecto,0.0,0.0,30.41,160.56,317.19,190.97,331.25
Reinfeld_1001_Sacrificios_y_Combinaciones_Brillantes_1977.pdf,2,aspecto,0.0,0.0,53.96,154.02,295.28,207.97,306.4
Reinfeld_1001_Sacrificios_y_Combinaciones_Brillantes_1977.pdf,2,aspecto,0.0,0.0,38.26,160.89,233.81,199.15,246.89
Reinfeld_1001_Sacrificios_y_Combinaciones_Brillantes_1977.pdf,2,aspecto,0.0,0.0,47.09,156.63,211.9,203.72,229.88
Reinfeld_1001_Sacrificios_y_Combinaciones_Brillantes_1977.pdf,2,aspecto,0.0,0.0,126.22,67.69,186.06,82.4,312.29
Reinfeld_1001_Sacrificios_y_Combinaciones_Brillantes_1977.pdf,2,aspecto,0.0,0.0,82.4,84.37,175.93,131.46,258.33
Reinfeld_1001_Sacrificios_y_Combinaciones_Brillantes_1977.pdf,2,aspecto,0.0,0.0,133.09,149.44,174.62,210.26,307.71
Reinfeld_1001_Sacrificios_y_Combinaciones_Brillantes_1977.pdf,2,aspecto,0.0,0.0,34.01,158.27,58.21,173.97,92.21
Reinfeld_1001_Sacrificios_y_Combinaciones_Brillantes_1977.pdf,2,aspecto,0.0,0.0,34.01,69.98,57.88,86.66,91.89
Reinfeld_1001_Sacrificios_y_Combinaciones_Brillantes_1977.pdf,2,aspecto,0.0,0.0,329.95,242.96,14.06,252.45,344.01
Reinfeld_1001_Sacrificios_y_Combinaciones_Brillantes_1977.pdf,2,aspecto,0.0,0.0,337.14,44.47,8.83,250.16,345.97
Reinfeld_1001_Sacrificios_y_Combinaciones_Brillantes_1977.pdf,2,aspecto,0.0,0.0,341.39,42.18,7.19,252.12,348.59
Reinfeld_1001_Sacrificios_y_Combinaciones_Brillantes_1977.pdf,2,sobreposicao,0.077,0.0,76.52,149.44,146.82,225.96,210.92
Reinfeld_1001_Sacrificios_y_Combinaciones_Brillantes_1977.pdf,2,score-baixo,0.0424,0.0,42.51,159.25,176.58,201.76,218.77
Reinfeld_1001_Sacrificios_y_Combinaciones_Brillantes_1977.pdf,2,score-baixo,0.0101,0.0,24.2,95.81,176.58,120.01,197.84
Reinfeld_1001_Sacrificios_y_Combinaciones_Brillantes_1977.pdf,2,score-baixo,0.009,0.0,34.66,97.77,57.55,125.24,92.21
Reinfeld_1001_Sacrificios_y_Combinaciones_Brillantes_1977.pdf,2,score-baixo,0.0082,0.0,34.66,129.17,57.88,156.31,92.54
Reinfeld_1001_Sacrificios_y_Combinaciones_Brillantes_1977.pdf,2,score-baixo,0.0063,0.0,32.05,99.41,58.86,124.26,90.91
Reinfeld_1001_Sacrificios_y_Combinaciones_Brillantes_1977.pdf,2,score-baixo,0.0051,0.0,40.22,87.31,215.17,127.53,244.93
Reinfeld_1001_Sacrificios_y_Combinaciones_Brillantes_1977.pdf,2,sem-contraste-de-casa,0.5,0.0,107.26,144.21,117.07,251.47,210.59
Reinfeld_1001_Sacrificios_y_Combinaciones_Brillantes_1977.pdf,2,sem-contraste-de-casa,0.5,0.0,69.32,145.52,246.23,214.84,315.56
Reinfeld_1001_Sacrificios_y_Combinaciones_Brillantes_1977.pdf,3,aspecto,0.0,0.0,36.96,38.27,93.55,75.23,114.81
Reinfeld_1001_Sacrificios_y_Combinaciones_Brillantes_1977.pdf,3,aspecto,0.0,0.0,36.96,38.27,93.55,75.23,114.81
Reinfeld_1001_Sacrificios_y_Combinaciones_Brillantes_1977.pdf,7,aspecto,0.0,0.0,94.86,175.32,189.39,270.18,204.11
Reinfeld_1001_Sacrificios_y_Combinaciones_Brillantes_1977.pdf,8,aspecto,0.0,0.0,95.51,173.04,48.08,268.55,62.48
Reinfeld_1001_Sacrificios_y_Combinaciones_Brillantes_1977.pdf,8,aspecto,0.0,0.0,51.35,67.06,190.37,118.41,205.75
Reinfeld_1001_Sacrificios_y_Combinaciones_Brillantes_1977.pdf,26,aspecto,0.0,0.0,108.6,131.49,340.18,146.21,448.78
Reinfeld_1001_Sacrificios_y_Combinaciones_Brillantes_1977.pdf,26,aspecto,0.0,0.0,52.01,214.9,189.72,266.91,204.11
Reinfeld_1001_Sacrificios_y_Combinaciones_Brillantes_1977.pdf,26,aspecto,0.0,0.0,66.73,39.25,48.08,105.98,62.48
Reinfeld_1001_Sacrificios_y_Combinaciones_Brillantes_1977.pdf,26,aspecto,0.0,0.0,51.35,171.4,46.78,222.75,62.15
Reinfeld_1001_Sacrificios_y_Combinaciones_Brillantes_1977.pdf,26,aspecto,0.0,0.0,81.12,39.25,48.08,120.37,62.48
Reinfeld_1001_Sacrificios_y_Combinaciones_Brillantes_1977.pdf,26,aspecto,0.0,0.0,51.35,171.4,46.78,222.75,62.15
Reinfeld_1001_Sacrificios_y_Combinaciones_Brillantes_1977.pdf,50,aspecto,0.0,0.0,50.68,172.98,188.35,223.66,203.06
Reinfeld_1001_Sacrificios_y_Combinaciones_Brillantes_1977.pdf,50,aspecto,0.0,0.0,66.05,172.65,45.78,238.71,60.49
Reinfeld_1001_Sacrificios_y_Combinaciones_Brillantes_1977.pdf,50,aspecto,0.0,0.0,81.09,170.36,332.23,251.46,361.33
Reinfeld_1001_Sacrificios_y_Combinaciones_Brillantes_1977.pdf,50,aspecto,0.0,0.0,50.68,172.98,188.35,223.66,203.06
Reinfeld_1001_Sacrificios_y_Combinaciones_Brillantes_1977.pdf,50,score-baixo,0.0249,0.0,41.53,185.08,111.83,226.61,153.03
Reinfeld_1001_Sacrificios_y_Combinaciones_Brillantes_1977.pdf,50,score-baixo,0.0248,0.0,41.86,185.08,196.52,226.93,238.38
Reinfeld_1001_Sacrificios_y_Combinaciones_Brillantes_1977.pdf,50,score-baixo,0.0248,0.0,41.86,199.47,97.44,241.32,139.3
Reinfeld_1001_Sacrificios_y_Combinaciones_Brillantes_1977.pdf,50,score-baixo,0.0076,0.0,37.6,236.74,100.39,269.12,137.99
Reinfeld_1001_Sacrificios_y_Combinaciones_Brillantes_1977.pdf,75,aspecto,0.0,0.0,116.41,127.53,334.84,149.11,451.25
Reinfeld_1001_Sacrificios_y_Combinaciones_Brillantes_1977.pdf,75,aspecto,0.0,0.0,52.32,173.63,190.96,225.95,205.35
Reinfeld_1001_Sacrificios_y_Combinaciones_Brillantes_1977.pdf,75,aspecto,0.0,0.0,116.41,100.06,334.84,149.11,451.25
Reinfeld_1001_Sacrificios_y_Combinaciones_Brillantes_1977.pdf,75,aspecto,0.0,0.0,52.32,173.63,190.96,225.95,205.35
Reinfeld_1001_Sacrificios_y_Combinaciones_Brillantes_1977.pdf,75,sem-contraste-de-casa,0.5,0.0,116.08,32.37,335.17,134.07,451.25
Reinfeld_1001_Sacrificios_y_Combinaciones_Brillantes_1977.pdf,99,aspecto,0.0,0.0,80.5,170.82,335.09,251.32,349.82
Reinfeld_1001_Sacrificios_y_Combinaciones_Brillantes_1977.pdf,99,aspecto,0.0,0.0,49.09,41.89,335.09,90.97,349.82
Reinfeld_1001_Sacrificios_y_Combinaciones_Brillantes_1977.pdf,99,aspecto,0.0,0.0,77.56,43.52,47.12,121.08,61.85
Reinfeld_1001_Sacrificios_y_Combinaciones_Brillantes_1977.pdf,99,aspecto,0.0,0.0,80.5,170.82,335.09,251.32,349.82
Reinfeld_1001_Sacrificios_y_Combinaciones_Brillantes_1977.pdf,99,aspecto,0.0,0.0,49.09,41.89,335.09,90.97,349.82
Reinfeld_1001_Sacrificios_y_Combinaciones_Brillantes_1977.pdf,99,aspecto,0.0,0.0,77.56,43.52,47.12,121.08,61.85
Reinfeld_1001_Sacrificios_y_Combinaciones_Brillantes_1977.pdf,99,score-baixo,0.028,0.0,42.54,154.13,129.26,196.67,171.8
Reinfeld_1001_Sacrificios_y_Combinaciones_Brillantes_1977.pdf,99,score-baixo,0.0234,0.0,41.89,183.25,115.19,225.14,157.07
Reinfeld_1001_Sacrificios_y_Combinaciones_Brillantes_1977.pdf,99,score-baixo,0.0141,0.0,54.98,181.29,87.05,236.27,133.51
Reinfeld_1001_Sacrificios_y_Combinaciones_Brillantes_1977.pdf,124,aspecto,0.0,0.0,115.84,159.69,339.02,207.47,454.86
Reinfeld_1001_Sacrificios_y_Combinaciones_Brillantes_1977.pdf,124,aspecto,0.0,0.0,52.36,38.94,339.02,91.3,353.74
Reinfeld_1001_Sacrificios_y_Combinaciones_Brillantes_1977.pdf,124,aspecto,0.0,0.0,67.41,188.82,50.07,256.23,65.45
Reinfeld_1001_Sacrificios_y_Combinaciones_Brillantes_1977.pdf,124,sobreposicao,0.189,0.0,116.17,175.4,339.02,275.86,455.19
Reinfeld_1001_Sacrificios_y_Combinaciones_Brillantes_1977.pdf,149,aspecto,0.0,0.0,115.76,159.26,334.53,174.62,450.3
Reinfeld_1001_Sacrificios_y_Combinaciones_Brillantes_1977.pdf,149,aspecto,0.0,0.0,65.4,171.35,334.53,236.76,349.25
Reinfeld_1001_Sacrificios_y_Combinaciones_Brillantes_1977.pdf,149,aspecto,0.0,0.0,115.44,127.21,334.53,147.16,449.97
Reinfeld_1001_Sacrificios_y_Combinaciones_Brillantes_1977.pdf,149,aspecto,0.0,0.0,67.69,55.27,334.21,122.96,348.92
Reinfeld_1001_Sacrificios_y_Combinaciones_Brillantes_1977.pdf,149,aspecto,0.0,0.0,115.76,133.42,193.26,147.81,309.03
Reinfeld_1001_Sacrificios_y_Combinaciones_Brillantes_1977.pdf,149,aspecto,0.0,0.0,115.76,213.21,50.69,276.0,166.45
Reinfeld_1001_Sacrificios_y_Combinaciones_Brillantes_1977.pdf,149,aspecto,0.0,0.0,52.0,213.21,50.03,265.21,64.75
Reinfeld_1001_Sacrificios_y_Combinaciones_Brillantes_1977.pdf,149,aspecto,0.0,0.0,115.76,159.91,50.36,207.65,166.12
Reinfeld_1001_Sacrificios_y_Combinaciones_Brillantes_1977.pdf,149,aspecto,0.0,0.0,51.67,84.04,49.71,135.71,64.42
Reinfeld_1001_Sacrificios_y_Combinaciones_Brillantes_1977.pdf,149,aspecto,0.0,0.0,115.76,159.26,334.53,174.95,450.3
Reinfeld_1001_Sacrificios_y_Combinaciones_Brillantes_1977.pdf,149,aspecto,0.0,0.0,79.79,171.35,334.53,251.15,349.25
Reinfeld_1001_Sacrificios_y_Combinaciones_Brillantes_1977.pdf,149,aspecto,0.0,0.0,115.44,127.21,334.53,147.16,449.97
Reinfeld_1001_Sacrificios_y_Combinaciones_Brillantes_1977.pdf,149,score-baixo,0.1398,0.0,115.76,179.2,334.86,276.0,450.62
Reinfeld_1001_Sacrificios_y_Combinaciones_Brillantes_1977.pdf,149,score-baixo,0.0972,0.0,127.53,174.3,334.86,276.0,462.4
Reinfeld_1001_Sacrificios_y_Combinaciones_Brillantes_1977.pdf,149,score-baixo,0.022,0.0,41.53,82.41,115.44,123.61,156.97
Reinfeld_1001_Sacrificios_y_Combinaciones_Brillantes_1977.pdf,149,sem-contraste-de-casa,0.5,0.0,116.09,31.07,334.21,132.11,450.3
Reinfeld_1001_Sacrificios_y_Combinaciones_Brillantes_1977.pdf,173,aspecto,0.0,0.0,66.71,71.29,334.86,138.0,349.25
Reinfeld_1001_Sacrificios_y_Combinaciones_Brillantes_1977.pdf,173,aspecto,0.0,0.0,52.98,173.32,192.94,226.29,207.33
Reinfeld_1001_Sacrificios_y_Combinaciones_Brillantes_1977.pdf,173,aspecto,0.0,0.0,116.09,161.22,192.61,178.22,308.7
Reinfeld_1001_Sacrificios_y_Combinaciones_Brillantes_1977.pdf,173,aspecto,0.0,0.0,67.36,70.63,191.63,138.0,206.02
Reinfeld_1001_Sacrificios_y_Combinaciones_Brillantes_1977.pdf,173,aspecto,0.0,0.0,67.04,199.15,49.71,266.19,64.42
Reinfeld_1001_Sacrificios_y_Combinaciones_Brillantes_1977.pdf,173,aspecto,0.0,0.0,53.63,42.18,49.38,95.81,64.09
Reinfeld_1001_Sacrificios_y_Combinaciones_Brillantes_1977.pdf,173,sobreposicao,0.1856,0.0,116.09,178.88,192.94,278.94,309.03
Reinfeld_1001_Sacrificios_y_Combinaciones_Brillantes_1977.pdf,173,score-baixo,0.0374,0.0,56.25,170.7,385.55,226.95,441.47
Reinfeld_1001_Sacrificios_y_Combinaciones_Brillantes_1977.pdf,173,score-baixo,0.0256,0.0,42.18,214.19,399.61,256.05,441.79
Reinfeld_1001_Sacrificios_y_Combinaciones_Brillantes_1977.pdf,198,aspecto,0.0,0.0,53.3,135.37,221.36,188.66,235.09
Reinfeld_1001_Sacrificios_y_Combinaciones_Brillantes_1977.pdf,247,aspecto,0.0,0.0,46.13,70.33,89.31,116.46,112.53
Schiller - The Big Book of Combinations (1994).pdf,1,aspecto,0.0,0.0,181.52,103.68,526.58,285.2,546.53
Schiller - The Big Book of Combinations (1994).pdf,1,aspecto,0.0,0.0,85.36,188.72,395.1,274.08,427.48
Schiller - The Big Book of Combinations (1994).pdf,1,aspecto,0.0,0.0,49.06,242.69,312.68,266.23,361.74
Schiller - The Big Book of Combinations (1994).pdf,1,aspecto,0.0,0.0,49.39,187.08,312.68,214.88,362.07
Schiller - The Big Book of Combinations (1994).pdf,1,aspecto,0.0,0.0,49.06,148.82,312.35,172.04,361.41
Schiller - The Big Book of Combinations (1994).pdf,1,aspecto,0.0,0.0,50.37,88.64,312.02,113.82,362.39
Schiller - The Big Book of Combinations (1994).pdf,1,aspecto,0.0,0.0,51.35,304.5,310.72,334.59,362.07
Schiller - The Big Book of Combinations (1994).pdf,1,aspecto,0.0,0.0,50.37,279.97,311.7,305.81,362.07
Schiller - The Big Book of Combinations (1994).pdf,1,aspecto,0.0,0.0,51.35,62.8,311.37,87.33,362.72
Schiller - The Big Book of Combinations (1994).pdf,1,aspecto,0.0,0.0,299.27,58.87,306.79,358.14,366.64
Schiller - The Big Book of Combinations (1994).pdf,1,aspecto,0.0,0.0,89.62,91.91,270.16,181.52,295.34
Schiller - The Big Book of Combinations (1994).pdf,1,aspecto,0.0,0.0,96.16,88.31,268.52,184.47,297.63
Schiller - The Big Book of Combinations (1994).pdf,1,aspecto,0.0,0.0,147.84,63.12,265.25,210.96,300.58
Schiller - The Big Book of Combinations (1994).pdf,1,aspecto,0.0,0.0,126.25,230.26,261.66,356.51,302.87
Schiller - The Big Book of Combinations (1994).pdf,1,aspecto,0.0,0.0,155.03,59.2,259.37,214.23,307.12
Schiller - The Big Book of Combinations (1994).pdf,1,aspecto,0.0,0.0,67.38,208.34,219.79,275.72,256.09
Schiller - The Big Book of Combinations (1994).pdf,1,aspecto,0.0,0.0,66.39,132.46,219.79,198.86,256.09
Schiller - The Big Book of Combinations (1994).pdf,1,aspecto,0.0,0.0,114.47,175.31,96.16,229.28,210.63
Schiller - The Big Book of Combinations (1994).pdf,1,aspecto,0.0,0.0,126.25,171.06,90.27,232.22,216.52
Schiller - The Big Book of Combinations (1994).pdf,1,aspecto,0.0,0.0,85.69,50.7,555.69,136.39,577.28
Schiller - The Big Book of Combinations (1994).pdf,1,aspecto,0.0,0.0,74.24,65.41,451.03,139.66,486.68
Schiller - The Big Book of Combinations (1994).pdf,1,aspecto,0.0,0.0,48.73,242.69,312.68,266.23,361.41
Schiller - The Big Book of Combinations (1994).pdf,1,aspecto,0.0,0.0,49.39,187.41,312.68,214.88,362.07
Schiller - The Big Book of Combinations (1994).pdf,1,aspecto,0.0,0.0,49.06,148.82,312.35,172.04,361.41
Schiller - The Big Book of Combinations (1994).pdf,1,aspecto,0.0,0.0,51.02,304.5,311.04,334.59,362.07
Schiller - The Big Book of Combinations (1994).pdf,1,aspecto,0.0,0.0,50.37,88.64,312.02,113.82,362.39
Schiller - The Big Book of Combinations (1994).pdf,1,aspecto,0.0,0.0,50.7,63.12,311.7,87.0,362.39
Schiller - The Big Book of Combinations (1994).pdf,1,aspecto,0.0,0.0,50.04,279.97,311.7,305.81,361.74
Schiller - The Big Book of Combinations (1994).pdf,1,aspecto,0.0,0.0,49.39,214.88,311.7,243.01,361.08
Schiller - The Big Book of Combinations (1994).pdf,1,aspecto,0.0,0.0,299.27,58.87,306.79,358.14,366.64
Schiller - The Big Book of Combinations (1994).pdf,1,aspecto,0.0,0.0,89.62,91.91,269.5,181.52,296.32
Schiller - The Big Book of Combinations (1994).pdf,1,aspecto,0.0,0.0,96.16,88.31,268.52,184.47,297.63
Schiller - The Big Book of Combinations (1994).pdf,1,aspecto,0.0,0.0,147.84,63.12,265.58,210.96,300.25
Schiller - The Big Book of Combinations (1994).pdf,1,aspecto,0.0,0.0,126.25,230.26,261.33,356.51,303.19
Schiller - The Big Book of Combinations (1994).pdf,1,aspecto,0.0,0.0,155.03,59.2,259.37,214.23,307.12
Schiller - The Big Book of Combinations (1994).pdf,1,aspecto,0.0,0.0,66.07,132.46,220.12,198.53,256.09
Schiller - The Big Book of Combinations (1994).pdf,1,aspecto,0.0,0.0,66.72,208.34,219.79,275.06,256.09
Schiller - The Big Book of Combinations (1994).pdf,1,aspecto,0.0,0.0,76.53,126.25,214.23,202.78,261.0
Schiller - The Big Book of Combinations (1994).pdf,1,aspecto,0.0,0.0,114.47,175.31,96.16,229.28,210.63
Schiller - The Big Book of Combinations (1994).pdf,1,aspecto,0.0,0.0,126.58,170.08,89.94,233.2,216.52
Schiller - The Big Book of Combinations (1994).pdf,1,area-relativa,0.0253,0.0,49.39,92.89,154.7,137.37,204.09
Schiller - The Big Book of Combinations (1994).pdf,1,area-relativa,0.0253,0.0,43.83,93.21,104.01,133.77,147.84
Schiller - The Big Book of Combinations (1994).pdf,1,area-relativa,0.0218,0.0,37.94,96.16,106.62,131.81,144.56
Schiller - The Big Book of Combinations (1994).pdf,1,area-relativa,0.0177,0.0,43.17,95.83,157.97,134.1,201.15
Schiller - The Big Book of Combinations (1994).pdf,1,area-relativa,0.0171,0.0,34.02,318.89,49.06,349.96,83.08
Schiller - The Big Book of Combinations (1994).pdf,1,area-relativa,0.0124,0.0,50.04,270.16,426.82,313.0,476.87
Schiller - The Big Book of Combinations (1994).pdf,1,area-relativa,0.0031,0.0,39.25,144.89,223.06,184.14,253.15
Schiller - The Big Book of Combinations (1994).pdf,1,area-relativa,0.0027,0.0,60.18,62.14,217.17,122.32,259.37
Schiller - The Big Book of Combinations (1994).pdf,1,area-relativa,0.0018,0.0,42.85,220.12,222.41,262.96,253.15
Schiller - The Big Book of Combinations (1994).pdf,1,area-relativa,0.0015,0.0,56.58,214.23,311.04,254.13,367.63
Schiller - The Big Book of Combinations (1994).pdf,1,area-relativa,0.0013,0.0,49.06,114.47,312.35,148.49,361.41
Schiller - The Big Book of Combinations (1994).pdf,1,area-relativa,0.0004,0.0,37.29,222.73,225.35,260.02,250.53
Schiller - The Big Book of Combinations (1994).pdf,1,area-relativa,0.0004,0.0,78.5,62.14,436.64,140.64,487.99
Schiller - The Big Book of Combinations (1994).pdf,1,area-relativa,0.0003,0.0,76.86,202.78,212.92,279.64,262.64
Schiller - The Big Book of Combinations (1994).pdf,1,area-relativa,0.0,0.0,75.88,127.23,213.9,203.11,261.33
Schiller - The Big Book of Combinations (1994).pdf,1,sobreposicao,0.1028,0.0,114.47,59.2,96.49,157.97,210.96
Schiller - The Big Book of Combinations (1994).pdf,1,score-baixo,0.0022,0.0,87.98,132.46,408.18,192.97,496.16
Schiller - The Big Book of Combinations (1994).pdf,1,score-baixo,0.0013,0.0,512.19,45.14,39.58,372.53,551.77
Schiller - The Big Book of Combinations (1994).pdf,1,sem-contraste-de-casa,0.5,0.0,124.61,55.93,90.93,161.9,215.54
Schiller - The Big Book of Combinations (1994).pdf,1,sem-contraste-de-casa,0.5,0.0,153.72,129.52,362.07,283.24,498.78
Schiller - The Big Book of Combinations (1994).pdf,1,sem-contraste-de-casa,0.5,0.0,119.38,238.43,93.54,357.81,212.92
Schiller - The Big Book of Combinations (1994).pdf,5,score-baixo,0.0015,0.0,33.36,91.26,177.94,124.62,202.14
Schiller - The Big Book of Combinations (1994).pdf,23,perdeu-para-embutido,0.5,0.0,108.92,21.59,74.25,129.86,183.17
Schiller - The Big Book of Combinations (1994).pdf,23,perdeu-para-embutido,0.5,0.0,108.59,20.61,241.39,128.87,349.99
Schiller - The Big Book of Combinations (1994).pdf,23,perdeu-para-embutido,0.5,0.0,107.94,20.28,407.56,128.22,515.5
Schiller - The Big Book of Combinations (1994).pdf,23,perdeu-para-embutido,0.5,0.0,109.25,218.82,73.92,327.09,183.17
Schiller - The Big Book of Combinations (1994).pdf,23,perdeu-para-embutido,0.5,0.0,108.92,218.17,241.07,326.44,349.99
Schiller - The Big Book of Combinations (1994).pdf,23,perdeu-para-embutido,0.5,0.0,107.94,217.84,408.21,325.78,514.84
Schiller - The Big Book of Combinations (1994).pdf,46,score-baixo,0.0005,0.0,39.25,87.33,296.67,126.58,323.17
Schiller - The Big Book of Combinations (1994).pdf,46,score-baixo,0.0003,0.0,39.58,74.9,129.53,101.07,169.11
Schiller - The Big Book of Combinations (1994).pdf,46,perdeu-para-embutido,0.5,0.0,109.25,46.77,75.23,155.7,184.48
Schiller - The Big Book of Combinations (1994).pdf,46,perdeu-para-embutido,0.5,0.0,108.92,46.12,242.37,155.04,351.3
Schiller - The Big Book of Combinations (1994).pdf,46,perdeu-para-embutido,0.5,0.0,104.34,47.1,410.5,151.44,514.52
Schiller - The Big Book of Combinations (1994).pdf,46,perdeu-para-embutido,0.5,0.0,109.58,244.66,74.9,353.59,184.48
Schiller - The Big Book of Combinations (1994).pdf,46,perdeu-para-embutido,0.5,0.0,108.92,244.01,242.37,352.93,351.3
Schiller - The Big Book of Combinations (1994).pdf,46,perdeu-para-embutido,0.5,0.0,104.67,244.99,410.5,349.66,514.84
Schiller - The Big Book of Combinations (1994).pdf,68,perdeu-para-embutido,0.5,0.0,109.25,46.45,74.9,155.7,184.15
Schiller - The Big Book of Combinations (1994).pdf,68,perdeu-para-embutido,0.5,0.0,109.25,45.79,242.05,155.04,350.97
Schiller - The Big Book of Combinations (1994).pdf,68,perdeu-para-embutido,0.5,0.0,108.92,45.14,408.86,154.06,516.48
Schiller - The Big Book of Combinations (1994).pdf,68,perdeu-para-embutido,0.5,0.0,105.0,246.3,76.54,350.97,181.54
Schiller - The Big Book of Combinations (1994).pdf,68,perdeu-para-embutido,0.5,0.0,105.32,245.65,243.68,350.32,349.01
Schiller - The Big Book of Combinations (1994).pdf,68,perdeu-para-embutido,0.5,0.0,108.92,243.03,408.54,351.95,516.48
Schiller - The Big Book of Combinations (1994).pdf,91,aspecto,0.0,0.0,50.7,35.65,437.32,86.35,463.49
Schiller - The Big Book of Combinations (1994).pdf,91,perdeu-para-embutido,0.5,0.0,104.34,23.55,77.85,126.91,182.19
Schiller - The Big Book of Combinations (1994).pdf,91,perdeu-para-embutido,0.5,0.0,108.27,20.93,242.7,128.87,350.97
Schiller - The Big Book of Combinations (1994).pdf,91,perdeu-para-embutido,0.5,0.0,107.94,20.61,408.54,128.55,516.48
Schiller - The Big Book of Combinations (1994).pdf,91,perdeu-para-embutido,0.5,0.0,104.67,220.46,76.87,324.8,181.54
Schiller - The Big Book of Combinations (1994).pdf,91,perdeu-para-embutido,0.5,0.0,108.59,218.5,242.37,326.44,350.97
Schiller - The Big Book of Combinations (1994).pdf,91,perdeu-para-embutido,0.5,0.0,108.59,217.84,408.86,326.44,516.15
Schiller - The Big Book of Combinations (1994).pdf,113,score-baixo,0.0293,0.0,50.05,227.0,444.19,277.05,493.91
Schiller - The Big Book of Combinations (1994).pdf,113,score-baixo,0.0005,0.0,38.92,234.2,129.2,273.12,155.37
Schiller - The Big Book of Combinations (1994).pdf,113,perdeu-para-embutido,0.5,0.0,108.92,21.59,74.9,129.86,183.83
Schiller - The Big Book of Combinations (1994).pdf,113,perdeu-para-embutido,0.5,0.0,108.92,219.15,74.9,327.42,183.83
Schiller - The Big Book of Combinations (1994).pdf,113,perdeu-para-embutido,0.5,0.0,108.92,218.17,241.72,327.09,350.64
Schiller - The Big Book of Combinations (1994).pdf,113,perdeu-para-embutido,0.5,0.0,108.59,217.52,407.88,326.11,516.48
Schiller - The Big Book of Combinations (1994).pdf,136,perdeu-para-embutido,0.5,0.0,108.92,44.16,74.9,153.08,183.83
Schiller - The Big Book of Combinations (1994).pdf,136,perdeu-para-embutido,0.5,0.0,109.58,42.52,241.39,151.77,350.97
Schiller - The Big Book of Combinations (1994).pdf,136,perdeu-para-embutido,0.5,0.0,109.25,40.56,408.21,149.81,516.15
Schiller - The Big Book of Combinations (1994).pdf,136,perdeu-para-embutido,0.5,0.0,109.25,238.45,409.52,347.7,517.79
Schiller - The Big Book of Combinations (1994).pdf,158,sobreposicao,0.3917,0.0,110.56,240.74,407.23,351.3,516.8
Schiller - The Big Book of Combinations (1994).pdf,158,score-baixo,0.0294,0.0,50.7,81.77,110.88,132.47,161.58
Schiller - The Big Book of Combinations (1994).pdf,158,score-baixo,0.0076,0.0,52.66,284.24,296.67,336.9,336.9
Schiller - The Big Book of Combinations (1994).pdf,158,perdeu-para-embutido,0.5,0.0,109.25,46.45,75.23,155.37,184.48
Schiller - The Big Book of Combinations (1994).pdf,158,perdeu-para-embutido,0.5,0.0,109.25,45.79,242.37,154.39,351.62
Schiller - The Big Book of Combinations (1994).pdf,158,perdeu-para-embutido,0.5,0.0,108.59,45.14,409.19,153.73,517.13
Schiller - The Big Book of Combinations (1994).pdf,158,perdeu-para-embutido,0.5,0.0,105.0,245.97,77.19,350.64,182.19
Schiller - The Big Book of Combinations (1994).pdf,158,perdeu-para-embutido,0.5,0.0,109.25,243.68,242.7,352.28,351.95
Schiller - The Big Book of Combinations (1994).pdf,158,perdeu-para-embutido,0.5,0.0,104.34,244.66,411.15,349.01,514.52
Schiller - The Big Book of Combinations (1994).pdf,181,aspecto,0.0,0.0,39.25,74.9,257.75,97.8,297.0
Schiller - The Big Book of Combinations (1994).pdf,181,sobreposicao,0.2116,0.0,91.91,34.34,423.58,126.26,514.84
Schiller - The Big Book of Combinations (1994).pdf,181,score-baixo,0.0003,0.0,39.25,273.12,116.44,298.96,155.7
Schiller - The Big Book of Combinations (1994).pdf,181,perdeu-para-embutido,0.5,0.0,108.59,21.26,75.89,129.86,184.15
Schiller - The Big Book of Combinations (1994).pdf,181,perdeu-para-embutido,0.5,0.0,108.59,20.93,242.37,128.87,350.97
Schiller - The Big Book of Combinations (1994).pdf,181,perdeu-para-embutido,0.5,0.0,108.27,20.28,409.19,128.55,516.8
Schiller - The Big Book of Combinations (1994).pdf,181,perdeu-para-embutido,0.5,0.0,108.27,217.84,409.19,326.11,516.15
Schiller - The Big Book of Combinations (1994).pdf,203,aspecto,0.0,0.0,211.96,129.86,511.9,341.81,522.69
Schiller - The Big Book of Combinations (1994).pdf,203,aspecto,0.0,0.0,303.54,38.6,486.71,342.14,494.56
Schiller - The Big Book of Combinations (1994).pdf,203,aspecto,0.0,0.0,296.02,46.12,389.24,342.14,396.76
Schiller - The Big Book of Combinations (1994).pdf,203,aspecto,0.0,0.0,309.1,33.04,264.94,342.14,275.08
Schiller - The Big Book of Combinations (1994).pdf,203,aspecto,0.0,0.0,309.1,33.04,243.68,342.14,251.86
Schiller - The Big Book of Combinations (1994).pdf,203,aspecto,0.0,0.0,46.77,60.18,43.5,106.96,68.69
Schiller - The Big Book of Combinations (1994).pdf,203,aspecto,0.0,0.0,298.96,42.85,511.9,341.81,523.35
Schiller - The Big Book of Combinations (1994).pdf,203,aspecto,0.0,0.0,305.83,36.31,484.75,342.14,494.56
Schiller - The Big Book of Combinations (1994).pdf,203,aspecto,0.0,0.0,301.91,39.91,412.79,341.81,420.64
Schiller - The Big Book of Combinations (1994).pdf,203,aspecto,0.0,0.0,296.02,46.12,387.28,342.14,396.76
Schiller - The Big Book of Combinations (1994).pdf,203,aspecto,0.0,0.0,309.1,33.04,264.94,342.14,275.08
Schiller - The Big Book of Combinations (1994).pdf,203,aspecto,0.0,0.0,309.1,33.04,241.39,342.14,251.86
Schiller - The Big Book of Combinations (1994).pdf,203,aspecto,0.0,0.0,302.89,39.58,193.64,342.47,204.76
Schiller - The Big Book of Combinations (1994).pdf,203,aspecto,0.0,0.0,46.77,60.18,43.5,106.96,68.69
Schiller - The Big Book of Combinations (1994).pdf,226,aspecto,0.0,0.0,311.72,30.75,470.36,342.47,475.26
Schiller - The Big Book of Combinations (1994).pdf,226,aspecto,0.0,0.0,311.72,30.75,447.46,342.47,452.37
Schiller - The Big Book of Combinations (1994).pdf,226,aspecto,0.0,0.0,311.72,30.75,424.57,342.47,429.14
Schiller - The Big Book of Combinations (1994).pdf,226,aspecto,0.0,0.0,311.72,30.75,401.67,342.47,406.25
Schiller - The Big Book of Combinations (1994).pdf,226,aspecto,0.0,0.0,311.72,31.07,378.77,342.79,382.7
Schiller - The Big Book of Combinations (1994).pdf,226,aspecto,0.0,0.0,311.72,31.07,146.54,342.79,151.44
Schiller - The Big Book of Combinations (1994).pdf,226,aspecto,0.0,0.0,311.39,31.4,124.29,342.79,128.55
Schiller - The Big Book of Combinations (1994).pdf,226,aspecto,0.0,0.0,311.39,31.4,100.09,342.79,105.32
Schiller - The Big Book of Combinations (1994).pdf,226,aspecto,0.0,0.0,311.39,31.4,77.19,342.79,83.08
Schiller - The Big Book of Combinations (1994).pdf,226,aspecto,0.0,0.0,311.39,31.4,72.29,342.79,78.17
Schiller - The Big Book of Combinations (1994).pdf,226,aspecto,0.0,0.0,45.79,67.38,42.85,113.17,67.05
Schiller - The Big Book of Combinations (1994).pdf,226,aspecto,0.0,0.0,311.06,31.73,32.38,342.79,38.92
Schiller - The Big Book of Combinations (1994).pdf,226,aspecto,0.0,0.0,311.72,30.75,470.36,342.47,475.26
Schiller - The Big Book of Combinations (1994).pdf,226,aspecto,0.0,0.0,311.72,30.75,447.46,342.47,452.37
Schiller - The Big Book of Combinations (1994).pdf,226,aspecto,0.0,0.0,311.72,30.75,424.57,342.47,429.14
Schiller - The Big Book of Combinations (1994).pdf,226,aspecto,0.0,0.0,311.72,30.75,401.67,342.47,406.25
Schiller - The Big Book of Combinations (1994).pdf,226,aspecto,0.0,0.0,311.72,31.07,378.77,342.79,382.7
Schiller - The Big Book of Combinations (1994).pdf,226,aspecto,0.0,0.0,311.72,31.07,146.54,342.79,151.44
Schiller - The Big Book of Combinations (1994).pdf,226,aspecto,0.0,0.0,311.39,31.4,124.29,342.79,128.55
Schiller - The Big Book of Combinations (1994).pdf,226,aspecto,0.0,0.0,311.39,31.4,100.09,342.79,105.32
Schiller - The Big Book of Combinations (1994).pdf,226,aspecto,0.0,0.0,311.39,31.4,77.19,342.79,83.08
Schiller - The Big Book of Combinations (1994).pdf,226,aspecto,0.0,0.0,311.39,31.4,72.29,342.79,78.17
Schiller - The Big Book of Combinations (1994).pdf,226,aspecto,0.0,0.0,45.79,67.38,42.85,113.17,67.05
Schiller - The Big Book of Combinations (1994).pdf,226,aspecto,0.0,0.0,311.06,31.73,32.38,342.79,38.92
Schiller - The Big Book of Combinations (1994).pdf,248,aspecto,0.0,0.0,312.7,29.77,470.68,342.47,473.96
Schiller - The Big Book of Combinations (1994).pdf,248,aspecto,0.0,0.0,312.37,30.09,447.79,342.47,451.06
Schiller - The Big Book of Combinations (1994).pdf,248,aspecto,0.0,0.0,312.05,31.4,123.64,343.45,127.89
Schiller - The Big Book of Combinations (1994).pdf,248,aspecto,0.0,0.0,312.05,31.4,99.76,343.45,105.0
Schiller - The Big Book of Combinations (1994).pdf,248,aspecto,0.0,0.0,312.05,31.73,77.19,343.77,82.43
Schiller - The Big Book of Combinations (1994).pdf,248,aspecto,0.0,0.0,312.05,31.73,72.61,343.77,77.52
Schiller - The Big Book of Combinations (1994).pdf,248,aspecto,0.0,0.0,46.12,67.05,42.19,113.17,66.73
Schiller - The Big Book of Combinations (1994).pdf,248,aspecto,0.0,0.0,311.72,31.73,33.04,343.45,38.6
Schiller - The Big Book of Combinations (1994).pdf,248,aspecto,0.0,0.0,312.7,29.77,470.68,342.47,473.96
Schiller - The Big Book of Combinations (1994).pdf,248,aspecto,0.0,0.0,312.37,30.09,447.79,342.47,451.06
Schiller - The Big Book of Combinations (1994).pdf,248,aspecto,0.0,0.0,312.05,31.4,123.64,343.45,127.89
Schiller - The Big Book of Combinations (1994).pdf,248,aspecto,0.0,0.0,312.05,31.4,99.76,343.45,105.0
Schiller - The Big Book of Combinations (1994).pdf,248,aspecto,0.0,0.0,312.05,31.73,77.19,343.77,82.43
Schiller - The Big Book of Combinations (1994).pdf,248,aspecto,0.0,0.0,312.05,31.73,72.61,343.77,77.52
Schiller - The Big Book of Combinations (1994).pdf,248,aspecto,0.0,0.0,46.12,67.05,42.19,113.17,66.73
Schiller - The Big Book of Combinations (1994).pdf,248,aspecto,0.0,0.0,311.72,31.73,33.04,343.45,38.6
Schiller - The Big Book of Combinations (1994).pdf,271,aspecto,0.0,0.0,314.66,28.46,441.9,343.12,445.17
Schiller - The Big Book of Combinations (1994).pdf,271,aspecto,0.0,0.0,314.99,29.77,38.27,344.75,41.87
Schiller - The Big Book of Combinations (1994).pdf,271,aspecto,0.0,0.0,314.66,28.46,441.9,343.12,445.17
Schiller - The Big Book of Combinations (1994).pdf,271,aspecto,0.0,0.0,314.99,29.77,38.27,344.75,41.87
Secrets of Chess Training School of Future Champions 1_ao_5.pdf,1,aspecto,0.0,0.0,130.5,276.71,538.69,407.21,578.6
Secrets of Chess Training School of Future Champions 1_ao_5.pdf,1,aspecto,0.0,0.0,61.16,271.8,504.35,332.96,538.37
Secrets of Chess Training School of Future Champions 1_ao_5.pdf,1,aspecto,0.0,0.0,67.38,323.8,504.02,391.18,539.02
Secrets of Chess Training School of Future Champions 1_ao_5.pdf,1,aspecto,0.0,0.0,132.14,36.63,503.04,168.77,578.6
Secrets of Chess Training School of Future Champions 1_ao_5.pdf,1,aspecto,0.0,0.0,62.8,54.62,503.37,117.42,537.71
Secrets of Chess Training School of Future Champions 1_ao_5.pdf,1,aspecto,0.0,0.0,59.2,315.3,475.57,374.5,503.04
Secrets of Chess Training School of Future Champions 1_ao_5.pdf,1,aspecto,0.0,0.0,54.95,267.55,474.91,322.5,503.04
Secrets of Chess Training School of Future Champions 1_ao_5.pdf,1,aspecto,0.0,0.0,50.04,170.41,474.59,220.45,503.04
Secrets of Chess Training School of Future Champions 1_ao_5.pdf,1,aspecto,0.0,0.0,53.97,119.38,474.59,173.35,502.71
Secrets of Chess Training School of Future Champions 1_ao_5.pdf,1,aspecto,0.0,0.0,56.91,69.99,474.26,126.91,502.71
Secrets of Chess Training School of Future Champions 1_ao_5.pdf,1,aspecto,0.0,0.0,56.91,24.53,473.6,81.44,502.71
Secrets of Chess Training School of Future Champions 1_ao_5.pdf,1,aspecto,0.0,0.0,92.24,174.0,451.04,266.24,474.26
Secrets of Chess Training School of Future Champions 1_ao_5.pdf,1,aspecto,0.0,0.0,48.08,294.69,406.23,342.77,434.36
Secrets of Chess Training School of Future Champions 1_ao_5.pdf,1,aspecto,0.0,0.0,106.3,167.46,339.83,273.76,352.91
Secrets of Chess Training School of Future Champions 1_ao_5.pdf,1,aspecto,0.0,0.0,92.24,162.56,258.06,209.0,350.3
Secrets of Chess Training School of Future Champions 1_ao_5.pdf,1,aspecto,0.0,0.0,247.27,94.2,19.3,341.47,28.13
Secrets of Chess Training School of Future Champions 1_ao_5.pdf,1,aspecto,0.0,0.0,253.16,91.25,16.03,344.41,31.07
Secrets of Chess Training School of Future Champions 1_ao_5.pdf,1,aspecto,0.0,0.0,130.5,276.71,539.02,407.21,578.27
Secrets of Chess Training School of Future Champions 1_ao_5.pdf,1,aspecto,0.0,0.0,60.51,272.13,504.02,332.64,538.69
Secrets of Chess Training School of Future Champions 1_ao_5.pdf,1,aspecto,0.0,0.0,66.72,324.13,504.02,390.85,539.02
Secrets of Chess Training School of Future Champions 1_ao_5.pdf,1,aspecto,0.0,0.0,131.81,36.63,503.04,168.44,578.6
Secrets of Chess Training School of Future Champions 1_ao_5.pdf,1,aspecto,0.0,0.0,62.47,54.95,503.37,117.42,537.71
Secrets of Chess Training School of Future Champions 1_ao_5.pdf,1,aspecto,0.0,0.0,59.2,315.3,475.57,374.5,503.04
Secrets of Chess Training School of Future Champions 1_ao_5.pdf,1,aspecto,0.0,0.0,54.95,267.55,474.91,322.5,503.04
Secrets of Chess Training School of Future Champions 1_ao_5.pdf,1,aspecto,0.0,0.0,50.04,170.41,474.59,220.45,503.04
Secrets of Chess Training School of Future Champions 1_ao_5.pdf,1,aspecto,0.0,0.0,53.64,119.38,474.59,173.02,502.71
Secrets of Chess Training School of Future Champions 1_ao_5.pdf,1,aspecto,0.0,0.0,56.91,69.67,473.6,126.58,503.04
Secrets of Chess Training School of Future Champions 1_ao_5.pdf,1,aspecto,0.0,0.0,56.26,24.86,472.95,81.11,502.71
Secrets of Chess Training School of Future Champions 1_ao_5.pdf,1,aspecto,0.0,0.0,45.79,220.78,450.71,266.57,474.91
Secrets of Chess Training School of Future Champions 1_ao_5.pdf,1,aspecto,0.0,0.0,56.26,35.65,450.71,91.91,473.28
Secrets of Chess Training School of Future Champions 1_ao_5.pdf,1,aspecto,0.0,0.0,56.58,49.39,418.0,105.97,450.05
Secrets of Chess Training School of Future Champions 1_ao_5.pdf,1,aspecto,0.0,0.0,48.41,294.37,405.9,342.77,434.68
Secrets of Chess Training School of Future Champions 1_ao_5.pdf,1,aspecto,0.0,0.0,105.97,167.79,339.83,273.76,352.91
Secrets of Chess Training School of Future Champions 1_ao_5.pdf,1,aspecto,0.0,0.0,65.74,279.32,304.83,345.06,327.07
Secrets of Chess Training School of Future Champions 1_ao_5.pdf,1,aspecto,0.0,0.0,93.22,160.27,257.41,189.7,350.62
Secrets of Chess Training School of Future Champions 1_ao_5.pdf,1,aspecto,0.0,0.0,246.94,94.52,19.3,341.47,28.13
Secrets of Chess Training School of Future Champions 1_ao_5.pdf,1,aspecto,0.0,0.0,253.16,91.25,16.03,344.41,31.07
Secrets of Chess Training School of Future Champions 1_ao_5.pdf,1,area-relativa,0.0252,0.0,38.92,221.43,396.09,260.35,433.7
Secrets of Chess Training School of Future Champions 1_ao_5.pdf,1,area-relativa,0.0221,0.0,45.46,303.85,329.04,345.06,374.5
Secrets of Chess Training School of Future Champions 1_ao_5.pdf,1,area-relativa,0.0183,0.0,57.57,256.75,400.01,306.8,457.58
Secrets of Chess Training School of Future Champions 1_ao_5.pdf,1,area-relativa,0.0142,0.0,35.0,287.83,505.66,322.82,537.38
Secrets of Chess Training School of Future Champions 1_ao_5.pdf,1,area-relativa,0.012,0.0,37.29,341.79,505.0,379.08,538.37
Secrets of Chess Training School of Future Champions 1_ao_5.pdf,1,area-relativa,0.0062,0.0,44.48,23.88,503.04,68.36,538.37
Secrets of Chess Training School of Future Champions 1_ao_5.pdf,1,area-relativa,0.0037,0.0,50.37,12.76,530.19,52.33,580.56
Secrets of Chess Training School of Future Champions 1_ao_5.pdf,1,area-relativa,0.0031,0.0,37.61,252.17,539.35,280.96,576.96
Secrets of Chess Training School of Future Champions 1_ao_5.pdf,1,area-relativa,0.0029,0.0,50.7,52.0,272.13,90.6,322.82
Secrets of Chess Training School of Future Champions 1_ao_5.pdf,1,area-relativa,0.0022,0.0,37.94,221.43,539.35,249.56,577.29
Secrets of Chess Training School of Future Champions 1_ao_5.pdf,1,area-relativa,0.0008,0.0,58.55,302.87,434.68,361.42,474.26
Secrets of Chess Training School of Future Champions 1_ao_5.pdf,1,area-relativa,0.0006,0.0,41.87,23.22,537.71,52.0,579.58
Secrets of Chess Training School of Future Champions 1_ao_5.pdf,1,area-relativa,0.0,0.0,54.29,221.76,504.35,276.05,538.69
Secrets of Chess Training School of Future Champions 1_ao_5.pdf,1,area-relativa,0.0,0.0,62.14,158.63,539.02,220.78,577.94
Secrets of Chess Training School of Future Champions 1_ao_5.pdf,1,area-relativa,0.0,0.0,48.08,231.57,350.3,279.65,380.06
Secrets of Chess Training School of Future Champions 1_ao_5.pdf,1,area-relativa,0.0,0.0,55.28,165.17,504.02,220.45,538.04
Secrets of Chess Training School of Future Champions 1_ao_5.pdf,1,sem-contraste-de-casa,0.5,0.0,87.0,24.53,394.13,111.53,477.86
Secrets of Chess Training School of Future Champions 1_ao_5.pdf,1,sem-contraste-de-casa,0.5,0.0,442.21,22.9,137.04,409.82,579.25
Secrets of Chess Training School of Future Champions 1_ao_5.pdf,1,sem-contraste-de-casa,0.5,0.0,71.3,208.35,278.99,278.34,350.3
Secrets of Chess Training School of Future Champions 1_ao_5.pdf,2,aspecto,0.0,0.0,104.01,105.97,513.51,209.98,524.96
Secrets of Chess Training School of Future Champions 1_ao_5.pdf,2,aspecto,0.0,0.0,69.01,184.47,109.57,224.37,178.58
Secrets of Chess Training School of Future Champions 1_ao_5.pdf,2,aspecto,0.0,0.0,67.38,109.24,107.28,136.06,174.66
Secrets of Chess Training School of Future Champions 1_ao_5.pdf,2,aspecto,0.0,0.0,104.01,105.97,513.51,209.98,524.96
Secrets of Chess Training School of Future Champions 1_ao_5.pdf,2,aspecto,0.0,0.0,69.01,184.47,109.57,224.05,178.58
Secrets of Chess Training School of Future Champions 1_ao_5.pdf,2,aspecto,0.0,0.0,66.4,109.57,108.26,137.04,174.66
Secrets of Chess Training School of Future Champions 1_ao_5.pdf,2,score-baixo,0.0105,0.0,215.87,106.95,32.71,322.82,177.93
Secrets of Chess Training School of Future Champions 1_ao_5.pdf,2,score-baixo,0.0085,0.0,68.03,126.91,29.76,194.94,84.06
Secrets of Chess Training School of Future Champions 1_ao_5.pdf,3,aspecto,0.0,0.0,101.07,105.97,32.05,207.04,46.77
Secrets of Chess Training School of Future Champions 1_ao_5.pdf,5,aspecto,0.0,0.0,205.08,45.46,243.67,250.54,307.78
Secrets of Chess Training School of Future Champions 1_ao_5.pdf,5,aspecto,0.0,0.0,207.37,44.48,242.69,251.85,309.41
Secrets of Chess Training School of Future Champions 1_ao_5.pdf,5,aspecto,0.0,0.0,205.08,45.46,243.67,250.54,307.78
Secrets of Chess Training School of Future Champions 1_ao_5.pdf,5,aspecto,0.0,0.0,207.37,44.48,242.69,251.85,309.41
Secrets of Chess Training School of Future Champions 1_ao_5.pdf,92,aspecto,0.0,0.0,343.1,44.81,38.27,387.91,47.75
Secrets of Chess Training School of Future Champions 1_ao_5.pdf,183,sobreposicao,0.426,0.0,135.74,236.8,336.56,372.54,472.3
Secrets of Chess Training School of Future Champions 1_ao_5.pdf,183,score-baixo,0.0489,0.0,104.01,254.46,336.23,357.82,440.24
Secrets of Chess Training School of Future Champions 1_ao_5.pdf,183,score-baixo,0.0261,0.0,60.51,253.81,350.95,314.32,411.46
Secrets of Chess Training School of Future Champions 1_ao_5.pdf,183,score-baixo,0.0246,0.0,57.57,268.86,367.96,326.42,425.52
Secrets of Chess Training School of Future Champions 1_ao_5.pdf,183,score-baixo,0.0201,0.0,51.68,254.14,359.46,305.49,411.13
Secrets of Chess Training School of Future Champions 1_ao_5.pdf,183,perdeu-para-embutido,0.5,0.0,117.75,245.96,345.39,363.38,463.14
Secrets of Chess Training School of Future Champions 1_ao_5.pdf,274,sobreposicao,0.4553,0.0,132.15,253.18,58.23,385.34,189.4
Secrets of Chess Training School of Future Champions 1_ao_5.pdf,274,sobreposicao,0.1486,0.0,87.99,253.84,59.21,340.85,147.2
Secrets of Chess Training School of Future Champions 1_ao_5.pdf,274,score-baixo,0.0536,0.0,109.91,290.15,91.59,399.4,201.5
Secrets of Chess Training School of Future Champions 1_ao_5.pdf,274,score-baixo,0.0227,0.0,55.61,244.02,126.59,298.98,182.2
Secrets of Chess Training School of Future Champions 1_ao_5.pdf,274,perdeu-para-embutido,0.5,0.0,151.12,243.37,50.05,394.49,197.9
Secrets of Chess Training School of Future Champions 1_ao_5.pdf,364,sobreposicao,0.4714,0.0,131.5,255.47,455.01,386.97,586.51
Secrets of Chess Training School of Future Champions 1_ao_5.pdf,364,sobreposicao,0.459,0.0,153.41,243.04,48.74,396.46,199.21
Secrets of Chess Training School of Future Champions 1_ao_5.pdf,364,sobreposicao,0.4431,0.0,150.8,43.18,49.72,193.98,197.9
Secrets of Chess Training School of Future Champions 1_ao_5.pdf,364,sobreposicao,0.2172,0.0,171.73,211.97,11.78,383.7,181.87
Secrets of Chess Training School of Future Champions 1_ao_5.pdf,364,sobreposicao,0.1669,0.0,96.5,256.13,455.34,350.33,551.83
Secrets of Chess Training School of Future Champions 1_ao_5.pdf,364,score-baixo,0.116,0.0,96.17,53.32,58.88,141.97,155.05
Secrets of Chess Training School of Future Champions 1_ao_5.pdf,364,score-baixo,0.0714,0.0,143.27,258.09,63.13,401.36,200.19
Secrets of Chess Training School of Future Champions 1_ao_5.pdf,364,score-baixo,0.0698,0.0,133.46,263.32,461.88,396.13,595.34
Secrets of Chess Training School of Future Champions 1_ao_5.pdf,364,score-baixo,0.069,0.0,134.44,246.31,445.85,380.76,580.29
Secrets of Chess Training School of Future Champions 1_ao_5.pdf,364,score-baixo,0.0551,0.0,105.66,92.24,92.57,197.9,198.23
Secrets of Chess Training School of Future Champions 1_ao_5.pdf,364,score-baixo,0.0534,0.0,105.0,296.03,489.68,401.04,594.69
Secrets of Chess Training School of Future Champions 1_ao_5.pdf,364,score-baixo,0.051,0.0,101.08,294.73,96.17,395.8,197.25
Secrets of Chess Training School of Future Champions 1_ao_5.pdf,364,score-baixo,0.0347,0.0,74.25,327.44,522.07,401.04,596.32
Secrets of Chess Training School of Future Champions 1_ao_5.pdf,364,score-baixo,0.033,0.0,68.04,326.46,130.19,394.49,198.23
Secrets of Chess Training School of Future Champions 1_ao_5.pdf,364,perdeu-para-embutido,0.5,0.0,131.83,52.66,58.23,184.49,189.4
Secrets of Chess Training School of Future Champions 1_ao_5.pdf,364,perdeu-para-embutido,0.5,0.0,131.83,253.84,58.23,385.66,189.4
Secrets of Chess Training School of Future Champions 1_ao_5.pdf,364,perdeu-para-embutido,0.5,0.0,153.41,244.35,445.2,397.77,595.99
Secrets of Chess Training School of Future Champions 1_ao_5.pdf,546,sobreposicao,0.4848,0.0,150.2,244.78,50.07,394.98,197.98
Secrets of Chess Training School of Future Champions 1_ao_5.pdf,546,sobreposicao,0.1898,0.0,165.91,240.19,43.52,406.1,209.11
Secrets of Chess Training School of Future Champions 1_ao_5.pdf,546,score-baixo,0.1092,0.0,148.89,222.85,41.23,366.18,190.13
Secrets of Chess Training School of Future Champions 1_ao_5.pdf,546,score-baixo,0.0516,0.0,101.77,292.88,97.84,394.65,199.62
Secrets of Chess Training School of Future Champions 1_ao_5.pdf,546,score-baixo,0.0348,0.0,79.85,320.37,124.68,400.21,204.53
Secrets of Chess Training School of Future Champions 1_ao_5.pdf,546,score-baixo,0.0301,0.0,79.85,237.9,46.47,317.75,122.72
Secrets of Chess Training School of Future Champions 1_ao_5.pdf,546,perdeu-para-embutido,0.5,0.0,132.2,253.94,57.92,386.14,189.8
Secrets of Chess Training School of Future Champions 1_ao_5.pdf,637,sobreposicao,0.4562,0.0,150.53,45.16,88.03,195.69,235.61
Secrets of Chess Training School of Future Champions 1_ao_5.pdf,637,score-baixo,0.0517,0.0,106.35,89.66,135.48,194.71,241.83
Secrets of Chess Training School of Future Champions 1_ao_5.pdf,637,score-baixo,0.0366,0.0,77.88,123.37,162.31,200.6,240.19
Secrets of Chess Training School of Future Champions 1_ao_5.pdf,637,perdeu-para-embutido,0.5,0.0,130.24,54.98,96.21,185.22,226.45
Secrets of Chess Training School of Future Champions 1_ao_5.pdf,819,sobreposicao,0.4549,0.0,131.47,49.06,325.73,180.53,457.21
Secrets of Chess Training School of Future Champions 1_ao_5.pdf,819,sobreposicao,0.2269,0.0,177.58,19.3,294.34,195.57,471.92
Secrets of Chess Training School of Future Champions 1_ao_5.pdf,819,score-baixo,0.0537,0.0,103.67,88.63,362.36,191.97,466.04
Secrets of Chess Training School of Future Champions 1_ao_5.pdf,819,score-baixo,0.0355,0.0,73.26,121.33,392.78,194.59,466.04
Secrets of Chess Training School of Future Champions 1_ao_5.pdf,819,score-baixo,0.0335,0.0,73.58,34.34,316.58,107.6,390.16
Secrets of Chess Training School of Future Champions 1_ao_5.pdf,819,perdeu-para-embutido,0.5,0.0,149.13,40.55,317.56,189.68,465.38
Secrets of Chess Training School of Future Champions 1_ao_5.pdf,909,sobreposicao,0.4502,0.0,152.73,39.57,214.54,192.3,364.65
Secrets of Chess Training School of Future Champions 1_ao_5.pdf,909,sobreposicao,0.1941,0.0,129.84,51.02,225.01,180.85,342.09
Secrets of Chess Training School of Future Champions 1_ao_5.pdf,909,score-baixo,0.0597,0.0,109.23,85.03,259.67,194.26,368.9
Secrets of Chess Training School of Future Champions 1_ao_5.pdf,909,score-baixo,0.0354,0.0,77.51,117.08,292.38,194.59,369.89
Secrets of Chess Training School of Future Champions 1_ao_5.pdf,909,score-baixo,0.0333,0.0,72.93,57.56,291.07,130.49,364.0
Secrets of Chess Training School of Future Champions 1_ao_5.pdf,909,perdeu-para-embutido,0.5,0.0,131.14,50.36,224.02,181.51,355.17
Secrets of Chess Training School of Future Champions 1_ao_5.pdf,1000,sobreposicao,0.4692,0.0,131.19,52.02,442.97,182.88,574.16
Secrets of Chess Training School of Future Champions 1_ao_5.pdf,1000,sobreposicao,0.4568,0.0,132.17,254.86,442.64,387.03,574.16
Secrets of Chess Training School of Future Champions 1_ao_5.pdf,1000,sobreposicao,0.1388,0.0,160.63,38.6,427.92,197.6,588.56
Secrets of Chess Training School of Future Champions 1_ao_5.pdf,1000,score-baixo,0.0727,0.0,141.66,256.82,447.88,398.48,589.54
Secrets of Chess Training School of Future Champions 1_ao_5.pdf,1000,score-baixo,0.0679,0.0,146.89,237.84,431.19,384.74,572.53
Secrets of Chess Training School of Future Champions 1_ao_5.pdf,1000,score-baixo,0.0629,0.0,113.85,39.59,428.25,151.8,542.1
Secrets of Chess Training School of Future Champions 1_ao_5.pdf,1000,score-baixo,0.0557,0.0,110.91,241.44,427.92,352.35,538.83
Secrets of Chess Training School of Future Champions 1_ao_5.pdf,1000,score-baixo,0.0527,0.0,103.71,291.17,483.21,394.55,586.92
Secrets of Chess Training School of Future Champions 1_ao_5.pdf,1000,score-baixo,0.0522,0.0,106.65,90.62,478.3,195.97,584.96
Secrets of Chess Training School of Future Champions 1_ao_5.pdf,1000,score-baixo,0.0361,0.0,77.86,323.23,510.04,400.11,587.9
Secrets of Chess Training School of Future Champions 1_ao_5.pdf,1000,score-baixo,0.0346,0.0,74.92,38.28,431.85,112.87,506.77
Secrets of Chess Training School of Future Champions 1_ao_5.pdf,1000,score-baixo,0.0337,0.0,73.94,240.13,433.48,313.74,507.42
Secrets of Chess Training School of Future Champions 1_ao_5.pdf,1000,score-baixo,0.0312,0.0,71.97,120.07,515.93,191.39,587.9
Secrets of Chess Training School of Future Champions 1_ao_5.pdf,1000,perdeu-para-embutido,0.5,0.0,148.86,43.18,434.47,192.04,582.67
Secrets of Chess Training School of Future Champions 1_ao_5.pdf,1000,perdeu-para-embutido,0.5,0.0,153.11,244.39,433.16,397.5,583.98
Secrets of Chess Training School of Future Champions 1_ao_5.pdf,1091,sobreposicao,0.4591,0.0,131.84,49.4,90.3,181.25,221.49
Secrets of Chess Training School of Future Champions 1_ao_5.pdf,1091,sobreposicao,0.4558,0.0,131.84,249.95,159.33,381.79,290.52
Secrets of Chess Training School of Future Champions 1_ao_5.pdf,1091,score-baixo,0.1002,0.0,124.32,220.5,132.17,344.82,254.53
Secrets of Chess Training School of Future Champions 1_ao_5.pdf,1091,score-baixo,0.0694,0.0,138.06,253.55,166.2,390.63,304.26
Secrets of Chess Training School of Future Champions 1_ao_5.pdf,1091,score-baixo,0.0514,0.0,105.67,291.17,193.35,396.19,299.02
Secrets of Chess Training School of Future Champions 1_ao_5.pdf,1091,score-baixo,0.0504,0.0,106.0,37.95,79.17,143.95,184.19
Secrets of Chess Training School of Future Champions 1_ao_5.pdf,1091,score-baixo,0.0477,0.0,104.04,90.62,125.63,194.66,229.66
Secrets of Chess Training School of Future Champions 1_ao_5.pdf,1091,score-baixo,0.0445,0.0,88.66,241.44,194.99,329.45,283.65
Secrets of Chess Training School of Future Champions 1_ao_5.pdf,1091,score-baixo,0.0387,0.0,79.17,35.99,75.57,115.16,154.75
Secrets of Chess Training School of Future Champions 1_ao_5.pdf,1091,score-baixo,0.0376,0.0,78.85,116.47,157.69,195.31,235.88
Secrets of Chess Training School of Future Champions 1_ao_5.pdf,1091,score-baixo,0.0283,0.0,68.38,323.56,230.97,391.94,299.35
Secrets of Chess Training School of Future Champions 1_ao_5.pdf,1091,score-baixo,0.0231,0.0,56.27,57.58,174.05,113.52,230.32
Secrets of Chess Training School of Future Champions 1_ao_5.pdf,1091,score-baixo,0.0225,0.0,129.23,50.71,91.6,179.94,208.4
Secrets of Chess Training School of Future Champions 1_ao_5.pdf,1091,score-baixo,0.0214,0.0,77.21,304.58,147.22,374.6,224.43
Secrets of Chess Training School of Future Champions 1_ao_5.pdf,1091,perdeu-para-embutido,0.5,0.0,152.78,38.93,80.81,191.71,230.65
Secrets of Chess Training School of Future Champions 1_ao_5.pdf,1091,perdeu-para-embutido,0.5,0.0,150.17,240.79,150.82,390.95,299.02
"Simple Chess - Stean, M_.pdf",1,aspecto,0.0,0.0,73.28,188.76,679.45,221.8,752.73
"Simple Chess - Stean, M_.pdf",1,aspecto,0.0,0.0,125.95,-9.49,364.75,116.46,432.8
"Simple Chess - Stean, M_.pdf",1,aspecto,0.0,0.0,156.37,204.46,285.26,360.83,335.96
"Simple Chess - Stean, M_.pdf",1,aspecto,0.0,0.0,107.63,368.02,284.6,475.65,335.31
"Simple Chess - Stean, M_.pdf",1,aspecto,0.0,0.0,179.27,161.6,217.22,340.87,252.22
"Simple Chess - Stean, M_.pdf",1,aspecto,0.0,0.0,133.8,349.05,219.18,482.85,250.91
"Simple Chess - Stean, M_.pdf",1,aspecto,0.0,0.0,82.11,73.93,216.56,156.04,252.87
"Simple Chess - Stean, M_.pdf",1,aspecto,0.0,0.0,70.33,132.82,41.55,169.13,111.88
"Simple Chess - Stean, M_.pdf",1,aspecto,0.0,0.0,212.64,130.2,36.97,342.83,117.11
"Simple Chess - Stean, M_.pdf",1,aspecto,0.0,0.0,125.95,-9.49,364.75,116.46,432.8
"Simple Chess - Stean, M_.pdf",1,aspecto,0.0,0.0,156.37,204.46,285.26,360.83,335.96
"Simple Chess - Stean, M_.pdf",1,aspecto,0.0,0.0,107.63,368.02,284.6,475.65,335.31
"Simple Chess - Stean, M_.pdf",1,aspecto,0.0,0.0,179.6,161.6,216.89,341.2,255.16
"Simple Chess - Stean, M_.pdf",1,aspecto,0.0,0.0,133.8,349.05,219.18,482.85,250.91
"Simple Chess - Stean, M_.pdf",1,aspecto,0.0,0.0,82.11,73.93,216.56,156.04,252.87
"Simple Chess - Stean, M_.pdf",1,aspecto,0.0,0.0,70.33,132.82,41.55,169.13,111.88
"Simple Chess - Stean, M_.pdf",1,aspecto,0.0,0.0,212.64,130.2,36.97,342.83,117.11
"Simple Chess - Stean, M_.pdf",1,sobreposicao,0.1189,0.0,226.05,113.51,657.54,323.86,883.58
"Simple Chess - Stean, M_.pdf",1,sobreposicao,0.0774,0.0,105.99,455.37,757.31,561.36,861.34
"Simple Chess - Stean, M_.pdf",1,sobreposicao,0.0714,0.0,133.14,-22.57,717.4,106.32,850.54
"Simple Chess - Stean, M_.pdf",1,score-baixo,0.0514,0.0,76.22,414.8,38.27,486.77,114.5
"Simple Chess - Stean, M_.pdf",1,score-baixo,0.05,0.0,75.24,273.48,129.22,344.8,204.46
"Simple Chess - Stean, M_.pdf",1,score-baixo,0.0471,0.0,80.8,92.25,128.24,173.05,206.75
"Simple Chess - Stean, M_.pdf",1,score-baixo,0.0433,0.0,69.35,275.77,132.16,342.18,201.51
"Simple Chess - Stean, M_.pdf",1,score-baixo,0.042,0.0,70.66,417.09,40.89,484.16,111.55
"Simple Chess - Stean, M_.pdf",1,score-baixo,0.037,0.0,76.22,343.82,38.93,413.49,115.15
"Simple Chess - Stean, M_.pdf",1,score-baixo,0.0359,0.0,144.92,281.99,643.47,406.95,788.39
"Simple Chess - Stean, M_.pdf",1,score-baixo,0.0352,0.0,100.43,327.13,731.14,423.31,831.57
"Simple Chess - Stean, M_.pdf",1,score-baixo,0.0322,0.0,70.01,346.43,41.87,410.55,111.88
"Simple Chess - Stean, M_.pdf",1,score-baixo,0.0278,0.0,76.22,467.47,773.99,543.69,840.4
"Simple Chess - Stean, M_.pdf",1,score-baixo,0.0212,0.0,71.64,277.08,40.24,339.56,111.88
"Simple Chess - Stean, M_.pdf",1,score-baixo,0.0163,0.0,96.5,175.67,128.89,272.17,204.46
"Simple Chess - Stean, M_.pdf",1,score-baixo,0.0125,0.0,95.52,329.75,735.72,410.22,831.24
"Simple Chess - Stean, M_.pdf",1,score-baixo,0.0105,0.0,73.93,188.76,679.45,247.97,753.38
"Simple Chess - Stean, M_.pdf",1,score-baixo,0.0097,0.0,91.6,178.29,132.16,269.88,201.51
"Simple Chess - Stean, M_.pdf",1,score-baixo,0.0063,0.0,98.79,174.36,41.55,273.16,113.51
"Simple Chess - Stean, M_.pdf",1,score-baixo,0.0028,0.0,79.17,348.07,126.93,404.66,206.09
"Simple Chess - Stean, M_.pdf",1,score-baixo,0.0025,0.0,78.84,408.59,126.6,464.53,205.44
"Simple Chess - Stean, M_.pdf",1,score-baixo,0.0023,0.0,79.82,72.62,37.29,128.89,117.11
"Simple Chess - Stean, M_.pdf",1,score-baixo,0.0013,0.0,72.3,351.01,130.53,401.06,202.82
"Simple Chess - Stean, M_.pdf",1,score-baixo,0.0013,0.0,72.95,75.24,40.56,125.62,113.51
"Simple Chess - Stean, M_.pdf",1,score-baixo,0.0012,0.0,72.62,411.86,129.87,461.91,202.49
"Simple Chess - Stean, M_.pdf",1,sem-contraste-de-casa,0.5,0.0,85.71,89.63,125.29,175.34,209.04
"Simple Chess - Stean, M_.pdf",1,sem-contraste-de-casa,0.5,0.0,288.86,-0.98,220.81,268.25,509.67
"Simple Chess - Stean, M_.pdf",1,sem-contraste-de-casa,0.5,0.0,240.44,113.51,642.81,336.62,883.26
"Simple Chess - Stean, M_.pdf",1,sem-contraste-de-casa,0.5,0.0,207.07,-0.98,720.02,206.09,902.88
"Simple Chess - Stean, M_.pdf",1,sem-contraste-de-casa,0.5,0.0,120.06,448.17,748.15,568.23,866.9
"Simple Chess - Stean, M_.pdf",78,aspecto,0.0,0.0,723.6,554.4,66.11,567.82,789.71
"Simple Chess - Stean, M_.pdf",90,aspecto,0.0,0.0,502.69,555.05,168.55,567.82,671.24
"Simple Chess - Stean, M_.pdf",116,aspecto,0.0,0.0,789.38,552.11,0.0,567.82,789.38
"Simple Chess - Stean, M_.pdf",154,aspecto,0.0,0.0,379.96,555.05,409.75,567.82,789.71
Stefaniu - Problematica Deschideriliol in sah (1992).pdf,1,aspecto,0.0,0.0,67.08,314.11,443.35,341.27,510.43
Stefaniu - Problematica Deschideriliol in sah (1992).pdf,1,aspecto,0.0,0.0,66.42,249.98,443.35,275.83,509.78
Stefaniu - Problematica Deschideriliol in sah (1992).pdf,1,aspecto,0.0,0.0,63.48,290.23,435.83,327.53,499.31
Stefaniu - Problematica Deschideriliol in sah (1992).pdf,1,aspecto,0.0,0.0,65.44,163.27,433.54,200.25,498.98
Stefaniu - Problematica Deschideriliol in sah (1992).pdf,1,aspecto,0.0,0.0,193.7,149.2,432.23,342.9,513.37
Stefaniu - Problematica Deschideriliol in sah (1992).pdf,1,aspecto,0.0,0.0,68.06,223.15,348.14,291.21,384.13
Stefaniu - Problematica Deschideriliol in sah (1992).pdf,1,aspecto,0.0,0.0,98.81,157.06,181.92,196.65,280.74
Stefaniu - Problematica Deschideriliol in sah (1992).pdf,1,aspecto,0.0,0.0,100.78,106.99,136.11,156.73,236.89
Stefaniu - Problematica Deschideriliol in sah (1992).pdf,1,aspecto,0.0,0.0,149.2,281.72,136.77,356.32,285.97
Stefaniu - Problematica Deschideriliol in sah (1992).pdf,1,aspecto,0.0,0.0,89.98,153.13,134.15,207.44,224.13
Stefaniu - Problematica Deschideriliol in sah (1992).pdf,1,aspecto,0.0,0.0,181.92,-14.4,123.68,95.54,305.6
Stefaniu - Problematica Deschideriliol in sah (1992).pdf,1,aspecto,0.0,0.0,102.09,74.27,122.37,120.74,224.46
Stefaniu - Problematica Deschideriliol in sah (1992).pdf,1,aspecto,0.0,0.0,42.21,229.69,68.71,252.92,110.92
Stefaniu - Problematica Deschideriliol in sah (1992).pdf,1,aspecto,0.0,0.0,67.08,314.11,443.35,341.27,510.43
Stefaniu - Problematica Deschideriliol in sah (1992).pdf,1,aspecto,0.0,0.0,65.77,249.98,443.68,275.5,509.45
Stefaniu - Problematica Deschideriliol in sah (1992).pdf,1,aspecto,0.0,0.0,63.48,290.23,435.83,327.53,499.31
Stefaniu - Problematica Deschideriliol in sah (1992).pdf,1,aspecto,0.0,0.0,65.44,163.27,433.54,200.25,498.98
Stefaniu - Problematica Deschideriliol in sah (1992).pdf,1,aspecto,0.0,0.0,193.7,149.2,432.23,342.9,513.37
Stefaniu - Problematica Deschideriliol in sah (1992).pdf,1,aspecto,0.0,0.0,68.06,223.15,348.14,291.21,384.13
Stefaniu - Problematica Deschideriliol in sah (1992).pdf,1,aspecto,0.0,0.0,116.48,156.73,164.58,196.65,281.06
Stefaniu - Problematica Deschideriliol in sah (1992).pdf,1,aspecto,0.0,0.0,149.2,281.72,136.77,356.32,285.97
Stefaniu - Problematica Deschideriliol in sah (1992).pdf,1,aspecto,0.0,0.0,206.79,9.82,84.09,95.54,290.88
Stefaniu - Problematica Deschideriliol in sah (1992).pdf,1,aspecto,0.0,0.0,42.21,229.69,68.71,252.92,110.92
Stefaniu - Problematica Deschideriliol in sah (1992).pdf,1,area-relativa,0.0007,0.0,35.66,183.23,391.66,207.77,427.32
Stefaniu - Problematica Deschideriliol in sah (1992).pdf,1,sobreposicao,0.4897,0.0,304.95,31.41,90.96,323.93,395.91
Stefaniu - Problematica Deschideriliol in sah (1992).pdf,1,score-baixo,0.0742,0.0,116.81,208.1,109.94,324.91,213.33
Stefaniu - Problematica Deschideriliol in sah (1992).pdf,1,score-baixo,0.0454,0.0,62.82,58.9,284.01,121.39,346.83
Stefaniu - Problematica Deschideriliol in sah (1992).pdf,1,score-baixo,0.0313,0.0,52.68,63.8,289.24,116.48,341.6
Stefaniu - Problematica Deschideriliol in sah (1992).pdf,1,score-baixo,0.028,0.0,52.02,182.58,27.48,233.95,79.51
Stefaniu - Problematica Deschideriliol in sah (1992).pdf,1,score-baixo,0.028,0.0,35.99,134.81,348.79,170.8,384.79
Stefaniu - Problematica Deschideriliol in sah (1992).pdf,1,score-baixo,0.0254,0.0,36.32,286.63,391.0,322.29,427.32
Stefaniu - Problematica Deschideriliol in sah (1992).pdf,1,score-baixo,0.0254,0.0,46.14,281.39,386.09,327.53,431.9
Stefaniu - Problematica Deschideriliol in sah (1992).pdf,1,score-baixo,0.0219,0.0,82.78,143.64,91.94,212.02,174.72
Stefaniu - Problematica Deschideriliol in sah (1992).pdf,1,score-baixo,0.0176,0.0,46.79,47.44,83.11,94.23,124.01
Stefaniu - Problematica Deschideriliol in sah (1992).pdf,1,score-baixo,0.0162,0.0,39.92,142.0,391.66,181.92,426.99
Stefaniu - Problematica Deschideriliol in sah (1992).pdf,1,score-baixo,0.0159,0.0,41.55,280.74,390.68,322.29,427.32
Stefaniu - Problematica Deschideriliol in sah (1992).pdf,1,score-baixo,0.0073,0.0,35.99,104.05,434.52,133.82,470.51
Stefaniu - Problematica Deschideriliol in sah (1992).pdf,1,score-baixo,0.005,0.0,46.46,296.44,347.81,342.9,383.15
Stefaniu - Problematica Deschideriliol in sah (1992).pdf,1,score-baixo,0.0041,0.0,54.64,160.65,477.38,215.3,519.59
Stefaniu - Problematica Deschideriliol in sah (1992).pdf,1,score-baixo,0.0032,0.0,35.34,98.49,391.98,125.64,427.32
Stefaniu - Problematica Deschideriliol in sah (1992).pdf,1,score-baixo,0.0031,0.0,35.01,216.28,391.98,243.11,426.99
Stefaniu - Problematica Deschideriliol in sah (1992).pdf,1,score-baixo,0.0028,0.0,51.04,243.76,194.68,294.81,232.31
Stefaniu - Problematica Deschideriliol in sah (1992).pdf,1,score-baixo,0.0022,0.0,35.99,189.12,34.03,215.95,70.02
Stefaniu - Problematica Deschideriliol in sah (1992).pdf,1,score-baixo,0.0004,0.0,54.31,127.61,391.33,181.92,426.99
Stefaniu - Problematica Deschideriliol in sah (1992).pdf,1,score-baixo,0.0002,0.0,63.8,221.84,435.5,262.74,499.31
Stefaniu - Problematica Deschideriliol in sah (1992).pdf,1,sem-contraste-de-casa,0.5,0.0,212.02,114.85,191.08,326.22,403.11
Stefaniu - Problematica Deschideriliol in sah (1992).pdf,4,score-baixo,0.028,0.0,35.66,166.54,426.99,202.21,462.66
Stefaniu - Problematica Deschideriliol in sah (1992).pdf,171,score-baixo,0.0247,0.0,49.41,299.39,144.95,348.47,194.36
Vishy_Anand_Great_Chess_Combinations.pdf,1,aspecto,0.0,0.0,32.38,59.19,246.91,91.57,256.4
Vishy_Anand_Great_Chess_Combinations.pdf,1,aspecto,0.0,0.0,36.95,131.8,77.83,147.82,114.79
Vishy_Anand_Great_Chess_Combinations.pdf,1,aspecto,0.0,0.0,42.51,88.95,71.29,131.47,85.36
Vishy_Anand_Great_Chess_Combinations.pdf,1,aspecto,0.0,0.0,234.48,0.0,10.79,234.48,16.35
Vishy_Anand_Great_Chess_Combinations.pdf,1,aspecto,0.0,0.0,42.51,88.95,71.29,131.47,85.36
Vishy_Anand_Great_Chess_Combinations.pdf,1,aspecto,0.0,0.0,234.48,0.0,10.79,234.48,16.35
Vishy_Anand_Great_Chess_Combinations.pdf,1,area-relativa,0.0199,0.0,17.01,150.76,224.35,167.44,241.35
Vishy_Anand_Great_Chess_Combinations.pdf,1,area-relativa,0.0198,0.0,48.73,68.02,66.39,116.75,106.61
Vishy_Anand_Great_Chess_Combinations.pdf,1,area-relativa,0.0162,0.0,18.31,167.77,224.35,186.08,241.35
Vishy_Anand_Great_Chess_Combinations.pdf,1,area-relativa,0.0081,0.0,38.92,177.25,194.91,216.17,224.67
Vishy_Anand_Great_Chess_Combinations.pdf,1,area-relativa,0.006,0.0,23.55,64.75,217.48,83.07,241.02
Vishy_Anand_Great_Chess_Combinations.pdf,1,area-relativa,0.0029,0.0,24.85,185.76,217.15,204.07,242.01
Vishy_Anand_Great_Chess_Combinations.pdf,1,area-relativa,0.0013,0.0,48.4,70.64,72.93,119.04,105.63
Vishy_Anand_Great_Chess_Combinations.pdf,1,area-relativa,0.0,0.0,26.49,163.84,194.59,180.52,221.08
Vishy_Anand_Great_Chess_Combinations.pdf,1,score-baixo,0.1072,0.0,97.78,57.56,181.83,155.34,264.24
Vishy_Anand_Great_Chess_Combinations.pdf,1,score-baixo,0.0991,0.0,54.61,7.85,187.06,61.16,241.68
Vishy_Anand_Great_Chess_Combinations.pdf,1,score-baixo,0.0836,0.0,53.63,74.89,134.74,128.52,185.1
Vishy_Anand_Great_Chess_Combinations.pdf,1,sem-contraste-de-casa,0.5,0.0,240.37,-0.65,20.6,234.48,260.97
Vishy_Anand_Great_Chess_Combinations.pdf,3,aspecto,0.0,0.0,96.44,66.04,116.71,162.47,118.99
Vishy_Anand_Great_Chess_Combinations.pdf,3,aspecto,0.0,0.0,41.84,65.38,91.53,107.23,114.74
Vishy_Anand_Great_Chess_Combinations.pdf,3,aspecto,0.0,0.0,60.48,96.44,63.09,156.92,86.3
Vishy_Anand_Great_Chess_Combinations.pdf,3,aspecto,0.0,0.0,159.86,37.27,30.4,197.13,32.04
Vishy_Anand_Great_Chess_Combinations.pdf,3,aspecto,0.0,0.0,30.73,103.63,190.91,134.36,198.11
Vishy_Anand_Great_Chess_Combinations.pdf,3,aspecto,0.0,0.0,96.44,66.04,116.71,162.47,118.99
Vishy_Anand_Great_Chess_Combinations.pdf,3,aspecto,0.0,0.0,41.84,65.38,91.53,107.23,114.74
Vishy_Anand_Great_Chess_Combinations.pdf,3,aspecto,0.0,0.0,84.34,72.57,63.09,156.92,86.96
Vishy_Anand_Great_Chess_Combinations.pdf,3,aspecto,0.0,0.0,159.86,37.27,17.0,197.13,32.04
Vishy_Anand_Great_Chess_Combinations.pdf,3,score-baixo,0.0395,0.0,29.75,104.28,156.92,130.76,186.66
Vishy_Anand_Great_Chess_Combinations.pdf,3,score-baixo,0.0309,0.0,25.17,72.9,56.56,98.07,79.44
Vishy_Anand_Great_Chess_Combinations.pdf,3,score-baixo,0.0232,0.0,16.67,108.86,98.4,125.21,115.07
Vishy_Anand_Great_Chess_Combinations.pdf,3,score-baixo,0.0188,0.0,17.65,126.19,98.4,143.84,114.74
Vishy_Anand_Great_Chess_Combinations.pdf,3,score-baixo,0.0068,0.0,30.73,72.9,56.56,103.63,79.44
Vishy_Anand_Great_Chess_Combinations.pdf,3,score-baixo,0.0056,0.0,23.86,119.98,55.9,138.28,79.77
Vishy_Anand_Great_Chess_Combinations.pdf,3,score-baixo,0.0031,0.0,24.52,144.17,91.21,162.15,115.73
Vishy_Anand_Great_Chess_Combinations.pdf,4,aspecto,0.0,0.0,42.82,97.09,194.18,139.92,206.28
Vishy_Anand_Great_Chess_Combinations.pdf,4,aspecto,0.0,0.0,37.92,76.5,62.44,114.42,69.63
Vishy_Anand_Great_Chess_Combinations.pdf,4,aspecto,0.0,0.0,170.65,32.04,56.88,202.68,58.52
Vishy_Anand_Great_Chess_Combinations.pdf,4,aspecto,0.0,0.0,31.71,60.15,34.65,91.86,42.82
Vishy_Anand_Great_Chess_Combinations.pdf,4,aspecto,0.0,0.0,38.9,154.95,204.97,193.86,211.18
Vishy_Anand_Great_Chess_Combinations.pdf,4,aspecto,0.0,0.0,25.5,74.86,199.41,100.36,210.86
Vishy_Anand_Great_Chess_Combinations.pdf,4,aspecto,0.0,0.0,49.04,90.55,188.63,139.59,204.97
Vishy_Anand_Great_Chess_Combinations.pdf,4,aspecto,0.0,0.0,62.44,68.32,146.45,130.76,154.95
Vishy_Anand_Great_Chess_Combinations.pdf,4,aspecto,0.0,0.0,72.57,68.65,135.67,141.22,142.86
Vishy_Anand_Great_Chess_Combinations.pdf,4,aspecto,0.0,0.0,65.05,32.36,124.88,97.42,131.74
Vishy_Anand_Great_Chess_Combinations.pdf,4,aspecto,0.0,0.0,28.44,32.36,108.21,60.8,117.03
Vishy_Anand_Great_Chess_Combinations.pdf,4,aspecto,0.0,0.0,56.23,145.8,73.23,202.03,80.09
Vishy_Anand_Great_Chess_Combinations.pdf,4,aspecto,0.0,0.0,37.92,76.5,62.44,114.42,69.63
Vishy_Anand_Great_Chess_Combinations.pdf,4,aspecto,0.0,0.0,41.84,31.71,61.79,73.55,69.63
Vishy_Anand_Great_Chess_Combinations.pdf,4,aspecto,0.0,0.0,170.65,32.04,56.88,202.68,58.52
Vishy_Anand_Great_Chess_Combinations.pdf,4,aspecto,0.0,0.0,52.31,32.04,44.46,84.34,54.27
Vishy_Anand_Great_Chess_Combinations.pdf,4,aspecto,0.0,0.0,47.07,127.49,36.61,174.57,41.52
Vishy_Anand_Great_Chess_Combinations.pdf,4,aspecto,0.0,0.0,30.08,94.8,34.0,124.88,45.11
Vishy_Anand_Great_Chess_Combinations.pdf,4,aspecto,0.0,0.0,32.36,60.15,34.65,92.51,42.82
Vishy_Anand_Great_Chess_Combinations.pdf,4,aspecto,0.0,0.0,46.75,75.19,23.86,121.94,30.73
Vishy_Anand_Great_Chess_Combinations.pdf,4,aspecto,0.0,0.0,40.54,31.71,23.54,72.25,32.36
Vishy_Anand_Great_Chess_Combinations.pdf,5,aspecto,0.0,0.0,28.77,124.23,160.84,152.99,169.99
Vishy_Anand_Great_Chess_Combinations.pdf,5,aspecto,0.0,0.0,39.23,123.9,124.88,163.13,132.4
Vishy_Anand_Great_Chess_Combinations.pdf,5,aspecto,0.0,0.0,35.31,166.07,89.9,201.38,98.4
Vishy_Anand_Great_Chess_Combinations.pdf,5,aspecto,0.0,0.0,53.61,123.57,52.96,177.18,62.44
Vishy_Anand_Great_Chess_Combinations.pdf,5,aspecto,0.0,0.0,27.79,82.05,51.65,109.84,61.79
Vishy_Anand_Great_Chess_Combinations.pdf,5,aspecto,0.0,0.0,164.11,115.4,40.21,117.03,204.32
Vishy_Anand_Great_Chess_Combinations.pdf,5,aspecto,0.0,0.0,40.21,161.17,198.11,201.38,204.64
Vishy_Anand_Great_Chess_Combinations.pdf,5,aspecto,0.0,0.0,26.48,52.31,195.82,78.78,206.61
Vishy_Anand_Great_Chess_Combinations.pdf,5,aspecto,0.0,0.0,43.15,124.23,186.66,167.38,192.22
Vishy_Anand_Great_Chess_Combinations.pdf,5,aspecto,0.0,0.0,39.88,144.17,174.9,184.05,180.78
Vishy_Anand_Great_Chess_Combinations.pdf,5,aspecto,0.0,0.0,29.42,45.77,172.61,75.19,180.13
Vishy_Anand_Great_Chess_Combinations.pdf,5,aspecto,0.0,0.0,47.07,154.3,160.84,201.38,169.99
Vishy_Anand_Great_Chess_Combinations.pdf,5,aspecto,0.0,0.0,28.77,124.23,160.84,152.99,169.99
Vishy_Anand_Great_Chess_Combinations.pdf,5,aspecto,0.0,0.0,31.71,124.23,149.07,155.94,158.22
Vishy_Anand_Great_Chess_Combinations.pdf,5,aspecto,0.0,0.0,36.29,157.57,136.97,193.86,145.8
Vishy_Anand_Great_Chess_Combinations.pdf,5,aspecto,0.0,0.0,39.23,123.9,124.88,163.13,132.4
Vishy_Anand_Great_Chess_Combinations.pdf,5,aspecto,0.0,0.0,29.75,32.36,124.88,62.11,132.4
Vishy_Anand_Great_Chess_Combinations.pdf,5,aspecto,0.0,0.0,50.67,151.03,115.07,201.7,122.59
Vishy_Anand_Great_Chess_Combinations.pdf,5,aspecto,0.0,0.0,34.98,166.07,102.98,201.05,110.49
Vishy_Anand_Great_Chess_Combinations.pdf,5,aspecto,0.0,0.0,35.63,32.04,101.01,67.67,111.48
Vishy_Anand_Great_Chess_Combinations.pdf,5,aspecto,0.0,0.0,35.31,166.07,89.9,201.38,98.4
Vishy_Anand_Great_Chess_Combinations.pdf,5,aspecto,0.0,0.0,35.31,138.28,79.11,173.59,86.63
Vishy_Anand_Great_Chess_Combinations.pdf,5,aspecto,0.0,0.0,53.29,123.9,53.29,177.18,60.48
Vishy_Anand_Great_Chess_Combinations.pdf,5,aspecto,0.0,0.0,27.79,82.05,51.65,109.84,61.79
Vishy_Anand_Great_Chess_Combinations.pdf,5,aspecto,0.0,0.0,164.11,115.4,40.21,117.03,204.32
Vishy_Anand_Great_Chess_Combinations.pdf,5,aspecto,0.0,0.0,53.94,43.81,21.25,97.75,29.09
Vishy_Anand_Great_Chess_Combinations.pdf,6,aspecto,0.0,0.0,34.98,152.67,176.86,187.65,186.99
Vishy_Anand_Great_Chess_Combinations.pdf,6,aspecto,0.0,0.0,36.29,147.11,141.22,183.4,150.38
Vishy_Anand_Great_Chess_Combinations.pdf,6,aspecto,0.0,0.0,34.0,141.55,107.55,175.55,115.07
Vishy_Anand_Great_Chess_Combinations.pdf,6,aspecto,0.0,0.0,34.0,124.55,83.69,158.55,91.21
Vishy_Anand_Great_Chess_Combinations.pdf,6,aspecto,0.0,0.0,59.17,124.23,71.59,183.4,77.15
Vishy_Anand_Great_Chess_Combinations.pdf,6,aspecto,0.0,0.0,35.63,166.07,23.86,201.7,31.38
Vishy_Anand_Great_Chess_Combinations.pdf,6,aspecto,0.0,0.0,184.7,115.73,20.27,118.34,204.97
Vishy_Anand_Great_Chess_Combinations.pdf,6,aspecto,0.0,0.0,34.98,152.67,176.86,187.65,186.99
Vishy_Anand_Great_Chess_Combinations.pdf,6,aspecto,0.0,0.0,30.73,33.02,177.18,63.75,184.7
Vishy_Anand_Great_Chess_Combinations.pdf,6,aspecto,0.0,0.0,35.96,124.23,164.76,160.18,176.2
Vishy_Anand_Great_Chess_Combinations.pdf,6,aspecto,0.0,0.0,41.52,160.18,153.97,201.7,162.15
Vishy_Anand_Great_Chess_Combinations.pdf,6,aspecto,0.0,0.0,34.65,53.61,153.32,88.27,160.84
Vishy_Anand_Great_Chess_Combinations.pdf,6,aspecto,0.0,0.0,36.29,147.11,141.22,183.4,150.38
Vishy_Anand_Great_Chess_Combinations.pdf,6,aspecto,0.0,0.0,32.04,32.69,117.03,64.73,126.84
Vishy_Anand_Great_Chess_Combinations.pdf,6,aspecto,0.0,0.0,34.0,141.55,107.55,175.55,115.07
Vishy_Anand_Great_Chess_Combinations.pdf,6,aspecto,0.0,0.0,40.54,124.23,95.46,164.76,101.01
Vishy_Anand_Great_Chess_Combinations.pdf,6,aspecto,0.0,0.0,34.0,124.55,83.69,158.55,91.21
Vishy_Anand_Great_Chess_Combinations.pdf,6,aspecto,0.0,0.0,31.71,32.36,81.07,64.07,89.57
Vishy_Anand_Great_Chess_Combinations.pdf,6,aspecto,0.0,0.0,59.17,124.23,71.59,183.4,77.15
Vishy_Anand_Great_Chess_Combinations.pdf,6,aspecto,0.0,0.0,37.27,54.59,46.75,91.86,55.25
Vishy_Anand_Great_Chess_Combinations.pdf,6,aspecto,0.0,0.0,27.13,55.9,33.67,83.03,43.48
Vishy_Anand_Great_Chess_Combinations.pdf,6,aspecto,0.0,0.0,35.63,166.07,23.86,201.7,31.38
Vishy_Anand_Great_Chess_Combinations.pdf,6,aspecto,0.0,0.0,31.06,78.13,22.88,109.19,31.38
Vishy_Anand_Great_Chess_Combinations.pdf,6,aspecto,0.0,0.0,44.79,32.36,21.9,77.15,31.38
Vishy_Anand_Great_Chess_Combinations.pdf,6,aspecto,0.0,0.0,184.7,115.73,20.27,118.34,204.97
Vishy_Anand_Great_Chess_Combinations.pdf,7,aspecto,0.0,0.0,39.88,123.24,190.91,163.13,196.47
Vishy_Anand_Great_Chess_Combinations.pdf,7,aspecto,0.0,0.0,42.17,123.57,179.15,165.74,186.99
Vishy_Anand_Great_Chess_Combinations.pdf,7,aspecto,0.0,0.0,36.29,72.57,167.7,108.86,174.9
Vishy_Anand_Great_Chess_Combinations.pdf,7,aspecto,0.0,0.0,30.73,148.42,155.61,179.15,163.13
Vishy_Anand_Great_Chess_Combinations.pdf,7,aspecto,0.0,0.0,41.19,123.24,143.51,164.43,151.03
Vishy_Anand_Great_Chess_Combinations.pdf,7,aspecto,0.0,0.0,61.46,123.24,131.42,184.7,138.94
Vishy_Anand_Great_Chess_Combinations.pdf,7,aspecto,0.0,0.0,36.29,147.44,118.34,183.72,125.86
Vishy_Anand_Great_Chess_Combinations.pdf,7,aspecto,0.0,0.0,43.15,157.57,107.55,200.72,115.07
Vishy_Anand_Great_Chess_Combinations.pdf,7,aspecto,0.0,0.0,32.69,123.24,95.13,155.94,102.98
Vishy_Anand_Great_Chess_Combinations.pdf,7,aspecto,0.0,0.0,45.77,147.44,83.03,193.2,89.57
Vishy_Anand_Great_Chess_Combinations.pdf,7,aspecto,0.0,0.0,48.71,123.24,59.82,171.95,65.38
Vishy_Anand_Great_Chess_Combinations.pdf,7,aspecto,0.0,0.0,33.67,167.05,47.73,200.72,55.25
Vishy_Anand_Great_Chess_Combinations.pdf,7,aspecto,0.0,0.0,34.0,166.72,35.96,200.72,43.48
Vishy_Anand_Great_Chess_Combinations.pdf,7,aspecto,0.0,0.0,34.65,142.86,21.58,177.51,30.08
Vishy_Anand_Great_Chess_Combinations.pdf,7,aspecto,0.0,0.0,184.38,114.74,20.6,116.38,204.97
Vishy_Anand_Great_Chess_Combinations.pdf,7,aspecto,0.0,0.0,37.92,41.84,190.91,79.77,198.76
Vishy_Anand_Great_Chess_Combinations.pdf,7,aspecto,0.0,0.0,45.44,123.24,188.95,168.68,198.43
Vishy_Anand_Great_Chess_Combinations.pdf,7,aspecto,0.0,0.0,42.17,123.57,179.15,165.74,186.99
Vishy_Anand_Great_Chess_Combinations.pdf,7,aspecto,0.0,0.0,36.29,72.57,167.7,108.86,174.9
Vishy_Anand_Great_Chess_Combinations.pdf,7,aspecto,0.0,0.0,41.84,159.2,167.38,201.05,172.93
Vishy_Anand_Great_Chess_Combinations.pdf,7,aspecto,0.0,0.0,38.58,31.71,165.42,70.29,172.93
Vishy_Anand_Great_Chess_Combinations.pdf,7,aspecto,0.0,0.0,30.73,148.42,155.61,179.15,163.13
Vishy_Anand_Great_Chess_Combinations.pdf,7,aspecto,0.0,0.0,41.19,123.24,143.51,164.43,151.03
Vishy_Anand_Great_Chess_Combinations.pdf,7,aspecto,0.0,0.0,32.69,63.09,141.55,95.78,148.74
Vishy_Anand_Great_Chess_Combinations.pdf,7,aspecto,0.0,0.0,34.98,165.74,141.22,200.72,149.07
Vishy_Anand_Great_Chess_Combinations.pdf,7,aspecto,0.0,0.0,61.46,123.24,131.42,184.7,138.94
Vishy_Anand_Great_Chess_Combinations.pdf,7,aspecto,0.0,0.0,36.29,147.44,118.34,183.72,125.86
Vishy_Anand_Great_Chess_Combinations.pdf,7,aspecto,0.0,0.0,43.15,157.57,107.55,200.72,115.07
Vishy_Anand_Great_Chess_Combinations.pdf,7,aspecto,0.0,0.0,32.69,123.24,95.13,155.94,102.98
Vishy_Anand_Great_Chess_Combinations.pdf,7,aspecto,0.0,0.0,45.44,147.76,83.69,193.2,88.92
Vishy_Anand_Great_Chess_Combinations.pdf,7,aspecto,0.0,0.0,37.92,163.13,69.63,201.05,78.46
Vishy_Anand_Great_Chess_Combinations.pdf,7,aspecto,0.0,0.0,53.29,123.24,59.82,176.53,65.38
Vishy_Anand_Great_Chess_Combinations.pdf,7,aspecto,0.0,0.0,33.67,167.05,47.73,200.72,55.25
Vishy_Anand_Great_Chess_Combinations.pdf,7,aspecto,0.0,0.0,34.0,166.72,35.96,200.72,43.48
Vishy_Anand_Great_Chess_Combinations.pdf,7,aspecto,0.0,0.0,34.65,142.86,21.58,177.51,30.08
Vishy_Anand_Great_Chess_Combinations.pdf,7,aspecto,0.0,0.0,184.38,114.74,20.6,116.38,204.97
Vishy_Anand_Great_Chess_Combinations.pdf,8,aspecto,0.0,0.0,34.65,159.2,188.63,193.86,198.43
Vishy_Anand_Great_Chess_Combinations.pdf,8,aspecto,0.0,0.0,34.33,124.23,155.61,158.55,163.13
Vishy_Anand_Great_Chess_Combinations.pdf,8,aspecto,0.0,0.0,45.77,141.88,140.9,187.65,150.05
Vishy_Anand_Great_Chess_Combinations.pdf,8,aspecto,0.0,0.0,49.36,123.9,119.65,173.26,124.88
Vishy_Anand_Great_Chess_Combinations.pdf,8,aspecto,0.0,0.0,35.96,166.07,107.55,202.03,115.07
Vishy_Anand_Great_Chess_Combinations.pdf,8,aspecto,0.0,0.0,53.94,148.09,95.78,202.03,101.67
Vishy_Anand_Great_Chess_Combinations.pdf,8,aspecto,0.0,0.0,46.09,123.9,70.94,169.99,79.11
Vishy_Anand_Great_Chess_Combinations.pdf,8,aspecto,0.0,0.0,184.38,116.38,20.6,118.01,204.97
Vishy_Anand_Great_Chess_Combinations.pdf,8,aspecto,0.0,0.0,34.65,159.2,188.63,193.86,198.43
Vishy_Anand_Great_Chess_Combinations.pdf,8,aspecto,0.0,0.0,34.33,124.23,155.61,158.55,163.13
Vishy_Anand_Great_Chess_Combinations.pdf,8,aspecto,0.0,0.0,36.61,49.36,153.97,85.98,163.13
Vishy_Anand_Great_Chess_Combinations.pdf,8,aspecto,0.0,0.0,37.92,51.98,128.15,89.9,138.94
Vishy_Anand_Great_Chess_Combinations.pdf,8,aspecto,0.0,0.0,49.36,123.9,119.65,173.26,124.88
Vishy_Anand_Great_Chess_Combinations.pdf,8,aspecto,0.0,0.0,43.81,66.36,117.36,110.17,124.88
Vishy_Anand_Great_Chess_Combinations.pdf,8,aspecto,0.0,0.0,35.96,166.07,107.55,202.03,115.07
Vishy_Anand_Great_Chess_Combinations.pdf,8,aspecto,0.0,0.0,53.94,148.09,95.78,202.03,101.67
Vishy_Anand_Great_Chess_Combinations.pdf,8,aspecto,0.0,0.0,42.5,51.98,92.84,94.48,102.98
Vishy_Anand_Great_Chess_Combinations.pdf,8,aspecto,0.0,0.0,36.61,48.06,80.42,84.67,92.84
Vishy_Anand_Great_Chess_Combinations.pdf,8,aspecto,0.0,0.0,46.09,123.9,70.94,169.99,79.11
Vishy_Anand_Great_Chess_Combinations.pdf,8,aspecto,0.0,0.0,38.25,31.71,69.3,69.96,79.11
Vishy_Anand_Great_Chess_Combinations.pdf,8,aspecto,0.0,0.0,37.92,71.92,68.65,109.84,78.13
Vishy_Anand_Great_Chess_Combinations.pdf,8,aspecto,0.0,0.0,31.06,65.38,45.11,96.44,55.57
Vishy_Anand_Great_Chess_Combinations.pdf,8,aspecto,0.0,0.0,35.31,166.72,22.23,202.03,29.42
Vishy_Anand_Great_Chess_Combinations.pdf,8,aspecto,0.0,0.0,184.38,116.38,20.6,118.01,204.97
Vishy_Anand_Great_Chess_Combinations.pdf,20,aspecto,0.0,0.0,31.38,113.44,46.09,130.76,77.48
Vishy_Anand_Great_Chess_Combinations.pdf,20,area-relativa,0.0188,0.0,17.0,77.48,82.71,94.48,99.05
Vishy_Anand_Great_Chess_Combinations.pdf,20,area-relativa,0.0187,0.0,15.36,115.4,83.69,130.76,98.73
Vishy_Anand_Great_Chess_Combinations.pdf,20,area-relativa,0.016,0.0,17.33,168.68,100.69,186.01,116.71
Vishy_Anand_Great_Chess_Combinations.pdf,20,area-relativa,0.0103,0.0,24.19,95.13,64.07,115.73,88.27
Vishy_Anand_Great_Chess_Combinations.pdf,20,area-relativa,0.0054,0.0,28.77,93.5,64.07,115.73,92.84
Vishy_Anand_Great_Chess_Combinations.pdf,20,area-relativa,0.0033,0.0,24.85,131.74,65.71,150.7,90.55
Vishy_Anand_Great_Chess_Combinations.pdf,20,area-relativa,0.0027,0.0,20.92,77.15,47.4,92.51,68.32
Vishy_Anand_Great_Chess_Combinations.pdf,20,area-relativa,0.0011,0.0,31.71,110.82,119.32,132.72,151.03
Vishy_Anand_Great_Chess_Combinations.pdf,20,sobreposicao,0.559,0.0,178.49,23.54,31.38,202.03,207.91
Vishy_Anand_Great_Chess_Combinations.pdf,20,sobreposicao,0.5511,0.0,201.38,5.88,7.52,203.99,208.89
Vishy_Anand_Great_Chess_Combinations.pdf,20,sobreposicao,0.342,0.0,121.61,28.77,28.11,150.38,148.42
Vishy_Anand_Great_Chess_Combinations.pdf,20,sobreposicao,0.3102,0.0,113.76,85.32,86.96,199.09,199.41
Vishy_Anand_Great_Chess_Combinations.pdf,20,sobreposicao,0.2233,0.0,81.73,118.34,122.92,200.07,203.99
Vishy_Anand_Great_Chess_Combinations.pdf,20,sobreposicao,0.2002,0.0,79.77,26.15,34.65,105.92,113.76
Vishy_Anand_Great_Chess_Combinations.pdf,20,score-baixo,0.1104,0.0,69.96,86.3,78.78,156.26,148.74
Vishy_Anand_Great_Chess_Combinations.pdf,20,score-baixo,0.1089,0.0,51.98,23.86,28.44,75.84,80.09
Vishy_Anand_Great_Chess_Combinations.pdf,20,score-baixo,0.1054,0.0,62.11,39.23,131.42,101.34,192.88
Vishy_Anand_Great_Chess_Combinations.pdf,20,score-baixo,0.0232,0.0,24.52,163.13,166.72,187.65,188.3
Vishy_Anand_Great_Chess_Combinations.pdf,20,score-baixo,0.0139,0.0,26.48,40.54,45.44,62.11,71.92
Vishy_Anand_Great_Chess_Combinations.pdf,20,sem-contraste-de-casa,0.5,0.0,88.92,23.54,28.11,112.46,116.05
Vishy_Anand_Great_Chess_Combinations.pdf,20,sem-contraste-de-casa,0.5,0.0,90.23,115.07,117.36,205.3,206.61
Vishy_Anand_Great_Chess_Combinations.pdf,39,aspecto,0.0,0.0,32.04,114.42,153.32,132.07,185.36
Vishy_Anand_Great_Chess_Combinations.pdf,39,aspecto,0.0,0.0,41.84,132.72,19.94,174.57,31.71
Vishy_Anand_Great_Chess_Combinations.pdf,39,area-relativa,0.0227,0.0,88.92,44.46,102.65,133.38,186.34
Vishy_Anand_Great_Chess_Combinations.pdf,39,area-relativa,0.0173,0.0,21.58,133.38,100.03,153.97,121.61
Vishy_Anand_Great_Chess_Combinations.pdf,39,area-relativa,0.0101,0.0,18.96,133.05,83.36,152.01,99.38
Vishy_Anand_Great_Chess_Combinations.pdf,39,area-relativa,0.0005,0.0,31.71,149.07,118.99,170.32,150.7
Vishy_Anand_Great_Chess_Combinations.pdf,39,sobreposicao,0.5073,0.0,177.84,27.46,24.85,201.38,202.68
Vishy_Anand_Great_Chess_Combinations.pdf,39,sobreposicao,0.3024,0.0,120.3,79.77,86.96,200.07,205.63
Vishy_Anand_Great_Chess_Combinations.pdf,39,sobreposicao,0.279,0.0,113.11,30.73,33.34,143.84,143.84
Vishy_Anand_Great_Chess_Combinations.pdf,39,sobreposicao,0.2048,0.0,78.46,121.94,123.9,200.39,201.7
Vishy_Anand_Great_Chess_Combinations.pdf,39,score-baixo,0.0336,0.0,22.23,166.4,167.05,188.63,188.3
Vishy_Anand_Great_Chess_Combinations.pdf,39,score-baixo,0.0326,0.0,34.98,41.84,45.44,76.82,74.86
Vishy_Anand_Great_Chess_Combinations.pdf,39,score-baixo,0.0251,0.0,24.52,164.43,166.72,188.95,188.63
Vishy_Anand_Great_Chess_Combinations.pdf,39,score-baixo,0.0069,0.0,28.77,41.84,45.77,63.42,74.54
Vishy_Anand_Great_Chess_Combinations.pdf,39,sem-contraste-de-casa,0.5,0.0,78.46,29.75,33.02,108.21,111.15
Vishy_Anand_Great_Chess_Combinations.pdf,39,sem-contraste-de-casa,0.5,0.0,91.86,116.38,117.36,208.24,208.24
Vishy_Anand_Great_Chess_Combinations.pdf,57,aspecto,0.0,0.0,34.33,137.3,21.9,171.63,29.75
Vishy_Anand_Great_Chess_Combinations.pdf,57,aspecto,0.0,0.0,27.13,90.23,21.9,117.36,30.08
Vishy_Anand_Great_Chess_Combinations.pdf,57,area-relativa,0.0291,0.0,18.63,78.78,63.09,97.42,81.4
Vishy_Anand_Great_Chess_Combinations.pdf,57,area-relativa,0.0285,0.0,18.63,114.74,63.09,133.38,81.4
Vishy_Anand_Great_Chess_Combinations.pdf,57,area-relativa,0.0268,0.0,18.63,115.4,135.01,134.03,152.99
Vishy_Anand_Great_Chess_Combinations.pdf,57,area-relativa,0.0192,0.0,18.63,97.09,118.67,115.73,135.67
Vishy_Anand_Great_Chess_Combinations.pdf,57,area-relativa,0.0191,0.0,19.29,151.03,45.44,169.99,64.73
Vishy_Anand_Great_Chess_Combinations.pdf,57,area-relativa,0.0183,0.0,23.86,111.8,63.09,134.03,86.96
Vishy_Anand_Great_Chess_Combinations.pdf,57,area-relativa,0.0166,0.0,16.02,80.09,82.71,95.46,98.73
Vishy_Anand_Great_Chess_Combinations.pdf,57,area-relativa,0.0154,0.0,22.23,41.52,45.11,63.75,64.4
Vishy_Anand_Great_Chess_Combinations.pdf,57,area-relativa,0.0035,0.0,24.52,133.05,65.71,152.01,90.23
Vishy_Anand_Great_Chess_Combinations.pdf,57,area-relativa,0.0033,0.0,24.19,151.69,84.02,170.32,108.21
Vishy_Anand_Great_Chess_Combinations.pdf,57,sobreposicao,0.2327,0.0,82.71,120.63,121.28,203.34,203.34
Vishy_Anand_Great_Chess_Combinations.pdf,57,score-baixo,0.1052,0.0,52.63,24.85,28.44,77.48,80.42
Vishy_Anand_Great_Chess_Combinations.pdf,57,score-baixo,0.0532,0.0,23.86,165.09,164.43,188.95,188.3
Vishy_Anand_Great_Chess_Combinations.pdf,57,score-baixo,0.0451,0.0,33.67,105.59,95.78,139.26,128.8
Vishy_Anand_Great_Chess_Combinations.pdf,57,score-baixo,0.0246,0.0,37.27,122.59,42.5,154.95,79.77
Vishy_Anand_Great_Chess_Combinations.pdf,57,score-baixo,0.0234,0.0,23.86,165.09,167.38,188.95,188.3
Vishy_Anand_Great_Chess_Combinations.pdf,57,score-baixo,0.0016,0.0,35.31,74.54,153.65,99.05,188.95
Vishy_Anand_Great_Chess_Combinations.pdf,57,sem-contraste-de-casa,0.5,0.0,95.13,116.71,117.36,211.84,211.84
Vishy_Anand_Great_Chess_Combinations.pdf,76,aspecto,0.0,0.0,35.31,111.8,152.67,132.07,187.97
Vishy_Anand_Great_Chess_Combinations.pdf,76,aspecto,0.0,0.0,33.02,131.09,136.32,150.38,169.34
Vishy_Anand_Great_Chess_Combinations.pdf,76,aspecto,0.0,0.0,33.34,76.17,118.34,95.13,151.69
Vishy_Anand_Great_Chess_Combinations.pdf,76,aspecto,0.0,0.0,33.67,130.76,135.99,150.38,169.67
Vishy_Anand_Great_Chess_Combinations.pdf,76,area-relativa,0.0286,0.0,26.15,72.9,95.46,98.73,121.61
Vishy_Anand_Great_Chess_Combinations.pdf,76,area-relativa,0.0216,0.0,15.04,152.34,118.99,167.38,134.03
Vishy_Anand_Great_Chess_Combinations.pdf,76,area-relativa,0.0189,0.0,20.92,112.78,45.44,133.71,66.04
Vishy_Anand_Great_Chess_Combinations.pdf,76,area-relativa,0.0183,0.0,23.21,128.8,46.42,151.03,69.63
Vishy_Anand_Great_Chess_Combinations.pdf,76,area-relativa,0.0164,0.0,18.63,97.42,152.34,114.09,170.97
Vishy_Anand_Great_Chess_Combinations.pdf,76,area-relativa,0.0158,0.0,28.44,125.86,83.69,151.36,112.13
Vishy_Anand_Great_Chess_Combinations.pdf,76,area-relativa,0.0095,0.0,17.0,78.78,101.34,95.78,116.05
Vishy_Anand_Great_Chess_Combinations.pdf,76,area-relativa,0.0011,0.0,31.38,165.74,101.34,187.65,132.72
Vishy_Anand_Great_Chess_Combinations.pdf,76,area-relativa,0.001,0.0,31.38,74.54,154.95,96.11,186.34
Vishy_Anand_Great_Chess_Combinations.pdf,76,area-relativa,0.0005,0.0,31.71,56.23,136.97,77.48,168.68
Vishy_Anand_Great_Chess_Combinations.pdf,76,sobreposicao,0.5509,0.0,170.97,11.44,13.08,182.41,180.78
Vishy_Anand_Great_Chess_Combinations.pdf,76,sobreposicao,0.216,0.0,78.46,121.61,123.9,200.07,201.05
Vishy_Anand_Great_Chess_Combinations.pdf,76,score-baixo,0.1223,0.0,94.8,42.17,101.01,133.38,195.82
Vishy_Anand_Great_Chess_Combinations.pdf,76,score-baixo,0.1176,0.0,34.98,40.54,45.44,75.52,79.77
Vishy_Anand_Great_Chess_Combinations.pdf,76,score-baixo,0.075,0.0,142.53,55.9,45.77,186.99,188.3
Vishy_Anand_Great_Chess_Combinations.pdf,76,score-baixo,0.0586,0.0,69.96,84.67,45.11,144.17,115.07
Vishy_Anand_Great_Chess_Combinations.pdf,76,score-baixo,0.0385,0.0,21.9,165.42,167.05,187.32,188.3
Vishy_Anand_Great_Chess_Combinations.pdf,76,score-baixo,0.0344,0.0,21.9,40.54,45.44,62.44,66.69
Vishy_Anand_Great_Chess_Combinations.pdf,76,sem-contraste-de-casa,0.5,0.0,83.69,29.42,27.79,113.11,109.19
Vishy_Anand_Great_Chess_Combinations.pdf,76,sem-contraste-de-casa,0.5,0.0,95.78,114.74,117.36,210.53,212.16
Vishy_Anand_Great_Chess_Combinations.pdf,95,aspecto,0.0,0.0,44.13,132.4,21.58,176.53,29.75
Vishy_Anand_Great_Chess_Combinations.pdf,95,area-relativa,0.0321,0.0,18.63,97.09,80.75,115.73,99.38
Vishy_Anand_Great_Chess_Combinations.pdf,95,area-relativa,0.028,0.0,29.75,105.59,152.34,135.34,180.78
Vishy_Anand_Great_Chess_Combinations.pdf,95,area-relativa,0.0215,0.0,18.31,80.42,134.69,97.42,152.99
Vishy_Anand_Great_Chess_Combinations.pdf,95,area-relativa,0.0203,0.0,15.69,171.63,64.73,187.32,80.09
Vishy_Anand_Great_Chess_Combinations.pdf,95,area-relativa,0.0185,0.0,20.92,150.7,45.44,171.63,66.04
Vishy_Anand_Great_Chess_Combinations.pdf,95,area-relativa,0.0138,0.0,21.9,41.84,45.44,63.75,64.07
Vishy_Anand_Great_Chess_Combinations.pdf,95,sobreposicao,0.6189,0.0,216.74,6.87,9.15,223.61,224.59
Vishy_Anand_Great_Chess_Combinations.pdf,95,sobreposicao,0.5812,0.0,171.95,28.44,32.36,200.39,202.68
Vishy_Anand_Great_Chess_Combinations.pdf,95,sobreposicao,0.3161,0.0,116.38,85.32,85.65,201.7,200.39
Vishy_Anand_Great_Chess_Combinations.pdf,95,sobreposicao,0.2679,0.0,59.5,129.78,130.76,189.28,188.3
Vishy_Anand_Great_Chess_Combinations.pdf,95,sobreposicao,0.1997,0.0,81.07,26.15,34.65,107.23,115.07
Vishy_Anand_Great_Chess_Combinations.pdf,95,score-baixo,0.1365,0.0,94.8,42.17,45.77,136.97,138.28
Vishy_Anand_Great_Chess_Combinations.pdf,95,score-baixo,0.1065,0.0,52.31,25.17,28.44,77.48,80.09
Vishy_Anand_Great_Chess_Combinations.pdf,95,sem-contraste-de-casa,0.5,0.0,89.25,24.85,27.79,114.09,116.05
Vishy_Anand_Great_Chess_Combinations.pdf,95,sem-contraste-de-casa,0.5,0.0,106.57,116.38,117.36,222.95,223.28
Vishy_Anand_Great_Chess_Combinations.pdf,114,area-relativa,0.0279,0.0,18.63,77.15,98.73,95.46,117.36
Vishy_Anand_Great_Chess_Combinations.pdf,114,area-relativa,0.0213,0.0,20.92,149.07,45.44,169.99,66.36
Vishy_Anand_Great_Chess_Combinations.pdf,114,area-relativa,0.0157,0.0,28.44,52.31,83.69,77.8,112.13
Vishy_Anand_Great_Chess_Combinations.pdf,114,area-relativa,0.0104,0.0,16.67,60.48,119.32,77.15,134.03
Vishy_Anand_Great_Chess_Combinations.pdf,114,area-relativa,0.0038,0.0,24.52,58.19,101.34,77.15,125.86
Vishy_Anand_Great_Chess_Combinations.pdf,114,sobreposicao,0.6076,0.0,145.15,78.13,83.03,223.28,226.55
Vishy_Anand_Great_Chess_Combinations.pdf,114,sobreposicao,0.3915,0.0,148.42,48.38,52.63,196.8,199.09
Vishy_Anand_Great_Chess_Combinations.pdf,114,sobreposicao,0.2198,0.0,89.25,108.21,87.94,197.45,176.2
Vishy_Anand_Great_Chess_Combinations.pdf,114,score-baixo,0.1332,0.0,131.09,40.86,45.77,171.95,173.59
Vishy_Anand_Great_Chess_Combinations.pdf,114,score-baixo,0.1077,0.0,51.98,23.54,28.44,75.52,80.09
Vishy_Anand_Great_Chess_Combinations.pdf,114,score-baixo,0.0341,0.0,30.08,92.19,158.22,118.34,188.3
Vishy_Anand_Great_Chess_Combinations.pdf,114,score-baixo,0.0319,0.0,21.9,40.21,45.11,62.11,66.04
Vishy_Anand_Great_Chess_Combinations.pdf,114,score-baixo,0.0167,0.0,29.42,163.45,158.88,187.32,188.3
Vishy_Anand_Great_Chess_Combinations.pdf,114,score-baixo,0.0108,0.0,35.31,55.57,101.01,83.03,136.32
Vishy_Anand_Great_Chess_Combinations.pdf,114,score-baixo,0.0001,0.0,27.79,113.11,153.97,130.76,181.76
Vishy_Anand_Great_Chess_Combinations.pdf,114,sem-contraste-de-casa,0.5,0.0,82.05,29.75,33.02,111.8,114.74
Vishy_Anand_Great_Chess_Combinations.pdf,114,sem-contraste-de-casa,0.5,0.0,79.77,119.32,123.9,199.09,203.01
Vishy_Anand_Great_Chess_Combinations.pdf,132,area-relativa,0.0202,0.0,20.27,112.78,62.77,133.05,81.4
Vishy_Anand_Great_Chess_Combinations.pdf,132,area-relativa,0.0186,0.0,20.92,112.78,45.44,133.71,66.04
Vishy_Anand_Great_Chess_Combinations.pdf,132,area-relativa,0.0182,0.0,16.02,133.38,136.65,149.4,152.01
Vishy_Anand_Great_Chess_Combinations.pdf,132,area-relativa,0.0181,0.0,16.35,134.03,83.36,150.38,99.05
Vishy_Anand_Great_Chess_Combinations.pdf,132,area-relativa,0.0178,0.0,23.21,110.82,64.07,132.72,87.28
Vishy_Anand_Great_Chess_Combinations.pdf,132,area-relativa,0.0177,0.0,18.63,134.03,116.71,150.7,135.34
Vishy_Anand_Great_Chess_Combinations.pdf,132,area-relativa,0.0173,0.0,15.04,60.15,65.38,74.86,80.42
Vishy_Anand_Great_Chess_Combinations.pdf,132,area-relativa,0.0158,0.0,31.38,145.8,60.8,172.93,92.19
Vishy_Anand_Great_Chess_Combinations.pdf,132,area-relativa,0.0144,0.0,27.13,90.88,119.32,115.07,146.45
Vishy_Anand_Great_Chess_Combinations.pdf,132,area-relativa,0.0139,0.0,18.96,77.15,136.65,96.11,153.32
Vishy_Anand_Great_Chess_Combinations.pdf,132,area-relativa,0.0013,0.0,31.38,74.21,154.95,96.11,186.34
Vishy_Anand_Great_Chess_Combinations.pdf,132,area-relativa,0.0008,0.0,31.71,111.15,118.99,132.72,150.7
Vishy_Anand_Great_Chess_Combinations.pdf,132,area-relativa,0.0008,0.0,31.06,111.15,83.69,132.4,114.74
Vishy_Anand_Great_Chess_Combinations.pdf,132,sobreposicao,0.2394,0.0,222.95,-1.96,13.73,220.99,203.66
Vishy_Anand_Great_Chess_Combinations.pdf,132,sobreposicao,0.1899,0.0,77.15,29.09,34.0,105.59,111.15
Vishy_Anand_Great_Chess_Combinations.pdf,132,score-baixo,0.1676,0.0,70.61,78.46,137.3,149.07,206.93
Vishy_Anand_Great_Chess_Combinations.pdf,132,score-baixo,0.113,0.0,51.98,23.86,28.44,75.84,80.09
Vishy_Anand_Great_Chess_Combinations.pdf,132,score-baixo,0.029,0.0,26.81,163.78,161.49,187.65,188.3
Vishy_Anand_Great_Chess_Combinations.pdf,132,score-baixo,0.0163,0.0,22.88,40.86,45.44,60.15,68.32
Vishy_Anand_Great_Chess_Combinations.pdf,132,score-baixo,0.0011,0.0,35.96,91.21,135.67,115.73,171.63
Vishy_Anand_Great_Chess_Combinations.pdf,132,sem-contraste-de-casa,0.5,0.0,83.69,29.09,27.46,112.46,111.15
Vishy_Anand_Great_Chess_Combinations.pdf,132,sem-contraste-de-casa,0.5,0.0,79.44,121.94,122.92,201.38,200.72
Vishy_Anand_Great_Chess_Combinations.pdf,151,aspecto,0.0,0.0,25.83,159.86,34.33,185.68,44.13
Vishy_Anand_Great_Chess_Combinations.pdf,151,aspecto,0.0,0.0,34.98,139.26,100.36,174.24,108.21
Vishy_Anand_Great_Chess_Combinations.pdf,151,aspecto,0.0,0.0,25.83,159.86,34.33,185.68,44.13
Vishy_Anand_Great_Chess_Combinations.pdf,151,aspecto,0.0,0.0,26.81,174.24,22.56,201.05,31.06
Vishy_Anand_Great_Chess_Combinations.pdf,170,aspecto,0.0,0.0,29.42,42.82,178.82,72.25,186.99
Vishy_Anand_Great_Chess_Combinations.pdf,170,aspecto,0.0,0.0,39.56,32.69,178.82,72.25,186.99
Vishy_Anand_Great_Chess_Combinations.pdf,170,aspecto,0.0,0.0,29.09,119.65,163.78,148.74,174.24
Vishy_Anand_Great_Chess_Combinations.pdf,170,aspecto,0.0,0.0,24.19,46.75,151.03,70.94,160.51
Vishy_Anand_Great_Chess_Combinations.pdf,170,aspecto,0.0,0.0,27.13,87.94,73.55,115.07,81.73
Vishy_Anand_Great_Chess_Combinations.pdf,189,aspecto,0.0,0.0,26.48,60.15,177.51,86.63,186.99
Vishy_Anand_Great_Chess_Combinations.pdf,189,aspecto,0.0,0.0,26.48,60.15,177.51,86.63,186.99
Vishy_Anand_Great_Chess_Combinations.pdf,189,aspecto,0.0,0.0,26.81,174.24,164.11,201.05,174.24
Vishy_Anand_Great_Chess_Combinations.pdf,189,aspecto,0.0,0.0,25.83,46.09,164.43,71.92,173.92
Vishy_Anand_Great_Chess_Combinations.pdf,189,aspecto,0.0,0.0,28.77,102.0,112.78,130.76,121.61
Vishy_Anand_Great_Chess_Combinations.pdf,189,aspecto,0.0,0.0,37.92,136.65,99.71,174.57,111.48
Vishy_Anand_Great_Chess_Combinations.pdf,189,aspecto,0.0,0.0,28.11,132.07,73.88,160.18,83.36
Vishy_Anand_Great_Chess_Combinations.pdf,189,aspecto,0.0,0.0,28.11,85.32,35.63,113.44,43.81
Vishy_Anand_Great_Chess_Combinations.pdf,207,aspecto,0.0,0.0,27.46,47.73,86.96,75.19,96.44
Vishy_Anand_Great_Chess_Combinations.pdf,207,aspecto,0.0,0.0,23.21,167.05,73.23,190.26,85.98
Vishy_Anand_Great_Chess_Combinations.pdf,207,aspecto,0.0,0.0,28.44,172.61,61.46,201.05,69.96
Vishy_Anand_Great_Chess_Combinations.pdf,207,aspecto,0.0,0.0,27.79,153.32,43.81,181.11,60.15
📚Aagaard J. Excelling at chess calculation.pdf,1,aspecto,0.0,0.0,248.32,193.68,915.75,442.01,947.48
📚Aagaard J. Excelling at chess calculation.pdf,1,aspecto,0.0,0.0,256.17,189.76,912.48,445.93,951.08
📚Aagaard J. Excelling at chess calculation.pdf,1,aspecto,0.0,0.0,426.63,240.47,444.3,465.89,870.93
📚Aagaard J. Excelling at chess calculation.pdf,1,aspecto,0.0,0.0,156.71,27.48,444.3,123.67,601.01
📚Aagaard J. Excelling at chess calculation.pdf,1,aspecto,0.0,0.0,177.65,318.99,241.78,496.64,335.68
📚Aagaard J. Excelling at chess calculation.pdf,1,aspecto,0.0,0.0,89.97,259.77,143.63,349.74,195.65
📚Aagaard J. Excelling at chess calculation.pdf,1,aspecto,0.0,0.0,91.28,17.67,141.34,108.95,196.3
📚Aagaard J. Excelling at chess calculation.pdf,1,aspecto,0.0,0.0,99.79,255.52,139.7,355.31,199.57
📚Aagaard J. Excelling at chess calculation.pdf,1,aspecto,0.0,0.0,142.65,13.74,137.08,156.39,200.23
📚Aagaard J. Excelling at chess calculation.pdf,1,aspecto,0.0,0.0,101.75,15.7,9.49,117.45,69.69
📚Aagaard J. Excelling at chess calculation.pdf,1,aspecto,0.0,0.0,983.15,562.08,0.0,636.67,983.15
📚Aagaard J. Excelling at chess calculation.pdf,1,aspecto,0.0,0.0,248.32,193.68,915.75,442.01,947.48
📚Aagaard J. Excelling at chess calculation.pdf,1,aspecto,0.0,0.0,256.17,189.76,912.48,445.93,951.08
📚Aagaard J. Excelling at chess calculation.pdf,1,aspecto,0.0,0.0,426.63,240.47,444.3,465.89,870.93
📚Aagaard J. Excelling at chess calculation.pdf,1,aspecto,0.0,0.0,156.71,27.48,444.3,123.67,601.01
📚Aagaard J. Excelling at chess calculation.pdf,1,aspecto,0.0,0.0,177.33,318.99,241.78,496.32,335.68
📚Aagaard J. Excelling at chess calculation.pdf,1,aspecto,0.0,0.0,89.64,259.77,143.63,349.42,195.65
📚Aagaard J. Excelling at chess calculation.pdf,1,aspecto,0.0,0.0,99.79,255.52,139.7,355.31,199.57
📚Aagaard J. Excelling at chess calculation.pdf,1,aspecto,0.0,0.0,142.65,13.74,137.08,156.39,200.23
📚Aagaard J. Excelling at chess calculation.pdf,1,aspecto,0.0,0.0,101.75,15.7,9.49,117.45,69.69
📚Aagaard J. Excelling at chess calculation.pdf,1,aspecto,0.0,0.0,983.15,562.08,0.0,636.67,983.15
📚Aagaard J. Excelling at chess calculation.pdf,1,score-baixo,0.093,0.0,199.57,0.65,438.08,188.78,637.65
📚Aagaard J. Excelling at chess calculation.pdf,1,score-baixo,0.056,0.0,117.13,173.07,281.04,289.22,398.17
📚Aagaard J. Excelling at chess calculation.pdf,1,score-baixo,0.047,0.0,126.94,164.57,283.0,291.51,400.46
📚Aagaard J. Excelling at chess calculation.pdf,1,score-baixo,0.0379,0.0,89.64,178.96,302.31,268.61,384.42
📚Aagaard J. Excelling at chess calculation.pdf,1,score-baixo,0.0222,0.0,53.0,55.95,143.3,108.95,195.65
📚Aagaard J. Excelling at chess calculation.pdf,1,score-baixo,0.0149,0.0,94.22,485.85,248.32,567.97,342.55
📚Aagaard J. Excelling at chess calculation.pdf,1,score-baixo,0.0139,0.0,114.84,66.74,371.34,161.62,486.17
📚Aagaard J. Excelling at chess calculation.pdf,1,score-baixo,0.0139,0.0,86.7,71.32,377.23,148.21,463.93
📚Aagaard J. Excelling at chess calculation.pdf,1,score-baixo,0.0129,0.0,103.71,529.03,389.66,618.68,493.37
📚Aagaard J. Excelling at chess calculation.pdf,1,score-baixo,0.0124,0.0,60.2,320.95,9.82,373.63,70.01
📚Aagaard J. Excelling at chess calculation.pdf,1,score-baixo,0.012,0.0,60.2,481.27,139.7,533.94,199.9
📚Aagaard J. Excelling at chess calculation.pdf,1,score-baixo,0.0112,0.0,104.04,110.58,329.13,195.97,433.17
📚Aagaard J. Excelling at chess calculation.pdf,1,score-baixo,0.0106,0.0,61.84,425.65,139.05,478.65,200.88
📚Aagaard J. Excelling at chess calculation.pdf,1,score-baixo,0.0087,0.0,60.2,349.09,139.7,399.8,199.9
📚Aagaard J. Excelling at chess calculation.pdf,1,score-baixo,0.0077,0.0,59.87,186.16,74.59,236.22,134.47
📚Aagaard J. Excelling at chess calculation.pdf,1,score-baixo,0.0075,0.0,89.97,535.9,397.18,611.81,487.16
📚Aagaard J. Excelling at chess calculation.pdf,1,score-baixo,0.0054,0.0,61.84,376.25,9.16,425.32,71.0
📚Aagaard J. Excelling at chess calculation.pdf,1,score-baixo,0.0043,0.0,92.59,118.76,335.02,189.43,427.61
📚Aagaard J. Excelling at chess calculation.pdf,1,score-baixo,0.0042,0.0,60.85,203.17,139.7,250.94,200.56
📚Aagaard J. Excelling at chess calculation.pdf,1,score-baixo,0.0016,0.0,60.85,330.77,74.27,374.94,135.12
📚Aagaard J. Excelling at chess calculation.pdf,1,score-baixo,0.0016,0.0,59.22,240.14,75.25,283.0,134.47
📚Aagaard J. Excelling at chess calculation.pdf,1,score-baixo,0.0014,0.0,60.85,284.97,74.27,328.81,135.12
📚Aagaard J. Excelling at chess calculation.pdf,1,score-baixo,0.001,0.0,60.53,160.64,9.49,203.17,70.01
📚Aagaard J. Excelling at chess calculation.pdf,1,score-baixo,0.0008,0.0,60.2,251.27,9.82,293.14,70.01
📚Aagaard J. Excelling at chess calculation.pdf,1,score-baixo,0.0007,0.0,60.85,141.34,74.27,183.54,135.12
📚Aagaard J. Excelling at chess calculation.pdf,1,score-baixo,0.0006,0.0,61.84,157.37,138.72,199.9,200.56
📚Aagaard J. Excelling at chess calculation.pdf,1,score-baixo,0.0004,0.0,61.84,116.15,8.83,158.02,70.67
📚Aagaard J. Excelling at chess calculation.pdf,1,sem-contraste-de-casa,0.5,0.0,347.45,265.01,185.83,612.46,497.95
📚Aagaard J. Excelling at chess calculation.pdf,1,sem-contraste-de-casa,0.5,0.0,487.81,114.18,404.71,581.38,892.52
📚Aagaard J. Excelling at chess calculation.pdf,2,aspecto,0.0,0.0,265.99,175.04,849.01,441.03,894.16
📚Aagaard J. Excelling at chess calculation.pdf,2,aspecto,0.0,0.0,80.48,246.69,185.18,327.17,233.93
📚Aagaard J. Excelling at chess calculation.pdf,2,aspecto,0.0,0.0,83.1,50.06,59.22,133.16,107.64
📚Aagaard J. Excelling at chess calculation.pdf,2,aspecto,0.0,0.0,265.99,175.04,849.01,441.03,894.16
📚Aagaard J. Excelling at chess calculation.pdf,2,aspecto,0.0,0.0,80.48,246.69,185.18,327.17,233.93
📚Aagaard J. Excelling at chess calculation.pdf,2,aspecto,0.0,0.0,83.1,50.06,59.22,133.16,107.64
📚Aagaard J. Excelling at chess calculation.pdf,2,score-baixo,0.0,0.0,81.14,51.04,187.47,132.18,238.18
📚Aagaard J. Excelling at chess calculation.pdf,3,aspecto,0.0,0.0,983.15,631.77,0.0,636.67,983.15
📚Aagaard J. Excelling at chess calculation.pdf,3,aspecto,0.0,0.0,983.15,631.77,0.0,636.67,983.15
📚Aagaard J. Excelling at chess calculation.pdf,4,aspecto,0.0,0.0,193.68,37.95,130.54,231.64,194.67
📚Aagaard J. Excelling at chess calculation.pdf,4,aspecto,0.0,0.0,202.85,35.99,129.23,238.83,199.57
📚Aagaard J. Excelling at chess calculation.pdf,4,aspecto,0.0,0.0,193.68,37.95,130.54,231.64,194.67
📚Aagaard J. Excelling at chess calculation.pdf,4,aspecto,0.0,0.0,202.85,35.99,129.23,238.83,199.57
📚Aagaard J. Excelling at chess calculation.pdf,5,aspecto,0.0,0.0,252.58,48.75,143.63,301.32,207.43
📚Aagaard J. Excelling at chess calculation.pdf,5,aspecto,0.0,0.0,261.41,46.79,142.65,308.19,212.01
📚Aagaard J. Excelling at chess calculation.pdf,5,aspecto,0.0,0.0,252.58,48.75,143.63,301.32,207.43
📚Aagaard J. Excelling at chess calculation.pdf,5,aspecto,0.0,0.0,261.41,46.79,142.65,308.19,212.01
📚Aagaard J. Excelling at chess calculation.pdf,6,aspecto,0.0,0.0,252.25,55.29,130.87,307.54,194.67
📚Aagaard J. Excelling at chess calculation.pdf,6,aspecto,0.0,0.0,261.41,53.66,129.23,315.06,199.9
📚Aagaard J. Excelling at chess calculation.pdf,6,aspecto,0.0,0.0,252.25,55.29,130.87,307.54,194.67
📚Aagaard J. Excelling at chess calculation.pdf,6,aspecto,0.0,0.0,261.41,53.66,129.23,315.06,199.9
📚Aagaard J. Excelling at chess calculation.pdf,8,aspecto,0.0,0.0,983.15,634.06,0.0,636.67,983.15
📚Aagaard J. Excelling at chess calculation.pdf,8,aspecto,0.0,0.0,983.15,634.06,0.0,636.67,983.15
📚Aagaard J. Excelling at chess calculation.pdf,16,score-baixo,0.0243,0.0,76.23,370.99,756.37,446.89,832.6
📚Aagaard J. Excelling at chess calculation.pdf,31,aspecto,0.0,0.0,263.44,55.96,145.3,319.4,208.79
📚Aagaard J. Excelling at chess calculation.pdf,31,aspecto,0.0,0.0,272.6,54.0,143.99,326.6,213.7
📚Aagaard J. Excelling at chess calculation.pdf,31,aspecto,0.0,0.0,263.44,55.96,145.3,319.4,208.79
📚Aagaard J. Excelling at chess calculation.pdf,31,aspecto,0.0,0.0,272.6,54.0,143.99,326.6,213.7
📚Aagaard J. Excelling at chess calculation.pdf,105,aspecto,0.0,0.0,266.99,40.57,147.24,307.56,211.04
📚Aagaard J. Excelling at chess calculation.pdf,105,aspecto,0.0,0.0,275.17,38.94,145.28,314.11,216.6
📚Aagaard J. Excelling at chess calculation.pdf,105,aspecto,0.0,0.0,266.99,40.57,147.24,307.56,211.04
📚Aagaard J. Excelling at chess calculation.pdf,105,aspecto,0.0,0.0,275.17,38.94,145.28,314.11,216.6
📚Aagaard J. Excelling at chess calculation.pdf,120,aspecto,0.0,0.0,983.22,614.8,0.0,621.67,983.22
📚Aagaard J. Excelling at chess calculation.pdf,120,score-baixo,0.0267,0.0,78.2,433.53,647.19,511.41,725.39
📚Aagaard J. Excelling at chess calculation.pdf,135,aspecto,0.0,0.0,248.01,53.01,144.62,301.02,208.42
📚Aagaard J. Excelling at chess calculation.pdf,135,aspecto,0.0,0.0,256.85,51.04,143.31,307.89,213.99
📚Aagaard J. Excelling at chess calculation.pdf,135,aspecto,0.0,0.0,248.01,53.01,144.62,301.02,208.42
📚Aagaard J. Excelling at chess calculation.pdf,135,aspecto,0.0,0.0,256.85,51.04,143.31,307.89,213.99
📚Burgess G. The Gambit Book of Instructive.pdf,1,aspecto,0.0,0.0,71.32,248.97,486.15,320.29,513.31
📚Burgess G. The Gambit Book of Instructive.pdf,1,aspecto,0.0,0.0,76.55,242.1,471.1,318.65,504.47
📚Burgess G. The Gambit Book of Instructive.pdf,1,aspecto,0.0,0.0,92.91,-0.33,376.23,92.59,429.88
📚Burgess G. The Gambit Book of Instructive.pdf,1,aspecto,0.0,0.0,132.17,284.95,178.63,365.43,310.8
📚Burgess G. The Gambit Book of Instructive.pdf,1,aspecto,0.0,0.0,42.86,308.83,72.63,334.03,115.49
📚Burgess G. The Gambit Book of Instructive.pdf,1,aspecto,0.0,0.0,365.43,0.0,0.0,365.43,119.41
📚Burgess G. The Gambit Book of Instructive.pdf,1,aspecto,0.0,0.0,76.23,242.42,471.1,318.65,504.15
📚Burgess G. The Gambit Book of Instructive.pdf,1,aspecto,0.0,0.0,92.91,-0.33,376.23,92.59,429.88
📚Burgess G. The Gambit Book of Instructive.pdf,1,aspecto,0.0,0.0,313.74,51.69,119.74,365.43,311.13
📚Burgess G. The Gambit Book of Instructive.pdf,1,aspecto,0.0,0.0,43.18,308.83,72.63,334.35,115.81
📚Burgess G. The Gambit Book of Instructive.pdf,1,aspecto,0.0,0.0,92.26,96.51,35.33,188.77,77.86
📚Burgess G. The Gambit Book of Instructive.pdf,1,aspecto,0.0,0.0,365.43,0.0,0.0,365.43,119.41
📚Burgess G. The Gambit Book of Instructive.pdf,1,score-baixo,0.0579,0.0,97.49,-0.98,237.19,87.68,334.68
📚Burgess G. The Gambit Book of Instructive.pdf,1,score-baixo,0.0487,0.0,204.15,120.39,345.48,270.56,549.62
📚Burgess G. The Gambit Book of Instructive.pdf,1,score-baixo,0.0378,0.0,65.76,49.07,145.26,114.83,206.76
📚Burgess G. The Gambit Book of Instructive.pdf,1,score-baixo,0.0284,0.0,45.15,134.46,71.97,176.01,117.12
📚Burgess G. The Gambit Book of Instructive.pdf,1,score-baixo,0.0277,0.0,105.34,17.99,466.85,123.34,551.58
📚Burgess G. The Gambit Book of Instructive.pdf,1,score-baixo,0.0199,0.0,54.96,127.26,249.29,173.39,304.25
📚Burgess G. The Gambit Book of Instructive.pdf,1,score-baixo,0.0174,0.0,44.17,21.27,36.31,63.8,80.48
📚Burgess G. The Gambit Book of Instructive.pdf,1,score-baixo,0.0168,0.0,64.78,-0.33,456.05,53.0,520.83
📚Burgess G. The Gambit Book of Instructive.pdf,1,score-baixo,0.0168,0.0,35.99,0.0,335.99,32.72,371.98
📚Burgess G. The Gambit Book of Instructive.pdf,1,score-baixo,0.0147,0.0,53.0,149.84,250.93,197.27,303.93
📚Burgess G. The Gambit Book of Instructive.pdf,1,score-baixo,0.0122,0.0,47.76,13.41,405.67,53.0,453.44
📚Burgess G. The Gambit Book of Instructive.pdf,1,score-baixo,0.0096,0.0,44.82,321.27,357.91,357.58,402.73
📚Burgess G. The Gambit Book of Instructive.pdf,1,score-baixo,0.0058,0.0,46.46,189.1,246.68,225.08,293.13
📚Burgess G. The Gambit Book of Instructive.pdf,1,score-baixo,0.0037,0.0,163.58,50.38,344.49,159.32,508.07
📚Burgess G. The Gambit Book of Instructive.pdf,1,score-baixo,0.0009,0.0,48.75,113.2,70.67,146.57,119.41
📚Burgess G. The Gambit Book of Instructive.pdf,1,score-baixo,0.0008,0.0,200.55,122.68,345.8,250.6,546.35
📚Burgess G. The Gambit Book of Instructive.pdf,1,sem-contraste-de-casa,0.5,0.0,92.91,0.0,119.74,92.91,209.38
📚Burgess G. The Gambit Book of Instructive.pdf,1,sem-contraste-de-casa,0.5,0.0,302.29,34.02,77.21,336.32,346.13
📚Burgess G. The Gambit Book of Instructive.pdf,1,sem-contraste-de-casa,0.5,0.0,100.11,190.08,120.72,282.01,220.83
📚Burgess G. The Gambit Book of Instructive.pdf,1,sem-contraste-de-casa,0.5,0.0,232.61,161.61,232.61,366.09,465.22
📚Burgess G. The Gambit Book of Instructive.pdf,1,sem-contraste-de-casa,0.5,0.0,135.77,230.32,428.25,366.09,556.16
📚Burgess G. The Gambit Book of Instructive.pdf,2,aspecto,0.0,0.0,134.43,112.84,467.72,247.27,492.91
📚Burgess G. The Gambit Book of Instructive.pdf,2,aspecto,0.0,0.0,134.43,112.84,467.72,247.27,492.91
📚Burgess G. The Gambit Book of Instructive.pdf,13,perdeu-para-embutido,0.5,0.0,121.67,50.04,29.76,171.72,151.44
📚Burgess G. The Gambit Book of Instructive.pdf,13,perdeu-para-embutido,0.5,0.0,122.0,49.72,186.11,171.72,307.45
📚Burgess G. The Gambit Book of Instructive.pdf,13,perdeu-para-embutido,0.5,0.0,122.0,49.72,342.12,171.72,462.82
📚Burgess G. The Gambit Book of Instructive.pdf,13,perdeu-para-embutido,0.5,0.0,121.67,203.77,29.76,324.79,151.44
📚Burgess G. The Gambit Book of Instructive.pdf,13,perdeu-para-embutido,0.5,0.0,121.35,203.77,186.11,324.79,307.45
📚Burgess G. The Gambit Book of Instructive.pdf,13,perdeu-para-embutido,0.5,0.0,121.35,203.77,342.12,324.79,463.47
📚Burgess G. The Gambit Book of Instructive.pdf,26,perdeu-para-embutido,0.5,0.0,121.67,45.46,29.44,166.16,151.11
📚Burgess G. The Gambit Book of Instructive.pdf,26,perdeu-para-embutido,0.5,0.0,121.67,45.79,269.51,166.16,391.18
📚Burgess G. The Gambit Book of Instructive.pdf,26,perdeu-para-embutido,0.5,0.0,122.0,198.54,29.44,319.88,151.44
📚Burgess G. The Gambit Book of Instructive.pdf,26,perdeu-para-embutido,0.5,0.0,122.0,198.54,269.51,320.54,391.18
📚Burgess G. The Gambit Book of Instructive.pdf,38,perdeu-para-embutido,0.5,0.0,121.67,45.14,29.11,165.83,150.78
📚Burgess G. The Gambit Book of Instructive.pdf,38,perdeu-para-embutido,0.5,0.0,121.67,45.79,269.18,166.16,390.86
📚Burgess G. The Gambit Book of Instructive.pdf,38,perdeu-para-embutido,0.5,0.0,121.67,198.21,29.11,319.88,150.78
📚Burgess G. The Gambit Book of Instructive.pdf,38,perdeu-para-embutido,0.5,0.0,122.0,198.54,269.18,320.54,390.86
📚Burgess G. The Gambit Book of Instructive.pdf,51,perdeu-para-embutido,0.5,0.0,121.67,45.46,29.11,167.14,150.78
📚Burgess G. The Gambit Book of Instructive.pdf,51,perdeu-para-embutido,0.5,0.0,122.0,45.46,269.18,167.46,390.53
📚Burgess G. The Gambit Book of Instructive.pdf,51,perdeu-para-embutido,0.5,0.0,121.67,199.19,29.11,319.88,150.78
📚Burgess G. The Gambit Book of Instructive.pdf,51,perdeu-para-embutido,0.5,0.0,121.35,199.84,269.18,320.54,390.53
📚Burgess G. The Gambit Book of Instructive.pdf,63,perdeu-para-embutido,0.5,0.0,122.0,45.79,29.11,167.14,151.11
📚Burgess G. The Gambit Book of Instructive.pdf,63,perdeu-para-embutido,0.5,0.0,122.0,45.79,269.84,167.79,390.86
📚Burgess G. The Gambit Book of Instructive.pdf,63,perdeu-para-embutido,0.5,0.0,121.67,199.52,29.44,319.88,151.11
📚Burgess G. The Gambit Book of Instructive.pdf,63,perdeu-para-embutido,0.5,0.0,121.67,200.17,269.51,320.54,391.18
📚Burgess G. The Gambit Book of Instructive.pdf,76,perdeu-para-embutido,0.5,0.0,122.0,207.04,29.76,329.04,151.11
📚Burgess G. The Gambit Book of Instructive.pdf,76,perdeu-para-embutido,0.5,0.0,122.0,207.04,198.21,329.04,319.23
📚Burgess G. The Gambit Book of Instructive.pdf,76,perdeu-para-embutido,0.5,0.0,122.0,207.37,365.67,329.37,487.02
📚Silman J. The Complete Book of Chess Strategy.pdf,1,aspecto,0.0,0.0,331.2,172.47,646.04,503.67,688.25
📚Silman J. The Complete Book of Chess Strategy.pdf,1,aspecto,0.0,0.0,132.87,19.31,635.56,152.18,689.56
📚Silman J. The Complete Book of Chess Strategy.pdf,1,aspecto,0.0,0.0,503.67,0.0,633.93,503.67,640.15
📚Silman J. The Complete Book of Chess Strategy.pdf,1,aspecto,0.0,0.0,55.96,241.53,432.98,270.0,488.95
📚Silman J. The Complete Book of Chess Strategy.pdf,1,aspecto,0.0,0.0,183.27,115.85,418.91,144.33,602.18
📚Silman J. The Complete Book of Chess Strategy.pdf,1,aspecto,0.0,0.0,101.13,171.82,416.29,197.35,517.42
📚Silman J. The Complete Book of Chess Strategy.pdf,1,aspecto,0.0,0.0,97.2,151.53,208.15,248.73,262.8
📚Silman J. The Complete Book of Chess Strategy.pdf,1,aspecto,0.0,0.0,63.16,64.15,195.38,102.11,258.55
📚Silman J. The Complete Book of Chess Strategy.pdf,1,aspecto,0.0,0.0,485.02,18.65,115.2,503.67,119.78
📚Silman J. The Complete Book of Chess Strategy.pdf,1,aspecto,0.0,0.0,123.38,124.04,61.53,247.42,115.85
📚Silman J. The Complete Book of Chess Strategy.pdf,1,aspecto,0.0,0.0,498.44,5.24,54.33,503.67,60.22
📚Silman J. The Complete Book of Chess Strategy.pdf,1,aspecto,0.0,0.0,192.76,0.0,0.0,17.02,192.76
📚Silman J. The Complete Book of Chess Strategy.pdf,1,aspecto,0.0,0.0,359.02,144.65,647.02,503.67,687.6
📚Silman J. The Complete Book of Chess Strategy.pdf,1,aspecto,0.0,0.0,132.87,19.31,635.56,152.18,689.56
📚Silman J. The Complete Book of Chess Strategy.pdf,1,aspecto,0.0,0.0,503.67,0.0,633.93,503.67,640.15
📚Silman J. The Complete Book of Chess Strategy.pdf,1,aspecto,0.0,0.0,55.96,241.53,432.98,270.0,488.95
📚Silman J. The Complete Book of Chess Strategy.pdf,1,aspecto,0.0,0.0,184.58,115.85,417.6,144.33,602.18
📚Silman J. The Complete Book of Chess Strategy.pdf,1,aspecto,0.0,0.0,101.13,171.82,416.29,197.35,517.42
📚Silman J. The Complete Book of Chess Strategy.pdf,1,aspecto,0.0,0.0,97.85,151.2,207.82,249.05,263.13
📚Silman J. The Complete Book of Chess Strategy.pdf,1,aspecto,0.0,0.0,63.16,64.15,195.38,102.11,258.55
📚Silman J. The Complete Book of Chess Strategy.pdf,1,aspecto,0.0,0.0,498.11,5.56,174.76,503.67,205.2
📚Silman J. The Complete Book of Chess Strategy.pdf,1,aspecto,0.0,0.0,485.02,18.65,115.2,503.67,119.78
📚Silman J. The Complete Book of Chess Strategy.pdf,1,aspecto,0.0,0.0,123.38,124.04,61.53,247.42,115.85
📚Silman J. The Complete Book of Chess Strategy.pdf,1,aspecto,0.0,0.0,498.44,5.24,55.64,503.67,60.22
📚Silman J. The Complete Book of Chess Strategy.pdf,1,aspecto,0.0,0.0,270.65,0.0,0.0,17.02,270.65
📚Silman J. The Complete Book of Chess Strategy.pdf,1,area-relativa,0.0234,0.0,62.18,298.15,59.56,360.33,120.11
📚Silman J. The Complete Book of Chess Strategy.pdf,1,area-relativa,0.0189,0.0,51.05,169.53,3.93,220.58,53.02
📚Silman J. The Complete Book of Chess Strategy.pdf,1,area-relativa,0.0181,0.0,66.44,187.53,330.22,253.96,390.76
📚Silman J. The Complete Book of Chess Strategy.pdf,1,area-relativa,0.0164,0.0,60.55,235.96,198.0,290.95,258.55
📚Silman J. The Complete Book of Chess Strategy.pdf,1,area-relativa,0.016,0.0,55.96,389.13,207.49,437.89,263.45
📚Silman J. The Complete Book of Chess Strategy.pdf,1,area-relativa,0.0155,0.0,44.18,173.13,8.18,217.31,49.09
📚Silman J. The Complete Book of Chess Strategy.pdf,1,area-relativa,0.0144,0.0,48.76,221.24,4.25,270.0,47.45
📚Silman J. The Complete Book of Chess Strategy.pdf,1,area-relativa,0.0136,0.0,45.82,127.96,0.0,169.2,45.82
📚Silman J. The Complete Book of Chess Strategy.pdf,1,area-relativa,0.011,0.0,61.2,136.8,123.05,188.51,184.25
📚Silman J. The Complete Book of Chess Strategy.pdf,1,area-relativa,0.0098,0.0,58.58,329.56,134.84,380.29,193.42
📚Silman J. The Complete Book of Chess Strategy.pdf,1,area-relativa,0.0087,0.0,69.05,61.2,199.96,117.49,269.02
📚Silman J. The Complete Book of Chess Strategy.pdf,1,area-relativa,0.0058,0.0,50.73,251.35,130.58,291.93,181.31
📚Silman J. The Complete Book of Chess Strategy.pdf,1,area-relativa,0.0025,0.0,52.69,289.96,207.16,328.58,259.85
📚Silman J. The Complete Book of Chess Strategy.pdf,1,area-relativa,0.0016,0.0,53.35,292.58,136.47,330.55,189.82
📚Silman J. The Complete Book of Chess Strategy.pdf,1,score-baixo,0.0335,0.0,76.91,381.27,-24.55,458.18,50.07
📚Silman J. The Complete Book of Chess Strategy.pdf,1,score-baixo,0.0335,0.0,65.13,328.91,203.24,391.75,268.36
📚Silman J. The Complete Book of Chess Strategy.pdf,1,score-baixo,0.0265,0.0,68.4,128.62,119.45,189.49,187.85
📚Silman J. The Complete Book of Chess Strategy.pdf,1,score-baixo,0.0209,0.0,432.65,39.27,310.25,471.93,610.69
📚Silman J. The Complete Book of Chess Strategy.pdf,1,score-baixo,0.0126,0.0,64.15,105.05,-0.65,169.2,51.71
📚Silman J. The Complete Book of Chess Strategy.pdf,2,sobreposicao,0.129,0.0,148.25,177.71,339.71,325.96,487.96
📚Silman J. The Complete Book of Chess Strategy.pdf,2,score-baixo,0.0319,0.0,82.47,206.18,372.44,288.65,448.69
📚Silman J. The Complete Book of Chess Strategy.pdf,2,sem-contraste-de-casa,0.5,0.0,135.49,183.93,346.25,319.42,481.42
📚Silman J. The Complete Book of Chess Strategy.pdf,3,aspecto,0.0,0.0,245.13,258.55,688.91,503.67,830.95
📚Silman J. The Complete Book of Chess Strategy.pdf,3,aspecto,0.0,0.0,67.42,183.93,220.91,251.35,255.6
📚Silman J. The Complete Book of Chess Strategy.pdf,3,score-baixo,0.0045,0.0,93.6,209.45,691.53,275.89,785.13
📚Silman J. The Complete Book of Chess Strategy.pdf,5,aspecto,0.0,0.0,97.2,109.31,664.36,206.51,702.33
📚Silman J. The Complete Book of Chess Strategy.pdf,5,aspecto,0.0,0.0,194.4,309.27,663.71,503.67,693.82
📚Silman J. The Complete Book of Chess Strategy.pdf,5,aspecto,0.0,0.0,116.18,-1.31,661.42,114.87,699.71
📚Silman J. The Complete Book of Chess Strategy.pdf,5,aspecto,0.0,0.0,503.67,0.0,647.02,503.67,652.58
📚Silman J. The Complete Book of Chess Strategy.pdf,5,aspecto,0.0,0.0,63.49,187.85,400.58,223.2,464.07
📚Silman J. The Complete Book of Chess Strategy.pdf,5,aspecto,0.0,0.0,503.67,0.0,300.76,503.67,329.24
📚Silman J. The Complete Book of Chess Strategy.pdf,5,aspecto,0.0,0.0,54.65,302.07,152.18,333.16,206.84
📚Silman J. The Complete Book of Chess Strategy.pdf,5,aspecto,0.0,0.0,54.65,343.64,151.85,374.4,206.51
📚Silman J. The Complete Book of Chess Strategy.pdf,5,aspecto,0.0,0.0,503.67,0.0,128.29,503.67,136.8
📚Silman J. The Complete Book of Chess Strategy.pdf,5,aspecto,0.0,0.0,503.67,0.0,51.05,503.67,68.4
📚Silman J. The Complete Book of Chess Strategy.pdf,5,aspecto,0.0,0.0,395.02,108.65,663.38,503.67,733.75
📚Silman J. The Complete Book of Chess Strategy.pdf,5,aspecto,0.0,0.0,504.33,0.0,588.11,504.33,656.18
📚Silman J. The Complete Book of Chess Strategy.pdf,5,aspecto,0.0,0.0,503.35,0.0,301.09,503.35,368.84
📚Silman J. The Complete Book of Chess Strategy.pdf,5,aspecto,0.0,0.0,54.65,302.07,152.18,333.16,206.84
📚Silman J. The Complete Book of Chess Strategy.pdf,5,aspecto,0.0,0.0,54.65,343.64,151.85,374.4,206.51
📚Silman J. The Complete Book of Chess Strategy.pdf,5,aspecto,0.0,0.0,503.35,0.0,129.27,503.35,206.51
📚Silman J. The Complete Book of Chess Strategy.pdf,5,aspecto,0.0,0.0,57.27,52.36,67.75,109.64,101.45
📚Silman J. The Complete Book of Chess Strategy.pdf,5,aspecto,0.0,0.0,503.67,0.0,45.82,503.67,68.4
📚Silman J. The Complete Book of Chess Strategy.pdf,5,score-baixo,0.034,0.0,57.6,167.24,403.85,221.89,461.45
📚Silman J. The Complete Book of Chess Strategy.pdf,5,score-baixo,0.0329,0.0,126.98,-0.33,659.78,126.65,764.18
📚Silman J. The Complete Book of Chess Strategy.pdf,5,score-baixo,0.0328,0.0,57.27,278.84,498.76,333.82,556.04
📚Silman J. The Complete Book of Chess Strategy.pdf,5,score-baixo,0.0316,0.0,59.89,55.64,403.2,112.58,463.09
📚Silman J. The Complete Book of Chess Strategy.pdf,5,score-baixo,0.0283,0.0,68.4,337.42,230.73,402.87,299.13
📚Silman J. The Complete Book of Chess Strategy.pdf,5,score-baixo,0.0222,0.0,53.35,163.96,6.55,217.31,58.58
📚Silman J. The Complete Book of Chess Strategy.pdf,5,score-baixo,0.0215,0.0,74.62,195.38,236.62,263.78,311.24
📚Silman J. The Complete Book of Chess Strategy.pdf,5,score-baixo,0.0206,0.0,56.29,285.05,236.29,336.11,292.58
📚Silman J. The Complete Book of Chess Strategy.pdf,5,score-baixo,0.0202,0.0,71.67,121.42,138.44,183.6,210.11
📚Silman J. The Complete Book of Chess Strategy.pdf,5,score-baixo,0.0194,0.0,60.22,54.33,504.33,114.55,557.35
📚Silman J. The Complete Book of Chess Strategy.pdf,5,score-baixo,0.0192,0.0,42.55,398.29,417.27,439.85,459.82
📚Silman J. The Complete Book of Chess Strategy.pdf,5,score-baixo,0.0191,0.0,43.85,396.98,327.27,440.84,368.84
📚Silman J. The Complete Book of Chess Strategy.pdf,5,score-baixo,0.019,0.0,69.05,164.62,587.45,233.67,649.64
📚Silman J. The Complete Book of Chess Strategy.pdf,5,score-baixo,0.0184,0.0,62.84,47.45,691.53,110.29,747.82
📚Silman J. The Complete Book of Chess Strategy.pdf,5,score-baixo,0.018,0.0,54.33,146.29,238.25,194.73,292.58
📚Silman J. The Complete Book of Chess Strategy.pdf,5,score-baixo,0.0164,0.0,42.55,294.55,326.29,334.15,368.84
📚Silman J. The Complete Book of Chess Strategy.pdf,5,score-baixo,0.0164,0.0,48.44,396.65,695.78,440.51,744.22
📚Silman J. The Complete Book of Chess Strategy.pdf,5,score-baixo,0.0164,0.0,65.78,190.47,140.73,245.78,206.51
📚Silman J. The Complete Book of Chess Strategy.pdf,5,score-baixo,0.0158,0.0,59.56,55.96,137.45,115.53,188.84
📚Silman J. The Complete Book of Chess Strategy.pdf,5,score-baixo,0.0156,0.0,74.29,57.93,136.15,132.22,203.24
📚Silman J. The Complete Book of Chess Strategy.pdf,5,score-baixo,0.0142,0.0,54.33,402.55,237.27,450.0,291.6
📚Silman J. The Complete Book of Chess Strategy.pdf,5,score-baixo,0.0139,0.0,74.62,56.62,504.0,131.24,569.78
📚Silman J. The Complete Book of Chess Strategy.pdf,5,score-baixo,0.0122,0.0,68.4,91.96,0.0,160.36,55.31
📚Silman J. The Complete Book of Chess Strategy.pdf,5,score-baixo,0.0107,0.0,59.24,165.93,777.6,225.16,827.67
📚Silman J. The Complete Book of Chess Strategy.pdf,5,score-baixo,0.0106,0.0,48.11,287.35,416.29,329.89,464.4
📚Silman J. The Complete Book of Chess Strategy.pdf,5,score-baixo,0.0105,0.0,64.8,43.53,325.64,108.33,383.24
📚Silman J. The Complete Book of Chess Strategy.pdf,5,score-baixo,0.0099,0.0,53.02,59.24,325.64,112.25,369.82
📚Silman J. The Complete Book of Chess Strategy.pdf,5,score-baixo,0.0087,0.0,54.65,169.85,326.29,224.51,371.13
📚Silman J. The Complete Book of Chess Strategy.pdf,5,score-baixo,0.0075,0.0,54.0,219.27,10.8,273.27,54.65
📚Silman J. The Complete Book of Chess Strategy.pdf,5,score-baixo,0.0075,0.0,55.31,285.38,406.15,329.56,461.45
📚Silman J. The Complete Book of Chess Strategy.pdf,5,score-baixo,0.0073,0.0,54.33,285.38,593.67,328.91,648.0
📚Silman J. The Complete Book of Chess Strategy.pdf,5,score-baixo,0.0066,0.0,47.13,288.0,780.87,326.95,828.0
📚Silman J. The Complete Book of Chess Strategy.pdf,5,score-baixo,0.0065,0.0,54.98,397.31,501.05,440.84,556.04
📚Silman J. The Complete Book of Chess Strategy.pdf,5,score-baixo,0.0058,0.0,51.05,397.64,134.84,438.22,185.89
📚Silman J. The Complete Book of Chess Strategy.pdf,5,score-baixo,0.0049,0.0,73.96,165.27,494.84,222.87,568.8
📚Silman J. The Complete Book of Chess Strategy.pdf,5,score-baixo,0.0043,0.0,54.65,96.22,237.93,138.44,292.58
📚Silman J. The Complete Book of Chess Strategy.pdf,5,score-baixo,0.0038,0.0,54.98,246.76,236.62,288.65,291.6
📚Silman J. The Complete Book of Chess Strategy.pdf,5,score-baixo,0.002,0.0,54.98,253.64,151.53,293.56,206.51
📚Silman J. The Complete Book of Chess Strategy.pdf,5,score-baixo,0.0,0.0,70.36,52.36,225.49,96.55,295.85
📚Silman J. The Complete Book of Chess Strategy.pdf,91,score-baixo,0.0224,0.0,74.62,142.69,267.05,214.36,341.67
📚Silman J. The Complete Book of Chess Strategy.pdf,91,score-baixo,0.0192,0.0,57.93,151.85,324.98,209.78,382.58
📚Silman J. The Complete Book of Chess Strategy.pdf,91,score-baixo,0.0137,0.0,58.25,302.73,259.53,352.15,317.78
📚Silman J. The Complete Book of Chess Strategy.pdf,91,score-baixo,0.0057,0.0,101.78,236.29,238.58,314.51,340.36
📚Silman J. The Complete Book of Chess Strategy.pdf,91,score-baixo,0.0005,0.0,110.29,170.51,223.53,242.51,333.82
📚Silman J. The Complete Book of Chess Strategy.pdf,150,score-baixo,0.0221,0.0,90.0,262.15,452.29,352.15,529.53
📚Silman J. The Complete Book of Chess Strategy.pdf,150,score-baixo,0.0191,0.0,81.82,216.98,463.09,290.95,544.91
📚Silman J. The Complete Book of Chess Strategy.pdf,180,score-baixo,0.0092,0.0,67.75,287.02,482.73,354.76,541.31
📚Silman J. The Complete Book of Chess Strategy.pdf,240,score-baixo,0.0126,0.0,73.64,194.4,235.31,268.04,300.76
📚Silman J. The Complete Book of Chess Strategy.pdf,270,score-baixo,0.0001,0.0,76.58,313.2,30.44,362.95,107.02
📚Silman J. The Complete Book of Chess Strategy.pdf,299,score-baixo,0.0259,0.0,69.05,195.38,329.24,264.44,397.96
📚Silman J. The Complete Book of Chess Strategy.pdf,359,aspecto,0.0,0.0,503.67,0.0,349.2,503.67,352.8
📚Silman J. The Complete Book of Chess Strategy.pdf,359,aspecto,0.0,0.0,65.45,390.76,211.09,422.84,276.55
📚Silman J. The Complete Book of Chess Strategy.pdf,359,aspecto,0.0,0.0,76.25,385.53,205.85,432.0,282.11
📚Silman J. The Complete Book of Chess Strategy.pdf,359,aspecto,0.0,0.0,69.71,285.05,105.05,311.56,174.76
📚Silman J. The Complete Book of Chess Strategy.pdf,359,aspecto,0.0,0.0,78.22,22.58,95.89,66.76,174.11
📚Silman J. The Complete Book of Chess Strategy.pdf,359,aspecto,0.0,0.0,84.44,20.29,92.62,70.69,177.05
📚Silman J. The Complete Book of Chess Strategy.pdf,359,aspecto,0.0,0.0,503.67,0.0,349.2,503.67,352.8
📚Silman J. The Complete Book of Chess Strategy.pdf,359,aspecto,0.0,0.0,65.45,390.76,211.09,422.84,276.55
📚Silman J. The Complete Book of Chess Strategy.pdf,359,aspecto,0.0,0.0,69.71,285.05,105.05,311.56,174.76
📚Silman J. The Complete Book of Chess Strategy.pdf,359,aspecto,0.0,0.0,78.22,22.58,95.89,66.76,174.11
📚Silman J. The Complete Book of Chess Strategy.pdf,359,aspecto,0.0,0.0,84.44,20.29,92.62,70.69,177.05
📚Silman J. The Complete Book of Chess Strategy.pdf,359,score-baixo,0.0445,0.0,79.85,63.82,197.67,137.45,277.53
📚Silman J. The Complete Book of Chess Strategy.pdf,359,score-baixo,0.0173,0.0,91.96,334.47,207.49,426.44,280.47
📚Silman J. The Complete Book of Chess Strategy.pdf,359,score-baixo,0.0172,0.0,82.15,372.11,107.02,443.13,189.16
📚Silman J. The Complete Book of Chess Strategy.pdf,359,score-baixo,0.0139,0.0,63.49,124.69,109.31,177.71,172.8
📚Silman J. The Complete Book of Chess Strategy.pdf,359,score-baixo,0.0129,0.0,94.25,190.15,207.49,284.4,280.15
📚Silman J. The Complete Book of Chess Strategy.pdf,359,score-baixo,0.0125,0.0,73.96,313.2,103.09,373.09,177.05
📚Silman J. The Complete Book of Chess Strategy.pdf,359,score-baixo,0.0122,0.0,63.82,372.76,107.67,425.13,171.49
📚Silman J. The Complete Book of Chess Strategy.pdf,359,score-baixo,0.0102,0.0,66.11,140.73,211.09,193.75,277.2
📚Silman J. The Complete Book of Chess Strategy.pdf,359,score-baixo,0.0095,0.0,68.4,180.0,106.69,235.64,175.09
📚Silman J. The Complete Book of Chess Strategy.pdf,359,score-baixo,0.009,0.0,68.4,315.82,106.04,371.13,174.44
📚Silman J. The Complete Book of Chess Strategy.pdf,359,score-baixo,0.0071,0.0,63.82,74.95,109.96,124.69,173.78
📚Silman J. The Complete Book of Chess Strategy.pdf,359,score-baixo,0.006,0.0,65.45,336.44,211.42,386.51,276.87
📚Silman J. The Complete Book of Chess Strategy.pdf,359,score-baixo,0.0048,0.0,72.33,334.47,207.82,388.15,280.15
📚Silman J. The Complete Book of Chess Strategy.pdf,359,score-baixo,0.0029,0.0,105.05,178.69,104.4,283.75,176.73
📚Silman J. The Complete Book of Chess Strategy.pdf,359,score-baixo,0.0015,0.0,104.07,371.13,105.05,475.2,174.76
📚Silman J. The Complete Book of Chess Strategy.pdf,359,score-baixo,0.0009,0.0,63.82,429.05,107.67,472.91,171.49
📚Silman J. The Complete Book of Chess Strategy.pdf,359,score-baixo,0.0009,0.0,106.69,72.98,106.36,179.67,176.73
📚Silman J. The Complete Book of Chess Strategy.pdf,359,score-baixo,0.0004,0.0,133.2,62.51,194.73,195.71,280.47
📚Silman J. The Complete Book of Chess Strategy.pdf,359,score-baixo,0.0004,0.0,63.82,237.27,108.0,279.82,171.82
📚Silman J. The Complete Book of Chess Strategy.pdf,359,score-baixo,0.0002,0.0,65.45,192.44,211.42,234.98,276.87
📚Silman J. The Complete Book of Chess Strategy.pdf,359,score-baixo,0.0001,0.0,65.45,238.58,211.42,280.8,276.87
📚Silman J. The Complete Book of Chess Strategy.pdf,359,score-baixo,0.0,0.0,72.33,285.71,207.82,331.2,280.15
📚Silman J. The Complete Book of Chess Strategy.pdf,359,score-baixo,0.0,0.0,65.45,287.67,211.09,328.58,276.55
📚Yusupov Artur. Build Up Your Chess (all volumes).pdf,1,aspecto,0.0,0.0,122.03,274.48,464.55,396.5,485.16
📚Yusupov Artur. Build Up Your Chess (all volumes).pdf,1,aspecto,0.0,0.0,116.14,78.52,382.76,123.33,498.9
📚Yusupov Artur. Build Up Your Chess (all volumes).pdf,1,aspecto,0.0,0.0,341.87,107.63,336.96,449.5,501.84
📚Yusupov Artur. Build Up Your Chess (all volumes).pdf,1,aspecto,0.0,0.0,97.16,119.41,315.37,216.57,351.68
📚Yusupov Artur. Build Up Your Chess (all volumes).pdf,1,aspecto,0.0,0.0,155.72,150.49,298.36,306.21,382.11
📚Yusupov Artur. Build Up Your Chess (all volumes).pdf,1,aspecto,0.0,0.0,66.41,421.04,180.26,487.45,220.17
📚Yusupov Artur. Build Up Your Chess (all volumes).pdf,1,aspecto,0.0,0.0,76.55,228.02,132.17,270.55,208.72
📚Yusupov Artur. Build Up Your Chess (all volumes).pdf,1,aspecto,0.0,0.0,52.67,226.71,576.11,279.38,608.49
📚Yusupov Artur. Build Up Your Chess (all volumes).pdf,1,aspecto,0.0,0.0,182.55,214.61,453.1,397.16,509.37
📚Yusupov Artur. Build Up Your Chess (all volumes).pdf,1,aspecto,0.0,0.0,116.14,78.52,382.76,123.33,498.9
📚Yusupov Artur. Build Up Your Chess (all volumes).pdf,1,aspecto,0.0,0.0,105.01,113.52,316.68,218.53,360.52
📚Yusupov Artur. Build Up Your Chess (all volumes).pdf,1,aspecto,0.0,0.0,108.29,119.08,281.35,227.37,331.4
📚Yusupov Artur. Build Up Your Chess (all volumes).pdf,1,aspecto,0.0,0.0,113.19,122.68,240.45,235.87,303.92
📚Yusupov Artur. Build Up Your Chess (all volumes).pdf,1,area-relativa,0.0079,0.0,71.97,157.03,391.92,229.0,451.79
📚Yusupov Artur. Build Up Your Chess (all volumes).pdf,1,area-relativa,0.0037,0.0,61.18,339.25,246.34,400.43,292.8
📚Yusupov Artur. Build Up Your Chess (all volumes).pdf,1,area-relativa,0.0025,0.0,59.87,431.51,123.01,476.33,182.88
📚Yusupov Artur. Build Up Your Chess (all volumes).pdf,1,area-relativa,0.0011,0.0,92.26,115.48,328.46,179.6,420.71
📚Yusupov Artur. Build Up Your Chess (all volumes).pdf,1,area-relativa,0.0006,0.0,81.13,117.45,339.58,172.73,420.71
📚Yusupov Artur. Build Up Your Chess (all volumes).pdf,1,area-relativa,0.0,0.0,53.98,452.44,436.09,486.8,490.07
📚Yusupov Artur. Build Up Your Chess (all volumes).pdf,1,sobreposicao,0.1808,0.0,362.81,271.86,108.61,574.14,471.42
📚Yusupov Artur. Build Up Your Chess (all volumes).pdf,1,score-baixo,0.069,0.0,157.69,176.33,222.13,314.72,379.82
📚Yusupov Artur. Build Up Your Chess (all volumes).pdf,1,score-baixo,0.0659,0.0,63.14,221.48,607.84,284.29,670.98
📚Yusupov Artur. Build Up Your Chess (all volumes).pdf,1,score-baixo,0.0599,0.0,87.68,209.05,596.39,296.72,683.74
📚Yusupov Artur. Build Up Your Chess (all volumes).pdf,1,score-baixo,0.0362,0.0,66.08,8.83,6.87,74.92,72.95
📚Yusupov Artur. Build Up Your Chess (all volumes).pdf,1,score-baixo,0.0143,0.0,109.92,133.15,208.39,243.07,299.99
📚Yusupov Artur. Build Up Your Chess (all volumes).pdf,1,score-baixo,0.0098,0.0,138.71,153.43,101.09,292.14,203.49
📚Yusupov Artur. Build Up Your Chess (all volumes).pdf,1,score-baixo,0.0093,0.0,105.01,214.28,569.24,290.83,674.25
📚Yusupov Artur. Build Up Your Chess (all volumes).pdf,1,score-baixo,0.0033,0.0,58.89,392.25,254.52,435.43,313.41
📚Yusupov Artur. Build Up Your Chess (all volumes).pdf,1,sem-contraste-de-casa,0.5,0.0,353.97,96.18,153.1,450.15,499.23
📚Yusupov Artur. Build Up Your Chess (all volumes).pdf,1,sem-contraste-de-casa,0.5,0.0,207.08,310.46,187.13,517.55,372.95
📚Yusupov Artur. Build Up Your Chess (all volumes).pdf,2,aspecto,0.0,0.0,122.68,208.39,436.74,229.0,559.42
📚Yusupov Artur. Build Up Your Chess (all volumes).pdf,2,aspecto,0.0,0.0,53.98,423.33,239.8,477.31,265.32
📚Yusupov Artur. Build Up Your Chess (all volumes).pdf,2,aspecto,0.0,0.0,123.33,207.08,436.41,229.33,559.75
📚Yusupov Artur. Build Up Your Chess (all volumes).pdf,2,aspecto,0.0,0.0,195.63,415.8,411.22,429.87,606.86
📚Yusupov Artur. Build Up Your Chess (all volumes).pdf,2,aspecto,0.0,0.0,195.63,395.52,410.9,416.46,606.53
📚Yusupov Artur. Build Up Your Chess (all volumes).pdf,2,sobreposicao,0.3642,0.0,228.68,205.45,409.92,434.12,614.71
📚Yusupov Artur. Build Up Your Chess (all volumes).pdf,2,score-baixo,0.0741,0.0,100.76,397.48,262.37,498.25,363.13
📚Yusupov Artur. Build Up Your Chess (all volumes).pdf,2,score-baixo,0.0592,0.0,90.95,407.3,273.17,498.25,363.13
📚Yusupov Artur. Build Up Your Chess (all volumes).pdf,2,score-baixo,0.0494,0.0,70.01,5.89,241.43,71.97,311.44
📚Yusupov Artur. Build Up Your Chess (all volumes).pdf,2,score-baixo,0.0426,0.0,81.79,402.72,266.3,484.51,345.14
📚Yusupov Artur. Build Up Your Chess (all volumes).pdf,2,score-baixo,0.0209,0.0,53.33,289.2,520.82,338.6,574.14
📚Yusupov Artur. Build Up Your Chess (all volumes).pdf,2,score-baixo,0.0176,0.0,113.19,4.25,242.74,89.64,355.94
📚Yusupov Artur. Build Up Your Chess (all volumes).pdf,2,score-baixo,0.0,0.0,59.54,417.77,239.8,477.31,277.09
📚Yusupov Artur. Build Up Your Chess (all volumes).pdf,2,sem-contraste-de-casa,0.5,0.0,199.89,206.1,411.22,405.99,611.11
📚Yusupov Artur. Build Up Your Chess (all volumes).pdf,3,score-baixo,0.0464,0.0,57.25,180.59,339.25,237.84,395.85
📚Yusupov Artur. Build Up Your Chess (all volumes).pdf,3,score-baixo,0.0291,0.0,64.12,181.24,217.23,238.82,281.35
📚Yusupov Artur. Build Up Your Chess (all volumes).pdf,3,score-baixo,0.016,0.0,54.31,339.58,344.81,393.89,395.52
📚Yusupov Artur. Build Up Your Chess (all volumes).pdf,3,score-baixo,0.0152,0.0,42.53,183.2,458.99,223.11,501.52
📚Yusupov Artur. Build Up Your Chess (all volumes).pdf,3,score-baixo,0.013,0.0,44.82,349.07,458.66,393.89,497.92
📚Yusupov Artur. Build Up Your Chess (all volumes).pdf,3,score-baixo,0.0097,0.0,93.56,169.14,200.21,238.49,293.78
📚Yusupov Artur. Build Up Your Chess (all volumes).pdf,3,score-baixo,0.0093,0.0,91.93,170.12,430.85,237.84,522.78
📚Yusupov Artur. Build Up Your Chess (all volumes).pdf,3,score-baixo,0.0075,0.0,100.76,166.85,199.23,239.8,299.99
📚Yusupov Artur. Build Up Your Chess (all volumes).pdf,3,score-baixo,0.0072,0.0,94.87,327.8,430.85,396.83,525.73
📚Yusupov Artur. Build Up Your Chess (all volumes).pdf,3,score-baixo,0.0069,0.0,54.96,339.25,222.79,394.21,268.59
📚Yusupov Artur. Build Up Your Chess (all volumes).pdf,3,score-baixo,0.0068,0.0,102.72,166.52,429.22,239.8,531.94
📚Yusupov Artur. Build Up Your Chess (all volumes).pdf,3,score-baixo,0.0065,0.0,44.16,349.72,232.6,393.89,268.26
📚Yusupov Artur. Build Up Your Chess (all volumes).pdf,3,score-baixo,0.0062,0.0,102.07,325.51,429.54,398.14,531.61
📚Yusupov Artur. Build Up Your Chess (all volumes).pdf,3,score-baixo,0.0061,0.0,102.07,246.67,429.54,319.3,531.61
📚Yusupov Artur. Build Up Your Chess (all volumes).pdf,3,score-baixo,0.0053,0.0,103.05,325.51,314.06,398.14,417.11
📚Yusupov Artur. Build Up Your Chess (all volumes).pdf,3,score-baixo,0.0052,0.0,103.05,167.17,314.06,239.47,417.11
📚Yusupov Artur. Build Up Your Chess (all volumes).pdf,3,score-baixo,0.0051,0.0,103.05,246.34,314.06,318.97,417.11
📚Yusupov Artur. Build Up Your Chess (all volumes).pdf,3,score-baixo,0.0051,0.0,103.05,246.67,199.23,319.3,302.28
📚Yusupov Artur. Build Up Your Chess (all volumes).pdf,3,score-baixo,0.0051,0.0,95.2,328.46,316.02,396.18,411.22
📚Yusupov Artur. Build Up Your Chess (all volumes).pdf,3,score-baixo,0.0051,0.0,103.38,325.51,199.23,398.14,302.61
📚Yusupov Artur. Build Up Your Chess (all volumes).pdf,3,score-baixo,0.005,0.0,96.18,249.29,200.21,317.66,296.4
📚Yusupov Artur. Build Up Your Chess (all volumes).pdf,3,score-baixo,0.0049,0.0,95.85,249.61,315.37,317.66,411.22
📚Yusupov Artur. Build Up Your Chess (all volumes).pdf,3,score-baixo,0.0048,0.0,96.51,328.13,200.21,396.5,296.72
📚Yusupov Artur. Build Up Your Chess (all volumes).pdf,3,score-baixo,0.0044,0.0,94.87,250.27,430.85,317.33,525.73
📚Yusupov Artur. Build Up Your Chess (all volumes).pdf,4,aspecto,0.0,0.0,93.93,275.56,559.96,369.49,588.76
📚Yusupov Artur. Build Up Your Chess (all volumes).pdf,4,aspecto,0.0,0.0,87.05,183.27,559.96,270.33,588.76
📚Yusupov Artur. Build Up Your Chess (all volumes).pdf,4,aspecto,0.0,0.0,88.69,41.56,559.64,130.25,588.44
📚Yusupov Artur. Build Up Your Chess (all volumes).pdf,4,aspecto,0.0,0.0,155.45,364.91,218.29,457.85,373.75
📚Yusupov Artur. Build Up Your Chess (all volumes).pdf,4,aspecto,0.0,0.0,93.93,275.56,559.96,369.49,588.76
📚Yusupov Artur. Build Up Your Chess (all volumes).pdf,4,aspecto,0.0,0.0,87.05,183.27,559.96,270.33,588.76
📚Yusupov Artur. Build Up Your Chess (all volumes).pdf,4,aspecto,0.0,0.0,88.69,41.56,559.64,130.25,588.44
📚Yusupov Artur. Build Up Your Chess (all volumes).pdf,4,aspecto,0.0,0.0,155.45,364.91,218.29,457.85,373.75
📚Yusupov Artur. Build Up Your Chess (all volumes).pdf,4,area-relativa,0.0688,0.0,94.25,109.31,324.33,203.56,418.25
📚Yusupov Artur. Build Up Your Chess (all volumes).pdf,4,area-relativa,0.0686,0.0,66.44,388.15,0.0,453.6,66.44
📚Yusupov Artur. Build Up Your Chess (all volumes).pdf,4,area-relativa,0.0433,0.0,85.42,310.25,303.05,392.07,388.47
📚Yusupov Artur. Build Up Your Chess (all volumes).pdf,4,area-relativa,0.0388,0.0,72.33,172.8,376.04,245.13,447.38
📚Yusupov Artur. Build Up Your Chess (all volumes).pdf,4,area-relativa,0.0379,0.0,84.11,261.49,358.36,345.6,436.58
📚Yusupov Artur. Build Up Your Chess (all volumes).pdf,4,area-relativa,0.0315,0.0,68.73,335.78,116.18,403.53,184.91
📚Yusupov Artur. Build Up Your Chess (all volumes).pdf,4,area-relativa,0.0206,0.0,67.75,335.78,119.78,398.62,187.53
📚Yusupov Artur. Build Up Your Chess (all volumes).pdf,4,area-relativa,0.0203,0.0,71.02,229.75,336.76,300.76,401.24
📚Yusupov Artur. Build Up Your Chess (all volumes).pdf,4,area-relativa,0.02,0.0,58.91,305.02,259.2,360.65,318.11
📚Yusupov Artur. Build Up Your Chess (all volumes).pdf,4,area-relativa,0.0184,0.0,68.07,183.6,376.04,244.8,444.11
📚Yusupov Artur. Build Up Your Chess (all volumes).pdf,4,area-relativa,0.0166,0.0,94.58,251.67,280.47,346.25,357.71
📚Yusupov Artur. Build Up Your Chess (all volumes).pdf,4,area-relativa,0.0009,0.0,43.53,134.84,558.65,178.36,589.09
📚Yusupov Artur. Build Up Your Chess (all volumes).pdf,4,score-baixo,0.0311,0.0,262.8,106.36,210.44,294.55,473.24
📚Yusupov Artur. Build Up Your Chess (all volumes).pdf,4,score-baixo,0.0132,0.0,642.44,14.73,-3.27,453.27,639.16
📚Yusupov Artur. Build Up Your Chess (all volumes).pdf,4,sem-contraste-de-casa,0.5,0.0,450.98,89.67,102.76,453.27,553.75
📚Yusupov Artur. Build Up Your Chess (all volumes).pdf,4,sem-contraste-de-casa,0.5,0.0,153.16,176.73,170.51,329.89,323.35
📚Yusupov Artur. Build Up Your Chess (all volumes).pdf,202,aspecto,0.0,0.0,57.6,60.22,460.47,83.13,518.07
📚Yusupov Artur. Build Up Your Chess (all volumes).pdf,202,aspecto,0.0,0.0,92.29,60.87,268.04,113.56,360.33
📚Yusupov Artur. Build Up Your Chess (all volumes).pdf,202,aspecto,0.0,0.0,57.6,154.8,72.33,189.16,129.93
📚Yusupov Artur. Build Up Your Chess (all volumes).pdf,202,score-baixo,0.1034,0.0,111.27,316.8,240.22,428.07,351.49
📚Yusupov Artur. Build Up Your Chess (all volumes).pdf,202,score-baixo,0.0789,0.0,102.11,236.95,486.0,339.05,588.11
📚Yusupov Artur. Build Up Your Chess (all volumes).pdf,202,score-baixo,0.0325,0.0,70.36,336.44,537.38,406.8,607.75
📚Yusupov Artur. Build Up Your Chess (all volumes).pdf,202,score-baixo,0.03,0.0,72.65,287.67,289.31,360.33,361.64
📚Yusupov Artur. Build Up Your Chess (all volumes).pdf,202,score-baixo,0.0237,0.0,58.25,246.76,310.25,305.02,368.51
📚Yusupov Artur. Build Up Your Chess (all volumes).pdf,202,score-baixo,0.0208,0.0,54.98,285.71,342.98,340.69,397.96
📚Yusupov Artur. Build Up Your Chess (all volumes).pdf,202,score-baixo,0.0203,0.0,52.04,153.82,468.33,205.85,520.36
📚Yusupov Artur. Build Up Your Chess (all volumes).pdf,202,score-baixo,0.0201,0.0,52.69,154.8,503.02,207.49,555.71
📚Yusupov Artur. Build Up Your Chess (all volumes).pdf,202,score-baixo,0.02,0.0,55.96,250.04,467.35,306.0,523.31
📚Yusupov Artur. Build Up Your Chess (all volumes).pdf,202,score-baixo,0.02,0.0,65.13,69.05,497.45,134.18,555.05
📚Yusupov Artur. Build Up Your Chess (all volumes).pdf,202,score-baixo,0.0193,0.0,54.0,303.38,66.11,356.73,120.11
📚Yusupov Artur. Build Up Your Chess (all volumes).pdf,202,score-baixo,0.0177,0.0,65.45,261.49,267.71,315.49,333.16
📚Yusupov Artur. Build Up Your Chess (all volumes).pdf,202,score-baixo,0.017,0.0,52.69,120.76,275.56,171.82,328.25
📚Yusupov Artur. Build Up Your Chess (all volumes).pdf,202,score-baixo,0.0163,0.0,37.96,61.2,75.6,96.55,113.56
📚Yusupov Artur. Build Up Your Chess (all volumes).pdf,202,score-baixo,0.0162,0.0,52.69,286.69,276.55,339.38,327.27
📚Yusupov Artur. Build Up Your Chess (all volumes).pdf,202,score-baixo,0.0088,0.0,55.31,293.24,460.8,348.55,504.65
📚Yusupov Artur. Build Up Your Chess (all volumes).pdf,202,score-baixo,0.0004,0.0,53.02,162.33,267.71,197.67,320.73
📚Yusupov Artur. Build Up Your Chess (all volumes).pdf,403,aspecto,0.0,0.0,106.98,113.19,75.57,220.17,133.8
📚Yusupov Artur. Build Up Your Chess (all volumes).pdf,403,score-baixo,0.0613,0.0,94.54,140.34,254.52,234.89,349.06
📚Yusupov Artur. Build Up Your Chess (all volumes).pdf,403,score-baixo,0.0566,0.0,88.33,271.85,298.03,359.86,386.35
📚Yusupov Artur. Build Up Your Chess (all volumes).pdf,403,score-baixo,0.0522,0.0,88.0,113.52,518.52,201.52,596.71
📚Yusupov Artur. Build Up Your Chess (all volumes).pdf,403,score-baixo,0.0483,0.0,104.36,282.32,76.55,386.68,163.9
📚Yusupov Artur. Build Up Your Chess (all volumes).pdf,403,score-baixo,0.0458,0.0,54.96,82.11,77.21,136.75,132.17
📚Yusupov Artur. Build Up Your Chess (all volumes).pdf,403,score-baixo,0.0443,0.0,55.94,348.73,468.47,404.67,523.1
📚Yusupov Artur. Build Up Your Chess (all volumes).pdf,403,score-baixo,0.0419,0.0,54.31,282.0,468.47,334.67,522.77
📚Yusupov Artur. Build Up Your Chess (all volumes).pdf,403,score-baixo,0.0316,0.0,113.85,277.09,259.1,390.93,353.97
📚Yusupov Artur. Build Up Your Chess (all volumes).pdf,403,score-baixo,0.0309,0.0,72.95,138.71,456.69,211.66,529.64
📚Yusupov Artur. Build Up Your Chess (all volumes).pdf,403,score-baixo,0.0267,0.0,69.35,325.18,315.04,394.21,384.39
📚Yusupov Artur. Build Up Your Chess (all volumes).pdf,403,score-baixo,0.0223,0.0,63.47,266.29,523.75,329.76,587.22
📚Yusupov Artur. Build Up Your Chess (all volumes).pdf,403,score-baixo,0.0209,0.0,54.63,174.37,547.64,229.0,601.94
📚Yusupov Artur. Build Up Your Chess (all volumes).pdf,403,score-baixo,0.0159,0.0,37.95,81.13,520.16,116.79,558.1
📚Yusupov Artur. Build Up Your Chess (all volumes).pdf,403,score-baixo,0.0137,0.0,112.86,71.64,299.33,160.3,412.2
📚Yusupov Artur. Build Up Your Chess (all volumes).pdf,403,score-baixo,0.008,0.0,43.18,383.74,270.87,419.4,314.06
📚Yusupov Artur. Build Up Your Chess (all volumes).pdf,403,score-baixo,0.0073,0.0,49.4,168.48,467.81,217.88,507.4
📚Yusupov Artur. Build Up Your Chess (all volumes).pdf,403,score-baixo,0.0049,0.0,72.95,367.05,76.55,420.38,149.5
📚Yusupov Artur. Build Up Your Chess (all volumes).pdf,403,score-baixo,0.0002,0.0,55.29,282.65,143.94,318.64,199.23
📚Yusupov Artur. Build Up Your Chess (all volumes).pdf,604,aspecto,0.0,0.0,72.33,146.62,467.67,164.95,540.0
📚Yusupov Artur. Build Up Your Chess (all volumes).pdf,604,sobreposicao,0.1716,0.0,151.53,-21.6,151.53,129.93,302.4
📚Yusupov Artur. Build Up Your Chess (all volumes).pdf,604,score-baixo,0.0581,0.0,86.4,2.29,192.44,88.69,278.51
📚Yusupov Artur. Build Up Your Chess (all volumes).pdf,604,score-baixo,0.0402,0.0,70.69,53.67,536.07,124.36,606.76
📚Yusupov Artur. Build Up Your Chess (all volumes).pdf,604,score-baixo,0.0225,0.0,56.62,70.69,482.4,127.31,538.69
📚Yusupov Artur. Build Up Your Chess (all volumes).pdf,604,score-baixo,0.0213,0.0,52.69,18.0,294.55,70.36,347.24
📚Yusupov Artur. Build Up Your Chess (all volumes).pdf,604,score-baixo,0.0202,0.0,52.69,105.38,503.02,158.07,555.38
📚Yusupov Artur. Build Up Your Chess (all volumes).pdf,604,score-baixo,0.0035,0.0,53.35,111.6,216.33,164.95,255.93
📚Yusupov Artur. Build Up Your Chess (all volumes).pdf,604,score-baixo,0.0012,0.0,54.33,43.2,284.4,97.53,322.04
📚Yusupov Artur. Build Up Your Chess (all volumes).pdf,604,perdeu-para-embutido,0.5,0.0,139.09,26.84,200.29,165.93,338.73
📚Yusupov Artur. Build Up Your Chess (all volumes).pdf,604,perdeu-para-embutido,0.5,0.0,136.8,27.82,461.78,164.62,598.58
📚Yusupov Artur. Build Up Your Chess (all volumes).pdf,805,aspecto,0.0,0.0,124.04,302.73,535.75,426.76,608.07
📚Yusupov Artur. Build Up Your Chess (all volumes).pdf,805,aspecto,0.0,0.0,136.8,302.73,470.95,439.53,545.24
📚Yusupov Artur. Build Up Your Chess (all volumes).pdf,805,aspecto,0.0,0.0,91.96,353.13,25.53,445.09,50.73
📚Yusupov Artur. Build Up Your Chess (all volumes).pdf,805,score-baixo,0.0775,0.0,102.44,310.58,232.36,413.02,334.47
📚Yusupov Artur. Build Up Your Chess (all volumes).pdf,805,score-baixo,0.0302,0.0,71.35,292.91,198.0,364.25,269.35
📚Yusupov Artur. Build Up Your Chess (all volumes).pdf,805,score-baixo,0.0216,0.0,56.29,359.67,176.4,415.96,231.71
📚Yusupov Artur. Build Up Your Chess (all volumes).pdf,805,score-baixo,0.0212,0.0,62.51,302.4,172.15,364.91,225.16
📚Yusupov Artur. Build Up Your Chess (all volumes).pdf,805,score-baixo,0.0167,0.0,53.35,361.31,214.36,413.02,267.71
📚Yusupov Artur. Build Up Your Chess (all volumes).pdf,805,score-baixo,0.0109,0.0,65.45,392.07,162.65,446.07,228.11
📚Yusupov Artur. Build Up Your Chess (all volumes).pdf,805,score-baixo,0.0003,0.0,55.64,403.2,521.02,439.85,576.65
📚Yusupov Artur. Build Up Your Chess (all volumes).pdf,805,perdeu-para-embutido,0.5,0.0,139.09,301.42,171.16,440.18,310.25
📚Yusupov Artur. Build Up Your Chess (all volumes).pdf,805,perdeu-para-embutido,0.5,0.0,139.09,301.75,469.96,440.84,608.4
📚Yusupov Artur. Build Up Your Chess (all volumes).pdf,1006,aspecto,0.0,0.0,187.2,240.22,283.09,427.42,294.22
📚Yusupov Artur. Build Up Your Chess (all volumes).pdf,1006,aspecto,0.0,0.0,187.2,240.22,281.45,427.42,294.22
📚Yusupov Artur. Build Up Your Chess (all volumes).pdf,1006,score-baixo,0.0013,0.0,52.69,50.4,282.44,87.05,335.13
📚Yusupov Artur. Build Up Your Chess (all volumes).pdf,1006,perdeu-para-embutido,0.5,0.0,139.75,49.42,281.45,188.18,421.2
📚Yusupov Artur. Build Up Your Chess (all volumes).pdf,1207,aspecto,0.0,0.0,106.0,118.11,459.03,172.09,565.03
📚Yusupov Artur. Build Up Your Chess (all volumes).pdf,1207,aspecto,0.0,0.0,71.98,48.42,458.7,120.4,494.36
📚Yusupov Artur. Build Up Your Chess (all volumes).pdf,1207,aspecto,0.0,0.0,136.43,99.79,73.29,173.08,209.72
📚Yusupov Artur. Build Up Your Chess (all volumes).pdf,1207,aspecto,0.0,0.0,90.95,239.82,72.96,330.77,108.3
📚Yusupov Artur. Build Up Your Chess (all volumes).pdf,1207,sobreposicao,0.272,0.0,193.03,212.66,431.22,405.7,622.29
📚Yusupov Artur. Build Up Your Chess (all volumes).pdf,1207,score-baixo,0.0706,0.0,89.32,229.02,130.87,318.34,220.19
📚Yusupov Artur. Build Up Your Chess (all volumes).pdf,1207,score-baixo,0.0456,0.0,53.98,324.89,157.04,378.87,209.72
📚Yusupov Artur. Build Up Your Chess (all volumes).pdf,1207,score-baixo,0.0404,0.0,69.03,318.34,64.45,387.38,133.49
📚Yusupov Artur. Build Up Your Chess (all volumes).pdf,1207,score-baixo,0.034,0.0,140.36,31.74,489.78,172.09,595.46
📚Yusupov Artur. Build Up Your Chess (all volumes).pdf,1207,score-baixo,0.0297,0.0,72.96,226.73,449.87,299.69,521.52
📚Yusupov Artur. Build Up Your Chess (all volumes).pdf,1207,score-baixo,0.0285,0.0,69.36,301.0,132.51,370.36,200.89
📚Yusupov Artur. Build Up Your Chess (all volumes).pdf,1207,score-baixo,0.0276,0.0,81.79,54.97,56.6,129.56,138.4
📚Yusupov Artur. Build Up Your Chess (all volumes).pdf,1207,score-baixo,0.0275,0.0,69.36,230.99,98.48,300.35,166.86
📚Yusupov Artur. Build Up Your Chess (all volumes).pdf,1207,score-baixo,0.0204,0.0,53.33,315.72,552.6,369.05,605.28
📚Yusupov Artur. Build Up Your Chess (all volumes).pdf,1207,score-baixo,0.0199,0.0,52.02,128.91,359.24,180.93,410.93
📚Yusupov Artur. Build Up Your Chess (all volumes).pdf,1207,score-baixo,0.0195,0.0,51.69,76.89,166.53,128.25,218.23
📚Yusupov Artur. Build Up Your Chess (all volumes).pdf,1207,score-baixo,0.018,0.0,54.64,24.21,164.9,76.23,219.53
📚Yusupov Artur. Build Up Your Chess (all volumes).pdf,1207,score-baixo,0.0133,0.0,55.62,332.41,501.89,388.03,552.6
📚Yusupov Artur. Build Up Your Chess (all volumes).pdf,1207,score-baixo,0.0133,0.0,56.6,40.24,342.23,96.84,393.92
📚Yusupov Artur. Build Up Your Chess (all volumes).pdf,1207,score-baixo,0.0089,0.0,83.1,80.49,277.77,144.94,360.87
📚Yusupov Artur. Build Up Your Chess (all volumes).pdf,1207,score-baixo,0.0012,0.0,89.65,32.72,118.11,122.36,177.98
📚Yusupov Artur. Build Up Your Chess (all volumes).pdf,1207,score-baixo,0.0002,0.0,61.84,306.89,100.12,346.81,161.95
📚Yusupov Artur. Build Up Your Chess (all volumes).pdf,1207,score-baixo,0.0,0.0,57.58,33.7,72.96,70.02,130.54
📚Yusupov Artur. Build Up Your Chess (all volumes).pdf,1608,aspecto,0.0,0.0,70.04,376.04,360.0,416.95,430.04
📚Yusupov Artur. Build Up Your Chess (all volumes).pdf,1608,aspecto,0.0,0.0,326.62,94.91,28.15,421.53,48.44
📚Yusupov Artur. Build Up Your Chess (all volumes).pdf,1608,score-baixo,0.0392,0.0,67.75,339.38,190.47,407.13,258.22
📚Yusupov Artur. Build Up Your Chess (all volumes).pdf,1608,score-baixo,0.023,0.0,151.85,255.6,172.47,372.44,324.33
📚Yusupov Artur. Build Up Your Chess (all volumes).pdf,1608,score-baixo,0.0204,0.0,54.33,322.04,273.93,376.36,327.93
📚Yusupov Artur. Build Up Your Chess (all volumes).pdf,1608,score-baixo,0.0193,0.0,51.71,288.98,367.85,340.69,419.56
📚Yusupov Artur. Build Up Your Chess (all volumes).pdf,1809,aspecto,0.0,0.0,187.46,226.06,186.15,413.52,198.91
📚Yusupov Artur. Build Up Your Chess (all volumes).pdf,1809,aspecto,0.0,0.0,63.14,36.97,464.89,71.97,528.03
📚Yusupov Artur. Build Up Your Chess (all volumes).pdf,1809,aspecto,0.0,0.0,89.64,52.67,344.49,142.31,398.8
📚Yusupov Artur. Build Up Your Chess (all volumes).pdf,1809,aspecto,0.0,0.0,187.46,226.06,185.82,413.52,199.24
📚Yusupov Artur. Build Up Your Chess (all volumes).pdf,1809,aspecto,0.0,0.0,60.85,81.13,176.66,141.99,212.32
📚Yusupov Artur. Build Up Your Chess (all volumes).pdf,1809,aspecto,0.0,0.0,87.02,36.97,75.9,88.66,162.92
📚Yusupov Artur. Build Up Your Chess (all volumes).pdf,1809,score-baixo,0.0305,0.0,86.37,86.37,125.95,172.74,196.29
📚Yusupov Artur. Build Up Your Chess (all volumes).pdf,1809,score-baixo,0.025,0.0,59.54,88.99,65.1,148.53,122.68
📚Yusupov Artur. Build Up Your Chess (all volumes).pdf,1809,score-baixo,0.0191,0.0,53.0,129.23,448.2,182.23,499.89
📚Yusupov Artur. Build Up Your Chess (all volumes).pdf,1809,score-baixo,0.0164,0.0,54.96,79.5,83.75,131.84,138.71
📚Yusupov Artur. Build Up Your Chess (all volumes).pdf,1809,score-baixo,0.0163,0.0,55.94,103.05,439.7,159.0,487.13
📚Yusupov Artur. Build Up Your Chess (all volumes).pdf,1809,score-baixo,0.0151,0.0,38.28,137.73,90.95,172.74,129.23
📚Yusupov Artur. Build Up Your Chess (all volumes).pdf,1809,score-baixo,0.0037,0.0,102.73,70.01,261.72,172.74,332.39
📚Yusupov Artur. Build Up Your Chess (all volumes).pdf,1809,score-baixo,0.0009,0.0,54.96,119.74,328.46,157.36,383.43
📚Yusupov Artur. Build Up Your Chess (all volumes).pdf,2010,aspecto,0.0,0.0,122.01,261.03,465.14,383.04,528.28
📚Yusupov Artur. Build Up Your Chess (all volumes).pdf,2010,sobreposicao,0.1176,0.0,88.65,110.23,273.13,197.25,361.78
📚Yusupov Artur. Build Up Your Chess (all volumes).pdf,2010,score-baixo,0.0661,0.0,101.73,236.82,106.64,338.55,208.37
📚Yusupov Artur. Build Up Your Chess (all volumes).pdf,2010,score-baixo,0.0645,0.0,101.4,26.5,433.09,127.9,534.16
📚Yusupov Artur. Build Up Your Chess (all volumes).pdf,2010,score-baixo,0.0587,0.0,88.97,266.92,298.98,355.89,387.29
📚Yusupov Artur. Build Up Your Chess (all volumes).pdf,2010,score-baixo,0.0425,0.0,55.28,261.68,273.13,316.97,327.43
📚Yusupov Artur. Build Up Your Chess (all volumes).pdf,2010,score-baixo,0.04,0.0,94.86,108.27,74.25,188.74,169.11
📚Yusupov Artur. Build Up Your Chess (all volumes).pdf,2010,score-baixo,0.0361,0.0,175.0,37.94,446.5,212.95,581.27
📚Yusupov Artur. Build Up Your Chess (all volumes).pdf,2010,score-baixo,0.0306,0.0,70.33,117.76,331.36,188.09,401.36
📚Yusupov Artur. Build Up Your Chess (all volumes).pdf,2010,score-baixo,0.0271,0.0,63.46,129.86,556.73,192.99,620.19
📚Yusupov Artur. Build Up Your Chess (all volumes).pdf,2010,score-baixo,0.0262,0.0,60.51,44.49,350.66,105.0,410.52
📚Yusupov Artur. Build Up Your Chess (all volumes).pdf,2010,score-baixo,0.0236,0.0,56.59,63.13,297.99,119.72,354.58
📚Yusupov Artur. Build Up Your Chess (all volumes).pdf,2010,score-baixo,0.0235,0.0,86.36,312.39,80.8,398.74,150.47
📚Yusupov Artur. Build Up Your Chess (all volumes).pdf,2010,score-baixo,0.0224,0.0,57.9,331.36,560.01,389.26,617.9
📚Yusupov Artur. Build Up Your Chess (all volumes).pdf,2010,score-baixo,0.0222,0.0,63.46,66.73,63.79,130.19,125.28
📚Yusupov Artur. Build Up Your Chess (all volumes).pdf,2010,score-baixo,0.0154,0.0,56.26,251.87,331.36,303.55,387.62
📚Yusupov Artur. Build Up Your Chess (all volumes).pdf,2010,score-baixo,0.0106,0.0,52.66,60.19,466.13,112.85,508.98
📚Yusupov Artur. Build Up Your Chess (all volumes).pdf,2010,score-baixo,0.0069,0.0,107.95,73.6,66.08,154.39,174.02
📚Yusupov Artur. Build Up Your Chess (all volumes).pdf,2010,score-baixo,0.0035,0.0,74.25,312.39,273.46,386.64,326.12
📚Yusupov Artur. Build Up Your Chess (all volumes).pdf,2010,score-baixo,0.001,0.0,66.4,310.75,159.95,377.15,205.42
📚Yusupov Artur. Build Up Your Chess (all volumes).pdf,2010,score-baixo,0.0004,0.0,53.65,60.51,273.79,96.17,327.43
📚Yusupov Artur. Build Up Your Chess (all volumes).pdf,2010,score-baixo,0.0002,0.0,54.63,262.01,80.47,297.67,135.09
📚Yusupov Artur. Build Up Your Chess (all volumes).pdf,2211,score-baixo,0.0435,0.0,72.94,119.07,189.07,192.01,262.01
📚Yusupov Artur. Build Up Your Chess (all volumes).pdf,2211,score-baixo,0.034,0.0,77.52,118.09,398.42,195.61,475.29
📚Yusupov Artur. Build Up Your Chess (all volumes).pdf,2211,score-baixo,0.0291,0.0,68.69,70.0,226.03,138.04,294.72
📚Yusupov Artur. Build Up Your Chess (all volumes).pdf,2211,score-baixo,0.0264,0.0,68.37,69.67,191.68,138.04,259.72
📚Yusupov Artur. Build Up Your Chess (all volumes).pdf,2211,perdeu-para-embutido,0.5,0.0,139.35,42.85,198.88,181.54,338.23
📚Yusupov Artur. Build Up Your Chess (all volumes).pdf,2211,perdeu-para-embutido,0.5,0.0,139.35,42.52,397.43,181.22,536.78
📚Болеславский_И_Избранные_партии.pdf,1,aspecto,0.0,0.0,68.04,254.18,126.6,296.06,194.65
📚Болеславский_И_Избранные_партии.pdf,1,aspecto,0.0,0.0,68.04,254.18,126.6,296.06,194.65
📚Болеславский_И_Избранные_партии.pdf,1,score-baixo,0.0131,0.0,104.68,91.93,51.36,196.61,133.14
📚Болеславский_И_Избранные_партии.pdf,1,score-baixo,0.0123,0.0,56.27,224.74,265.31,281.01,314.05
📚Болеславский_И_Избранные_партии.pdf,1,score-baixo,0.006,0.0,84.4,185.49,66.08,269.89,130.85
📚Болеславский_И_Избранные_партии.pdf,1,score-baixo,0.0038,0.0,45.47,158.99,433.45,194.32,478.93
📚Болеславский_И_Избранные_партии.pdf,6,perdeu-para-embutido,0.5,0.0,140.66,27.15,313.04,163.88,453.7
📚Болеславский_И_Избранные_партии.pdf,7,score-baixo,0.0287,0.0,34.35,248.01,281.06,281.71,315.41
📚Болеславский_И_Избранные_партии.pdf,7,perdeu-para-embutido,0.5,0.0,139.71,179.3,211.04,316.39,350.75
📚Болеславский_И_Избранные_партии.pdf,8,score-baixo,0.0016,0.0,50.03,94.83,317.85,144.86,352.51
📚Болеславский_И_Избранные_партии.pdf,8,perdeu-para-embutido,0.5,0.0,139.3,26.16,248.2,164.16,387.5
📚Болеславский_И_Избранные_партии.pdf,21,aspecto,0.0,0.0,56.57,219.1,286.14,275.68,302.82
📚Болеславский_И_Избранные_партии.pdf,21,perdeu-para-embutido,0.5,0.0,142.25,177.9,67.37,317.54,209.62
📚Болеславский_И_Избранные_партии.pdf,41,sobreposicao,0.4689,0.0,210.92,179.53,208.63,387.83,419.55
📚Болеславский_И_Избранные_партии.pdf,41,sobreposicao,0.4597,0.0,210.92,107.26,139.3,315.89,350.22
📚Болеславский_И_Избранные_партии.pdf,41,score-baixo,0.028,0.0,51.01,238.71,255.39,289.73,304.77
📚Болеславский_И_Избранные_партии.pdf,41,perdeu-para-embutido,0.5,0.0,139.96,179.2,209.61,315.89,349.57
📚Болеславский_И_Избранные_партии.pdf,61,aspecto,0.0,0.0,136.12,28.14,151.83,164.26,171.46
📚Болеславский_И_Избранные_партии.pdf,61,score-baixo,0.027,0.0,34.36,80.49,99.8,113.87,134.16
📚Болеславский_И_Избранные_партии.pdf,61,score-baixo,0.0258,0.0,49.74,72.64,57.59,121.4,107.33
📚Болеславский_И_Избранные_партии.pdf,61,score-baixo,0.0003,0.0,51.7,46.14,48.1,79.84,99.8
📚Болеславский_И_Избранные_партии.pdf,61,perdeu-para-embutido,0.5,0.0,141.68,26.5,27.81,166.22,169.5
📚Болеславский_И_Избранные_партии.pdf,80,aspecto,0.0,0.0,42.85,39.58,219.17,61.17,262.02
📚Болеславский_И_Избранные_партии.pdf,80,aspecto,0.0,0.0,66.73,95.19,289.5,161.92,323.85
📚Болеславский_И_Избранные_партии.pdf,80,perdeu-para-embutido,0.5,0.0,143.28,24.86,217.53,165.85,360.81
📚Болеславский_И_Избранные_партии.pdf,100,aspecto,0.0,0.0,52.02,44.82,78.51,61.17,130.53
📚Болеславский_И_Избранные_партии.pdf,100,perdeu-para-embutido,0.5,0.0,142.63,24.86,41.55,166.19,184.18
📚Болеславский_И_Избранные_партии.pdf,100,perdeu-para-embutido,0.5,0.0,140.34,178.94,127.26,317.65,267.6
📚Болеславский_И_Избранные_партии.pdf,120,score-baixo,0.0304,0.0,48.72,187.7,139.96,236.42,188.68
📚Болеславский_И_Избранные_партии.pdf,120,score-baixo,0.0303,0.0,49.05,204.38,208.3,253.43,257.35
📚Болеславский_И_Избранные_партии.pdf,120,perdeu-para-embutido,0.5,0.0,142.9,175.6,109.55,316.21,252.45
📚Болеславский_И_Избранные_партии.pdf,160,perdeu-para-embutido,0.5,0.0,142.57,25.18,362.65,165.46,505.22
📚Болеславский_И_Избранные_партии.pdf,180,score-baixo,0.0271,0.0,33.05,280.08,101.76,312.47,134.8
📚Болеславский_И_Избранные_партии.pdf,180,perdeu-para-embutido,0.5,0.0,142.33,175.05,29.45,315.41,171.77
📚Болеславский_И_Избранные_партии.pdf,199,score-baixo,0.0271,0.0,49.72,256.13,39.91,304.87,89.63
📚Болеславский_И_Избранные_партии.pdf,199,score-baixo,0.0161,0.0,49.39,257.44,228.33,306.84,271.83
📚Болеславский_И_Избранные_партии.pdf,199,perdeu-para-embutido,0.5,0.0,140.01,178.61,30.09,315.01,170.1
📚Болеславский_И_Избранные_партии.pdf,219,score-baixo,0.0312,0.0,49.38,222.04,87.31,271.41,136.69
📚Болеславский_И_Избранные_партии.pdf,219,score-baixo,0.0003,0.0,52.65,195.22,128.84,229.56,181.49
📚Болеславский_И_Избранные_партии.pdf,219,perdeu-para-embutido,0.5,0.0,139.3,177.56,59.51,314.9,198.82
📚Болеславский_И_Избранные_партии.pdf,239,aspecto,0.0,0.0,42.84,275.34,196.86,318.17,216.8
📚Болеславский_И_Избранные_партии.pdf,239,score-baixo,0.0044,0.0,47.74,82.08,150.75,129.82,186.07
📚Болеславский_И_Избранные_партии.pdf,239,perdeu-para-embutido,0.5,0.0,139.63,27.14,133.09,164.16,272.72
