pdf,page,index,source,side_pt,native_width,native_height,trimmed,detector_score,texture,x0,y0,x1,y1
"1001_Sacrificios_e__Combinações_Vencedores_Fred_Reinfeld,_Bruce_hq.pdf",46,0,embedded,280.5,350,350,True,1.0,0.3087,165.75,144.75,446.25,425.25
"1001_Sacrificios_e__Combinações_Vencedores_Fred_Reinfeld,_Bruce_hq.pdf",91,0,embedded,280.5,350,350,True,1.0,0.3092,165.75,144.75,446.25,425.25
"1001_Sacrificios_e__Combinações_Vencedores_Fred_Reinfeld,_Bruce_hq.pdf",135,0,embedded,280.5,350,350,True,1.0,0.2752,165.75,144.75,446.25,425.25
"1001_Sacrificios_e__Combinações_Vencedores_Fred_Reinfeld,_Bruce_hq.pdf",180,0,embedded,280.5,350,350,True,1.0,0.312,165.75,144.75,446.25,425.25
"1001_Sacrificios_e__Combinações_Vencedores_Fred_Reinfeld,_Bruce_hq.pdf",225,0,embedded,280.5,350,350,True,1.0,0.3112,165.75,144.75,446.25,425.25
"1001_Sacrificios_e__Combinações_Vencedores_Fred_Reinfeld,_Bruce_hq.pdf",270,0,embedded,280.5,350,350,True,1.0,0.3392,165.75,144.75,446.25,425.25
"1001_Sacrificios_e__Combinações_Vencedores_Fred_Reinfeld,_Bruce_hq.pdf",315,0,embedded,280.5,350,350,True,1.0,0.2586,165.75,144.75,446.25,425.25
"1001_Sacrificios_e__Combinações_Vencedores_Fred_Reinfeld,_Bruce_hq.pdf",359,0,embedded,280.5,350,350,True,1.0,0.3083,165.75,144.75,446.25,425.25
"1001_Sacrificios_e__Combinações_Vencedores_Fred_Reinfeld,_Bruce_hq.pdf",404,0,embedded,280.5,350,350,True,1.0,0.2303,165.75,144.75,446.25,425.25
"1001_Sacrificios_e__Combinações_Vencedores_Fred_Reinfeld,_Bruce_hq.pdf",449,0,embedded,280.5,350,350,True,1.0,0.291,165.75,144.75,446.25,425.25
"1001_Sacrificios_e__Combinações_Vencedores_Fred_Reinfeld,_Bruce_hq.pdf",494,0,embedded,280.5,350,350,True,1.0,0.4691,165.75,144.75,446.25,425.25
"1001_Sacrificios_e__Combinações_Vencedores_Fred_Reinfeld,_Bruce_hq.pdf",539,0,embedded,280.5,350,350,True,1.0,0.3189,165.75,144.75,446.25,425.25
"1001_Sacrificios_e__Combinações_Vencedores_Fred_Reinfeld,_Bruce_hq.pdf",583,0,embedded,280.5,350,350,True,1.0,0.2505,165.75,144.75,446.25,425.25
"1001_Sacrificios_e__Combinações_Vencedores_Fred_Reinfeld,_Bruce_hq.pdf",628,0,embedded,280.5,350,350,True,1.0,0.5736,165.75,144.75,446.25,425.25
"1001_Sacrificios_e__Combinações_Vencedores_Fred_Reinfeld,_Bruce_hq.pdf",673,0,embedded,280.5,350,350,True,1.0,0.5077,165.75,144.75,446.25,425.25
"1001_Sacrificios_e__Combinações_Vencedores_Fred_Reinfeld,_Bruce_hq.pdf",718,0,embedded,280.5,350,350,True,1.0,0.4187,165.75,144.75,446.25,425.25
"1001_Sacrificios_e__Combinações_Vencedores_Fred_Reinfeld,_Bruce_hq.pdf",763,0,embedded,280.5,350,350,True,1.0,0.1462,165.75,144.75,446.25,425.25
"1001_Sacrificios_e__Combinações_Vencedores_Fred_Reinfeld,_Bruce_hq.pdf",807,0,embedded,280.5,350,350,True,1.0,0.6634,165.75,144.75,446.25,425.25
"1001_Sacrificios_e__Combinações_Vencedores_Fred_Reinfeld,_Bruce_hq.pdf",852,0,embedded,280.5,350,350,True,1.0,0.4722,165.75,144.75,446.25,425.25
"1001_Sacrificios_e__Combinações_Vencedores_Fred_Reinfeld,_Bruce_hq.pdf",897,0,embedded,280.5,350,350,True,1.0,0.2585,165.75,144.75,446.25,425.25
"1001_Sacrificios_e__Combinações_Vencedores_Fred_Reinfeld,_Bruce_hq.pdf",942,0,embedded,280.5,350,350,True,1.0,0.3593,165.75,144.75,446.25,425.25
"1001_Sacrificios_e__Combinações_Vencedores_Fred_Reinfeld,_Bruce_hq.pdf",987,0,embedded,280.5,350,350,True,1.0,0.1883,165.75,144.75,446.25,425.25
"1001_Sacrificios_e__Combinações_Vencedores_Fred_Reinfeld,_Bruce_hq.pdf",1031,0,embedded,280.5,350,350,True,1.0,0.2284,165.75,144.75,446.25,425.25
"1001_Winning_Chess_Sacrifices_and_Combinations,_Fred_Reinfeld,_Bruce.pdf",46,0,embedded,280.5,350,350,True,1.0,0.5965,165.75,144.75,446.25,425.25
"1001_Winning_Chess_Sacrifices_and_Combinations,_Fred_Reinfeld,_Bruce.pdf",91,0,embedded,280.5,350,350,True,1.0,0.5651,165.75,144.75,446.25,425.25
"1001_Winning_Chess_Sacrifices_and_Combinations,_Fred_Reinfeld,_Bruce.pdf",136,0,embedded,280.5,350,350,True,1.0,0.538,165.75,144.75,446.25,425.25
"1001_Winning_Chess_Sacrifices_and_Combinations,_Fred_Reinfeld,_Bruce.pdf",180,0,embedded,280.5,350,350,True,1.0,0.5299,165.75,144.75,446.25,425.25
"1001_Winning_Chess_Sacrifices_and_Combinations,_Fred_Reinfeld,_Bruce.pdf",225,0,embedded,280.5,350,350,True,1.0,0.5519,165.75,144.75,446.25,425.25
"1001_Winning_Chess_Sacrifices_and_Combinations,_Fred_Reinfeld,_Bruce.pdf",270,0,embedded,280.5,350,350,True,1.0,0.6684,165.75,144.75,446.25,425.25
"1001_Winning_Chess_Sacrifices_and_Combinations,_Fred_Reinfeld,_Bruce.pdf",315,0,embedded,280.5,350,350,True,1.0,0.5751,165.75,144.75,446.25,425.25
"1001_Winning_Chess_Sacrifices_and_Combinations,_Fred_Reinfeld,_Bruce.pdf",360,0,embedded,280.5,350,350,True,1.0,0.5936,165.75,144.75,446.25,425.25
"1001_Winning_Chess_Sacrifices_and_Combinations,_Fred_Reinfeld,_Bruce.pdf",405,0,embedded,280.5,350,350,True,1.0,0.5212,165.75,144.75,446.25,425.25
"1001_Winning_Chess_Sacrifices_and_Combinations,_Fred_Reinfeld,_Bruce.pdf",449,0,embedded,280.5,350,350,True,1.0,0.571,165.75,144.75,446.25,425.25
"1001_Winning_Chess_Sacrifices_and_Combinations,_Fred_Reinfeld,_Bruce.pdf",494,0,embedded,280.5,350,350,True,1.0,0.5879,165.75,144.75,446.25,425.25
"1001_Winning_Chess_Sacrifices_and_Combinations,_Fred_Reinfeld,_Bruce.pdf",539,0,embedded,280.5,350,350,True,1.0,0.6102,165.75,144.75,446.25,425.25
"1001_Winning_Chess_Sacrifices_and_Combinations,_Fred_Reinfeld,_Bruce.pdf",584,0,embedded,280.5,350,350,True,1.0,0.559,165.75,144.75,446.25,425.25
"1001_Winning_Chess_Sacrifices_and_Combinations,_Fred_Reinfeld,_Bruce.pdf",629,0,embedded,280.5,350,350,True,1.0,0.6878,165.75,144.75,446.25,425.25
"1001_Winning_Chess_Sacrifices_and_Combinations,_Fred_Reinfeld,_Bruce.pdf",674,0,embedded,280.5,350,350,True,1.0,0.6766,165.75,144.75,446.25,425.25
"1001_Winning_Chess_Sacrifices_and_Combinations,_Fred_Reinfeld,_Bruce.pdf",718,0,embedded,280.5,350,350,True,1.0,0.5549,165.75,144.75,446.25,425.25
"1001_Winning_Chess_Sacrifices_and_Combinations,_Fred_Reinfeld,_Bruce.pdf",763,0,embedded,280.5,350,350,True,1.0,0.6212,165.75,144.75,446.25,425.25
"1001_Winning_Chess_Sacrifices_and_Combinations,_Fred_Reinfeld,_Bruce.pdf",808,0,embedded,280.5,350,350,True,1.0,0.6634,165.75,144.75,446.25,425.25
"1001_Winning_Chess_Sacrifices_and_Combinations,_Fred_Reinfeld,_Bruce.pdf",853,0,embedded,280.5,350,350,True,1.0,0.6242,165.75,144.75,446.25,425.25
"1001_Winning_Chess_Sacrifices_and_Combinations,_Fred_Reinfeld,_Bruce.pdf",898,0,embedded,280.5,350,350,True,1.0,0.491,165.75,144.75,446.25,425.25
"1001_Winning_Chess_Sacrifices_and_Combinations,_Fred_Reinfeld,_Bruce.pdf",943,0,embedded,280.5,350,350,True,1.0,0.5743,165.75,144.75,446.25,425.25
"1001_Winning_Chess_Sacrifices_and_Combinations,_Fred_Reinfeld,_Bruce.pdf",987,0,embedded,280.5,350,350,True,1.0,0.5908,165.75,144.75,446.25,425.25
"1001_Winning_Chess_Sacrifices_and_Combinations,_Fred_Reinfeld,_Bruce.pdf",1032,0,embedded,280.5,350,350,True,1.0,0.5846,165.75,144.75,446.25,425.25
"1001_Winning_Chess_Sacrifices_and_Combinations,_Fred_Reinfeld,_Bruce_hq.pdf",46,0,embedded,280.5,350,350,False,0.7,0.3967,165.75,144.75,446.25,425.25
"1001_Winning_Chess_Sacrifices_and_Combinations,_Fred_Reinfeld,_Bruce_hq.pdf",91,0,embedded,280.5,350,350,False,0.7,0.3477,165.75,144.75,446.25,425.25
"1001_Winning_Chess_Sacrifices_and_Combinations,_Fred_Reinfeld,_Bruce_hq.pdf",136,0,embedded,280.5,350,350,True,0.85,0.2345,165.75,144.75,446.25,425.25
"1001_Winning_Chess_Sacrifices_and_Combinations,_Fred_Reinfeld,_Bruce_hq.pdf",180,0,embedded,280.5,350,350,False,0.7,0.3139,165.75,144.75,446.25,425.25
"1001_Winning_Chess_Sacrifices_and_Combinations,_Fred_Reinfeld,_Bruce_hq.pdf",225,0,embedded,280.5,350,350,False,0.7,0.3946,165.75,144.75,446.25,425.25
"1001_Winning_Chess_Sacrifices_and_Combinations,_Fred_Reinfeld,_Bruce_hq.pdf",270,0,embedded,280.5,350,350,False,0.7,0.431,165.75,144.75,446.25,425.25
"1001_Winning_Chess_Sacrifices_and_Combinations,_Fred_Reinfeld,_Bruce_hq.pdf",315,0,embedded,280.5,350,350,False,0.7,0.3804,165.75,144.75,446.25,425.25
"1001_Winning_Chess_Sacrifices_and_Combinations,_Fred_Reinfeld,_Bruce_hq.pdf",360,0,embedded,280.5,350,350,False,0.7,0.4485,165.75,144.75,446.25,425.25
"1001_Winning_Chess_Sacrifices_and_Combinations,_Fred_Reinfeld,_Bruce_hq.pdf",405,0,embedded,280.5,350,350,False,0.7,0.3119,165.75,144.75,446.25,425.25
"1001_Winning_Chess_Sacrifices_and_Combinations,_Fred_Reinfeld,_Bruce_hq.pdf",449,0,embedded,280.5,350,350,True,0.85,0.3341,165.75,144.75,446.25,425.25
"1001_Winning_Chess_Sacrifices_and_Combinations,_Fred_Reinfeld,_Bruce_hq.pdf",494,0,embedded,280.5,350,350,False,0.7,0.402,165.75,144.75,446.25,425.25
"1001_Winning_Chess_Sacrifices_and_Combinations,_Fred_Reinfeld,_Bruce_hq.pdf",539,0,embedded,280.5,350,350,False,0.7,0.4619,165.75,144.75,446.25,425.25
"1001_Winning_Chess_Sacrifices_and_Combinations,_Fred_Reinfeld,_Bruce_hq.pdf",584,0,embedded,280.5,350,350,True,0.85,0.4006,165.75,144.75,446.25,425.25
"1001_Winning_Chess_Sacrifices_and_Combinations,_Fred_Reinfeld,_Bruce_hq.pdf",629,0,embedded,280.5,350,350,False,0.7,0.4672,165.75,144.75,446.25,425.25
"1001_Winning_Chess_Sacrifices_and_Combinations,_Fred_Reinfeld,_Bruce_hq.pdf",674,0,embedded,280.5,350,350,False,0.7,0.4607,165.75,144.75,446.25,425.25
"1001_Winning_Chess_Sacrifices_and_Combinations,_Fred_Reinfeld,_Bruce_hq.pdf",718,0,embedded,280.5,350,350,False,0.7,0.4199,165.75,144.75,446.25,425.25
"1001_Winning_Chess_Sacrifices_and_Combinations,_Fred_Reinfeld,_Bruce_hq.pdf",763,0,embedded,280.5,350,350,False,0.7,0.4464,165.75,144.75,446.25,425.25
"1001_Winning_Chess_Sacrifices_and_Combinations,_Fred_Reinfeld,_Bruce_hq.pdf",808,0,embedded,280.5,350,350,True,1.0,0.6634,165.75,144.75,446.25,425.25
"1001_Winning_Chess_Sacrifices_and_Combinations,_Fred_Reinfeld,_Bruce_hq.pdf",853,0,embedded,280.5,350,350,False,0.7,0.4099,165.75,144.75,446.25,425.25
"1001_Winning_Chess_Sacrifices_and_Combinations,_Fred_Reinfeld,_Bruce_hq.pdf",898,0,embedded,280.5,350,350,False,0.7,0.3313,165.75,144.75,446.25,425.25
"1001_Winning_Chess_Sacrifices_and_Combinations,_Fred_Reinfeld,_Bruce_hq.pdf",943,0,embedded,280.5,350,350,False,0.7,0.3437,165.75,144.75,446.25,425.25
"1001_Winning_Chess_Sacrifices_and_Combinations,_Fred_Reinfeld,_Bruce_hq.pdf",987,0,embedded,280.5,350,350,False,0.7,0.3362,165.75,144.75,446.25,425.25
"1001_Winning_Chess_Sacrifices_and_Combinations,_Fred_Reinfeld,_Bruce_hq.pdf",1032,0,embedded,280.5,350,350,False,0.7,0.3384,165.75,144.75,446.25,425.25
1937 Kemeri.pdf,13,0,embedded,149.94,590,625,True,1.0,0.5268,44.3,231.3,185.78,381.24
1937 Kemeri.pdf,13,1,embedded,141.84,591,588,True,1.0,0.544,210.4,383.05,352.24,524.17
1937 Kemeri.pdf,59,0,embedded,155.7,590,649,True,0.7727,0.5095,211.3,66.95,352.78,222.65
1937 Kemeri.pdf,70,0,embedded,141.84,591,588,True,0.9872,0.5223,40.3,260.8,182.14,401.92
1937 Kemeri.pdf,93,0,embedded,142.02,592,590,True,0.9915,0.558,205.55,222.85,347.57,364.33
1937 Kemeri.pdf,105,0,embedded,141.84,591,587,True,1.0,0.5183,41.05,155.15,182.89,295.91
1937 Kemeri.pdf,105,1,embedded,153.54,591,640,True,0.9586,0.5003,207.55,353.9,349.39,507.44
1937 Kemeri.pdf,117,0,embedded,141.66,590,588,True,1.0,0.5471,45.7,195.65,187.36,336.77
1937 Kemeri.pdf,128,0,embedded,142.38,593,593,True,1.0,0.4888,40.5,160.2,182.88,302.58
1937 Kemeri.pdf,140,0,embedded,161.82,590,674,True,0.8384,0.5703,209.35,116.45,350.83,278.27
1937 Kemeri.pdf,151,0,embedded,141.84,591,587,True,0.983,0.5227,41.95,128.35,183.79,269.11
1937 Kemeri.pdf,151,1,embedded,142.02,592,589,True,1.0,0.5418,208.6,137.15,350.62,278.45
1937 Kemeri.pdf,221,0,embedded,142.38,593,590,True,1.0,0.5291,43.9,72.0,186.28,213.66
1937 Kemeri.pdf,244,0,embedded,170.82,642,712,True,0.9042,0.5548,33.1,168.3,187.18,339.12
1937 Kemeri.pdf,255,0,contour,199.88,800,800,False,0.5,0.1311,15.05,105.66,177.63,305.54
1937 Kemeri.pdf,255,1,contour,76.55,800,800,False,0.5,0.3198,143.28,225.72,219.83,301.95
1937 Kemeri.pdf,267,0,contour,137.72,800,800,False,0.5,0.5988,47.43,76.22,185.16,213.29
1937 Kemeri.pdf,278,0,contour,115.81,800,800,False,0.5,0.1695,34.02,195.63,135.43,311.43
1937 Kemeri.pdf,278,1,contour,205.44,800,800,False,0.5,0.2118,160.62,194.32,352.32,399.76
400 Quebra-cabeças de Estratégia de Xadrez.pdf,53,0,contour,195.36,800,800,False,0.5,0.6711,199.29,87.05,394.33,282.41
400 Quebra-cabeças de Estratégia de Xadrez.pdf,158,0,contour,195.36,800,800,False,0.5,0.6299,199.29,87.05,394.33,282.41
400 Quebra-cabeças de Estratégia de Xadrez.pdf,211,0,contour,195.36,800,800,False,0.5,0.5586,199.29,87.05,394.33,282.41
400 Quebra-cabeças de Estratégia de Xadrez.pdf,263,0,contour,195.36,800,800,False,0.5,0.7143,199.29,87.05,394.33,282.41
400 Quebra-cabeças de Estratégia de Xadrez.pdf,315,0,contour,195.36,800,800,False,0.5,0.7176,199.29,87.05,394.33,282.41
400 Quebra-cabeças de Estratégia de Xadrez.pdf,368,0,contour,195.36,800,800,False,0.5,0.5919,199.29,87.05,394.33,282.41
400 Quebra-cabeças de Estratégia de Xadrez.pdf,420,0,contour,195.36,800,800,False,0.5,0.6291,199.29,87.05,394.33,282.41
400 Quebra-cabeças de Estratégia de Xadrez.pdf,473,0,contour,195.36,800,800,False,0.5,0.6882,199.29,87.05,394.33,282.41
400 Quebra-cabeças de Estratégia de Xadrez.pdf,525,0,contour,195.36,800,800,False,0.5,0.7176,199.29,87.05,394.33,282.41
400 Quebra-cabeças de Estratégia de Xadrez.pdf,525,1,contour,195.36,800,800,False,0.5,0.7387,199.29,524.89,394.33,720.26
400 Quebra-cabeças de Estratégia de Xadrez.pdf,577,0,contour,195.36,800,800,False,0.5,0.7026,199.29,87.05,394.33,282.41
400 Quebra-cabeças de Estratégia de Xadrez.pdf,630,0,contour,195.36,800,800,False,0.5,0.5979,199.29,87.05,394.33,282.41
400 Quebra-cabeças de Estratégia de Xadrez.pdf,682,0,contour,195.36,800,800,False,0.5,0.6563,199.29,87.05,394.33,282.41
400 Quebra-cabeças de Estratégia de Xadrez.pdf,735,0,contour,195.36,800,800,False,0.5,0.6809,199.29,87.05,394.33,282.41
400 Quebra-cabeças de Estratégia de Xadrez.pdf,787,0,contour,195.36,800,800,False,0.5,0.678,199.29,87.05,394.33,282.41
400 Quebra-cabeças de Estratégia de Xadrez.pdf,944,0,contour,195.36,800,800,False,0.5,0.6959,199.29,87.05,394.33,282.41
400 Quebra-cabeças de Estratégia de Xadrez.pdf,997,0,contour,195.36,800,800,False,0.5,0.6651,199.29,87.05,394.33,282.41
400 Quebra-cabeças de Estratégia de Xadrez.pdf,1049,0,contour,195.36,800,800,False,0.5,0.6771,199.29,87.05,394.33,282.41
400 Quebra-cabeças de Estratégia de Xadrez.pdf,1049,1,contour,195.36,800,800,False,0.5,0.6493,199.29,542.24,394.33,737.6
400 Quebra-cabeças de Estratégia de Xadrez.pdf,1101,0,contour,195.36,800,800,False,0.5,0.6449,199.29,87.05,394.33,282.41
400 Quebra-cabeças de Estratégia de Xadrez.pdf,1154,0,contour,195.36,800,800,False,0.5,0.6834,199.29,87.05,394.33,282.41
400 Quebra-cabeças de Estratégia de Xadrez.pdf,1206,0,contour,195.36,800,800,False,0.5,0.6974,199.29,87.05,394.33,282.41
400 Quebra-cabeças de Estratégia de Xadrez.pdf,1206,1,contour,195.36,800,800,False,0.5,0.6837,199.29,426.72,394.33,622.09
400 Quebra-cabeças de Estratégia de Xadrez_Martin_Kravtsiv_hq.pdf,53,0,contour,193.07,800,800,False,0.5,0.2141,200.6,88.03,393.67,280.45
400 Quebra-cabeças de Estratégia de Xadrez_Martin_Kravtsiv_hq.pdf,157,0,contour,194.05,800,800,False,0.5,0.1807,200.6,87.37,394.65,281.1
400 Quebra-cabeças de Estratégia de Xadrez_Martin_Kravtsiv_hq.pdf,209,0,contour,193.4,800,800,False,0.5,0.1883,200.6,88.03,394.0,280.45
400 Quebra-cabeças de Estratégia de Xadrez_Martin_Kravtsiv_hq.pdf,262,0,contour,189.8,800,800,False,0.5,0.2101,202.24,89.01,392.04,278.48
400 Quebra-cabeças de Estratégia de Xadrez_Martin_Kravtsiv_hq.pdf,314,0,contour,193.07,800,800,False,0.5,0.2415,200.6,87.37,393.67,280.45
400 Quebra-cabeças de Estratégia de Xadrez_Martin_Kravtsiv_hq.pdf,366,0,contour,193.4,800,800,False,0.5,0.1173,200.6,88.68,394.0,281.1
400 Quebra-cabeças de Estratégia de Xadrez_Martin_Kravtsiv_hq.pdf,470,0,contour,193.4,800,800,False,0.5,0.1865,200.6,88.03,394.0,281.1
400 Quebra-cabeças de Estratégia de Xadrez_Martin_Kravtsiv_hq.pdf,522,0,contour,191.76,800,800,False,0.5,0.2856,201.91,88.03,392.69,279.79
400 Quebra-cabeças de Estratégia de Xadrez_Martin_Kravtsiv_hq.pdf,574,0,contour,193.07,800,800,False,0.5,0.1553,200.93,88.03,394.0,280.45
400 Quebra-cabeças de Estratégia de Xadrez_Martin_Kravtsiv_hq.pdf,574,1,contour,189.8,800,800,False,0.5,0.2555,202.56,529.8,392.36,716.0
400 Quebra-cabeças de Estratégia de Xadrez_Martin_Kravtsiv_hq.pdf,626,0,contour,194.71,800,800,False,0.5,0.205,200.6,86.39,394.0,281.1
400 Quebra-cabeças de Estratégia de Xadrez_Martin_Kravtsiv_hq.pdf,626,1,contour,193.07,800,800,False,0.5,0.1828,200.93,497.08,394.0,688.84
400 Quebra-cabeças de Estratégia de Xadrez_Martin_Kravtsiv_hq.pdf,679,0,contour,193.4,800,800,False,0.5,0.2345,200.6,87.05,394.0,280.45
400 Quebra-cabeças de Estratégia de Xadrez_Martin_Kravtsiv_hq.pdf,731,0,contour,193.73,800,800,False,0.5,0.2139,200.6,87.37,394.0,281.1
400 Quebra-cabeças de Estratégia de Xadrez_Martin_Kravtsiv_hq.pdf,783,0,contour,193.4,800,800,False,0.5,0.245,200.6,87.37,394.0,280.45
400 Quebra-cabeças de Estratégia de Xadrez_Martin_Kravtsiv_hq.pdf,939,0,contour,189.47,800,800,False,0.5,0.425,202.56,89.66,392.04,278.48
400 Quebra-cabeças de Estratégia de Xadrez_Martin_Kravtsiv_hq.pdf,939,1,contour,193.07,800,800,False,0.5,0.368,200.93,543.55,394.0,735.97
400 Quebra-cabeças de Estratégia de Xadrez_Martin_Kravtsiv_hq.pdf,991,0,contour,193.4,800,800,False,0.5,0.2897,200.6,87.05,394.0,280.45
400 Quebra-cabeças de Estratégia de Xadrez_Martin_Kravtsiv_hq.pdf,1043,0,contour,194.05,800,800,False,0.5,0.1657,199.94,87.37,394.0,280.77
400 Quebra-cabeças de Estratégia de Xadrez_Martin_Kravtsiv_hq.pdf,1043,1,contour,193.73,800,800,False,0.5,0.1622,200.93,527.19,394.65,716.99
400 Quebra-cabeças de Estratégia de Xadrez_Martin_Kravtsiv_hq.pdf,1096,0,contour,193.73,800,800,False,0.5,0.1582,200.6,87.37,393.67,281.1
400 Quebra-cabeças de Estratégia de Xadrez_Martin_Kravtsiv_hq.pdf,1148,0,contour,190.78,800,800,False,0.5,0.4319,202.56,88.36,392.69,279.14
A Matter of Endgame Technique – Jacob Aagaard.pdf,37,0,contour,122.4,800,800,False,0.5,0.6914,88.36,138.11,210.43,260.5
A Matter of Endgame Technique – Jacob Aagaard.pdf,37,1,contour,122.07,800,800,False,0.5,0.7057,88.36,401.56,210.43,523.63
A Matter of Endgame Technique – Jacob Aagaard.pdf,37,2,contour,146.94,800,800,False,0.5,0.611,277.2,297.49,424.14,444.43
A Matter of Endgame Technique – Jacob Aagaard.pdf,73,0,contour,146.94,800,800,False,0.5,0.6752,75.6,65.45,222.54,212.4
A Matter of Endgame Technique – Jacob Aagaard.pdf,73,1,contour,146.94,800,800,False,0.5,0.578,76.58,478.47,223.52,625.08
A Matter of Endgame Technique – Jacob Aagaard.pdf,73,2,contour,146.94,800,800,False,0.5,0.5851,277.52,355.74,424.47,502.68
A Matter of Endgame Technique – Jacob Aagaard.pdf,109,0,contour,122.4,800,800,False,0.5,0.672,88.69,402.54,210.76,524.94
A Matter of Endgame Technique – Jacob Aagaard.pdf,109,1,contour,146.62,800,800,False,0.5,0.6562,277.52,166.25,424.14,312.87
A Matter of Endgame Technique – Jacob Aagaard.pdf,109,2,contour,122.4,800,800,False,0.5,0.6922,289.3,444.1,411.38,566.5
A Matter of Endgame Technique – Jacob Aagaard.pdf,145,0,contour,144.65,800,800,False,0.5,0.6703,78.22,115.53,222.21,260.18
A Matter of Endgame Technique – Jacob Aagaard.pdf,145,1,contour,146.94,800,800,False,0.5,0.6197,276.87,66.11,423.16,213.05
A Matter of Endgame Technique – Jacob Aagaard.pdf,145,2,contour,144.32,800,800,False,0.5,0.6449,277.85,461.45,422.18,605.77
A Matter of Endgame Technique – Jacob Aagaard.pdf,181,0,contour,146.94,800,800,False,0.5,0.6336,76.91,166.25,223.2,313.2
A Matter of Endgame Technique – Jacob Aagaard.pdf,181,1,contour,146.62,800,800,False,0.5,0.6208,277.52,66.11,423.81,212.72
A Matter of Endgame Technique – Jacob Aagaard.pdf,181,2,contour,146.62,800,800,False,0.5,0.6355,277.2,448.03,423.48,594.65
A Matter of Endgame Technique – Jacob Aagaard.pdf,217,0,contour,122.4,800,800,False,0.5,0.6887,88.69,200.94,211.09,323.34
A Matter of Endgame Technique – Jacob Aagaard.pdf,217,1,contour,146.62,800,800,False,0.5,0.6697,76.25,404.18,222.87,550.79
A Matter of Endgame Technique – Jacob Aagaard.pdf,217,2,contour,146.94,800,800,False,0.5,0.6336,277.52,219.6,424.47,366.54
A Matter of Endgame Technique – Jacob Aagaard.pdf,252,0,contour,146.94,800,800,False,0.5,0.4514,75.27,128.62,222.21,275.23
A Matter of Endgame Technique – Jacob Aagaard.pdf,252,1,contour,146.62,800,800,False,0.5,0.5531,276.87,66.11,423.48,212.72
A Matter of Endgame Technique – Jacob Aagaard.pdf,288,0,contour,146.94,800,800,False,0.5,0.5291,75.27,321.38,222.21,468.32
A Matter of Endgame Technique – Jacob Aagaard.pdf,288,1,contour,146.94,800,800,False,0.5,0.5569,276.87,141.38,423.81,288.0
A Matter of Endgame Technique – Jacob Aagaard.pdf,288,2,contour,122.73,800,800,False,0.5,0.6207,288.98,469.63,411.7,591.37
A Matter of Endgame Technique – Jacob Aagaard.pdf,324,0,contour,122.4,800,800,False,0.5,0.6639,88.03,187.85,210.43,310.25
A Matter of Endgame Technique – Jacob Aagaard.pdf,324,1,contour,146.62,800,800,False,0.5,0.684,75.6,466.68,222.21,613.3
A Matter of Endgame Technique – Jacob Aagaard.pdf,324,2,contour,146.94,800,800,False,0.5,0.6273,276.87,316.79,423.81,463.41
A Matter of Endgame Technique – Jacob Aagaard.pdf,360,0,contour,146.62,800,800,False,0.5,0.5038,75.93,241.85,222.54,388.47
A Matter of Endgame Technique – Jacob Aagaard.pdf,360,1,contour,146.94,800,800,False,0.5,0.5982,277.2,66.76,424.14,213.38
A Matter of Endgame Technique – Jacob Aagaard.pdf,360,2,contour,146.62,800,800,False,0.5,0.5944,276.87,473.56,423.48,619.84
A Matter of Endgame Technique – Jacob Aagaard.pdf,396,0,contour,122.4,800,800,False,0.5,0.6647,87.38,65.78,209.45,188.18
A Matter of Endgame Technique – Jacob Aagaard.pdf,396,1,contour,146.94,800,800,False,0.5,0.5796,74.94,382.25,221.56,529.19
A Matter of Endgame Technique – Jacob Aagaard.pdf,432,0,contour,146.29,800,800,False,0.5,0.6892,75.93,165.92,221.89,312.21
A Matter of Endgame Technique – Jacob Aagaard.pdf,468,0,contour,122.4,800,800,False,0.5,0.5954,88.36,176.07,210.43,298.47
A Matter of Endgame Technique – Jacob Aagaard.pdf,468,1,contour,122.4,800,800,False,0.5,0.6451,88.03,401.56,210.11,523.96
A Matter of Endgame Technique – Jacob Aagaard.pdf,468,2,contour,146.62,800,800,False,0.5,0.5913,276.54,103.42,423.16,250.03
A Matter of Endgame Technique – Jacob Aagaard.pdf,468,3,contour,122.07,800,800,False,0.5,0.6858,288.98,330.87,411.05,452.94
A Matter of Endgame Technique – Jacob Aagaard.pdf,504,0,contour,146.29,800,800,False,0.5,0.6669,75.6,203.89,221.89,350.18
A Matter of Endgame Technique – Jacob Aagaard.pdf,504,1,contour,122.4,800,800,False,0.5,0.7061,91.63,494.17,213.71,616.57
A Matter of Endgame Technique – Jacob Aagaard.pdf,504,2,contour,122.4,800,800,False,0.5,0.702,288.65,150.54,411.05,272.61
A Matter of Endgame Technique – Jacob Aagaard.pdf,504,3,contour,122.4,800,800,False,0.5,0.6811,288.65,350.83,411.05,472.9
A Matter of Endgame Technique – Jacob Aagaard.pdf,540,0,contour,122.73,800,800,False,0.5,0.6091,87.71,65.78,210.11,188.51
A Matter of Endgame Technique – Jacob Aagaard.pdf,540,1,contour,122.4,800,800,False,0.5,0.6243,87.38,329.23,209.78,451.63
A Matter of Endgame Technique – Jacob Aagaard.pdf,540,2,contour,146.94,800,800,False,0.5,0.5955,276.54,90.98,423.48,237.27
A Matter of Endgame Technique – Jacob Aagaard.pdf,576,0,contour,146.94,800,800,False,0.5,0.666,75.27,179.02,222.21,325.63
A Matter of Endgame Technique – Jacob Aagaard.pdf,576,1,contour,147.27,800,800,False,0.5,0.6563,276.54,66.44,423.81,213.05
A Matter of Endgame Technique – Jacob Aagaard.pdf,612,0,contour,147.27,800,800,False,0.5,0.5422,74.94,147.6,222.21,294.54
A Matter of Endgame Technique – Jacob Aagaard.pdf,612,1,contour,122.73,800,800,False,0.5,0.5092,87.38,425.78,210.11,548.17
A Matter of Endgame Technique – Jacob Aagaard.pdf,612,2,contour,120.76,800,800,False,0.5,0.6195,289.63,277.52,410.39,397.96
A Matter of Endgame Technique – Jacob Aagaard.pdf,612,3,contour,122.4,800,800,False,0.5,0.5768,288.65,476.83,411.05,599.23
A Matter of Endgame Technique – Jacob Aagaard.pdf,648,0,contour,146.62,800,800,False,0.5,0.5849,75.6,159.05,222.21,305.67
A Matter of Endgame Technique – Jacob Aagaard.pdf,648,1,contour,122.4,800,800,False,0.5,0.6033,87.71,446.39,210.11,568.46
A Matter of Endgame Technique – Jacob Aagaard.pdf,648,2,contour,122.4,800,800,False,0.5,0.6218,289.3,138.11,411.7,260.18
A Matter of Endgame Technique – Jacob Aagaard.pdf,648,3,contour,146.94,800,800,False,0.5,0.5778,276.87,328.25,423.81,474.87
A Matter of Endgame Technique – Jacob Aagaard.pdf,683,0,contour,146.62,800,800,False,0.5,0.6578,76.58,115.85,222.87,262.47
A Matter of Endgame Technique – Jacob Aagaard.pdf,683,1,contour,144.32,800,800,False,0.5,0.73,77.24,473.23,221.56,617.55
A Matter of Endgame Technique – Jacob Aagaard.pdf,683,2,contour,122.4,800,800,False,0.5,0.7053,289.63,200.94,412.03,323.34
A Matter of Endgame Technique – Jacob Aagaard.pdf,683,3,contour,144.65,800,800,False,0.5,0.6984,278.18,468.32,422.83,612.97
A Matter of Endgame Technique – Jacob Aagaard.pdf,719,0,contour,147.27,800,800,False,0.5,0.5977,76.58,204.21,223.52,351.49
A Matter of Endgame Technique – Jacob Aagaard.pdf,719,1,contour,147.27,800,800,False,0.5,0.4958,277.2,65.45,424.14,212.72
A Matter of Endgame Technique – Jacob Aagaard.pdf,755,0,contour,122.07,800,800,False,0.5,0.6987,89.02,66.11,210.76,188.18
A Matter of Endgame Technique – Jacob Aagaard.pdf,755,1,contour,146.62,800,800,False,0.5,0.6423,76.25,470.61,222.54,617.23
A Matter of Endgame Technique – Jacob Aagaard.pdf,755,2,contour,146.94,800,800,False,0.5,0.6387,277.2,279.49,423.81,426.43
A Matter of Endgame Technique – Jacob Aagaard.pdf,791,0,contour,146.94,800,800,False,0.5,0.4289,176.07,425.12,323.01,571.74
A Matter of Endgame Technique – Jacob Aagaard.pdf,827,0,contour,146.62,800,800,False,0.5,0.5779,76.58,128.29,223.2,274.9
A Matter of Endgame Technique – Jacob Aagaard.pdf,827,1,contour,122.4,800,800,False,0.5,0.6206,88.69,406.14,210.76,528.54
A Matter of Endgame Technique – Jacob Aagaard.pdf,827,2,contour,146.94,800,800,False,0.5,0.5797,277.85,140.73,424.47,287.67
A Matter of Endgame Technique – Jacob Aagaard.pdf,827,3,contour,122.4,800,800,False,0.5,0.6196,289.96,380.94,412.36,503.34
A Matter of Endgame Technique – Jacob Aagaard.pdf,863,0,contour,122.73,800,800,False,0.5,0.6754,88.36,65.78,210.76,188.51
A Matter of Endgame Technique – Jacob Aagaard.pdf,863,1,contour,122.73,800,800,False,0.5,0.7169,88.03,304.36,210.76,427.08
A Matter of Endgame Technique – Jacob Aagaard.pdf,863,2,contour,122.73,800,800,False,0.5,0.6655,289.96,66.11,412.68,188.51
A Matter of Endgame Technique – Jacob Aagaard.pdf,863,3,contour,146.94,800,800,False,0.5,0.6192,277.52,269.34,424.47,416.28
AAGAARD - Practical Chess Defence.pdf,13,0,embedded,147.84,616,612,True,1.0,0.4559,236.17,400.31,384.01,547.19
AAGAARD - Practical Chess Defence.pdf,25,0,embedded,147.84,616,616,True,1.0,0.5194,33.6,47.04,181.44,194.88
AAGAARD - Practical Chess Defence.pdf,25,1,embedded,147.84,616,616,True,1.0,0.5796,33.6,370.55,181.44,518.39
AAGAARD - Practical Chess Defence.pdf,25,2,embedded,147.84,616,612,True,1.0,0.5516,235.21,216.95,383.05,363.83
AAGAARD - Practical Chess Defence.pdf,37,0,embedded,147.84,616,608,True,1.0,0.4424,33.6,56.64,181.44,202.56
AAGAARD - Practical Chess Defence.pdf,48,0,embedded,147.84,616,612,True,1.0,0.4716,33.6,386.87,181.44,533.75
AAGAARD - Practical Chess Defence.pdf,48,1,embedded,147.84,616,616,True,1.0,0.4574,235.21,302.39,383.05,450.23
AAGAARD - Practical Chess Defence.pdf,60,0,embedded,147.84,616,616,True,1.0,0.6754,34.57,98.87,182.41,246.71
AAGAARD - Practical Chess Defence.pdf,60,1,embedded,147.84,616,612,True,0.9837,0.6332,235.21,434.88,383.05,581.76
AAGAARD - Practical Chess Defence.pdf,72,0,embedded,131.52,548,548,True,1.0,0.6725,42.25,72.96,173.77,204.48
AAGAARD - Practical Chess Defence.pdf,72,1,embedded,131.52,548,548,True,1.0,0.4777,42.25,352.32,173.77,483.84
AAGAARD - Practical Chess Defence.pdf,72,2,embedded,131.52,548,544,True,1.0,0.5389,243.85,72.95,375.37,203.51
AAGAARD - Practical Chess Defence.pdf,72,3,embedded,131.52,548,548,True,1.0,0.6392,243.85,352.32,375.37,483.84
AAGAARD - Practical Chess Defence.pdf,84,0,embedded,131.52,548,548,True,1.0,0.6239,42.25,72.96,173.77,204.48
AAGAARD - Practical Chess Defence.pdf,84,1,embedded,132.48,552,548,True,1.0,0.5739,41.28,352.32,173.76,483.84
AAGAARD - Practical Chess Defence.pdf,84,2,embedded,131.52,548,548,True,1.0,0.6161,243.85,72.96,375.37,204.48
AAGAARD - Practical Chess Defence.pdf,84,3,embedded,132.48,552,548,True,1.0,0.7109,242.89,352.32,375.37,483.84
AAGAARD - Practical Chess Defence.pdf,96,0,embedded,131.52,548,548,True,1.0,0.5312,42.25,72.96,173.77,204.48
AAGAARD - Practical Chess Defence.pdf,96,1,embedded,132.48,552,548,True,1.0,0.6717,41.28,352.32,173.76,483.84
AAGAARD - Practical Chess Defence.pdf,96,2,embedded,132.48,552,548,True,1.0,0.5207,242.89,72.96,375.37,204.48
AAGAARD - Practical Chess Defence.pdf,96,3,embedded,131.52,548,548,True,1.0,0.6055,242.89,352.32,374.41,483.84
AAGAARD - Practical Chess Defence.pdf,119,0,embedded,131.52,548,548,True,1.0,0.6418,42.73,72.6,174.25,204.12
AAGAARD - Practical Chess Defence.pdf,119,1,embedded,132.48,552,548,True,1.0,0.6661,41.77,351.96,174.25,483.48
AAGAARD - Practical Chess Defence.pdf,119,2,embedded,131.52,548,548,True,1.0,0.5162,244.33,72.6,375.85,204.12
AAGAARD - Practical Chess Defence.pdf,119,3,embedded,131.52,548,548,True,1.0,0.5994,243.37,351.96,374.89,483.48
AAGAARD - Practical Chess Defence.pdf,131,0,embedded,131.52,548,544,True,1.0,0.5857,42.25,72.95,173.77,203.51
AAGAARD - Practical Chess Defence.pdf,131,1,embedded,132.48,552,548,True,0.9818,0.6478,41.28,435.83,173.76,567.35
AAGAARD - Practical Chess Defence.pdf,131,2,embedded,131.52,548,548,True,1.0,0.6337,242.89,455.99,374.41,587.51
AAGAARD - Practical Chess Defence.pdf,143,0,embedded,130.56,544,544,True,1.0,0.6156,43.21,39.35,173.77,169.91
AAGAARD - Practical Chess Defence.pdf,143,1,embedded,131.52,548,548,True,1.0,0.7194,243.85,134.39,375.37,265.91
AAGAARD - Practical Chess Defence.pdf,155,0,embedded,131.52,548,548,True,1.0,0.4469,42.25,192.96,173.77,324.48
AAGAARD - Practical Chess Defence.pdf,155,1,embedded,131.52,548,548,True,1.0,0.6278,242.89,168.96,374.41,300.48
AAGAARD - Practical Chess Defence.pdf,167,0,embedded,131.52,548,548,True,1.0,0.6189,42.25,300.47,173.77,431.99
AAGAARD - Practical Chess Defence.pdf,167,1,embedded,131.52,548,544,True,1.0,0.5544,243.85,120.95,375.37,251.51
AAGAARD - Practical Chess Defence.pdf,179,0,embedded,131.52,548,544,True,1.0,0.6236,42.25,228.47,173.77,359.03
AAGAARD - Practical Chess Defence.pdf,179,1,embedded,131.52,548,548,True,1.0,0.6318,242.89,395.52,374.41,527.04
AAGAARD - Practical Chess Defence.pdf,190,0,embedded,131.52,548,548,True,1.0,0.5271,42.25,39.36,173.77,170.88
AAGAARD - Practical Chess Defence.pdf,190,1,embedded,131.52,548,548,True,1.0,0.4511,243.85,72.96,375.37,204.48
AAGAARD - Practical Chess Defence.pdf,202,0,embedded,131.52,548,544,True,0.9816,0.576,42.25,264.96,173.77,395.52
AAGAARD - Practical Chess Defence.pdf,202,1,embedded,131.52,548,548,True,1.0,0.5292,243.85,84.47,375.37,215.99
AAGAARD - Practical Chess Defence.pdf,202,2,embedded,131.52,548,544,True,1.0,0.3646,243.85,372.48,375.37,503.04
AAGAARD - Practical Chess Defence.pdf,214,0,embedded,131.52,548,544,True,1.0,0.5105,42.25,312.96,173.77,443.52
AAGAARD - Practical Chess Defence.pdf,214,1,embedded,131.52,544,548,True,1.0,0.3751,243.85,156.47,374.41,287.99
AAGAARD - Practical Chess Defence.pdf,226,0,embedded,131.52,548,544,True,1.0,0.3955,42.25,301.43,173.77,431.99
AAGAARD - Practical Chess Defence.pdf,226,1,embedded,131.52,548,548,True,1.0,0.4351,243.85,300.47,375.37,431.99
AAGAARD - Practical Chess Defence.pdf,238,0,embedded,131.52,548,548,True,1.0,0.5225,242.89,86.39,374.41,217.91
AAGAARD - Practical Chess Defence.pdf,250,0,embedded,131.52,548,544,True,0.9816,0.7323,42.25,229.43,173.77,359.99
AAGAARD - Practical Chess Defence.pdf,250,1,embedded,131.52,548,544,True,1.0,0.6816,243.85,288.96,375.37,419.52
AAGAARD - Practical Chess Defence.pdf,261,0,embedded,131.52,548,548,True,1.0,0.5347,42.25,192.96,173.77,324.48
AAGAARD - Practical Chess Defence.pdf,261,1,embedded,131.52,548,548,True,1.0,0.4899,243.85,50.87,375.37,182.39
AAGAARD - Practical Chess Defence.pdf,261,2,embedded,131.52,548,548,True,1.0,0.5734,243.85,303.36,375.37,434.88
AAGAARD - Practical Chess Defence.pdf,273,0,embedded,131.52,548,544,True,1.0,0.7322,42.25,72.95,173.77,203.51
AAGAARD - Practical Chess Defence.pdf,273,1,embedded,131.52,548,548,True,1.0,0.6277,243.85,84.47,375.37,215.99
AAGAARD - Practical Chess Defence.pdf,285,0,embedded,131.52,548,548,True,1.0,0.6906,42.25,47.99,173.77,179.51
AAGAARD - Practical Chess Defence.pdf,285,1,embedded,131.52,548,544,True,1.0,0.449,42.25,411.83,173.77,542.39
AAGAARD - Practical Chess Defence.pdf,285,2,embedded,131.52,548,548,True,1.0,0.6222,243.85,276.47,375.37,407.99
Estrin - Bauernopfer in der Eroeffnung (1980).pdf,12,0,contour,123.65,800,800,False,0.5,0.7475,45.8,87.67,169.45,210.34
Estrin - Bauernopfer in der Eroeffnung (1980).pdf,15,0,contour,125.62,800,800,False,0.5,0.7245,36.64,46.45,162.26,172.07
Estrin - Bauernopfer in der Eroeffnung (1980).pdf,15,1,contour,123.33,800,800,False,0.5,0.7757,36.97,255.81,160.29,377.83
Estrin - Bauernopfer in der Eroeffnung (1980).pdf,15,2,contour,125.94,800,800,False,0.5,0.7722,189.41,321.24,315.02,447.18
Estrin - Bauernopfer in der Eroeffnung (1980).pdf,19,0,contour,123.98,800,800,False,0.5,0.7506,37.62,155.06,161.6,277.73
Estrin - Bauernopfer in der Eroeffnung (1980).pdf,19,1,contour,123.33,800,800,False,0.5,0.8537,192.68,240.44,316.01,362.46
Estrin - Bauernopfer in der Eroeffnung (1980).pdf,22,0,contour,126.27,800,800,False,0.5,0.7302,44.82,52.99,171.09,178.28
Estrin - Bauernopfer in der Eroeffnung (1980).pdf,26,0,contour,123.33,800,800,False,0.5,0.766,46.45,218.19,169.78,341.19
Estrin - Bauernopfer in der Eroeffnung (1980).pdf,26,1,contour,123.65,800,800,False,0.5,0.8883,202.17,321.57,325.82,444.57
Estrin - Bauernopfer in der Eroeffnung (1980).pdf,29,0,contour,126.6,800,800,False,0.5,0.7081,36.64,241.75,163.24,366.38
Estrin - Bauernopfer in der Eroeffnung (1980).pdf,29,1,contour,124.64,800,800,False,0.5,0.8574,190.72,166.18,315.35,289.51
Estrin - Bauernopfer in der Eroeffnung (1980).pdf,33,0,contour,123.98,800,800,False,0.5,0.8067,37.62,165.85,161.6,288.85
Estrin - Bauernopfer in der Eroeffnung (1980).pdf,33,1,contour,124.64,800,800,False,0.5,0.7766,190.72,45.8,315.35,169.78
Estrin - Bauernopfer in der Eroeffnung (1980).pdf,36,0,contour,125.94,800,800,False,0.5,0.7732,44.82,52.34,170.76,176.98
Estrin - Bauernopfer in der Eroeffnung (1980).pdf,36,1,contour,124.31,800,800,False,0.5,0.7835,199.88,52.99,324.18,176.98
Estrin - Bauernopfer in der Eroeffnung (1980).pdf,40,0,contour,123.65,800,800,False,0.5,0.8421,46.78,210.67,170.43,332.69
Estrin - Bauernopfer in der Eroeffnung (1980).pdf,43,0,contour,123.33,800,800,False,0.5,0.8348,37.95,110.9,161.27,233.57
Estrin - Bauernopfer in der Eroeffnung (1980).pdf,43,1,contour,123.33,800,800,False,0.5,0.8687,191.7,283.62,315.02,405.97
Estrin - Bauernopfer in der Eroeffnung (1980).pdf,47,0,contour,123.65,800,800,False,0.5,0.7434,37.29,240.11,160.95,362.79
Estrin - Bauernopfer in der Eroeffnung (1980).pdf,47,1,contour,124.64,800,800,False,0.5,0.7376,190.39,106.32,315.02,229.97
Estrin - Bauernopfer in der Eroeffnung (1980).pdf,50,0,contour,124.31,800,800,False,0.5,0.7611,46.13,113.51,170.43,236.51
Estrin - Bauernopfer in der Eroeffnung (1980).pdf,54,0,contour,123.98,800,800,False,0.5,0.7245,45.47,89.31,169.45,212.31
Estrin - Bauernopfer in der Eroeffnung (1980).pdf,57,0,contour,125.29,800,800,False,0.5,0.7815,45.14,46.78,170.43,171.74
Estrin - Bauernopfer in der Eroeffnung (1980).pdf,57,1,contour,125.62,800,800,False,0.5,0.7271,46.78,320.91,172.4,445.22
Estrin - Bauernopfer in der Eroeffnung (1980).pdf,57,2,contour,123.65,800,800,False,0.5,0.8166,202.17,208.05,325.82,330.4
Estrin - Bauernopfer in der Eroeffnung (1980).pdf,61,0,contour,123.0,800,800,False,0.5,0.8206,38.6,48.09,161.6,170.43
Estrin - Bauernopfer in der Eroeffnung (1980).pdf,61,1,contour,123.33,800,800,False,0.5,0.7853,192.35,101.41,315.68,224.41
Estrin - Bauernopfer in der Eroeffnung (1980).pdf,64,0,contour,123.98,800,800,False,0.5,0.8156,46.78,284.93,170.76,407.93
Estrin - Bauernopfer in der Eroeffnung (1980).pdf,68,0,contour,125.62,800,800,False,0.5,0.7151,45.14,46.13,170.76,171.74
Estrin - Bauernopfer in der Eroeffnung (1980).pdf,68,1,contour,123.65,800,800,False,0.5,0.7338,200.86,80.8,324.51,203.8
Estrin - Bauernopfer in der Eroeffnung (1980).pdf,71,0,contour,123.98,800,800,False,0.5,0.7167,36.97,47.11,160.95,170.43
Estrin - Bauernopfer in der Eroeffnung (1980).pdf,71,1,contour,125.94,800,800,False,0.5,0.7258,190.06,132.81,316.01,257.78
Estrin - Bauernopfer in der Eroeffnung (1980).pdf,75,0,contour,123.98,800,800,False,0.5,0.7054,37.62,46.78,161.6,170.43
Estrin - Bauernopfer in der Eroeffnung (1980).pdf,75,1,contour,123.33,800,800,False,0.5,0.7547,191.37,47.76,314.7,170.43
Estrin - Bauernopfer in der Eroeffnung (1980).pdf,75,2,contour,125.94,800,800,False,0.5,0.6417,191.04,260.72,316.99,385.36
Estrin - Bauernopfer in der Eroeffnung (1980).pdf,78,0,contour,126.27,800,800,False,0.5,0.728,44.49,46.78,170.76,171.74
Estrin - Bauernopfer in der Eroeffnung (1980).pdf,78,1,contour,123.33,800,800,False,0.5,0.7687,201.51,114.17,324.84,235.86
Estrin - Bauernopfer in der Eroeffnung (1980).pdf,82,0,contour,123.98,800,800,False,0.5,0.8214,44.82,47.11,168.8,170.43
Estrin - Bauernopfer in der Eroeffnung (1980).pdf,82,1,contour,123.65,800,800,False,0.5,0.8529,201.18,197.59,324.84,320.26
"Euwe, Kramer - Das Mittelspiel Band 1-2 (1956).pdf",16,0,embedded,107.52,448,444,True,1.0,1.0,228.49,98.88,336.01,205.44
"Euwe, Kramer - Das Mittelspiel Band 1-2 (1956).pdf",26,0,embedded,107.52,448,440,True,1.0,1.0,61.44,364.8,168.96,470.4
"Euwe, Kramer - Das Mittelspiel Band 1-2 (1956).pdf",36,0,embedded,124.8,520,468,True,0.8722,1.0,61.44,240.95,186.24,353.27
"Euwe, Kramer - Das Mittelspiel Band 1-2 (1956).pdf",41,0,embedded,107.52,448,444,True,1.0,0.9909,228.49,40.32,336.01,146.88
"Euwe, Kramer - Das Mittelspiel Band 1-2 (1956).pdf",46,0,embedded,110.4,452,460,True,1.0,0.9845,228.49,99.83,336.97,210.23
"Euwe, Kramer - Das Mittelspiel Band 1-2 (1956).pdf",51,0,embedded,108.48,452,444,True,1.0,1.0,226.57,104.63,335.05,211.19
"Euwe, Kramer - Das Mittelspiel Band 1-2 (1956).pdf",51,1,embedded,108.48,452,444,True,0.955,0.9881,229.45,400.31,337.93,506.87
"Euwe, Kramer - Das Mittelspiel Band 1-2 (1956).pdf",56,0,embedded,107.52,448,444,True,1.0,1.0,227.53,274.55,335.05,381.11
"Euwe, Kramer - Das Mittelspiel Band 1-2 (1956).pdf",61,0,embedded,106.56,444,444,True,1.0,1.0,61.44,96.95,168.0,203.51
"Euwe, Kramer - Das Mittelspiel Band 1-2 (1956).pdf",66,0,embedded,106.56,444,444,True,1.0,0.9352,229.45,410.87,336.01,517.43
"Euwe, Kramer - Das Mittelspiel Band 1-2 (1956).pdf",81,0,embedded,108.71,453,441,True,1.0,0.9623,60.52,291.9,169.23,397.73
"Euwe, Kramer - Das Mittelspiel Band 1-2 (1956).pdf",86,0,embedded,107.52,448,444,True,1.0,0.9102,230.4,315.84,337.92,422.4
"Euwe, Kramer - Das Mittelspiel Band 1-2 (1956).pdf",91,0,embedded,116.16,484,444,True,0.9248,0.9222,52.81,400.31,168.97,506.87
"Euwe, Kramer - Das Mittelspiel Band 1-2 (1956).pdf",96,0,embedded,115.2,452,480,True,0.8542,0.8924,60.49,122.87,168.97,238.07
"Euwe, Kramer - Das Mittelspiel Band 1-2 (1956).pdf",96,1,embedded,106.56,444,444,True,1.0,0.9105,228.49,405.11,335.05,511.67
"Euwe, Kramer - Das Mittelspiel Band 1-2 (1956).pdf",101,0,embedded,105.6,440,440,True,1.0,1.0,62.41,95.03,168.01,200.63
"Euwe, Kramer - Das Mittelspiel Band 1-2 (1956).pdf",106,0,embedded,118.08,492,444,True,0.8797,1.0,48.97,286.08,167.05,392.64
"Euwe, Kramer - Das Mittelspiel Band 1-2 (1956).pdf",116,0,embedded,106.56,444,444,True,1.0,1.0,229.45,163.19,336.01,269.75
"Euwe, Kramer - Das Mittelspiel Band 1-2 (1956).pdf",121,0,embedded,106.56,444,440,True,1.0,0.9863,60.49,304.31,167.05,409.91
"Euwe, Kramer - Das Mittelspiel Band 7 (1958).pdf",8,0,contour,151.13,800,800,False,0.5,0.7909,97.16,127.25,248.29,278.05
"Euwe, Kramer - Das Mittelspiel Band 7 (1958).pdf",10,0,contour,149.82,800,800,False,0.5,0.9928,102.06,386.99,251.23,536.81
"Euwe, Kramer - Das Mittelspiel Band 7 (1958).pdf",10,1,contour,149.82,800,800,False,0.5,0.9731,340.21,205.76,489.7,355.58
"Euwe, Kramer - Das Mittelspiel Band 7 (1958).pdf",12,0,contour,146.22,800,800,False,0.5,0.8852,101.41,351.66,247.63,497.88
"Euwe, Kramer - Das Mittelspiel Band 7 (1958).pdf",12,1,contour,146.88,800,800,False,0.5,0.8732,339.23,366.05,486.1,512.93
"Euwe, Kramer - Das Mittelspiel Band 7 (1958).pdf",14,0,contour,152.11,800,800,False,0.5,0.877,102.06,165.2,254.17,316.0
"Euwe, Kramer - Das Mittelspiel Band 7 (1958).pdf",17,0,contour,147.21,800,800,False,0.5,0.9572,86.36,316.66,233.57,463.86
"Euwe, Kramer - Das Mittelspiel Band 7 (1958).pdf",17,1,contour,150.15,800,800,False,0.5,0.9207,326.47,524.38,476.62,673.87
"Euwe, Kramer - Das Mittelspiel Band 7 (1958).pdf",19,0,contour,150.15,800,800,False,0.5,1.0,81.78,146.55,231.93,296.05
"Euwe, Kramer - Das Mittelspiel Band 7 (1958).pdf",19,1,contour,149.5,800,800,False,0.5,1.0,85.71,559.71,235.2,709.2
"Euwe, Kramer - Das Mittelspiel Band 7 (1958).pdf",19,2,contour,150.15,800,800,False,0.5,0.9879,318.95,370.96,469.09,521.11
"Euwe, Kramer - Das Mittelspiel Band 7 (1958).pdf",21,0,contour,149.82,800,800,False,0.5,0.7946,87.67,249.59,237.49,399.09
"Euwe, Kramer - Das Mittelspiel Band 7 (1958).pdf",21,1,contour,150.48,800,800,False,0.5,0.831,320.91,314.04,471.38,464.51
"Euwe, Kramer - Das Mittelspiel Band 7 (1958).pdf",23,0,contour,146.88,800,800,False,0.5,1.0,88.0,188.1,234.55,334.97
"Euwe, Kramer - Das Mittelspiel Band 7 (1958).pdf",23,1,contour,149.5,800,800,False,0.5,1.0,324.51,141.32,474.0,290.49
"Euwe, Kramer - Das Mittelspiel Band 7 (1958).pdf",26,0,contour,149.17,800,800,False,0.5,1.0,105.33,192.02,254.5,341.19
"Euwe, Kramer - Das Mittelspiel Band 7 (1958).pdf",26,1,contour,149.82,800,800,False,0.5,1.0,105.66,540.41,254.17,690.23
"Euwe, Kramer - Das Mittelspiel Band 7 (1958).pdf",26,2,contour,149.5,800,800,False,0.5,0.9579,342.5,320.91,491.67,470.4
"Euwe, Kramer - Das Mittelspiel Band 7 (1958).pdf",28,0,contour,149.5,800,800,False,0.5,0.9095,105.33,274.13,254.83,423.62
"Euwe, Kramer - Das Mittelspiel Band 7 (1958).pdf",28,1,contour,147.21,800,800,False,0.5,0.9021,343.15,317.31,490.36,463.86
"Euwe, Kramer - Das Mittelspiel Band 7 (1958).pdf",30,0,contour,149.5,800,800,False,0.5,0.9847,104.68,154.07,253.52,303.57
"Euwe, Kramer - Das Mittelspiel Band 7 (1958).pdf",30,1,contour,150.15,800,800,False,0.5,0.9739,104.68,591.11,254.83,740.28
"Euwe, Kramer - Das Mittelspiel Band 7 (1958).pdf",32,0,contour,149.82,800,800,False,0.5,0.8113,107.3,139.03,257.12,288.85
"Euwe, Kramer - Das Mittelspiel Band 7 (1958).pdf",35,0,contour,149.82,800,800,False,0.5,1.0,81.78,604.2,231.6,754.02
"Euwe, Kramer - Das Mittelspiel Band 7 (1958).pdf",37,0,contour,150.48,800,800,False,0.5,0.8684,78.84,481.53,229.31,632.0
"Euwe, Kramer - Das Mittelspiel Band 7 (1958).pdf",39,0,contour,150.15,800,800,False,0.5,0.9545,80.47,454.05,230.62,604.2
"Euwe, Kramer - Das Mittelspiel Band 7 (1958).pdf",39,1,contour,150.15,800,800,False,0.5,1.0,317.64,600.6,466.8,750.75
"Euwe, Kramer - Das Mittelspiel Band 7 (1958).pdf",41,0,contour,146.55,800,800,False,0.5,0.9974,89.3,223.1,235.2,369.65
"Euwe, Kramer - Das Mittelspiel Band 7 (1958).pdf",41,1,contour,146.22,800,800,False,0.5,0.9569,88.65,600.27,234.22,746.49
"Euwe, Kramer - Das Mittelspiel Band 7 (1958).pdf",44,0,contour,146.55,800,800,False,0.5,0.9311,332.03,263.99,478.58,410.54
"Euwe, Kramer - Das Mittelspiel Band 7 (1958).pdf",46,0,contour,150.48,800,800,False,0.5,0.9809,100.1,137.39,250.25,287.87
"Euwe, Kramer - Das Mittelspiel Band 7 (1958).pdf",46,1,contour,150.48,800,800,False,0.5,1.0,337.92,586.53,487.09,737.01
"Euwe, Kramer - Das Mittelspiel Band 7 (1958).pdf",48,0,contour,146.88,800,800,False,0.5,0.9659,102.72,411.52,249.59,558.4
"Euwe, Kramer - Das Mittelspiel Band 7 (1958).pdf",48,1,contour,150.48,800,800,False,0.5,0.9123,338.57,530.92,489.05,680.42
"Euwe, Kramer - Das Mittelspiel Band 7 (1958).pdf",50,0,contour,149.82,800,800,False,0.5,0.9143,98.79,120.38,248.61,269.55
"Euwe, Kramer - Das Mittelspiel Band 7 (1958).pdf",53,0,contour,150.15,800,800,False,0.5,1.0,85.71,132.48,235.86,281.33
"Euwe, Kramer - Das Mittelspiel Band 7 (1958).pdf",55,0,contour,150.15,800,800,False,0.5,0.8671,81.13,427.55,229.97,577.7
"Euwe, Kramer - Das Mittelspiel Band 7 (1958).pdf",55,1,contour,149.17,800,800,False,0.5,0.8543,317.96,487.74,467.13,636.91
GALLAGHER - Winning With the King's Gambit.pdf,9,0,contour,120.06,800,800,False,0.5,0.7618,26.17,210.02,145.9,330.07
GALLAGHER - Winning With the King's Gambit.pdf,9,1,contour,123.33,800,800,False,0.5,0.6463,184.17,400.08,304.56,523.41
GALLAGHER - Winning With the King's Gambit.pdf,16,0,contour,119.75,800,800,False,0.5,0.5308,58.24,396.88,176.68,516.64
GALLAGHER - Winning With the King's Gambit.pdf,24,0,contour,122.66,800,800,False,0.5,0.7612,222.42,181.86,343.76,304.51
GALLAGHER - Winning With the King's Gambit.pdf,32,0,contour,122.35,800,800,False,0.5,0.713,216.24,130.53,337.29,252.88
GALLAGHER - Winning With the King's Gambit.pdf,39,0,contour,122.04,800,800,False,0.5,0.5102,39.26,138.4,161.31,260.45
GALLAGHER - Winning With the King's Gambit.pdf,47,0,contour,122.67,800,800,False,0.5,0.4794,39.91,303.24,161.6,425.91
GALLAGHER - Winning With the King's Gambit.pdf,55,0,contour,120.39,800,800,False,0.5,0.5744,49.4,89.64,169.79,209.7
GALLAGHER - Winning With the King's Gambit.pdf,55,1,contour,123.66,800,800,False,0.5,0.552,207.41,292.47,328.46,416.14
GALLAGHER - Winning With the King's Gambit.pdf,62,0,contour,122.66,800,800,False,0.5,0.5923,211.63,61.82,332.66,184.49
GALLAGHER - Winning With the King's Gambit.pdf,70,0,contour,122.68,800,800,False,0.5,0.765,48.09,55.62,170.45,178.3
GALLAGHER - Winning With the King's Gambit.pdf,70,1,contour,123.34,800,800,False,0.5,0.7142,206.44,415.81,327.81,539.15
GALLAGHER - Winning With the King's Gambit.pdf,78,0,contour,123.36,800,800,False,0.5,0.7071,39.92,183.89,162.3,307.25
GALLAGHER - Winning With the King's Gambit.pdf,85,0,contour,123.02,800,800,False,0.5,0.7445,24.54,133.49,146.25,256.51
GALLAGHER - Winning With the King's Gambit.pdf,85,1,contour,119.75,800,800,False,0.5,0.8976,186.49,422.72,302.97,542.47
GALLAGHER - Winning With the King's Gambit.pdf,93,0,contour,123.34,800,800,False,0.5,0.6519,34.68,167.17,157.03,290.51
GALLAGHER - Winning With the King's Gambit.pdf,93,1,contour,122.68,800,800,False,0.5,0.6584,194.98,311.78,316.03,434.46
GALLAGHER - Winning With the King's Gambit.pdf,101,0,contour,123.66,800,800,False,0.5,0.7119,45.47,362.16,167.17,485.82
GALLAGHER - Winning With the King's Gambit.pdf,109,0,contour,123.66,800,800,False,0.5,0.6888,42.53,204.47,165.21,328.13
GALLAGHER - Winning With the King's Gambit.pdf,116,0,contour,120.37,800,800,False,0.5,0.7567,58.55,255.12,178.91,375.49
GALLAGHER - Winning With the King's Gambit.pdf,124,0,contour,122.98,800,800,False,0.5,0.6535,219.14,261.66,339.84,384.65
GALLAGHER - Winning With the King's Gambit.pdf,132,0,contour,122.0,800,800,False,0.5,0.549,226.01,58.22,347.03,180.22
GALLAGHER - Winning With the King's Gambit.pdf,139,0,contour,123.66,800,800,False,0.5,0.639,40.89,349.72,162.59,473.39
GALLAGHER - Winning With the King's Gambit.pdf,147,0,contour,120.72,800,800,False,0.5,0.7837,44.49,242.09,162.92,362.81
GALLAGHER - Winning With the King's Gambit.pdf,155,0,contour,120.72,800,800,False,0.5,0.6438,206.76,122.03,326.5,242.75
GALLAGHER - Winning With the King's Gambit.pdf,162,0,contour,123.64,800,800,False,0.5,0.5889,63.13,433.06,185.45,556.69
GALLAGHER - Winning With the King's Gambit.pdf,170,0,embedded,124.86,317,344,True,0.7126,0.6774,220.92,56.97,336.18,181.82
GALLAGHER - Winning With the King's Gambit.pdf,178,0,embedded,129.94,290,326,True,0.6567,0.6709,66.9,225.7,182.59,355.64
GALLAGHER - Winning With the King's Gambit.pdf,185,0,contour,121.7,800,800,False,0.5,0.7162,53.65,432.82,174.04,554.52
"Gaprindashvili, Paata - Imagination in Chess. How To Think Creatively And Avoid Foolish Mistakes (Bastford, 2005) 2p 145p_OCR_Aprimorar_Aprimorar.pdf",13,0,contour,112.23,800,800,False,0.5,0.9536,61.84,103.39,173.74,215.62
"Gaprindashvili, Paata - Imagination in Chess. How To Think Creatively And Avoid Foolish Mistakes (Bastford, 2005) 2p 145p_OCR_Aprimorar_Aprimorar.pdf",13,1,contour,113.21,800,800,False,0.5,0.8323,61.51,266.99,173.74,380.21
"Gaprindashvili, Paata - Imagination in Chess. How To Think Creatively And Avoid Foolish Mistakes (Bastford, 2005) 2p 145p_OCR_Aprimorar_Aprimorar.pdf",13,2,contour,116.81,800,800,False,0.5,0.6408,59.88,429.61,176.36,546.42
"Gaprindashvili, Paata - Imagination in Chess. How To Think Creatively And Avoid Foolish Mistakes (Bastford, 2005) 2p 145p_OCR_Aprimorar_Aprimorar.pdf",13,3,contour,111.57,800,800,False,0.5,0.8071,219.88,103.72,331.45,215.3
"Gaprindashvili, Paata - Imagination in Chess. How To Think Creatively And Avoid Foolish Mistakes (Bastford, 2005) 2p 145p_OCR_Aprimorar_Aprimorar.pdf",13,4,contour,117.14,800,800,False,0.5,0.7612,217.59,264.7,333.74,381.84
"Gaprindashvili, Paata - Imagination in Chess. How To Think Creatively And Avoid Foolish Mistakes (Bastford, 2005) 2p 145p_OCR_Aprimorar_Aprimorar.pdf",13,5,contour,112.56,800,800,False,0.5,0.7981,219.88,430.92,332.43,543.48
"Gaprindashvili, Paata - Imagination in Chess. How To Think Creatively And Avoid Foolish Mistakes (Bastford, 2005) 2p 145p_OCR_Aprimorar_Aprimorar.pdf",24,0,contour,116.47,800,800,False,0.5,0.7159,49.07,100.11,165.54,216.58
"Gaprindashvili, Paata - Imagination in Chess. How To Think Creatively And Avoid Foolish Mistakes (Bastford, 2005) 2p 145p_OCR_Aprimorar_Aprimorar.pdf",24,1,contour,116.14,800,800,False,0.5,0.7893,48.75,261.4,164.89,377.54
"Gaprindashvili, Paata - Imagination in Chess. How To Think Creatively And Avoid Foolish Mistakes (Bastford, 2005) 2p 145p_OCR_Aprimorar_Aprimorar.pdf",24,2,contour,116.8,800,800,False,0.5,0.656,48.75,425.96,164.89,542.76
"Gaprindashvili, Paata - Imagination in Chess. How To Think Creatively And Avoid Foolish Mistakes (Bastford, 2005) 2p 145p_OCR_Aprimorar_Aprimorar.pdf",24,3,contour,116.8,800,800,False,0.5,0.6437,207.09,100.11,322.91,216.91
"Gaprindashvili, Paata - Imagination in Chess. How To Think Creatively And Avoid Foolish Mistakes (Bastford, 2005) 2p 145p_OCR_Aprimorar_Aprimorar.pdf",24,4,contour,116.47,800,800,False,0.5,0.7669,206.76,261.07,322.91,377.54
"Gaprindashvili, Paata - Imagination in Chess. How To Think Creatively And Avoid Foolish Mistakes (Bastford, 2005) 2p 145p_OCR_Aprimorar_Aprimorar.pdf",24,5,contour,117.12,800,800,False,0.5,0.6423,206.76,425.31,322.58,542.43
"Gaprindashvili, Paata - Imagination in Chess. How To Think Creatively And Avoid Foolish Mistakes (Bastford, 2005) 2p 145p_OCR_Aprimorar_Aprimorar.pdf",36,0,contour,117.12,800,800,False,0.5,0.709,56.6,103.38,172.74,220.51
"Gaprindashvili, Paata - Imagination in Chess. How To Think Creatively And Avoid Foolish Mistakes (Bastford, 2005) 2p 145p_OCR_Aprimorar_Aprimorar.pdf",36,1,contour,116.8,800,800,False,0.5,0.7087,55.94,265.0,172.41,381.79
"Gaprindashvili, Paata - Imagination in Chess. How To Think Creatively And Avoid Foolish Mistakes (Bastford, 2005) 2p 145p_OCR_Aprimorar_Aprimorar.pdf",36,2,contour,117.12,800,800,False,0.5,0.6912,55.62,429.23,172.09,546.36
"Gaprindashvili, Paata - Imagination in Chess. How To Think Creatively And Avoid Foolish Mistakes (Bastford, 2005) 2p 145p_OCR_Aprimorar_Aprimorar.pdf",36,3,contour,112.22,800,800,False,0.5,0.9266,216.58,106.33,328.47,218.54
"Gaprindashvili, Paata - Imagination in Chess. How To Think Creatively And Avoid Foolish Mistakes (Bastford, 2005) 2p 145p_OCR_Aprimorar_Aprimorar.pdf",36,4,contour,117.12,800,800,False,0.5,0.6996,213.64,265.0,330.43,382.12
"Gaprindashvili, Paata - Imagination in Chess. How To Think Creatively And Avoid Foolish Mistakes (Bastford, 2005) 2p 145p_OCR_Aprimorar_Aprimorar.pdf",36,5,contour,117.12,800,800,False,0.5,0.7542,213.64,429.56,329.78,546.68
"Gaprindashvili, Paata - Imagination in Chess. How To Think Creatively And Avoid Foolish Mistakes (Bastford, 2005) 2p 145p_OCR_Aprimorar_Aprimorar.pdf",47,0,contour,112.57,800,800,False,0.5,0.9715,60.54,100.46,172.46,213.04
"Gaprindashvili, Paata - Imagination in Chess. How To Think Creatively And Avoid Foolish Mistakes (Bastford, 2005) 2p 145p_OCR_Aprimorar_Aprimorar.pdf",47,1,contour,116.83,800,800,False,0.5,0.7046,57.6,263.1,174.09,379.93
"Gaprindashvili, Paata - Imagination in Chess. How To Think Creatively And Avoid Foolish Mistakes (Bastford, 2005) 2p 145p_OCR_Aprimorar_Aprimorar.pdf",47,2,contour,112.57,800,800,False,0.5,0.9933,59.89,426.73,171.48,539.3
"Gaprindashvili, Paata - Imagination in Chess. How To Think Creatively And Avoid Foolish Mistakes (Bastford, 2005) 2p 145p_OCR_Aprimorar_Aprimorar.pdf",47,3,contour,111.92,800,800,False,0.5,0.8624,217.95,101.12,329.54,213.04
"Gaprindashvili, Paata - Imagination in Chess. How To Think Creatively And Avoid Foolish Mistakes (Bastford, 2005) 2p 145p_OCR_Aprimorar_Aprimorar.pdf",47,4,contour,112.25,800,800,False,0.5,0.8636,217.95,265.4,329.54,377.64
"Gaprindashvili, Paata - Imagination in Chess. How To Think Creatively And Avoid Foolish Mistakes (Bastford, 2005) 2p 145p_OCR_Aprimorar_Aprimorar.pdf",47,5,contour,112.9,800,800,False,0.5,0.9703,217.62,426.73,329.21,539.63
"Gaprindashvili, Paata - Imagination in Chess. How To Think Creatively And Avoid Foolish Mistakes (Bastford, 2005) 2p 145p_OCR_Aprimorar_Aprimorar.pdf",59,0,contour,116.5,800,800,False,0.5,0.6387,132.21,114.86,248.38,231.36
"Gaprindashvili, Paata - Imagination in Chess. How To Think Creatively And Avoid Foolish Mistakes (Bastford, 2005) 2p 145p_OCR_Aprimorar_Aprimorar.pdf",70,0,contour,112.22,800,800,False,0.5,0.8684,60.85,103.38,172.74,215.6
"Gaprindashvili, Paata - Imagination in Chess. How To Think Creatively And Avoid Foolish Mistakes (Bastford, 2005) 2p 145p_OCR_Aprimorar_Aprimorar.pdf",70,1,contour,112.22,800,800,False,0.5,0.9333,60.2,266.96,171.76,379.18
"Gaprindashvili, Paata - Imagination in Chess. How To Think Creatively And Avoid Foolish Mistakes (Bastford, 2005) 2p 145p_OCR_Aprimorar_Aprimorar.pdf",70,2,contour,116.47,800,800,False,0.5,0.745,57.91,428.91,174.38,545.37
"Gaprindashvili, Paata - Imagination in Chess. How To Think Creatively And Avoid Foolish Mistakes (Bastford, 2005) 2p 145p_OCR_Aprimorar_Aprimorar.pdf",70,3,contour,116.47,800,800,False,0.5,0.6905,216.58,101.09,332.72,217.56
"Gaprindashvili, Paata - Imagination in Chess. How To Think Creatively And Avoid Foolish Mistakes (Bastford, 2005) 2p 145p_OCR_Aprimorar_Aprimorar.pdf",70,4,contour,111.56,800,800,False,0.5,0.8914,218.54,267.29,329.78,378.85
"Gaprindashvili, Paata - Imagination in Chess. How To Think Creatively And Avoid Foolish Mistakes (Bastford, 2005) 2p 145p_OCR_Aprimorar_Aprimorar.pdf",70,5,contour,112.87,800,800,False,0.5,0.9222,218.22,430.54,329.78,543.41
"Gaprindashvili, Paata - Imagination in Chess. How To Think Creatively And Avoid Foolish Mistakes (Bastford, 2005) 2p 145p_OCR_Aprimorar_Aprimorar.pdf",82,0,contour,113.2,800,800,False,0.5,0.8382,51.04,103.71,163.58,216.91
"Gaprindashvili, Paata - Imagination in Chess. How To Think Creatively And Avoid Foolish Mistakes (Bastford, 2005) 2p 145p_OCR_Aprimorar_Aprimorar.pdf",82,1,contour,113.52,800,800,False,0.5,0.8278,51.69,267.94,164.23,381.47
"Gaprindashvili, Paata - Imagination in Chess. How To Think Creatively And Avoid Foolish Mistakes (Bastford, 2005) 2p 145p_OCR_Aprimorar_Aprimorar.pdf",82,2,contour,117.45,800,800,False,0.5,0.6514,50.71,430.87,167.18,548.32
"Gaprindashvili, Paata - Imagination in Chess. How To Think Creatively And Avoid Foolish Mistakes (Bastford, 2005) 2p 145p_OCR_Aprimorar_Aprimorar.pdf",82,3,contour,112.54,800,800,False,0.5,0.8898,209.71,103.38,321.27,215.93
"Gaprindashvili, Paata - Imagination in Chess. How To Think Creatively And Avoid Foolish Mistakes (Bastford, 2005) 2p 145p_OCR_Aprimorar_Aprimorar.pdf",82,4,contour,112.87,800,800,False,0.5,0.8369,209.71,267.29,321.92,380.16
"Gaprindashvili, Paata - Imagination in Chess. How To Think Creatively And Avoid Foolish Mistakes (Bastford, 2005) 2p 145p_OCR_Aprimorar_Aprimorar.pdf",82,5,contour,117.45,800,800,False,0.5,0.6595,208.4,430.21,324.87,547.66
"Gaprindashvili, Paata - Imagination in Chess. How To Think Creatively And Avoid Foolish Mistakes (Bastford, 2005) 2p 145p_OCR_Aprimorar_Aprimorar.pdf",93,0,contour,117.48,800,800,False,0.5,0.6899,55.3,96.21,171.48,213.69
"Gaprindashvili, Paata - Imagination in Chess. How To Think Creatively And Avoid Foolish Mistakes (Bastford, 2005) 2p 145p_OCR_Aprimorar_Aprimorar.pdf",93,1,contour,113.23,800,800,False,0.5,0.8486,57.6,262.78,169.84,376.0
"Gaprindashvili, Paata - Imagination in Chess. How To Think Creatively And Avoid Foolish Mistakes (Bastford, 2005) 2p 145p_OCR_Aprimorar_Aprimorar.pdf",93,2,contour,117.48,800,800,False,0.5,0.7379,56.29,425.09,173.11,542.57
"Gaprindashvili, Paata - Imagination in Chess. How To Think Creatively And Avoid Foolish Mistakes (Bastford, 2005) 2p 145p_OCR_Aprimorar_Aprimorar.pdf",93,3,contour,116.17,800,800,False,0.5,0.7442,213.36,96.54,329.21,212.71
"Gaprindashvili, Paata - Imagination in Chess. How To Think Creatively And Avoid Foolish Mistakes (Bastford, 2005) 2p 145p_OCR_Aprimorar_Aprimorar.pdf",93,4,contour,112.9,800,800,False,0.5,0.8984,215.65,262.12,327.57,375.02
"Gaprindashvili, Paata - Imagination in Chess. How To Think Creatively And Avoid Foolish Mistakes (Bastford, 2005) 2p 145p_OCR_Aprimorar_Aprimorar.pdf",93,5,contour,113.23,800,800,False,0.5,0.8611,216.31,426.07,328.55,539.3
"Gaprindashvili, Paata - Imagination in Chess. How To Think Creatively And Avoid Foolish Mistakes (Bastford, 2005) 2p 145p_OCR_Aprimorar_Aprimorar.pdf",105,0,contour,112.25,800,800,False,0.5,0.8803,133.84,223.84,245.43,336.08
"Gaprindashvili, Paata - Imagination in Chess. How To Think Creatively And Avoid Foolish Mistakes (Bastford, 2005) 2p 145p_OCR_Aprimorar_Aprimorar.pdf",117,0,contour,116.5,800,800,False,0.5,0.8086,54.0,99.81,170.49,216.31
"Gaprindashvili, Paata - Imagination in Chess. How To Think Creatively And Avoid Foolish Mistakes (Bastford, 2005) 2p 145p_OCR_Aprimorar_Aprimorar.pdf",117,1,contour,116.83,800,800,False,0.5,0.7647,53.01,260.81,169.51,377.64
"Gaprindashvili, Paata - Imagination in Chess. How To Think Creatively And Avoid Foolish Mistakes (Bastford, 2005) 2p 145p_OCR_Aprimorar_Aprimorar.pdf",117,2,contour,116.83,800,800,False,0.5,0.6896,52.36,424.76,169.19,541.59
"Gaprindashvili, Paata - Imagination in Chess. How To Think Creatively And Avoid Foolish Mistakes (Bastford, 2005) 2p 145p_OCR_Aprimorar_Aprimorar.pdf",117,3,contour,116.83,800,800,False,0.5,0.704,211.73,100.14,328.23,216.96
"Gaprindashvili, Paata - Imagination in Chess. How To Think Creatively And Avoid Foolish Mistakes (Bastford, 2005) 2p 145p_OCR_Aprimorar_Aprimorar.pdf",117,4,contour,111.26,800,800,False,0.5,0.8473,213.69,263.76,324.63,375.02
"Gaprindashvili, Paata - Imagination in Chess. How To Think Creatively And Avoid Foolish Mistakes (Bastford, 2005) 2p 145p_OCR_Aprimorar_Aprimorar.pdf",117,5,contour,112.9,800,800,False,0.5,0.8942,212.38,426.4,324.63,539.3
"Gaprindashvili, Paata - Imagination in Chess. How To Think Creatively And Avoid Foolish Mistakes (Bastford, 2005) 2p 145p_OCR_Aprimorar_Aprimorar.pdf",128,0,contour,116.8,800,800,False,0.5,0.7192,52.02,105.35,168.16,222.14
"Gaprindashvili, Paata - Imagination in Chess. How To Think Creatively And Avoid Foolish Mistakes (Bastford, 2005) 2p 145p_OCR_Aprimorar_Aprimorar.pdf",128,1,contour,116.14,800,800,False,0.5,0.687,52.02,266.63,168.16,382.78
"Gaprindashvili, Paata - Imagination in Chess. How To Think Creatively And Avoid Foolish Mistakes (Bastford, 2005) 2p 145p_OCR_Aprimorar_Aprimorar.pdf",128,2,contour,112.54,800,800,False,0.5,0.7746,54.31,432.18,166.85,544.72
"Gaprindashvili, Paata - Imagination in Chess. How To Think Creatively And Avoid Foolish Mistakes (Bastford, 2005) 2p 145p_OCR_Aprimorar_Aprimorar.pdf",128,3,contour,116.47,800,800,False,0.5,0.7366,210.04,105.35,325.85,221.81
"Gaprindashvili, Paata - Imagination in Chess. How To Think Creatively And Avoid Foolish Mistakes (Bastford, 2005) 2p 145p_OCR_Aprimorar_Aprimorar.pdf",128,4,contour,116.47,800,800,False,0.5,0.6857,209.71,266.31,325.85,382.78
"Gaprindashvili, Paata - Imagination in Chess. How To Think Creatively And Avoid Foolish Mistakes (Bastford, 2005) 2p 145p_OCR_Aprimorar_Aprimorar.pdf",128,5,contour,116.8,800,800,False,0.5,0.7485,209.71,430.87,325.85,547.66
"Gaprindashvili, Paata - Imagination in Chess. How To Think Creatively And Avoid Foolish Mistakes (Bastford, 2005) 2p 145p_OCR_Aprimorar_Aprimorar.pdf",140,0,contour,112.22,800,800,False,0.5,0.7631,51.36,101.42,163.58,213.64
"Gaprindashvili, Paata - Imagination in Chess. How To Think Creatively And Avoid Foolish Mistakes (Bastford, 2005) 2p 145p_OCR_Aprimorar_Aprimorar.pdf",140,1,contour,112.54,800,800,False,0.5,0.8684,51.04,262.38,162.93,374.92
"Gaprindashvili, Paata - Imagination in Chess. How To Think Creatively And Avoid Foolish Mistakes (Bastford, 2005) 2p 145p_OCR_Aprimorar_Aprimorar.pdf",140,2,contour,117.12,800,800,False,0.5,0.6826,49.73,424.33,166.2,541.45
"Gaprindashvili, Paata - Imagination in Chess. How To Think Creatively And Avoid Foolish Mistakes (Bastford, 2005) 2p 145p_OCR_Aprimorar_Aprimorar.pdf",140,3,contour,116.8,800,800,False,0.5,0.7163,206.44,99.13,322.58,215.93
"Gaprindashvili, Paata - Imagination in Chess. How To Think Creatively And Avoid Foolish Mistakes (Bastford, 2005) 2p 145p_OCR_Aprimorar_Aprimorar.pdf",140,4,contour,117.12,800,800,False,0.5,0.7332,206.76,259.76,322.91,376.89
"Gaprindashvili, Paata - Imagination in Chess. How To Think Creatively And Avoid Foolish Mistakes (Bastford, 2005) 2p 145p_OCR_Aprimorar_Aprimorar.pdf",140,5,contour,112.22,800,800,False,0.5,0.872,210.04,426.29,320.94,538.5
"Gaprindashvili, Paata - Imagination in Chess. How To Think Creatively And Avoid Foolish Mistakes (Bastford, 2005) 2p 145p_OCR_Aprimorar_Aprimorar.pdf",151,0,contour,112.25,800,800,False,0.5,0.8709,55.63,99.48,167.55,211.73
"Gaprindashvili, Paata - Imagination in Chess. How To Think Creatively And Avoid Foolish Mistakes (Bastford, 2005) 2p 145p_OCR_Aprimorar_Aprimorar.pdf",151,1,contour,116.83,800,800,False,0.5,0.6496,53.34,258.85,169.51,375.68
"Gaprindashvili, Paata - Imagination in Chess. How To Think Creatively And Avoid Foolish Mistakes (Bastford, 2005) 2p 145p_OCR_Aprimorar_Aprimorar.pdf",151,2,contour,116.83,800,800,False,0.5,0.6677,53.67,423.46,169.84,540.28
"Gaprindashvili, Paata - Imagination in Chess. How To Think Creatively And Avoid Foolish Mistakes (Bastford, 2005) 2p 145p_OCR_Aprimorar_Aprimorar.pdf",151,3,contour,116.5,800,800,False,0.5,0.6536,211.4,97.52,327.57,214.02
"Gaprindashvili, Paata - Imagination in Chess. How To Think Creatively And Avoid Foolish Mistakes (Bastford, 2005) 2p 145p_OCR_Aprimorar_Aprimorar.pdf",151,4,contour,116.83,800,800,False,0.5,0.6703,211.4,258.52,327.57,375.35
"Gaprindashvili, Paata - Imagination in Chess. How To Think Creatively And Avoid Foolish Mistakes (Bastford, 2005) 2p 145p_OCR_Aprimorar_Aprimorar.pdf",151,5,contour,117.15,800,800,False,0.5,0.6852,211.4,422.8,327.9,539.95
Karpov A - Chess Combinations -World Champions-1 (2011).pdf,17,0,embedded,146.88,612,588,True,1.0,0.604,54.73,66.24,201.61,207.36
Karpov A - Chess Combinations -World Champions-1 (2011).pdf,17,1,embedded,158.4,612,660,True,0.9682,0.5783,52.81,252.47,199.69,410.87
Karpov A - Chess Combinations -World Champions-1 (2011).pdf,17,2,embedded,154.56,612,644,True,1.0,0.6644,55.69,439.68,202.57,594.24
Karpov A - Chess Combinations -World Champions-1 (2011).pdf,17,3,embedded,158.4,612,660,True,0.9682,0.3773,263.05,66.23,409.93,224.63
Karpov A - Chess Combinations -World Champions-1 (2011).pdf,17,4,embedded,158.4,612,660,True,0.9682,0.4807,264.0,252.47,410.88,410.87
Karpov A - Chess Combinations -World Champions-1 (2011).pdf,17,5,embedded,154.56,616,644,True,1.0,0.5129,264.0,439.68,411.84,594.24
Karpov A - Chess Combinations -World Champions-1 (2011).pdf,33,0,embedded,171.84,716,660,True,0.9379,0.4628,54.73,66.23,226.57,224.63
Karpov A - Chess Combinations -World Champions-1 (2011).pdf,33,1,embedded,146.88,612,592,True,1.0,0.6374,55.69,252.47,202.57,394.55
Karpov A - Chess Combinations -World Champions-1 (2011).pdf,33,2,embedded,156.48,612,652,True,0.8466,0.4303,55.69,439.68,202.57,596.16
Karpov A - Chess Combinations -World Champions-1 (2011).pdf,33,3,embedded,170.88,712,660,True,0.953,0.5752,264.0,66.23,434.88,224.63
Karpov A - Chess Combinations -World Champions-1 (2011).pdf,33,4,embedded,146.88,612,592,True,0.9155,0.4541,264.0,252.47,410.88,394.55
Karpov A - Chess Combinations -World Champions-1 (2011).pdf,33,5,embedded,156.48,612,652,True,0.9966,0.4318,264.96,439.68,411.84,596.16
Karpov A - Chess Combinations -World Champions-1 (2011).pdf,49,0,embedded,155.52,612,648,True,1.0,0.4137,54.73,66.24,201.61,221.76
Karpov A - Chess Combinations -World Champions-1 (2011).pdf,49,1,embedded,155.52,616,648,True,0.8765,0.5884,54.73,252.48,202.57,408.0
Karpov A - Chess Combinations -World Champions-1 (2011).pdf,49,2,embedded,170.88,712,652,True,0.9199,0.6599,55.69,439.68,226.57,596.16
Karpov A - Chess Combinations -World Champions-1 (2011).pdf,49,3,contour,145.91,800,800,False,0.5,0.5513,264.01,66.41,409.92,206.76
Karpov A - Chess Combinations -World Champions-1 (2011).pdf,49,4,embedded,146.88,612,592,True,1.0,0.4407,264.0,252.47,410.88,394.55
Karpov A - Chess Combinations -World Champions-1 (2011).pdf,49,5,embedded,157.44,612,656,True,0.8323,0.4356,264.0,438.72,410.88,596.16
Karpov A - Chess Combinations -World Champions-1 (2011).pdf,65,0,embedded,171.84,716,660,True,0.9379,0.5345,54.73,66.23,226.57,224.63
Karpov A - Chess Combinations -World Champions-1 (2011).pdf,65,1,embedded,147.84,616,592,True,1.0,0.5434,54.73,252.47,202.57,394.55
Karpov A - Chess Combinations -World Champions-1 (2011).pdf,65,2,embedded,157.44,612,656,True,0.9823,0.4283,55.69,438.72,202.57,596.16
Karpov A - Chess Combinations -World Champions-1 (2011).pdf,65,3,embedded,170.88,712,660,True,0.953,0.4958,264.0,66.23,434.88,224.63
Karpov A - Chess Combinations -World Champions-1 (2011).pdf,65,4,embedded,170.88,712,660,True,0.953,0.5279,264.0,252.47,434.88,410.87
Karpov A - Chess Combinations -World Champions-1 (2011).pdf,65,5,embedded,171.84,716,652,True,0.9046,0.4799,264.0,439.68,435.84,596.16
Karpov A - Chess Combinations -World Champions-1 (2011).pdf,81,0,embedded,158.4,612,660,True,0.9682,0.6057,54.73,66.23,201.61,224.63
Karpov A - Chess Combinations -World Champions-1 (2011).pdf,81,1,embedded,171.84,716,660,True,0.9379,0.4536,54.73,253.43,226.57,411.83
Karpov A - Chess Combinations -World Champions-1 (2011).pdf,81,2,embedded,157.44,612,656,True,0.8323,0.3909,55.69,439.68,202.57,597.12
Karpov A - Chess Combinations -World Champions-1 (2011).pdf,81,3,embedded,171.84,716,660,True,0.9379,0.4238,263.05,66.23,434.89,224.63
Karpov A - Chess Combinations -World Champions-1 (2011).pdf,81,4,embedded,158.4,612,660,True,0.8182,0.3871,264.0,252.47,410.88,410.87
Karpov A - Chess Combinations -World Champions-1 (2011).pdf,81,5,embedded,156.48,616,652,True,1.0,0.513,264.0,439.68,411.84,596.16
Karpov A - Chess Combinations -World Champions-1 (2011).pdf,97,0,embedded,158.4,612,660,True,0.9682,0.4885,54.73,66.23,201.61,224.63
Karpov A - Chess Combinations -World Champions-1 (2011).pdf,97,1,embedded,159.36,616,664,True,0.9693,0.4093,54.73,252.47,202.57,411.83
Karpov A - Chess Combinations -World Champions-1 (2011).pdf,97,2,embedded,156.48,612,652,True,0.9966,0.3851,55.69,439.68,202.57,596.16
Karpov A - Chess Combinations -World Champions-1 (2011).pdf,97,3,embedded,145.92,608,588,True,0.915,0.4634,264.0,66.24,409.92,207.36
Karpov A - Chess Combinations -World Champions-1 (2011).pdf,97,4,embedded,157.44,612,656,True,0.9823,0.6085,264.0,253.43,410.88,410.87
Karpov A - Chess Combinations -World Champions-1 (2011).pdf,97,5,embedded,156.48,612,652,True,0.9966,0.5025,264.0,439.68,410.88,596.16
Karpov A - Chess Combinations -World Champions-1 (2011).pdf,114,0,embedded,158.4,612,660,True,0.9682,0.6882,54.73,66.23,201.61,224.63
Karpov A - Chess Combinations -World Champions-1 (2011).pdf,114,1,embedded,164.16,684,664,True,0.9247,0.5031,159.37,251.51,323.53,410.87
Karpov A - Chess Combinations -World Champions-1 (2011).pdf,114,2,embedded,158.4,616,660,True,0.9833,0.4746,263.05,66.23,410.89,224.63
Karpov A - Chess Combinations -World Champions-1 (2011).pdf,130,0,contour,145.91,800,800,False,0.5,0.4641,54.63,66.74,200.55,207.42
Karpov A - Chess Combinations -World Champions-1 (2011).pdf,130,1,embedded,158.4,612,660,True,0.8182,0.6314,54.73,252.47,201.61,410.87
Karpov A - Chess Combinations -World Champions-1 (2011).pdf,130,2,embedded,157.44,608,656,True,0.9671,0.4235,55.69,439.68,201.61,597.12
Karpov A - Chess Combinations -World Champions-1 (2011).pdf,130,3,contour,145.58,800,800,False,0.5,0.3871,263.69,66.74,409.27,207.09
Karpov A - Chess Combinations -World Champions-1 (2011).pdf,130,4,embedded,155.52,616,648,True,1.0,0.5906,263.05,252.48,410.89,408.0
Karpov A - Chess Combinations -World Champions-1 (2011).pdf,130,5,embedded,156.48,612,652,True,0.9966,0.4314,264.0,439.68,410.88,596.16
Karpov A - Chess Combinations -World Champions-1 (2011).pdf,146,0,embedded,145.92,608,588,True,1.0,0.6254,54.73,66.24,200.65,207.36
Karpov A - Chess Combinations -World Champions-1 (2011).pdf,146,1,embedded,146.88,612,588,True,1.0,0.5723,54.73,252.47,201.61,393.59
Karpov A - Chess Combinations -World Champions-1 (2011).pdf,146,2,embedded,171.84,716,656,True,0.7713,0.4781,54.73,438.72,226.57,596.16
Karpov A - Chess Combinations -World Champions-1 (2011).pdf,146,3,embedded,158.4,612,660,True,0.9682,0.5079,263.05,66.23,409.93,224.63
Karpov A - Chess Combinations -World Champions-1 (2011).pdf,146,4,embedded,147.84,616,588,True,1.0,0.5398,263.05,252.47,410.89,393.59
Karpov A - Chess Combinations -World Champions-1 (2011).pdf,146,5,embedded,156.48,612,652,True,0.9966,0.5082,264.0,439.68,410.88,596.16
Karpov A - Chess Combinations -World Champions-1 (2011).pdf,162,0,embedded,158.4,612,660,True,0.9682,0.5584,53.76,66.23,200.64,224.63
Karpov A - Chess Combinations -World Champions-1 (2011).pdf,162,1,embedded,146.88,612,592,True,1.0,0.4989,54.73,252.47,201.61,394.55
Karpov A - Chess Combinations -World Champions-1 (2011).pdf,162,2,embedded,156.48,612,652,True,0.9966,0.5632,54.73,439.68,201.61,596.16
Karpov A - Chess Combinations -World Champions-1 (2011).pdf,162,3,embedded,158.4,612,660,True,0.9682,0.4926,263.05,66.23,409.93,224.63
Karpov A - Chess Combinations -World Champions-1 (2011).pdf,162,4,embedded,171.84,716,660,True,0.9379,0.5493,263.05,252.47,434.89,410.87
Karpov A - Chess Combinations -World Champions-1 (2011).pdf,162,5,embedded,170.88,712,652,True,0.9199,0.601,264.0,439.68,434.88,596.16
Karpov A - Chess Combinations -World Champions-1 (2011).pdf,178,0,embedded,155.52,612,648,True,1.0,0.6859,54.73,66.24,201.61,221.76
Karpov A - Chess Combinations -World Champions-1 (2011).pdf,178,1,contour,141.0,800,800,False,0.5,0.5628,57.58,255.18,198.58,391.6
Karpov A - Chess Combinations -World Champions-1 (2011).pdf,178,2,embedded,157.44,616,656,True,0.9976,0.4713,54.73,438.72,202.57,596.16
Karpov A - Chess Combinations -World Champions-1 (2011).pdf,178,3,embedded,158.4,612,660,True,0.9682,0.5392,263.05,66.23,409.93,224.63
Karpov A - Chess Combinations -World Champions-1 (2011).pdf,178,4,contour,140.68,800,800,False,0.5,0.6363,265.98,255.18,406.65,391.93
Karpov A - Chess Combinations -World Champions-1 (2011).pdf,178,5,embedded,171.84,716,660,True,0.9379,0.5967,264.0,438.72,435.84,597.12
Karpov A - Chess Combinations -World Champions-1 (2011).pdf,194,0,embedded,158.4,608,660,True,0.953,0.5447,54.73,66.23,200.65,224.63
Karpov A - Chess Combinations -World Champions-1 (2011).pdf,194,1,contour,145.58,800,800,False,0.5,0.4631,54.96,252.89,200.55,393.24
Karpov A - Chess Combinations -World Champions-1 (2011).pdf,194,2,embedded,157.44,612,656,True,0.8323,0.4861,54.73,438.72,201.61,596.16
Karpov A - Chess Combinations -World Champions-1 (2011).pdf,194,3,embedded,146.88,612,588,True,1.0,0.5766,263.05,66.24,409.93,207.36
Karpov A - Chess Combinations -World Champions-1 (2011).pdf,194,4,embedded,158.4,612,660,True,0.9682,0.6251,263.05,252.47,409.93,410.87
Karpov A - Chess Combinations -World Champions-1 (2011).pdf,194,5,embedded,171.84,716,656,True,0.9213,0.6021,263.05,439.68,434.89,597.12
Karpov A - Chess Combinations -World Champions-1 (2011).pdf,210,0,embedded,158.4,612,660,True,0.8182,0.5204,53.76,66.23,200.64,224.63
Karpov A - Chess Combinations -World Champions-1 (2011).pdf,210,1,embedded,170.88,712,660,True,0.953,0.5984,54.73,252.47,225.61,410.87
Karpov A - Chess Combinations -World Champions-1 (2011).pdf,210,2,embedded,156.48,612,652,True,0.8466,0.5305,54.73,439.68,201.61,596.16
Karpov A - Chess Combinations -World Champions-1 (2011).pdf,210,3,embedded,158.4,612,660,True,0.9682,0.4821,263.05,66.23,409.93,224.63
Karpov A - Chess Combinations -World Champions-1 (2011).pdf,210,4,embedded,159.36,612,664,True,0.9542,0.4342,263.05,252.47,409.93,411.83
Karpov A - Chess Combinations -World Champions-1 (2011).pdf,210,5,embedded,156.48,612,652,True,0.9966,0.5831,264.0,439.68,410.88,596.16
Karpov A - Chess Combinations -World Champions-1 (2011).pdf,226,0,embedded,170.88,712,660,True,0.803,0.5065,54.73,66.23,225.61,224.63
Karpov A - Chess Combinations -World Champions-1 (2011).pdf,226,1,embedded,170.88,712,656,True,0.9366,0.5469,54.73,253.43,225.61,410.87
Karpov A - Chess Combinations -World Champions-1 (2011).pdf,226,2,embedded,170.88,712,656,True,0.9366,0.5268,55.69,439.68,226.57,597.12
Karpov A - Chess Combinations -World Champions-1 (2011).pdf,226,3,embedded,158.4,612,660,True,0.9682,0.4408,263.05,66.23,409.93,224.63
Karpov A - Chess Combinations -World Champions-1 (2011).pdf,226,4,embedded,157.44,612,656,True,0.9823,0.5327,264.0,253.43,410.88,410.87
Karpov A - Chess Combinations -World Champions-1 (2011).pdf,226,5,embedded,156.48,612,652,True,0.9966,0.643,264.0,439.68,410.88,596.16
Karpov A - Chess Combinations -World Champions-1 (2011).pdf,242,0,embedded,157.44,612,656,True,0.9823,0.6254,54.73,66.24,201.61,223.68
Karpov A - Chess Combinations -World Champions-1 (2011).pdf,242,1,contour,145.91,800,800,False,0.5,0.6602,55.29,252.56,201.2,392.91
Karpov A - Chess Combinations -World Champions-1 (2011).pdf,242,2,embedded,157.44,612,656,True,0.9823,0.5139,55.69,438.72,202.57,596.16
Karpov A - Chess Combinations -World Champions-1 (2011).pdf,242,3,embedded,146.88,612,588,True,0.898,0.3639,263.05,66.24,409.93,207.36
Karpov A - Chess Combinations -World Champions-1 (2011).pdf,242,4,contour,145.91,800,800,False,0.5,0.4706,263.69,252.56,409.6,392.91
Karpov A - Chess Combinations -World Champions-1 (2011).pdf,242,5,embedded,171.84,716,656,True,0.9213,0.5184,264.0,438.72,435.84,596.16
Karpov A - Chess Combinations -World Champions-1 (2011).pdf,258,0,embedded,158.4,612,660,True,0.9682,0.4041,54.73,66.23,201.61,224.63
Karpov A - Chess Combinations -World Champions-1 (2011).pdf,258,1,embedded,170.88,712,660,True,0.953,0.5468,54.73,252.47,225.61,410.87
Karpov A - Chess Combinations -World Champions-1 (2011).pdf,258,2,embedded,157.44,612,656,True,0.9823,0.637,55.69,438.72,202.57,596.16
Karpov A - Chess Combinations -World Champions-1 (2011).pdf,258,3,embedded,146.88,612,588,True,1.0,0.6278,263.05,66.24,409.93,207.36
Karpov A - Chess Combinations -World Champions-1 (2011).pdf,258,4,embedded,146.88,612,588,True,1.0,0.5146,264.0,252.47,410.88,393.59
Karpov A - Chess Combinations -World Champions-1 (2011).pdf,258,5,embedded,156.48,612,652,True,0.9966,0.4973,264.0,439.68,410.88,596.16
Karpov A - Chess Combinations -World Champions-2 (2011).pdf,12,0,contour,143.93,800,800,False,0.5,0.5497,56.26,70.33,200.19,206.41
Karpov A - Chess Combinations -World Champions-2 (2011).pdf,12,1,contour,149.16,800,800,False,0.5,0.3752,53.97,254.17,203.14,394.5
Karpov A - Chess Combinations -World Champions-2 (2011).pdf,12,2,contour,149.16,800,800,False,0.5,0.336,54.3,443.89,203.46,584.22
Karpov A - Chess Combinations -World Champions-2 (2011).pdf,12,3,contour,148.84,800,800,False,0.5,0.4069,262.67,67.71,411.51,208.04
Karpov A - Chess Combinations -World Champions-2 (2011).pdf,12,4,contour,148.84,800,800,False,0.5,0.4863,263.33,254.17,412.16,394.5
Karpov A - Chess Combinations -World Champions-2 (2011).pdf,12,5,contour,143.6,800,800,False,0.5,0.569,266.27,445.86,409.87,582.59
Karpov A - Chess Combinations -World Champions-2 (2011).pdf,23,0,contour,149.16,800,800,False,0.5,0.3467,54.3,67.39,203.46,207.72
Karpov A - Chess Combinations -World Champions-2 (2011).pdf,23,1,contour,143.93,800,800,False,0.5,0.4908,57.24,256.13,201.17,392.86
Karpov A - Chess Combinations -World Champions-2 (2011).pdf,23,2,contour,149.16,800,800,False,0.5,0.3897,55.28,443.57,204.45,583.9
Karpov A - Chess Combinations -World Champions-2 (2011).pdf,23,3,contour,145.24,800,800,False,0.5,0.545,265.62,69.68,410.85,206.41
Karpov A - Chess Combinations -World Champions-2 (2011).pdf,23,4,contour,143.6,800,800,False,0.5,0.4592,266.27,256.13,409.87,392.86
Karpov A - Chess Combinations -World Champions-2 (2011).pdf,23,5,contour,143.6,800,800,False,0.5,0.4235,266.92,445.86,410.53,582.26
Karpov A - Chess Combinations -World Champions-2 (2011).pdf,34,0,contour,148.84,800,800,False,0.5,0.3839,53.65,67.39,202.48,207.72
Karpov A - Chess Combinations -World Champions-2 (2011).pdf,34,1,contour,143.28,800,800,False,0.5,0.6078,56.59,256.13,199.87,391.88
Karpov A - Chess Combinations -World Champions-2 (2011).pdf,34,2,contour,148.84,800,800,False,0.5,0.438,54.95,443.24,203.79,583.57
Karpov A - Chess Combinations -World Champions-2 (2011).pdf,34,3,contour,148.84,800,800,False,0.5,0.4724,262.34,67.71,411.18,207.72
Karpov A - Chess Combinations -World Champions-2 (2011).pdf,34,4,contour,149.16,800,800,False,0.5,0.3493,263.0,253.84,412.16,394.5
Karpov A - Chess Combinations -World Champions-2 (2011).pdf,34,5,contour,148.84,800,800,False,0.5,0.4078,263.65,443.57,412.49,583.57
Karpov A - Chess Combinations -World Champions-2 (2011).pdf,45,0,contour,143.6,800,800,False,0.5,0.5893,56.92,68.69,200.52,206.41
Karpov A - Chess Combinations -World Champions-2 (2011).pdf,45,1,contour,148.84,800,800,False,0.5,0.4697,54.63,254.17,203.46,394.5
Karpov A - Chess Combinations -World Champions-2 (2011).pdf,45,2,contour,143.6,800,800,False,0.5,0.4238,57.57,445.86,201.17,582.26
Karpov A - Chess Combinations -World Champions-2 (2011).pdf,45,3,contour,148.51,800,800,False,0.5,0.3952,263.0,67.71,411.51,208.04
Karpov A - Chess Combinations -World Champions-2 (2011).pdf,45,4,contour,143.6,800,800,False,0.5,0.504,265.94,257.44,409.55,393.84
Karpov A - Chess Combinations -World Champions-2 (2011).pdf,45,5,contour,148.51,800,800,False,0.5,0.3233,263.33,443.89,411.84,583.9
Karpov A - Chess Combinations -World Champions-2 (2011).pdf,56,0,contour,143.28,800,800,False,0.5,0.4023,55.28,70.0,198.56,206.08
Karpov A - Chess Combinations -World Champions-2 (2011).pdf,56,1,contour,149.16,800,800,False,0.5,0.4356,53.65,253.84,202.81,394.5
Karpov A - Chess Combinations -World Champions-2 (2011).pdf,56,2,contour,143.28,800,800,False,0.5,0.5541,56.59,445.53,199.87,581.93
Karpov A - Chess Combinations -World Champions-2 (2011).pdf,56,3,contour,148.51,800,800,False,0.5,0.3717,262.02,67.39,410.53,207.72
Karpov A - Chess Combinations -World Champions-2 (2011).pdf,56,4,contour,144.26,800,800,False,0.5,0.4739,264.96,256.13,409.22,392.86
Karpov A - Chess Combinations -World Champions-2 (2011).pdf,56,5,contour,143.6,800,800,False,0.5,0.5546,265.94,445.53,409.55,582.26
Karpov A - Chess Combinations -World Champions-2 (2011).pdf,67,0,contour,148.84,800,800,False,0.5,0.4439,53.97,67.39,202.81,207.72
Karpov A - Chess Combinations -World Champions-2 (2011).pdf,67,1,contour,149.16,800,800,False,0.5,0.5153,54.3,253.84,203.46,394.5
Karpov A - Chess Combinations -World Champions-2 (2011).pdf,67,2,contour,148.84,800,800,False,0.5,0.3787,54.95,443.57,203.79,583.9
Karpov A - Chess Combinations -World Champions-2 (2011).pdf,67,3,contour,148.51,800,800,False,0.5,0.4011,263.0,67.71,411.51,207.72
Karpov A - Chess Combinations -World Champions-2 (2011).pdf,67,4,contour,210.01,800,800,False,0.5,0.2225,215.57,202.81,425.57,409.87
Karpov A - Chess Combinations -World Champions-2 (2011).pdf,67,5,contour,148.51,800,800,False,0.5,0.4151,263.98,443.89,412.49,583.9
Karpov A - Chess Combinations -World Champions-2 (2011).pdf,78,0,contour,143.28,800,800,False,0.5,0.5204,55.94,70.0,199.21,206.08
Karpov A - Chess Combinations -World Champions-2 (2011).pdf,78,1,contour,144.58,800,800,False,0.5,0.4284,55.94,255.48,200.52,392.54
Karpov A - Chess Combinations -World Champions-2 (2011).pdf,78,2,contour,148.84,800,800,False,0.5,0.4425,54.63,443.57,203.46,583.57
Karpov A - Chess Combinations -World Champions-2 (2011).pdf,78,3,contour,143.93,800,800,False,0.5,0.4857,264.63,69.35,408.56,206.08
Karpov A - Chess Combinations -World Champions-2 (2011).pdf,78,4,contour,148.84,800,800,False,0.5,0.4638,263.0,253.84,411.84,394.17
Karpov A - Chess Combinations -World Champions-2 (2011).pdf,78,5,contour,148.51,800,800,False,0.5,0.4734,263.65,443.57,412.16,583.9
Karpov A - Chess Combinations -World Champions-2 (2011).pdf,89,0,contour,143.6,800,800,False,0.5,0.5122,57.57,70.0,201.17,206.41
Karpov A - Chess Combinations -World Champions-2 (2011).pdf,89,1,contour,143.6,800,800,False,0.5,0.4861,266.27,70.0,409.87,206.41
Karpov A - Chess Combinations -World Champions-2 (2011).pdf,100,0,contour,143.6,800,800,False,0.5,0.5023,55.61,70.0,199.21,206.08
Karpov A - Chess Combinations -World Champions-2 (2011).pdf,100,1,contour,149.16,800,800,False,0.5,0.4444,53.97,253.84,203.14,394.5
Karpov A - Chess Combinations -World Champions-2 (2011).pdf,100,2,contour,209.68,800,800,False,0.5,0.1732,7.2,391.88,216.88,599.6
Karpov A - Chess Combinations -World Champions-2 (2011).pdf,100,3,contour,144.26,800,800,False,0.5,0.5024,264.63,69.35,408.89,206.08
Karpov A - Chess Combinations -World Champions-2 (2011).pdf,100,4,contour,148.84,800,800,False,0.5,0.4071,263.0,253.84,411.84,394.5
Karpov A - Chess Combinations -World Champions-2 (2011).pdf,100,5,contour,148.51,800,800,False,0.5,0.4474,263.65,443.57,412.16,583.57
Karpov A - Chess Combinations -World Champions-2 (2011).pdf,111,0,contour,148.51,800,800,False,0.5,0.3552,53.65,67.39,202.16,207.72
Karpov A - Chess Combinations -World Champions-2 (2011).pdf,111,1,contour,142.95,800,800,False,0.5,0.4558,57.24,256.13,200.19,392.86
Karpov A - Chess Combinations -World Champions-2 (2011).pdf,111,2,contour,148.51,800,800,False,0.5,0.4727,54.95,443.57,203.46,583.57
Karpov A - Chess Combinations -World Champions-2 (2011).pdf,111,3,contour,149.16,800,800,False,0.5,0.4217,262.02,67.39,411.18,207.72
Karpov A - Chess Combinations -World Champions-2 (2011).pdf,111,4,contour,143.93,800,800,False,0.5,0.4215,265.29,256.13,409.22,392.86
Karpov A - Chess Combinations -World Champions-2 (2011).pdf,111,5,contour,143.6,800,800,False,0.5,0.491,265.94,445.53,409.55,581.61
Karpov A - Chess Combinations -World Champions-2 (2011).pdf,122,0,contour,148.51,800,800,False,0.5,0.4683,53.65,67.39,202.16,207.39
Karpov A - Chess Combinations -World Champions-2 (2011).pdf,122,1,contour,148.51,800,800,False,0.5,0.4847,54.3,253.51,202.81,394.17
Karpov A - Chess Combinations -World Champions-2 (2011).pdf,122,2,contour,148.51,800,800,False,0.5,0.4322,54.95,443.24,203.46,583.57
Karpov A - Chess Combinations -World Champions-2 (2011).pdf,122,3,contour,144.91,800,800,False,0.5,0.6037,264.96,69.68,409.87,205.75
Karpov A - Chess Combinations -World Champions-2 (2011).pdf,122,4,contour,143.93,800,800,False,0.5,0.4001,265.29,255.8,409.22,392.54
Karpov A - Chess Combinations -World Champions-2 (2011).pdf,122,5,contour,148.84,800,800,False,0.5,0.404,263.33,443.24,412.16,583.57
Karpov A - Chess Combinations -World Champions-2 (2011).pdf,133,0,contour,148.84,800,800,False,0.5,0.4207,53.97,67.39,202.81,207.72
Karpov A - Chess Combinations -World Champions-2 (2011).pdf,133,1,contour,143.6,800,800,False,0.5,0.6046,57.24,256.13,200.85,392.86
Karpov A - Chess Combinations -World Champions-2 (2011).pdf,133,2,contour,142.95,800,800,False,0.5,0.4787,57.57,445.53,200.52,581.28
Karpov A - Chess Combinations -World Champions-2 (2011).pdf,133,3,contour,149.16,800,800,False,0.5,0.4095,262.67,67.39,411.84,207.72
Karpov A - Chess Combinations -World Champions-2 (2011).pdf,133,4,contour,143.28,800,800,False,0.5,0.5102,266.27,256.13,409.55,392.86
Karpov A - Chess Combinations -World Champions-2 (2011).pdf,133,5,contour,143.93,800,800,False,0.5,0.4932,266.27,445.53,410.2,581.93
Karpov A - Chess Combinations -World Champions-2 (2011).pdf,143,0,contour,148.51,800,800,False,0.5,0.3971,53.97,67.39,202.48,207.39
Karpov A - Chess Combinations -World Champions-2 (2011).pdf,143,1,contour,143.6,800,800,False,0.5,0.5631,57.24,256.13,200.85,392.54
Karpov A - Chess Combinations -World Champions-2 (2011).pdf,143,2,contour,143.28,800,800,False,0.5,0.4704,57.9,445.53,201.17,582.26
Karpov A - Chess Combinations -World Champions-2 (2011).pdf,143,3,contour,148.84,800,800,False,0.5,0.3892,262.34,67.39,411.18,207.39
Karpov A - Chess Combinations -World Champions-2 (2011).pdf,143,4,contour,143.6,800,800,False,0.5,0.5708,265.94,256.13,409.55,392.54
Karpov A - Chess Combinations -World Champions-2 (2011).pdf,143,5,contour,148.84,800,800,False,0.5,0.4848,263.98,443.24,412.82,583.24
Karpov A - Chess Combinations -World Champions-2 (2011).pdf,154,0,contour,148.84,800,800,False,0.5,0.4259,53.97,66.73,202.81,206.74
Karpov A - Chess Combinations -World Champions-2 (2011).pdf,154,1,contour,210.33,800,800,False,0.5,0.1123,6.54,198.56,216.88,405.62
Karpov A - Chess Combinations -World Champions-2 (2011).pdf,154,2,contour,144.26,800,800,False,0.5,0.4452,57.24,445.53,201.5,582.26
Karpov A - Chess Combinations -World Champions-2 (2011).pdf,154,3,contour,148.18,800,800,False,0.5,0.4226,263.0,66.73,411.18,207.06
Karpov A - Chess Combinations -World Champions-2 (2011).pdf,154,4,contour,148.51,800,800,False,0.5,0.399,263.33,250.24,411.84,390.57
Karpov A - Chess Combinations -World Champions-2 (2011).pdf,154,5,contour,143.6,800,800,False,0.5,0.4147,266.92,441.93,410.53,578.66
Karpov A - Chess Combinations -World Champions-2 (2011).pdf,165,0,contour,210.01,800,800,False,0.5,0.2177,23.23,33.04,233.23,239.77
Karpov A - Chess Combinations -World Champions-2 (2011).pdf,165,1,contour,143.28,800,800,False,0.5,0.5045,56.92,252.86,200.19,389.26
Karpov A - Chess Combinations -World Champions-2 (2011).pdf,165,2,contour,148.51,800,800,False,0.5,0.469,55.28,439.64,203.79,579.97
Karpov A - Chess Combinations -World Champions-2 (2011).pdf,165,3,contour,148.84,800,800,False,0.5,0.4366,262.67,66.73,411.51,207.06
Karpov A - Chess Combinations -World Champions-2 (2011).pdf,165,4,contour,143.93,800,800,False,0.5,0.4897,265.29,252.86,409.22,388.94
Karpov A - Chess Combinations -World Champions-2 (2011).pdf,165,5,contour,148.51,800,800,False,0.5,0.459,263.98,439.64,412.49,579.97
Koblenz - El dominio del arte de la combinacion (1978).pdf,7,0,contour,153.8,800,800,False,0.5,0.7091,60.87,278.8,212.7,432.6
Koblenz - El dominio del arte de la combinacion (1978).pdf,7,1,contour,151.18,800,800,False,0.5,0.6903,246.41,133.84,397.26,285.02
Koblenz - El dominio del arte de la combinacion (1978).pdf,9,0,contour,149.22,800,800,False,0.5,0.6625,63.16,74.28,211.72,223.5
Koblenz - El dominio del arte de la combinacion (1978).pdf,9,1,contour,153.8,800,800,False,0.5,0.6944,252.62,45.16,403.48,198.96
Koblenz - El dominio del arte de la combinacion (1978).pdf,12,0,contour,151.51,800,800,False,0.5,0.7021,66.76,68.72,216.3,220.23
Koblenz - El dominio del arte de la combinacion (1978).pdf,12,1,contour,155.76,800,800,False,0.5,0.5461,60.87,336.07,214.99,491.83
Koblenz - El dominio del arte de la combinacion (1978).pdf,12,2,contour,150.85,800,800,False,0.5,0.6419,253.28,69.7,403.15,220.56
Koblenz - El dominio del arte de la combinacion (1978).pdf,12,3,contour,151.51,800,800,False,0.5,0.7339,252.62,353.08,399.55,504.59
Koblenz - El dominio del arte de la combinacion (1978).pdf,18,0,contour,155.44,800,800,False,0.5,0.5108,247.39,84.75,401.19,240.19
Koblenz - El dominio del arte de la combinacion (1978).pdf,18,1,contour,155.11,800,800,False,0.5,0.5281,245.75,376.97,400.86,531.75
Koblenz - El dominio del arte de la combinacion (1978).pdf,21,0,contour,155.44,800,800,False,0.5,0.5948,62.17,375.66,213.68,531.1
Koblenz - El dominio del arte de la combinacion (1978).pdf,21,1,contour,155.76,800,800,False,0.5,0.5573,250.33,270.95,403.48,426.71
Koblenz - El dominio del arte de la combinacion (1978).pdf,23,0,contour,159.69,800,800,False,0.5,0.5061,53.67,70.68,213.36,226.12
Koblenz - El dominio del arte de la combinacion (1978).pdf,23,1,contour,151.51,800,800,False,0.5,0.6434,246.41,45.49,396.93,196.99
Koblenz - El dominio del arte de la combinacion (1978).pdf,26,0,contour,153.8,800,800,False,0.5,0.6449,64.14,71.34,215.32,225.14
Koblenz - El dominio del arte de la combinacion (1978).pdf,26,1,contour,153.8,800,800,False,0.5,0.605,64.79,370.43,215.32,524.23
Koblenz - El dominio del arte de la combinacion (1978).pdf,29,0,contour,155.44,800,800,False,0.5,0.5699,55.63,90.32,209.76,245.75
Koblenz - El dominio del arte de la combinacion (1978).pdf,29,1,contour,152.82,800,800,False,0.5,0.6114,58.57,353.74,207.47,506.56
Koblenz - El dominio del arte de la combinacion (1978).pdf,29,2,contour,153.15,800,800,False,0.5,0.6502,244.77,90.97,393.99,244.12
Koblenz - El dominio del arte de la combinacion (1978).pdf,29,3,contour,153.15,800,800,False,0.5,0.4938,247.06,352.1,399.22,505.25
Koblenz - El dominio del arte de la combinacion (1978).pdf,32,0,contour,151.84,800,800,False,0.5,0.6203,62.5,70.68,214.01,222.52
Koblenz - El dominio del arte de la combinacion (1978).pdf,32,1,contour,154.78,800,800,False,0.5,0.6738,63.16,382.86,215.32,537.64
Koblenz - El dominio del arte de la combinacion (1978).pdf,32,2,contour,96.53,800,800,False,0.5,0.1539,278.15,105.37,371.74,201.9
Koblenz - El dominio del arte de la combinacion (1978).pdf,32,3,contour,156.09,800,800,False,0.5,0.5894,251.32,263.1,401.84,419.19
Koblenz - El dominio del arte de la combinacion (1978).pdf,35,0,contour,148.56,800,800,False,0.5,0.6022,65.12,76.9,213.36,225.46
Koblenz - El dominio del arte de la combinacion (1978).pdf,35,1,contour,152.16,800,800,False,0.5,0.6053,60.21,377.3,211.07,529.46
Koblenz - El dominio del arte de la combinacion (1978).pdf,35,2,contour,155.76,800,800,False,0.5,0.5141,247.06,214.99,401.52,370.76
Koblenz - El dominio del arte de la combinacion (1978).pdf,37,0,contour,150.53,800,800,False,0.5,0.6229,58.25,81.81,208.45,232.34
Koblenz - El dominio del arte de la combinacion (1978).pdf,37,1,contour,155.44,800,800,False,0.5,0.5063,54.98,359.96,208.77,515.39
Koblenz - El dominio del arte de la combinacion (1978).pdf,37,2,contour,155.44,800,800,False,0.5,0.5724,245.43,76.9,395.63,232.34
Koblenz - El dominio del arte de la combinacion (1978).pdf,37,3,contour,149.87,800,800,False,0.5,0.6976,246.73,350.47,394.32,500.34
Koblenz - El dominio del arte de la combinacion (1978).pdf,40,0,contour,154.13,800,800,False,0.5,0.5384,57.27,375.66,211.39,529.46
Koblenz - El dominio del arte de la combinacion (1978).pdf,40,1,contour,158.38,800,800,False,0.5,0.5613,246.73,262.11,399.55,420.5
Koblenz - El dominio del arte de la combinacion (1978).pdf,43,0,contour,159.36,800,800,False,0.5,0.4762,58.9,193.72,214.99,353.08
Koblenz - El dominio del arte de la combinacion (1978).pdf,43,1,contour,151.18,800,800,False,0.5,0.5697,251.64,75.92,401.52,227.1
Koblenz - El dominio del arte de la combinacion (1978).pdf,46,0,contour,155.76,800,800,False,0.5,0.5509,247.06,126.97,397.26,282.73
Koblenz - El dominio del arte de la combinacion (1978).pdf,49,0,contour,164.27,800,800,False,0.5,0.4189,57.27,156.09,216.3,320.36
Koblenz - El dominio del arte de la combinacion (1978).pdf,49,1,contour,149.22,800,800,False,0.5,0.6861,250.33,118.13,399.55,266.04
Koblenz - El dominio del arte de la combinacion (1978).pdf,51,0,contour,152.49,800,800,False,0.5,0.6349,61.52,324.29,214.01,475.8
Koblenz - El dominio del arte de la combinacion (1978).pdf,51,1,contour,158.71,800,800,False,0.5,0.5104,248.04,181.61,403.15,340.32
Koblenz - El dominio del arte de la combinacion (1978).pdf,54,0,contour,156.09,800,800,False,0.5,0.6243,60.21,273.89,213.03,429.98
Koblenz - El dominio del arte de la combinacion (1978).pdf,54,1,contour,154.13,800,800,False,0.5,0.6642,250.33,169.18,400.86,323.31
Koblenz - El dominio del arte de la combinacion (1978).pdf,57,0,contour,162.64,800,800,False,0.5,0.5656,62.17,357.99,216.96,520.63
Koblenz - El dominio del arte de la combinacion (1978).pdf,57,1,contour,156.74,800,800,False,0.5,0.601,251.64,62.5,405.77,219.25
Koblenz - El dominio del arte de la combinacion (1978).pdf,57,2,contour,158.05,800,800,False,0.5,0.5215,252.3,347.19,404.46,505.25
Koblenz - El dominio del arte de la combinacion (1978).pdf,60,0,contour,167.22,800,800,False,0.5,0.4521,246.73,334.76,403.15,501.98
Koblenz - El dominio del arte de la combinacion (1978).pdf,63,0,contour,153.15,800,800,False,0.5,0.5802,247.72,61.52,400.86,214.01
"La_Combinacion_En_El_Ajedrez_Constantin_Dobonov_83p,1974_OCR.pdf",11,0,embedded,142.18,312,312,True,1.0,0.4172,116.66,331.74,258.84,473.92
"La_Combinacion_En_El_Ajedrez_Constantin_Dobonov_83p,1974_OCR.pdf",14,0,embedded,139.68,840,832,True,1.0,0.5325,121.06,287.33,260.74,425.67
"La_Combinacion_En_El_Ajedrez_Constantin_Dobonov_83p,1974_OCR.pdf",18,0,embedded,141.28,312,312,True,1.0,0.4504,134.04,65.2,275.32,206.49
"La_Combinacion_En_El_Ajedrez_Constantin_Dobonov_83p,1974_OCR.pdf",21,0,embedded,154.57,928,936,True,0.9786,0.4626,117.58,340.84,270.83,495.41
"La_Combinacion_En_El_Ajedrez_Constantin_Dobonov_83p,1974_OCR.pdf",24,0,embedded,160.41,352,352,True,1.0,0.4269,116.66,94.77,277.07,255.18
"La_Combinacion_En_El_Ajedrez_Constantin_Dobonov_83p,1974_OCR.pdf",41,0,embedded,160.41,352,352,True,1.0,0.3781,116.66,331.74,277.07,492.15
"La_Combinacion_En_El_Ajedrez_Constantin_Dobonov_83p,1974_OCR.pdf",44,0,embedded,160.41,352,352,True,1.0,0.2828,116.66,317.15,277.07,477.56
"La_Combinacion_En_El_Ajedrez_Constantin_Dobonov_83p,1974_OCR.pdf",47,0,embedded,167.7,352,368,True,1.0,0.3575,116.66,76.55,277.07,244.25
"La_Combinacion_En_El_Ajedrez_Constantin_Dobonov_83p,1974_OCR.pdf",54,0,embedded,160.41,352,352,True,1.0,0.4719,116.66,189.56,277.07,349.97
"La_Combinacion_En_El_Ajedrez_Constantin_Dobonov_83p,1974_OCR.pdf",57,0,embedded,160.41,352,352,True,1.0,0.2964,116.66,331.74,277.07,492.15
"La_Combinacion_En_El_Ajedrez_Constantin_Dobonov_83p,1974_OCR.pdf",61,0,embedded,164.05,352,360,True,0.9444,0.3287,113.02,91.13,273.43,255.18
"La_Combinacion_En_El_Ajedrez_Constantin_Dobonov_83p,1974_OCR.pdf",64,0,embedded,160.41,352,352,True,1.0,0.4093,116.66,320.8,277.07,481.21
"La_Combinacion_En_El_Ajedrez_Constantin_Dobonov_83p,1974_OCR.pdf",67,0,embedded,160.41,352,352,True,1.0,0.493,116.66,324.45,277.07,484.86
"La_Combinacion_En_El_Ajedrez_Constantin_Dobonov_83p,1974_OCR.pdf",71,0,embedded,160.41,352,352,True,1.0,0.4385,116.66,320.8,277.07,481.21
"La_Combinacion_En_El_Ajedrez_Constantin_Dobonov_83p,1974_OCR.pdf",74,0,embedded,171.34,352,376,True,0.8404,0.4192,116.66,32.81,277.07,204.15
"La_Combinacion_En_El_Ajedrez_Constantin_Dobonov_83p,1974_OCR.pdf",77,0,embedded,160.41,352,352,True,1.0,0.4081,116.66,328.09,277.07,488.5
"La_Combinacion_En_El_Ajedrez_Constantin_Dobonov_83p,1974_OCR.pdf",81,0,embedded,160.41,352,352,True,1.0,0.515,113.02,269.76,273.43,430.17
Levenfis - Cartea sahistului inceparator (1962).pdf,13,0,contour,142.27,800,800,False,0.5,0.5173,49.06,380.04,191.33,521.99
Levenfis - Cartea sahistului inceparator (1962).pdf,13,1,contour,139.65,800,800,False,0.5,0.7042,216.51,199.18,356.17,338.18
Levenfis - Cartea sahistului inceparator (1962).pdf,25,0,contour,142.27,800,800,False,0.5,0.5398,44.15,81.11,186.42,222.4
Levenfis - Cartea sahistului inceparator (1962).pdf,25,1,contour,139.65,800,800,False,0.5,0.5995,212.26,104.33,351.92,243.99
Levenfis - Cartea sahistului inceparator (1962).pdf,38,0,contour,139.0,800,800,False,0.5,0.6408,33.69,158.95,172.69,297.3
Levenfis - Cartea sahistului inceparator (1962).pdf,50,0,contour,141.29,800,800,False,0.5,0.5819,199.51,132.46,340.8,273.75
Levenfis - Cartea sahistului inceparator (1962).pdf,74,0,contour,140.31,800,800,False,0.5,0.6075,200.49,384.62,340.14,524.93
Levenfis - Cartea sahistului inceparator (1962).pdf,87,0,contour,141.62,800,800,False,0.5,0.6508,48.08,82.75,189.37,224.36
Levenfis - Cartea sahistului inceparator (1962).pdf,87,1,contour,142.27,800,800,False,0.5,0.6513,212.59,384.62,354.86,526.89
Levenfis - Cartea sahistului inceparator (1962).pdf,99,0,contour,140.31,800,800,False,0.5,0.7248,48.73,299.91,187.08,440.22
Levenfis - Cartea sahistului inceparator (1962).pdf,99,1,contour,139.33,800,800,False,0.5,0.7359,214.88,147.83,354.21,287.16
Levenfis - Cartea sahistului inceparator (1962).pdf,111,0,contour,141.94,800,800,False,0.5,0.6422,41.86,282.25,183.48,424.2
Levenfis - Cartea sahistului inceparator (1962).pdf,111,1,contour,138.67,800,800,False,0.5,0.6577,210.3,84.05,348.97,221.75
Levenfis - Cartea sahistului inceparator (1962).pdf,136,0,contour,140.64,800,800,False,0.5,0.5825,33.03,224.69,173.01,365.33
Levenfis - Cartea sahistului inceparator (1962).pdf,148,0,contour,140.96,800,800,False,0.5,0.5306,197.54,157.64,338.51,298.6
Levenfis - Cartea sahistului inceparator (1962).pdf,160,0,contour,140.96,800,800,False,0.5,0.5857,196.24,78.49,337.2,218.8
Levenfis - Cartea sahistului inceparator (1962).pdf,185,0,contour,140.96,800,800,False,0.5,0.6069,48.73,86.67,189.69,226.98
Levenfis - Cartea sahistului inceparator (1962).pdf,197,0,contour,141.94,800,800,False,0.5,0.5887,46.44,89.94,188.39,231.88
Levenfis - Cartea sahistului inceparator (1962).pdf,197,1,contour,141.94,800,800,False,0.5,0.5662,46.77,381.35,188.71,523.29
Levenfis - Cartea sahistului inceparator (1962).pdf,197,2,contour,138.35,800,800,False,0.5,0.6366,215.86,147.18,354.21,284.87
Levenfis - Cartea sahistului inceparator (1962).pdf,197,3,contour,142.27,800,800,False,0.5,0.5606,214.22,353.22,355.84,495.49
Levenfis - Cartea sahistului inceparator (1962).pdf,209,0,contour,139.65,800,800,False,0.5,0.6565,215.2,370.89,354.86,510.54
Levenfis - Cartea sahistului inceparator (1962).pdf,221,0,contour,138.67,800,800,False,0.5,0.5882,45.13,83.73,183.81,222.07
Levenfis - Cartea sahistului inceparator (1962).pdf,221,1,contour,138.67,800,800,False,0.5,0.6349,211.61,228.29,349.95,366.96
Levenfis - Cartea sahistului inceparator (1962).pdf,246,0,contour,141.62,800,800,False,0.5,0.6036,28.78,118.4,170.4,259.36
Levenfis - Cartea sahistului inceparator (1962).pdf,246,1,contour,142.6,800,800,False,0.5,0.5976,28.13,342.43,169.09,485.03
Levenfis - Cartea sahistului inceparator (1962).pdf,246,2,contour,141.62,800,800,False,0.5,0.6147,194.93,250.53,336.54,392.14
Levenfis - Cartea sahistului inceparator (1962).pdf,258,0,contour,139.33,800,800,False,0.5,0.6902,29.44,82.75,168.76,221.75
Levenfis - Cartea sahistului inceparator (1962).pdf,258,1,contour,141.94,800,800,False,0.5,0.6829,193.62,260.99,335.56,402.94
Levenfis - Cartea sahistului inceparator (1962).pdf,270,0,contour,141.62,800,800,False,0.5,0.6894,29.11,230.58,170.72,371.87
Levenfis - Cartea sahistului inceparator (1962).pdf,270,1,contour,139.65,800,800,False,0.5,0.7023,197.87,83.07,337.53,222.07
"Mauricio Flores Rios - Chess Structures - A Grandmaster Guide[Quality Chess, 2015].pdf",20,0,contour,148.55,800,800,False,0.5,0.6905,51.7,356.97,200.24,503.55
"Mauricio Flores Rios - Chess Structures - A Grandmaster Guide[Quality Chess, 2015].pdf",20,1,contour,148.87,800,800,False,0.5,0.6948,255.21,272.55,404.09,419.46
"Mauricio Flores Rios - Chess Structures - A Grandmaster Guide[Quality Chess, 2015].pdf",38,0,contour,146.26,800,800,False,0.5,0.6919,53.01,438.11,199.26,582.41
"Mauricio Flores Rios - Chess Structures - A Grandmaster Guide[Quality Chess, 2015].pdf",38,1,contour,124.66,800,800,False,0.5,0.6666,267.97,354.68,392.63,476.4
"Mauricio Flores Rios - Chess Structures - A Grandmaster Guide[Quality Chess, 2015].pdf",57,0,contour,146.58,800,800,False,0.5,0.5789,52.68,295.78,199.26,440.4
"Mauricio Flores Rios - Chess Structures - A Grandmaster Guide[Quality Chess, 2015].pdf",57,1,contour,122.37,800,800,False,0.5,0.6013,268.95,271.9,391.32,392.31
"Mauricio Flores Rios - Chess Structures - A Grandmaster Guide[Quality Chess, 2015].pdf",76,0,contour,148.87,800,800,False,0.5,0.6092,51.04,369.4,199.92,515.66
"Mauricio Flores Rios - Chess Structures - A Grandmaster Guide[Quality Chess, 2015].pdf",76,1,contour,146.58,800,800,False,0.5,0.6742,255.87,319.01,402.45,463.63
"Mauricio Flores Rios - Chess Structures - A Grandmaster Guide[Quality Chess, 2015].pdf",94,0,contour,149.2,800,800,False,0.5,0.5395,50.39,165.56,199.59,312.47
"Mauricio Flores Rios - Chess Structures - A Grandmaster Guide[Quality Chess, 2015].pdf",94,1,contour,146.26,800,800,False,0.5,0.6257,256.19,262.08,402.45,406.7
"Mauricio Flores Rios - Chess Structures - A Grandmaster Guide[Quality Chess, 2015].pdf",113,0,contour,146.26,800,800,False,0.5,0.6802,53.99,466.25,200.24,610.22
"Mauricio Flores Rios - Chess Structures - A Grandmaster Guide[Quality Chess, 2015].pdf",131,0,contour,146.58,800,800,False,0.5,0.7779,256.19,189.45,402.78,333.74
"Mauricio Flores Rios - Chess Structures - A Grandmaster Guide[Quality Chess, 2015].pdf",150,0,contour,149.53,800,800,False,0.5,0.6455,50.72,289.89,200.24,436.8
"Mauricio Flores Rios - Chess Structures - A Grandmaster Guide[Quality Chess, 2015].pdf",150,1,contour,149.2,800,800,False,0.5,0.6504,255.21,464.94,404.41,611.53
"Mauricio Flores Rios - Chess Structures - A Grandmaster Guide[Quality Chess, 2015].pdf",169,0,contour,149.53,800,800,False,0.5,0.6776,51.37,345.19,200.9,492.1
"Mauricio Flores Rios - Chess Structures - A Grandmaster Guide[Quality Chess, 2015].pdf",169,1,contour,146.26,800,800,False,0.5,0.7006,256.85,310.18,403.1,454.8
"Mauricio Flores Rios - Chess Structures - A Grandmaster Guide[Quality Chess, 2015].pdf",187,0,contour,146.26,800,800,False,0.5,0.7343,52.68,358.28,198.93,502.57
"Mauricio Flores Rios - Chess Structures - A Grandmaster Guide[Quality Chess, 2015].pdf",206,0,contour,149.2,800,800,False,0.5,0.6968,275.5,36.97,424.7,182.9
"Mauricio Flores Rios - Chess Structures - A Grandmaster Guide[Quality Chess, 2015].pdf",225,0,contour,146.26,800,800,False,0.5,0.6734,52.35,221.84,198.61,366.13
"Mauricio Flores Rios - Chess Structures - A Grandmaster Guide[Quality Chess, 2015].pdf",225,1,contour,147.24,800,800,False,0.5,0.6074,256.52,226.09,403.76,371.37
"Mauricio Flores Rios - Chess Structures - A Grandmaster Guide[Quality Chess, 2015].pdf",243,0,contour,148.22,800,800,False,0.5,0.7328,275.82,36.65,424.04,183.23
"Mauricio Flores Rios - Chess Structures - A Grandmaster Guide[Quality Chess, 2015].pdf",262,0,contour,149.53,800,800,False,0.5,0.7095,275.5,36.65,425.03,183.23
"Mauricio Flores Rios - Chess Structures - A Grandmaster Guide[Quality Chess, 2015].pdf",281,0,contour,148.87,800,800,False,0.5,0.7014,51.7,165.89,200.57,312.14
"Mauricio Flores Rios - Chess Structures - A Grandmaster Guide[Quality Chess, 2015].pdf",281,1,contour,148.22,800,800,False,0.5,0.701,255.54,57.59,403.76,204.17
"Mauricio Flores Rios - Chess Structures - A Grandmaster Guide[Quality Chess, 2015].pdf",299,0,contour,146.26,800,800,False,0.5,0.7742,255.54,141.68,401.79,286.3
"Mauricio Flores Rios - Chess Structures - A Grandmaster Guide[Quality Chess, 2015].pdf",318,0,contour,148.87,800,800,False,0.5,0.6363,254.56,152.47,403.43,299.06
"Mauricio Flores Rios - Chess Structures - A Grandmaster Guide[Quality Chess, 2015].pdf",337,0,contour,146.26,800,800,False,0.5,0.683,53.99,437.46,200.24,581.75
"Mauricio Flores Rios - Chess Structures - A Grandmaster Guide[Quality Chess, 2015].pdf",337,1,contour,146.58,800,800,False,0.5,0.672,257.17,438.44,403.76,582.73
"Mauricio Flores Rios - Chess Structures - A Grandmaster Guide[Quality Chess, 2015].pdf",355,0,contour,145.93,800,800,False,0.5,0.6357,255.87,58.24,401.79,202.86
"Mauricio Flores Rios - Chess Structures - A Grandmaster Guide[Quality Chess, 2015].pdf",374,0,contour,124.01,800,800,False,0.5,0.7288,63.8,258.48,187.81,380.2
"Mauricio Flores Rios - Chess Structures - A Grandmaster Guide[Quality Chess, 2015].pdf",392,0,contour,146.91,800,800,False,0.5,0.5915,52.35,245.07,199.26,390.67
"Mauricio Flores Rios - Chess Structures - A Grandmaster Guide[Quality Chess, 2015].pdf",392,1,contour,149.53,800,800,False,0.5,0.6013,254.56,141.02,404.09,287.93
"Mauricio Flores Rios - Chess Structures - A Grandmaster Guide[Quality Chess, 2015].pdf",411,0,contour,149.53,800,800,False,0.5,0.6153,254.56,57.91,404.09,204.5
"Mauricio Flores Rios - Chess Structures - A Grandmaster Guide[Quality Chess, 2015].pdf",430,0,contour,145.6,800,800,False,0.5,0.6515,55.95,386.74,201.55,531.04
"Mauricio Flores Rios - Chess Structures - A Grandmaster Guide[Quality Chess, 2015].pdf",430,1,contour,146.26,800,800,False,0.5,0.7274,157.05,103.39,303.31,248.34
"Mauricio Flores Rios - Chess Structures - A Grandmaster Guide[Quality Chess, 2015].pdf",430,2,contour,148.55,800,800,False,0.5,0.721,258.16,386.09,406.7,532.35
"Mauricio Flores Rios - Chess Structures - A Grandmaster Guide[Quality Chess, 2015].pdf",448,0,contour,146.26,800,800,False,0.5,0.7294,53.33,338.32,199.59,482.61
Melhores Finais de Capablanca - Irving Chernev pt-br - Copia.pdf,103,0,embedded,243.0,251,261,True,1.0,0.746,45.0,447.45,279.0,690.45
Melhores Finais de Capablanca - Irving Chernev pt-br - Copia.pdf,170,0,embedded,239.5,254,260,True,1.0,0.984,45.0,36.0,279.0,275.5
Melhores Finais de Capablanca - Irving Chernev pt-br - Copia.pdf,255,0,embedded,246.0,251,264,True,1.0,1.0,45.0,299.75,279.0,545.75
Melhores Finais de Capablanca - Irving Chernev pt-br - Copia.pdf,306,0,embedded,246.0,251,264,True,1.0,0.8606,45.0,138.3,279.0,384.3
Melhores Finais de Capablanca - Irving Chernev pt-br - Copia.pdf,356,0,embedded,242.0,254,263,True,1.0,0.9233,45.0,36.0,279.0,278.0
Melhores Finais de Capablanca - Irving Chernev pt-br - Copia.pdf,390,0,embedded,243.0,254,264,True,1.0,0.937,45.0,138.3,279.0,381.3
Melhores Finais de Capablanca - Irving Chernev pt-br - Copia.pdf,407,0,embedded,245.0,251,263,True,1.0,0.8646,45.0,236.45,279.0,481.45
Mieses - Blind Schaken (1938).pdf,30,0,contour,146.22,800,800,False,0.5,0.4964,54.95,46.12,201.17,191.69
Mieses - Blind Schaken (1938).pdf,33,0,contour,144.63,800,800,False,0.5,0.5118,160.99,339.66,305.63,482.33
Mieses - Blind Schaken (1938).pdf,38,0,contour,144.9,800,800,False,0.5,0.4853,62.8,145.89,207.71,290.46
Mieses - Blind Schaken (1938).pdf,41,0,contour,140.65,800,800,False,0.5,0.496,10.79,155.37,151.44,296.02
Mieses - Blind Schaken (1938).pdf,44,0,contour,143.0,800,800,False,0.5,0.5558,210.41,246.74,353.09,389.74
Mieses - Blind Schaken (1938).pdf,50,0,contour,145.62,800,800,False,0.5,0.4759,208.45,50.07,353.42,195.69
Mieses - Blind Schaken (1938).pdf,56,0,contour,146.88,800,800,False,0.5,0.4916,206.09,342.51,352.98,487.1
Mieses - Blind Schaken (1938).pdf,59,0,contour,92.93,800,800,False,0.5,0.4804,19.63,74.93,112.56,167.53
Mieses - Blind Schaken (1938).pdf,59,1,contour,90.31,800,800,False,0.5,0.5346,121.72,73.3,212.04,163.28
Mieses - Blind Schaken (1938).pdf,59,2,contour,92.6,800,800,False,0.5,0.4554,221.52,69.37,314.13,161.97
Mieses - Blind Schaken (1938).pdf,61,0,contour,145.91,800,800,False,0.5,0.4899,161.94,293.46,307.85,439.37
Mieses - Blind Schaken (1938).pdf,64,0,contour,144.91,800,800,False,0.5,0.4823,202.81,327.44,347.73,471.05
Mieses - Blind Schaken (1938).pdf,67,0,contour,145.96,800,800,False,0.5,0.4927,164.94,226.46,310.9,372.42
Neumann - Traité élémentaire du jeu des échecs (1870).pdf,9,0,embedded,141.12,588,580,True,1.0,0.6889,144.96,446.4,286.08,585.6
Neumann - Traité élémentaire du jeu des échecs (1870).pdf,11,0,embedded,147.84,600,616,True,1.0,0.5455,156.48,296.64,300.48,444.48
Neumann - Traité élémentaire du jeu des échecs (1870).pdf,14,0,embedded,144.96,592,604,True,1.0,0.5964,50.88,108.48,192.96,253.44
Neumann - Traité élémentaire du jeu des échecs (1870).pdf,14,1,embedded,144.96,596,604,True,1.0,0.6114,49.92,437.76,192.96,582.72
Neumann - Traité élémentaire du jeu des échecs (1870).pdf,16,0,embedded,148.8,584,620,True,1.0,0.6323,55.68,117.12,195.84,265.92
Neumann - Traité élémentaire du jeu des échecs (1870).pdf,16,1,embedded,147.84,592,616,True,0.7818,0.6275,56.64,313.92,198.72,461.76
Neumann - Traité élémentaire du jeu des échecs (1870).pdf,16,2,embedded,148.8,592,620,True,1.0,0.6337,220.8,117.12,362.88,265.92
Neumann - Traité élémentaire du jeu des échecs (1870).pdf,24,0,embedded,148.8,596,620,True,1.0,0.6023,56.64,78.72,199.68,227.52
Neumann - Traité élémentaire du jeu des échecs (1870).pdf,24,1,embedded,148.8,592,620,True,1.0,0.6162,58.56,340.8,200.64,489.6
Neumann - Traité élémentaire du jeu des échecs (1870).pdf,24,2,embedded,149.76,588,624,True,1.0,0.6271,224.64,77.76,365.76,227.52
Neumann - Traité élémentaire du jeu des échecs (1870).pdf,24,3,embedded,149.76,588,624,True,1.0,0.5446,225.6,327.36,366.72,477.12
Neumann - Traité élémentaire du jeu des échecs (1870).pdf,27,0,embedded,148.8,596,620,True,1.0,0.6938,75.84,72.0,218.88,220.8
Neumann - Traité élémentaire du jeu des échecs (1870).pdf,27,1,embedded,148.8,604,620,True,1.0,0.733,75.84,301.44,220.8,450.24
Neumann - Traité élémentaire du jeu des échecs (1870).pdf,27,2,embedded,148.8,596,620,True,0.9032,0.5632,242.88,72.96,385.92,221.76
Neumann - Traité élémentaire du jeu des échecs (1870).pdf,27,3,embedded,147.84,588,616,True,1.0,0.6768,243.84,340.8,384.96,488.64
Neumann - Traité élémentaire du jeu des échecs (1870).pdf,29,0,embedded,141.12,588,584,True,0.838,0.678,73.92,91.2,215.04,231.36
Neumann - Traité élémentaire du jeu des échecs (1870).pdf,29,1,embedded,145.92,592,608,True,0.8039,0.722,69.12,407.04,211.2,552.96
Neumann - Traité élémentaire du jeu des échecs (1870).pdf,29,2,embedded,145.92,588,608,True,0.7924,0.67,238.08,215.04,379.2,360.96
Neumann - Traité élémentaire du jeu des échecs (1870).pdf,32,0,embedded,147.84,584,616,True,1.0,0.6876,51.84,402.24,192.0,550.08
Neumann - Traité élémentaire du jeu des échecs (1870).pdf,32,1,embedded,146.88,580,612,True,1.0,0.7323,218.88,70.08,358.08,216.96
Neumann - Traité élémentaire du jeu des échecs (1870).pdf,34,0,embedded,149.76,608,624,True,1.0,0.7122,60.48,86.4,206.4,236.16
Neumann - Traité élémentaire du jeu des échecs (1870).pdf,34,1,embedded,148.8,604,620,True,1.0,0.7328,226.56,133.44,371.52,282.24
Neumann - Traité élémentaire du jeu des échecs (1870).pdf,34,2,embedded,146.88,612,604,True,1.0,0.698,227.52,431.04,374.4,576.0
Neumann - Traité élémentaire du jeu des échecs (1870).pdf,37,0,embedded,145.92,588,608,True,0.9178,0.6335,55.68,144.0,196.8,289.92
Neumann - Traité élémentaire du jeu des échecs (1870).pdf,37,1,embedded,147.84,588,616,True,1.0,0.641,220.8,90.24,361.92,238.08
Neumann - Traité élémentaire du jeu des échecs (1870).pdf,37,2,embedded,147.84,600,616,True,1.0,0.654,220.8,429.12,364.8,576.96
Neumann - Traité élémentaire du jeu des échecs (1870).pdf,39,0,embedded,157.44,576,656,True,0.8451,0.6568,66.24,418.56,204.48,576.0
Neumann - Traité élémentaire du jeu des échecs (1870).pdf,39,1,embedded,148.8,592,620,True,1.0,0.675,228.48,386.88,370.56,535.68
Neumann - Traité élémentaire du jeu des échecs (1870).pdf,42,0,embedded,150.72,608,628,True,1.0,0.6352,51.84,191.04,197.76,341.76
Neumann - Traité élémentaire du jeu des échecs (1870).pdf,42,1,embedded,149.76,608,624,True,1.0,0.6339,217.92,238.08,363.84,387.84
Neumann - Traité élémentaire du jeu des échecs (1870).pdf,45,0,embedded,144.96,584,604,True,1.0,0.72,71.04,429.12,211.2,574.08
Neumann - Traité élémentaire du jeu des échecs (1870).pdf,47,0,embedded,139.2,580,580,True,1.0,0.5768,238.08,237.12,377.28,376.32
Neumann - Traité élémentaire du jeu des échecs (1870).pdf,50,0,embedded,145.92,592,608,True,1.0,0.6066,63.36,84.48,205.44,230.4
Neumann - Traité élémentaire du jeu des échecs (1870).pdf,50,1,embedded,144.96,588,604,True,1.0,0.6258,232.32,395.52,373.44,540.48
Neumann - Traité élémentaire du jeu des échecs (1870).pdf,52,0,embedded,148.8,588,620,True,0.7597,0.6248,226.56,69.12,367.68,217.92
Neumann - Traité élémentaire du jeu des échecs (1870).pdf,52,1,embedded,144.96,596,604,True,0.8268,0.6589,228.48,379.2,371.52,524.16
Neumann - Traité élémentaire du jeu des échecs (1870).pdf,55,0,embedded,147.84,584,616,True,0.7591,0.629,57.6,419.52,197.76,567.36
Neumann - Traité élémentaire du jeu des échecs (1870).pdf,55,1,embedded,148.8,592,620,True,1.0,0.6918,223.68,360.0,365.76,508.8
Neumann - Traité élémentaire du jeu des échecs (1870).pdf,57,0,embedded,145.92,588,608,True,1.0,0.5796,72.0,311.04,213.12,456.96
Neumann - Traité élémentaire du jeu des échecs (1870).pdf,57,1,embedded,144.96,588,604,True,1.0,0.5966,237.12,357.12,378.24,502.08
Neumann - Traité élémentaire du jeu des échecs (1870).pdf,60,0,embedded,148.8,588,620,True,0.7597,0.5675,50.88,116.16,192.0,264.96
Neumann - Traité élémentaire du jeu des échecs (1870).pdf,60,1,embedded,148.8,592,620,True,0.771,0.5415,217.92,252.48,360.0,401.28
Neumann - Traité élémentaire du jeu des échecs (1870).pdf,62,0,embedded,143.04,592,596,True,0.9832,0.5813,226.56,129.6,368.64,272.64
Niemeijer - Zwarte Magie 100 zwarte dame‑problemen (1945).pdf,7,0,contour,279.45,800,800,False,0.5,0.5824,117.8,663.6,397.25,940.76
Niemeijer - Zwarte Magie 100 zwarte dame‑problemen (1945).pdf,9,0,contour,282.41,800,800,False,0.5,0.5748,109.63,226.12,392.03,507.88
Niemeijer - Zwarte Magie 100 zwarte dame‑problemen (1945).pdf,10,0,contour,279.11,800,800,False,0.5,0.536,140.05,680.6,419.16,958.08
Niemeijer - Zwarte Magie 100 zwarte dame‑problemen (1945).pdf,10,1,contour,279.11,800,800,False,0.5,0.5312,433.56,250.32,709.72,529.43
Niemeijer - Zwarte Magie 100 zwarte dame‑problemen (1945).pdf,10,2,contour,279.11,800,800,False,0.5,0.5103,428.98,684.2,708.09,961.35
Niemeijer - Zwarte Magie 100 zwarte dame‑problemen (1945).pdf,11,0,contour,278.78,800,800,False,0.5,0.5055,110.59,694.32,385.12,973.1
Niemeijer - Zwarte Magie 100 zwarte dame‑problemen (1945).pdf,11,1,contour,280.74,800,800,False,0.5,0.5377,397.88,249.65,678.62,525.81
Niemeijer - Zwarte Magie 100 zwarte dame‑problemen (1945).pdf,11,2,contour,283.36,800,800,False,0.5,0.503,396.9,690.07,680.25,970.15
Niemeijer - Zwarte Magie 100 zwarte dame‑problemen (1945).pdf,14,0,contour,278.82,800,800,False,0.5,0.5252,150.86,250.67,429.68,526.87
Niemeijer - Zwarte Magie 100 zwarte dame‑problemen (1945).pdf,14,1,contour,277.51,800,800,False,0.5,0.5192,148.24,691.81,423.13,969.31
Niemeijer - Zwarte Magie 100 zwarte dame‑problemen (1945).pdf,15,0,contour,279.1,800,800,False,0.5,0.5571,106.34,695.29,383.8,974.39
Niemeijer - Zwarte Magie 100 zwarte dame‑problemen (1945).pdf,15,1,contour,277.46,800,800,False,0.5,0.5666,395.25,697.26,668.46,974.72
Niemeijer - Zwarte Magie 100 zwarte dame‑problemen (1945).pdf,16,0,contour,278.15,800,800,False,0.5,0.5513,440.79,247.72,714.69,525.87
Niemeijer - Zwarte Magie 100 zwarte dame‑problemen (1945).pdf,18,0,contour,277.5,800,800,False,0.5,0.5505,147.58,703.24,425.08,977.79
Niemeijer - Zwarte Magie 100 zwarte dame‑problemen (1945).pdf,18,1,contour,278.15,800,800,False,0.5,0.5667,434.25,701.93,712.4,977.14
Niemeijer - Zwarte Magie 100 zwarte dame‑problemen (1945).pdf,20,0,contour,279.46,800,800,False,0.5,0.5328,432.6,692.75,707.8,972.21
Niemeijer - Zwarte Magie 100 zwarte dame‑problemen (1945).pdf,23,0,contour,278.45,800,800,False,0.5,0.5265,106.01,255.54,384.46,529.41
Niemeijer - Zwarte Magie 100 zwarte dame‑problemen (1945).pdf,24,0,contour,282.09,800,800,False,0.5,0.5349,149.55,667.25,430.98,949.34
Niemeijer - Zwarte Magie 100 zwarte dame‑problemen (1945).pdf,25,0,contour,279.75,800,800,False,0.5,0.5293,395.25,680.23,671.07,959.98
Niemeijer - Zwarte Magie 100 zwarte dame‑problemen (1945).pdf,27,0,contour,278.44,800,800,False,0.5,0.5202,101.76,273.53,377.25,551.97
Niemeijer - Zwarte Magie 100 zwarte dame‑problemen (1945).pdf,28,0,contour,276.15,800,800,False,0.5,0.5368,441.38,712.3,717.53,987.14
Niemeijer - Zwarte Magie 100 zwarte dame‑problemen (1945).pdf,29,0,contour,278.82,800,800,False,0.5,0.5187,387.47,668.57,663.67,947.39
Niemeijer - Zwarte Magie 100 zwarte dame‑problemen (1945).pdf,30,0,contour,278.78,800,800,False,0.5,0.588,149.53,649.18,426.02,927.96
Niemeijer - Zwarte Magie 100 zwarte dame‑problemen (1945).pdf,30,1,contour,276.49,800,800,False,0.5,0.549,435.84,220.86,712.33,494.41
"Polgar,_Laszlo_Chess_5334_Problems,_Combinations,_and_Games.pdf",48,0,contour,241.85,800,800,False,0.5,0.5226,45.82,107.02,287.67,348.87
"Polgar,_Laszlo_Chess_5334_Problems,_Combinations,_and_Games.pdf",48,1,contour,241.85,800,800,False,0.5,0.5348,45.82,398.62,287.67,640.47
"Polgar,_Laszlo_Chess_5334_Problems,_Combinations,_and_Games.pdf",48,2,contour,241.85,800,800,False,0.5,0.5277,45.82,690.22,287.67,931.75
"Polgar,_Laszlo_Chess_5334_Problems,_Combinations,_and_Games.pdf",48,3,contour,238.91,800,800,False,0.5,0.5435,354.44,108.65,593.35,347.56
"Polgar,_Laszlo_Chess_5334_Problems,_Combinations,_and_Games.pdf",48,4,contour,241.85,800,800,False,0.5,0.541,352.8,398.62,594.65,640.47
"Polgar,_Laszlo_Chess_5334_Problems,_Combinations,_and_Games.pdf",48,5,contour,241.85,800,800,False,0.5,0.4947,352.8,690.22,594.65,931.75
"Polgar,_Laszlo_Chess_5334_Problems,_Combinations,_and_Games.pdf",96,0,contour,241.85,800,800,False,0.5,0.158,45.82,107.02,287.67,348.87
"Polgar,_Laszlo_Chess_5334_Problems,_Combinations,_and_Games.pdf",96,1,contour,239.24,800,800,False,0.5,0.4021,47.13,399.93,286.36,638.84
"Polgar,_Laszlo_Chess_5334_Problems,_Combinations,_and_Games.pdf",96,2,contour,239.24,800,800,False,0.5,0.429,47.13,691.53,286.36,930.44
"Polgar,_Laszlo_Chess_5334_Problems,_Combinations,_and_Games.pdf",96,3,contour,238.91,800,800,False,0.5,0.4824,354.44,108.65,593.35,347.56
"Polgar,_Laszlo_Chess_5334_Problems,_Combinations,_and_Games.pdf",96,4,contour,241.85,800,800,False,0.5,0.2477,352.8,398.62,594.65,640.47
"Polgar,_Laszlo_Chess_5334_Problems,_Combinations,_and_Games.pdf",96,5,contour,241.85,800,800,False,0.5,0.3251,352.8,690.22,594.65,931.75
"Polgar,_Laszlo_Chess_5334_Problems,_Combinations,_and_Games.pdf",143,0,contour,241.85,800,800,False,0.5,0.4902,45.82,107.02,287.67,348.87
"Polgar,_Laszlo_Chess_5334_Problems,_Combinations,_and_Games.pdf",143,1,contour,241.85,800,800,False,0.5,0.4164,45.82,398.62,287.67,640.47
"Polgar,_Laszlo_Chess_5334_Problems,_Combinations,_and_Games.pdf",143,2,contour,241.85,800,800,False,0.5,0.3764,45.82,690.22,287.67,931.75
"Polgar,_Laszlo_Chess_5334_Problems,_Combinations,_and_Games.pdf",143,3,contour,238.91,800,800,False,0.5,0.5825,354.44,108.65,593.35,347.56
"Polgar,_Laszlo_Chess_5334_Problems,_Combinations,_and_Games.pdf",143,4,contour,238.91,800,800,False,0.5,0.4186,354.44,399.93,593.35,638.84
"Polgar,_Laszlo_Chess_5334_Problems,_Combinations,_and_Games.pdf",143,5,contour,238.91,800,800,False,0.5,0.4544,354.44,691.53,593.35,930.44
"Polgar,_Laszlo_Chess_5334_Problems,_Combinations,_and_Games.pdf",190,0,contour,239.24,800,800,False,0.5,0.2654,47.13,108.65,286.36,347.56
"Polgar,_Laszlo_Chess_5334_Problems,_Combinations,_and_Games.pdf",190,1,contour,241.85,800,800,False,0.5,0.4627,45.82,398.62,287.67,640.47
"Polgar,_Laszlo_Chess_5334_Problems,_Combinations,_and_Games.pdf",190,2,contour,241.85,800,800,False,0.5,0.1527,45.82,690.22,287.67,931.75
"Polgar,_Laszlo_Chess_5334_Problems,_Combinations,_and_Games.pdf",190,3,contour,241.85,800,800,False,0.5,0.2649,352.8,107.02,594.65,348.87
"Polgar,_Laszlo_Chess_5334_Problems,_Combinations,_and_Games.pdf",190,4,contour,241.85,800,800,False,0.5,0.4521,352.8,398.62,594.65,640.47
"Polgar,_Laszlo_Chess_5334_Problems,_Combinations,_and_Games.pdf",190,5,contour,241.85,800,800,False,0.5,0.3306,352.8,690.22,594.65,931.75
"Polgar,_Laszlo_Chess_5334_Problems,_Combinations,_and_Games.pdf",238,0,contour,241.85,800,800,False,0.5,0.5289,45.82,107.02,287.67,348.87
"Polgar,_Laszlo_Chess_5334_Problems,_Combinations,_and_Games.pdf",238,1,contour,241.85,800,800,False,0.5,0.2425,45.82,398.62,287.67,640.47
"Polgar,_Laszlo_Chess_5334_Problems,_Combinations,_and_Games.pdf",238,2,contour,239.24,800,800,False,0.5,0.5352,47.13,691.53,286.36,930.44
"Polgar,_Laszlo_Chess_5334_Problems,_Combinations,_and_Games.pdf",238,3,contour,241.85,800,800,False,0.5,0.3013,352.8,107.02,594.65,348.87
"Polgar,_Laszlo_Chess_5334_Problems,_Combinations,_and_Games.pdf",238,4,contour,238.91,800,800,False,0.5,0.3508,354.44,399.93,593.35,638.84
"Polgar,_Laszlo_Chess_5334_Problems,_Combinations,_and_Games.pdf",238,5,contour,241.85,800,800,False,0.5,0.1506,352.8,690.22,594.65,931.75
"Polgar,_Laszlo_Chess_5334_Problems,_Combinations,_and_Games.pdf",285,0,contour,241.85,800,800,False,0.5,0.5304,45.82,107.02,287.67,348.87
"Polgar,_Laszlo_Chess_5334_Problems,_Combinations,_and_Games.pdf",285,1,contour,241.85,800,800,False,0.5,0.4439,45.82,398.62,287.67,640.47
"Polgar,_Laszlo_Chess_5334_Problems,_Combinations,_and_Games.pdf",285,2,contour,241.85,800,800,False,0.5,0.5294,45.82,690.22,287.67,931.75
"Polgar,_Laszlo_Chess_5334_Problems,_Combinations,_and_Games.pdf",285,3,contour,241.85,800,800,False,0.5,0.4668,352.8,107.02,594.65,348.87
"Polgar,_Laszlo_Chess_5334_Problems,_Combinations,_and_Games.pdf",285,4,contour,241.85,800,800,False,0.5,0.4518,352.8,398.62,594.65,640.47
"Polgar,_Laszlo_Chess_5334_Problems,_Combinations,_and_Games.pdf",285,5,contour,241.85,800,800,False,0.5,0.4667,352.8,690.22,594.65,931.75
"Polgar,_Laszlo_Chess_5334_Problems,_Combinations,_and_Games.pdf",333,0,contour,241.85,800,800,False,0.5,0.5719,45.82,107.02,287.67,348.87
"Polgar,_Laszlo_Chess_5334_Problems,_Combinations,_and_Games.pdf",333,1,contour,241.85,800,800,False,0.5,0.5556,45.82,398.62,287.67,640.47
"Polgar,_Laszlo_Chess_5334_Problems,_Combinations,_and_Games.pdf",333,2,contour,241.85,800,800,False,0.5,0.5731,45.82,690.22,287.67,931.75
"Polgar,_Laszlo_Chess_5334_Problems,_Combinations,_and_Games.pdf",333,3,contour,241.85,800,800,False,0.5,0.5525,352.8,107.02,594.65,348.87
"Polgar,_Laszlo_Chess_5334_Problems,_Combinations,_and_Games.pdf",333,4,contour,241.85,800,800,False,0.5,0.5685,352.8,398.62,594.65,640.47
"Polgar,_Laszlo_Chess_5334_Problems,_Combinations,_and_Games.pdf",333,5,contour,241.85,800,800,False,0.5,0.5219,352.8,690.22,594.65,931.75
"Polgar,_Laszlo_Chess_5334_Problems,_Combinations,_and_Games.pdf",380,0,contour,241.85,800,800,False,0.5,0.5481,45.82,107.02,287.67,348.87
"Polgar,_Laszlo_Chess_5334_Problems,_Combinations,_and_Games.pdf",380,1,contour,241.85,800,800,False,0.5,0.5248,45.82,398.62,287.67,640.47
"Polgar,_Laszlo_Chess_5334_Problems,_Combinations,_and_Games.pdf",380,2,contour,241.85,800,800,False,0.5,0.4943,45.82,690.22,287.67,931.75
"Polgar,_Laszlo_Chess_5334_Problems,_Combinations,_and_Games.pdf",380,3,contour,241.85,800,800,False,0.5,0.49,352.8,107.02,594.65,348.87
"Polgar,_Laszlo_Chess_5334_Problems,_Combinations,_and_Games.pdf",380,4,contour,241.85,800,800,False,0.5,0.5274,352.8,398.62,594.65,640.47
"Polgar,_Laszlo_Chess_5334_Problems,_Combinations,_and_Games.pdf",380,5,contour,241.85,800,800,False,0.5,0.4303,352.8,690.22,594.65,931.75
"Polgar,_Laszlo_Chess_5334_Problems,_Combinations,_and_Games.pdf",427,0,contour,241.85,800,800,False,0.5,0.5449,45.82,107.02,287.67,348.87
"Polgar,_Laszlo_Chess_5334_Problems,_Combinations,_and_Games.pdf",427,1,contour,241.85,800,800,False,0.5,0.5059,45.82,398.62,287.67,640.47
"Polgar,_Laszlo_Chess_5334_Problems,_Combinations,_and_Games.pdf",427,2,contour,241.85,800,800,False,0.5,0.5322,45.82,690.22,287.67,931.75
"Polgar,_Laszlo_Chess_5334_Problems,_Combinations,_and_Games.pdf",427,3,contour,241.85,800,800,False,0.5,0.514,352.8,107.02,594.65,348.87
"Polgar,_Laszlo_Chess_5334_Problems,_Combinations,_and_Games.pdf",427,4,contour,241.85,800,800,False,0.5,0.4635,352.8,398.62,594.65,640.47
"Polgar,_Laszlo_Chess_5334_Problems,_Combinations,_and_Games.pdf",427,5,contour,241.85,800,800,False,0.5,0.5141,352.8,690.22,594.65,931.75
"Polgar,_Laszlo_Chess_5334_Problems,_Combinations,_and_Games.pdf",475,0,contour,241.85,800,800,False,0.5,0.468,45.82,107.02,287.67,348.87
"Polgar,_Laszlo_Chess_5334_Problems,_Combinations,_and_Games.pdf",475,1,contour,241.85,800,800,False,0.5,0.4544,45.82,398.62,287.67,640.47
"Polgar,_Laszlo_Chess_5334_Problems,_Combinations,_and_Games.pdf",475,2,contour,241.85,800,800,False,0.5,0.5313,45.82,690.22,287.67,931.75
"Polgar,_Laszlo_Chess_5334_Problems,_Combinations,_and_Games.pdf",475,3,contour,241.85,800,800,False,0.5,0.4775,352.8,107.02,594.65,348.87
"Polgar,_Laszlo_Chess_5334_Problems,_Combinations,_and_Games.pdf",475,4,contour,241.85,800,800,False,0.5,0.4841,352.8,398.62,594.65,640.47
"Polgar,_Laszlo_Chess_5334_Problems,_Combinations,_and_Games.pdf",475,5,contour,241.85,800,800,False,0.5,0.5209,352.8,690.22,594.65,931.75
"Polgar,_Laszlo_Chess_5334_Problems,_Combinations,_and_Games.pdf",522,0,contour,241.85,800,800,False,0.5,0.533,45.82,107.02,287.67,348.87
"Polgar,_Laszlo_Chess_5334_Problems,_Combinations,_and_Games.pdf",522,1,contour,241.85,800,800,False,0.5,0.5504,45.82,398.62,287.67,640.47
"Polgar,_Laszlo_Chess_5334_Problems,_Combinations,_and_Games.pdf",522,2,contour,241.85,800,800,False,0.5,0.5483,45.82,690.22,287.67,931.75
"Polgar,_Laszlo_Chess_5334_Problems,_Combinations,_and_Games.pdf",522,3,contour,241.85,800,800,False,0.5,0.5144,352.8,107.02,594.65,348.87
"Polgar,_Laszlo_Chess_5334_Problems,_Combinations,_and_Games.pdf",522,4,contour,241.85,800,800,False,0.5,0.5311,352.8,398.62,594.65,640.47
"Polgar,_Laszlo_Chess_5334_Problems,_Combinations,_and_Games.pdf",522,5,contour,241.85,800,800,False,0.5,0.5727,352.8,690.22,594.65,931.75
"Polgar,_Laszlo_Chess_5334_Problems,_Combinations,_and_Games.pdf",569,0,contour,241.85,800,800,False,0.5,0.4863,45.82,107.02,287.67,348.87
"Polgar,_Laszlo_Chess_5334_Problems,_Combinations,_and_Games.pdf",569,1,contour,241.85,800,800,False,0.5,0.491,45.82,398.62,287.67,640.47
"Polgar,_Laszlo_Chess_5334_Problems,_Combinations,_and_Games.pdf",569,2,contour,241.85,800,800,False,0.5,0.4936,45.82,690.22,287.67,931.75
"Polgar,_Laszlo_Chess_5334_Problems,_Combinations,_and_Games.pdf",569,3,contour,241.85,800,800,False,0.5,0.5715,352.8,107.02,594.65,348.87
"Polgar,_Laszlo_Chess_5334_Problems,_Combinations,_and_Games.pdf",569,4,contour,241.85,800,800,False,0.5,0.5488,352.8,398.62,594.65,640.47
"Polgar,_Laszlo_Chess_5334_Problems,_Combinations,_and_Games.pdf",569,5,contour,241.85,800,800,False,0.5,0.4997,352.8,690.22,594.65,931.75
"Polgar,_Laszlo_Chess_5334_Problems,_Combinations,_and_Games.pdf",617,0,contour,241.85,800,800,False,0.5,0.4381,45.82,107.02,287.67,348.87
"Polgar,_Laszlo_Chess_5334_Problems,_Combinations,_and_Games.pdf",617,1,contour,241.85,800,800,False,0.5,0.5817,45.82,398.62,287.67,640.47
"Polgar,_Laszlo_Chess_5334_Problems,_Combinations,_and_Games.pdf",617,2,contour,239.24,800,800,False,0.5,0.4518,47.13,691.53,286.36,930.44
"Polgar,_Laszlo_Chess_5334_Problems,_Combinations,_and_Games.pdf",617,3,contour,241.85,800,800,False,0.5,0.5642,352.8,107.02,594.65,348.87
"Polgar,_Laszlo_Chess_5334_Problems,_Combinations,_and_Games.pdf",617,4,contour,241.85,800,800,False,0.5,0.5711,352.8,398.62,594.65,640.47
"Polgar,_Laszlo_Chess_5334_Problems,_Combinations,_and_Games.pdf",617,5,contour,241.85,800,800,False,0.5,0.5693,352.8,690.22,594.65,931.75
"Polgar,_Laszlo_Chess_5334_Problems,_Combinations,_and_Games.pdf",664,0,contour,238.91,800,800,False,0.5,0.4342,47.13,108.65,286.04,347.24
"Polgar,_Laszlo_Chess_5334_Problems,_Combinations,_and_Games.pdf",664,1,contour,241.85,800,800,False,0.5,0.3613,45.82,398.62,287.67,640.47
"Polgar,_Laszlo_Chess_5334_Problems,_Combinations,_and_Games.pdf",664,2,contour,241.85,800,800,False,0.5,0.4224,45.82,690.22,287.67,931.75
"Polgar,_Laszlo_Chess_5334_Problems,_Combinations,_and_Games.pdf",664,3,contour,238.91,800,800,False,0.5,0.5421,354.44,108.65,593.35,347.56
"Polgar,_Laszlo_Chess_5334_Problems,_Combinations,_and_Games.pdf",664,4,contour,241.85,800,800,False,0.5,0.3599,352.8,398.62,594.65,640.47
"Polgar,_Laszlo_Chess_5334_Problems,_Combinations,_and_Games.pdf",664,5,contour,238.91,800,800,False,0.5,0.5046,354.11,691.2,593.02,930.11
"Polgar,_Laszlo_Chess_5334_Problems,_Combinations,_and_Games.pdf",711,0,contour,241.85,800,800,False,0.5,0.3717,45.82,107.02,287.67,348.87
"Polgar,_Laszlo_Chess_5334_Problems,_Combinations,_and_Games.pdf",711,1,contour,241.85,800,800,False,0.5,0.2998,45.82,398.62,287.67,640.47
"Polgar,_Laszlo_Chess_5334_Problems,_Combinations,_and_Games.pdf",711,2,contour,239.24,800,800,False,0.5,0.4331,47.13,691.53,286.36,930.44
"Polgar,_Laszlo_Chess_5334_Problems,_Combinations,_and_Games.pdf",711,3,contour,241.85,800,800,False,0.5,0.236,352.8,107.02,594.65,348.87
"Polgar,_Laszlo_Chess_5334_Problems,_Combinations,_and_Games.pdf",711,4,contour,241.85,800,800,False,0.5,0.1849,352.8,398.62,594.65,640.47
"Polgar,_Laszlo_Chess_5334_Problems,_Combinations,_and_Games.pdf",711,5,contour,238.91,800,800,False,0.5,0.5044,354.44,691.53,593.35,930.44
"Polgar,_Laszlo_Chess_5334_Problems,_Combinations,_and_Games.pdf",759,0,contour,241.85,800,800,False,0.5,0.2494,45.82,107.02,287.67,348.87
"Polgar,_Laszlo_Chess_5334_Problems,_Combinations,_and_Games.pdf",759,1,contour,238.91,800,800,False,0.5,0.5741,47.13,399.6,286.04,638.51
"Polgar,_Laszlo_Chess_5334_Problems,_Combinations,_and_Games.pdf",759,2,contour,239.24,800,800,False,0.5,0.5323,47.13,691.53,286.36,930.44
"Polgar,_Laszlo_Chess_5334_Problems,_Combinations,_and_Games.pdf",759,3,contour,241.85,800,800,False,0.5,0.2679,352.8,107.02,594.65,348.87
"Polgar,_Laszlo_Chess_5334_Problems,_Combinations,_and_Games.pdf",759,4,contour,241.85,800,800,False,0.5,0.4084,352.8,398.62,594.65,640.47
"Polgar,_Laszlo_Chess_5334_Problems,_Combinations,_and_Games.pdf",759,5,contour,238.91,800,800,False,0.5,0.4943,354.44,691.53,593.35,930.44
"Polgar,_Laszlo_Chess_5334_Problems,_Combinations,_and_Games.pdf",853,0,contour,239.24,800,800,False,0.5,0.5314,47.13,108.65,286.36,347.56
"Polgar,_Laszlo_Chess_5334_Problems,_Combinations,_and_Games.pdf",853,1,contour,239.24,800,800,False,0.5,0.43,47.13,399.93,286.36,638.84
"Polgar,_Laszlo_Chess_5334_Problems,_Combinations,_and_Games.pdf",853,2,contour,239.24,800,800,False,0.5,0.4874,47.13,691.53,286.36,930.44
"Polgar,_Laszlo_Chess_5334_Problems,_Combinations,_and_Games.pdf",853,3,contour,238.91,800,800,False,0.5,0.4009,354.44,108.65,593.35,347.56
"Polgar,_Laszlo_Chess_5334_Problems,_Combinations,_and_Games.pdf",853,4,contour,238.91,800,800,False,0.5,0.5531,354.44,399.93,593.35,638.84
"Polgar,_Laszlo_Chess_5334_Problems,_Combinations,_and_Games.pdf",853,5,contour,241.85,800,800,False,0.5,0.1491,352.8,690.22,594.65,931.75
"Polgar,_Laszlo_Chess_5334_Problems,_Combinations,_and_Games.pdf",901,0,contour,241.85,800,800,False,0.5,0.2467,45.82,107.02,287.67,348.87
"Polgar,_Laszlo_Chess_5334_Problems,_Combinations,_and_Games.pdf",901,1,contour,241.85,800,800,False,0.5,0.2064,45.82,398.62,287.67,640.47
"Polgar,_Laszlo_Chess_5334_Problems,_Combinations,_and_Games.pdf",901,2,contour,241.85,800,800,False,0.5,0.2499,45.82,690.22,287.67,931.75
"Polgar,_Laszlo_Chess_5334_Problems,_Combinations,_and_Games.pdf",901,3,contour,238.91,800,800,False,0.5,0.3987,354.44,108.65,593.35,347.56
"Polgar,_Laszlo_Chess_5334_Problems,_Combinations,_and_Games.pdf",901,4,contour,238.91,800,800,False,0.5,0.3249,354.44,399.93,593.35,638.84
"Polgar,_Laszlo_Chess_5334_Problems,_Combinations,_and_Games.pdf",901,5,contour,241.85,800,800,False,0.5,0.3374,352.8,690.22,594.65,931.75
"Polgar,_Laszlo_Chess_5334_Problems,_Combinations,_and_Games.pdf",948,0,contour,241.85,800,800,False,0.5,0.3711,45.82,107.02,287.67,348.87
"Polgar,_Laszlo_Chess_5334_Problems,_Combinations,_and_Games.pdf",948,1,contour,238.91,800,800,False,0.5,0.3681,47.13,399.6,286.04,638.51
"Polgar,_Laszlo_Chess_5334_Problems,_Combinations,_and_Games.pdf",948,2,contour,238.91,800,800,False,0.5,0.4001,47.13,691.2,286.04,930.11
"Polgar,_Laszlo_Chess_5334_Problems,_Combinations,_and_Games.pdf",948,3,contour,241.85,800,800,False,0.5,0.2332,352.8,107.02,594.65,348.87
"Polgar,_Laszlo_Chess_5334_Problems,_Combinations,_and_Games.pdf",948,4,contour,238.91,800,800,False,0.5,0.4804,354.44,399.93,593.35,638.84
"Polgar,_Laszlo_Chess_5334_Problems,_Combinations,_and_Games.pdf",948,5,contour,238.91,800,800,False,0.5,0.5567,354.44,691.53,593.35,930.44
Reinfeld_1001_Sacrificios_y_Combinaciones_Brillantes_1977.pdf,14,0,contour,116.15,800,800,False,0.5,0.6765,26.83,46.79,142.97,162.93
Reinfeld_1001_Sacrificios_y_Combinaciones_Brillantes_1977.pdf,14,1,contour,116.15,800,800,False,0.5,0.5955,26.5,333.71,142.65,449.86
Reinfeld_1001_Sacrificios_y_Combinaciones_Brillantes_1977.pdf,14,2,contour,116.15,800,800,False,0.5,0.6905,164.89,46.79,281.04,162.93
Reinfeld_1001_Sacrificios_y_Combinaciones_Brillantes_1977.pdf,14,3,contour,116.15,800,800,False,0.5,0.6618,163.91,188.45,280.06,304.59
Reinfeld_1001_Sacrificios_y_Combinaciones_Brillantes_1977.pdf,14,4,contour,115.82,800,800,False,0.5,0.3539,176.67,334.69,276.79,450.51
Reinfeld_1001_Sacrificios_y_Combinaciones_Brillantes_1977.pdf,27,0,contour,116.15,800,800,False,0.5,0.7073,29.12,47.44,145.26,163.58
Reinfeld_1001_Sacrificios_y_Combinaciones_Brillantes_1977.pdf,27,1,contour,116.47,800,800,False,0.5,0.6732,30.1,189.76,146.24,306.23
Reinfeld_1001_Sacrificios_y_Combinaciones_Brillantes_1977.pdf,27,2,contour,116.15,800,800,False,0.5,0.6592,29.77,330.44,145.92,446.59
Reinfeld_1001_Sacrificios_y_Combinaciones_Brillantes_1977.pdf,27,3,contour,116.15,800,800,False,0.5,0.6919,160.31,48.09,276.46,163.91
Reinfeld_1001_Sacrificios_y_Combinaciones_Brillantes_1977.pdf,27,4,contour,116.15,800,800,False,0.5,0.6215,161.29,188.78,277.44,304.92
Reinfeld_1001_Sacrificios_y_Combinaciones_Brillantes_1977.pdf,27,5,contour,115.82,800,800,False,0.5,0.4,176.34,332.08,277.11,447.9
Reinfeld_1001_Sacrificios_y_Combinaciones_Brillantes_1977.pdf,39,0,contour,115.82,800,800,False,0.5,0.2685,29.12,48.42,130.54,164.24
Reinfeld_1001_Sacrificios_y_Combinaciones_Brillantes_1977.pdf,39,1,contour,116.15,800,800,False,0.5,0.3126,31.74,193.03,132.83,309.18
Reinfeld_1001_Sacrificios_y_Combinaciones_Brillantes_1977.pdf,39,2,contour,116.15,800,800,False,0.5,0.6753,31.08,333.39,147.23,449.53
Reinfeld_1001_Sacrificios_y_Combinaciones_Brillantes_1977.pdf,39,3,contour,116.15,800,800,False,0.5,0.6567,160.64,49.4,276.79,165.55
Reinfeld_1001_Sacrificios_y_Combinaciones_Brillantes_1977.pdf,39,4,contour,116.15,800,800,False,0.5,0.6499,160.31,192.05,276.46,308.19
Reinfeld_1001_Sacrificios_y_Combinaciones_Brillantes_1977.pdf,39,5,contour,116.15,800,800,False,0.5,0.6296,161.29,336.33,277.44,452.48
Reinfeld_1001_Sacrificios_y_Combinaciones_Brillantes_1977.pdf,52,0,contour,116.1,800,800,False,0.5,0.6364,30.41,47.09,146.51,162.86
Reinfeld_1001_Sacrificios_y_Combinaciones_Brillantes_1977.pdf,52,1,contour,116.1,800,800,False,0.5,0.4265,30.74,190.66,137.03,306.76
Reinfeld_1001_Sacrificios_y_Combinaciones_Brillantes_1977.pdf,52,2,contour,116.42,800,800,False,0.5,0.6747,31.4,333.25,147.49,449.67
Reinfeld_1001_Sacrificios_y_Combinaciones_Brillantes_1977.pdf,52,3,contour,116.1,800,800,False,0.5,0.4,174.31,48.4,274.06,164.5
Reinfeld_1001_Sacrificios_y_Combinaciones_Brillantes_1977.pdf,52,4,contour,116.1,800,800,False,0.5,0.6446,160.57,191.32,276.67,307.41
Reinfeld_1001_Sacrificios_y_Combinaciones_Brillantes_1977.pdf,52,5,contour,116.1,800,800,False,0.5,0.6146,159.27,334.23,275.36,450.33
Reinfeld_1001_Sacrificios_y_Combinaciones_Brillantes_1977.pdf,65,0,contour,116.1,800,800,False,0.5,0.6038,30.41,48.07,146.51,164.17
Reinfeld_1001_Sacrificios_y_Combinaciones_Brillantes_1977.pdf,65,1,contour,116.42,800,800,False,0.5,0.6414,30.09,190.33,146.18,306.76
Reinfeld_1001_Sacrificios_y_Combinaciones_Brillantes_1977.pdf,65,2,contour,116.1,800,800,False,0.5,0.6221,30.41,334.56,146.51,450.66
Reinfeld_1001_Sacrificios_y_Combinaciones_Brillantes_1977.pdf,65,3,contour,116.1,800,800,False,0.5,0.6728,160.25,46.44,276.35,162.54
Reinfeld_1001_Sacrificios_y_Combinaciones_Brillantes_1977.pdf,65,4,contour,116.42,800,800,False,0.5,0.6377,160.9,189.68,277.33,305.78
Reinfeld_1001_Sacrificios_y_Combinaciones_Brillantes_1977.pdf,65,5,contour,125.91,800,800,False,0.5,0.3847,159.92,335.54,276.02,461.45
Reinfeld_1001_Sacrificios_y_Combinaciones_Brillantes_1977.pdf,78,0,contour,116.1,800,800,False,0.5,0.3085,31.4,49.38,132.45,165.48
Reinfeld_1001_Sacrificios_y_Combinaciones_Brillantes_1977.pdf,78,1,contour,116.1,800,800,False,0.5,0.6242,31.07,334.23,147.17,450.33
Reinfeld_1001_Sacrificios_y_Combinaciones_Brillantes_1977.pdf,78,2,contour,116.1,800,800,False,0.5,0.5766,159.27,46.11,275.36,162.21
Reinfeld_1001_Sacrificios_y_Combinaciones_Brillantes_1977.pdf,78,3,contour,116.1,800,800,False,0.5,0.581,158.94,189.35,275.04,305.45
Reinfeld_1001_Sacrificios_y_Combinaciones_Brillantes_1977.pdf,78,4,contour,116.1,800,800,False,0.5,0.6672,160.25,335.21,276.35,451.31
Reinfeld_1001_Sacrificios_y_Combinaciones_Brillantes_1977.pdf,91,0,contour,116.1,800,800,False,0.5,0.6123,27.14,48.73,143.24,164.83
Reinfeld_1001_Sacrificios_y_Combinaciones_Brillantes_1977.pdf,91,1,contour,116.1,800,800,False,0.5,0.4051,30.09,189.03,135.39,305.12
Reinfeld_1001_Sacrificios_y_Combinaciones_Brillantes_1977.pdf,91,2,contour,116.42,800,800,False,0.5,0.5971,32.7,332.6,149.13,448.69
Reinfeld_1001_Sacrificios_y_Combinaciones_Brillantes_1977.pdf,91,3,contour,116.1,800,800,False,0.5,0.5836,159.59,47.75,275.69,163.84
Reinfeld_1001_Sacrificios_y_Combinaciones_Brillantes_1977.pdf,91,4,contour,116.1,800,800,False,0.5,0.5816,162.21,191.32,278.31,307.41
Reinfeld_1001_Sacrificios_y_Combinaciones_Brillantes_1977.pdf,91,5,contour,116.1,800,800,False,0.5,0.6258,163.19,334.56,279.29,450.66
Reinfeld_1001_Sacrificios_y_Combinaciones_Brillantes_1977.pdf,103,0,contour,115.85,800,800,False,0.5,0.5846,29.45,50.72,145.3,166.25
Reinfeld_1001_Sacrificios_y_Combinaciones_Brillantes_1977.pdf,103,1,contour,116.18,800,800,False,0.5,0.6216,27.82,191.12,143.99,307.29
Reinfeld_1001_Sacrificios_y_Combinaciones_Brillantes_1977.pdf,103,2,contour,116.18,800,800,False,0.5,0.597,26.83,335.11,143.01,451.29
Reinfeld_1001_Sacrificios_y_Combinaciones_Brillantes_1977.pdf,103,3,contour,116.5,800,800,False,0.5,0.6164,161.34,50.4,277.51,166.9
Reinfeld_1001_Sacrificios_y_Combinaciones_Brillantes_1977.pdf,103,4,contour,116.18,800,800,False,0.5,0.6292,164.28,191.77,280.46,307.62
Reinfeld_1001_Sacrificios_y_Combinaciones_Brillantes_1977.pdf,103,5,contour,116.18,800,800,False,0.5,0.6231,166.9,334.78,283.08,450.96
Reinfeld_1001_Sacrificios_y_Combinaciones_Brillantes_1977.pdf,116,0,contour,116.18,800,800,False,0.5,0.6032,31.42,48.76,147.59,164.94
Reinfeld_1001_Sacrificios_y_Combinaciones_Brillantes_1977.pdf,116,1,contour,116.18,800,800,False,0.5,0.6705,29.13,192.75,144.97,308.93
Reinfeld_1001_Sacrificios_y_Combinaciones_Brillantes_1977.pdf,116,2,contour,116.18,800,800,False,0.5,0.4037,29.13,337.73,134.17,453.9
Reinfeld_1001_Sacrificios_y_Combinaciones_Brillantes_1977.pdf,116,3,contour,116.18,800,800,False,0.5,0.646,161.01,49.74,277.19,165.92
Reinfeld_1001_Sacrificios_y_Combinaciones_Brillantes_1977.pdf,116,4,contour,116.18,800,800,False,0.5,0.6425,161.34,192.75,277.51,308.93
Reinfeld_1001_Sacrificios_y_Combinaciones_Brillantes_1977.pdf,116,5,contour,116.83,800,800,False,0.5,0.6598,161.99,337.07,278.82,453.25
Reinfeld_1001_Sacrificios_y_Combinaciones_Brillantes_1977.pdf,129,0,contour,115.85,800,800,False,0.5,0.6522,30.11,48.11,145.96,163.95
Reinfeld_1001_Sacrificios_y_Combinaciones_Brillantes_1977.pdf,129,1,contour,116.18,800,800,False,0.5,0.6272,30.76,192.75,146.94,308.93
Reinfeld_1001_Sacrificios_y_Combinaciones_Brillantes_1977.pdf,129,2,contour,115.85,800,800,False,0.5,0.3964,29.13,336.09,135.48,451.94
Reinfeld_1001_Sacrificios_y_Combinaciones_Brillantes_1977.pdf,129,3,contour,116.5,800,800,False,0.5,0.6802,159.05,48.43,275.55,164.61
Reinfeld_1001_Sacrificios_y_Combinaciones_Brillantes_1977.pdf,129,4,contour,116.18,800,800,False,0.5,0.6461,161.34,192.1,277.51,307.95
Reinfeld_1001_Sacrificios_y_Combinaciones_Brillantes_1977.pdf,129,5,contour,116.18,800,800,False,0.5,0.6471,162.32,337.4,278.17,453.58
Reinfeld_1001_Sacrificios_y_Combinaciones_Brillantes_1977.pdf,142,0,contour,116.18,800,800,False,0.5,0.3509,32.4,48.76,134.17,164.94
Reinfeld_1001_Sacrificios_y_Combinaciones_Brillantes_1977.pdf,142,1,contour,116.18,800,800,False,0.5,0.3221,30.76,192.43,131.88,308.6
Reinfeld_1001_Sacrificios_y_Combinaciones_Brillantes_1977.pdf,142,2,contour,115.85,800,800,False,0.5,0.3385,31.09,339.36,131.88,455.21
Reinfeld_1001_Sacrificios_y_Combinaciones_Brillantes_1977.pdf,142,3,contour,116.83,800,800,False,0.5,0.6711,161.34,48.43,277.51,165.26
Reinfeld_1001_Sacrificios_y_Combinaciones_Brillantes_1977.pdf,142,4,contour,116.18,800,800,False,0.5,0.6019,163.63,192.43,279.8,308.6
Reinfeld_1001_Sacrificios_y_Combinaciones_Brillantes_1977.pdf,142,5,contour,116.18,800,800,False,0.5,0.6653,160.03,337.07,276.2,453.25
Reinfeld_1001_Sacrificios_y_Combinaciones_Brillantes_1977.pdf,155,0,contour,116.13,800,800,False,0.5,0.6165,35.66,48.74,151.79,164.87
Reinfeld_1001_Sacrificios_y_Combinaciones_Brillantes_1977.pdf,155,1,contour,116.13,800,800,False,0.5,0.3985,33.69,192.68,135.1,308.81
Reinfeld_1001_Sacrificios_y_Combinaciones_Brillantes_1977.pdf,155,2,contour,100.75,800,800,False,0.5,0.2757,34.35,359.18,135.1,453.07
Reinfeld_1001_Sacrificios_y_Combinaciones_Brillantes_1977.pdf,155,3,contour,116.13,800,800,False,0.5,0.6785,162.91,46.78,279.04,162.58
Reinfeld_1001_Sacrificios_y_Combinaciones_Brillantes_1977.pdf,155,4,contour,116.13,800,800,False,0.5,0.5722,163.24,190.39,279.37,306.52
Reinfeld_1001_Sacrificios_y_Combinaciones_Brillantes_1977.pdf,155,5,contour,116.13,800,800,False,0.5,0.5445,163.24,334.32,279.37,450.45
Reinfeld_1001_Sacrificios_y_Combinaciones_Brillantes_1977.pdf,167,0,contour,116.46,800,800,False,0.5,0.653,31.08,46.78,147.21,163.24
Reinfeld_1001_Sacrificios_y_Combinaciones_Brillantes_1977.pdf,167,1,contour,116.13,800,800,False,0.5,0.7024,31.73,189.73,147.86,305.54
Reinfeld_1001_Sacrificios_y_Combinaciones_Brillantes_1977.pdf,167,2,contour,116.13,800,800,False,0.5,0.6761,31.4,332.03,147.53,447.84
Reinfeld_1001_Sacrificios_y_Combinaciones_Brillantes_1977.pdf,167,3,contour,116.13,800,800,False,0.5,0.3492,178.94,50.05,277.73,166.18
Reinfeld_1001_Sacrificios_y_Combinaciones_Brillantes_1977.pdf,167,4,contour,116.13,800,800,False,0.5,0.6731,160.62,190.06,276.42,306.19
Reinfeld_1001_Sacrificios_y_Combinaciones_Brillantes_1977.pdf,167,5,contour,116.46,800,800,False,0.5,0.6796,160.95,334.65,277.4,450.78
Reinfeld_1001_Sacrificios_y_Combinaciones_Brillantes_1977.pdf,180,0,contour,116.13,800,800,False,0.5,0.6343,31.73,44.16,147.86,159.96
Reinfeld_1001_Sacrificios_y_Combinaciones_Brillantes_1977.pdf,180,1,contour,116.13,800,800,False,0.5,0.6348,32.06,185.48,148.19,301.61
Reinfeld_1001_Sacrificios_y_Combinaciones_Brillantes_1977.pdf,180,2,contour,116.13,800,800,False,0.5,0.6309,33.37,330.72,149.5,446.85
Reinfeld_1001_Sacrificios_y_Combinaciones_Brillantes_1977.pdf,180,3,contour,116.46,800,800,False,0.5,0.5896,160.95,44.16,277.4,159.96
Reinfeld_1001_Sacrificios_y_Combinaciones_Brillantes_1977.pdf,180,4,contour,116.13,800,800,False,0.5,0.6133,163.56,185.81,279.69,301.94
Reinfeld_1001_Sacrificios_y_Combinaciones_Brillantes_1977.pdf,180,5,contour,116.46,800,800,False,0.5,0.6184,161.27,332.36,277.73,448.49
Schiller - The Big Book of Combinations (1994).pdf,24,0,embedded,110.4,912,920,True,1.0,0.8888,46.09,74.87,155.53,185.27
Schiller - The Big Book of Combinations (1994).pdf,24,1,embedded,110.4,912,920,True,1.0,0.8722,45.13,241.92,154.57,352.32
Schiller - The Big Book of Combinations (1994).pdf,24,2,embedded,110.4,920,904,True,1.0,0.8614,44.17,408.96,154.57,517.44
Schiller - The Big Book of Combinations (1994).pdf,24,3,embedded,110.4,920,912,True,1.0,0.7848,243.85,74.88,354.25,184.32
Schiller - The Big Book of Combinations (1994).pdf,24,4,embedded,110.4,920,920,True,1.0,0.791,242.89,241.92,353.29,352.32
Schiller - The Big Book of Combinations (1994).pdf,24,5,embedded,110.4,920,904,True,1.0,0.8361,241.93,408.96,352.33,517.44
Schiller - The Big Book of Combinations (1994).pdf,36,0,embedded,111.03,912,920,True,1.0,0.7079,43.68,74.27,153.76,185.31
Schiller - The Big Book of Combinations (1994).pdf,36,1,embedded,111.03,912,920,True,1.0,0.8059,42.71,241.31,152.79,352.35
Schiller - The Big Book of Combinations (1994).pdf,36,2,embedded,110.06,912,896,True,1.0,0.7777,41.75,408.35,151.82,516.51
Schiller - The Big Book of Combinations (1994).pdf,36,3,embedded,111.03,912,920,True,1.0,0.8292,241.44,74.46,351.52,185.5
Schiller - The Big Book of Combinations (1994).pdf,36,4,embedded,111.99,912,928,True,1.0,0.7922,240.47,241.5,350.55,353.5
Schiller - The Big Book of Combinations (1994).pdf,36,5,embedded,110.07,912,904,True,1.0,0.8299,239.51,408.54,349.58,517.66
Schiller - The Big Book of Combinations (1994).pdf,48,0,embedded,111.66,928,920,True,1.0,0.7352,45.57,74.0,157.23,184.7
Schiller - The Big Book of Combinations (1994).pdf,48,1,embedded,111.66,928,912,True,1.0,0.8616,45.07,241.99,156.72,351.73
Schiller - The Big Book of Combinations (1994).pdf,48,2,embedded,111.66,928,912,True,1.0,0.8656,44.55,408.09,156.21,517.83
Schiller - The Big Book of Combinations (1994).pdf,48,3,embedded,110.7,912,920,True,1.0,0.8627,245.24,73.47,354.98,184.16
Schiller - The Big Book of Combinations (1994).pdf,48,4,embedded,110.7,920,912,True,1.0,0.7879,244.75,241.46,355.44,351.19
Schiller - The Big Book of Combinations (1994).pdf,48,5,embedded,111.66,928,912,True,1.0,0.818,244.23,407.55,355.89,517.29
Schiller - The Big Book of Combinations (1994).pdf,59,0,embedded,110.4,912,920,True,1.0,0.8217,21.13,74.87,130.57,185.27
Schiller - The Big Book of Combinations (1994).pdf,59,1,embedded,110.4,904,920,True,1.0,0.7644,21.13,241.92,129.61,352.32
Schiller - The Big Book of Combinations (1994).pdf,59,2,embedded,109.44,912,912,True,1.0,0.746,20.16,408.0,129.6,517.44
Schiller - The Big Book of Combinations (1994).pdf,59,3,embedded,110.4,912,920,True,1.0,0.9025,218.89,74.87,328.33,185.27
Schiller - The Big Book of Combinations (1994).pdf,59,4,embedded,110.4,920,920,True,1.0,0.8426,217.93,241.92,328.33,352.32
Schiller - The Big Book of Combinations (1994).pdf,59,5,embedded,110.4,920,904,True,1.0,0.8353,216.97,408.96,327.37,517.44
Schiller - The Big Book of Combinations (1994).pdf,71,0,embedded,111.61,904,928,True,1.0,0.8173,21.3,74.74,130.04,186.35
Schiller - The Big Book of Combinations (1994).pdf,71,1,embedded,110.65,904,920,True,1.0,0.7144,20.92,241.77,129.65,352.42
Schiller - The Big Book of Combinations (1994).pdf,71,2,embedded,108.73,904,904,True,1.0,0.8032,20.54,408.81,129.27,517.54
Schiller - The Big Book of Combinations (1994).pdf,71,3,embedded,110.65,904,920,True,1.0,0.8168,219.08,74.22,327.81,184.87
Schiller - The Big Book of Combinations (1994).pdf,71,4,embedded,110.65,904,920,True,1.0,0.8281,218.69,241.26,327.43,351.91
Schiller - The Big Book of Combinations (1994).pdf,71,5,embedded,108.73,904,904,True,1.0,0.7531,218.31,408.3,327.04,517.03
Schiller - The Big Book of Combinations (1994).pdf,83,0,embedded,111.61,904,928,True,1.0,0.824,21.3,74.74,130.04,186.35
Schiller - The Big Book of Combinations (1994).pdf,83,1,embedded,110.65,904,920,True,1.0,0.8918,20.92,241.77,129.65,352.42
Schiller - The Big Book of Combinations (1994).pdf,83,2,embedded,109.69,904,912,True,1.0,0.754,20.54,408.81,129.27,518.5
Schiller - The Big Book of Combinations (1994).pdf,83,3,embedded,110.65,912,920,True,1.0,0.7952,218.12,74.22,327.81,184.87
Schiller - The Big Book of Combinations (1994).pdf,83,4,embedded,109.69,912,912,True,1.0,0.8175,217.73,242.22,327.42,351.91
Schiller - The Big Book of Combinations (1994).pdf,83,5,embedded,109.69,912,912,True,1.0,0.8097,217.35,408.3,327.04,517.99
Schiller - The Big Book of Combinations (1994).pdf,94,0,embedded,111.36,912,928,True,1.0,0.7715,45.61,74.76,155.05,186.12
Schiller - The Big Book of Combinations (1994).pdf,94,1,embedded,110.4,896,920,True,1.0,0.8189,47.53,242.75,155.05,353.15
Schiller - The Big Book of Combinations (1994).pdf,94,2,embedded,110.4,920,904,True,1.0,0.8249,45.61,409.79,156.01,518.27
Schiller - The Big Book of Combinations (1994).pdf,94,3,embedded,110.4,912,920,True,1.0,0.8172,244.32,73.79,353.76,184.19
Schiller - The Big Book of Combinations (1994).pdf,94,4,embedded,110.4,912,920,True,1.0,0.8631,244.32,241.79,353.76,352.19
Schiller - The Big Book of Combinations (1994).pdf,94,5,embedded,111.36,928,912,True,1.0,0.7361,244.32,407.88,355.68,517.32
Schiller - The Big Book of Combinations (1994).pdf,106,0,embedded,109.44,912,912,True,1.0,0.8743,47.05,74.88,156.49,184.32
Schiller - The Big Book of Combinations (1994).pdf,106,1,embedded,134.4,912,1120,True,0.6857,0.8529,46.09,216.95,155.53,351.35
Schiller - The Big Book of Combinations (1994).pdf,106,2,embedded,109.44,912,904,True,1.0,0.8529,45.13,408.96,154.57,517.44
Schiller - The Big Book of Combinations (1994).pdf,106,3,embedded,110.4,912,920,True,1.0,0.8816,244.81,74.87,354.25,185.27
Schiller - The Big Book of Combinations (1994).pdf,106,4,embedded,110.4,912,920,True,1.0,0.8005,243.85,241.92,353.29,352.32
Schiller - The Big Book of Combinations (1994).pdf,106,5,embedded,109.44,912,904,True,1.0,0.7665,242.89,408.96,352.33,517.44
Schiller - The Big Book of Combinations (1994).pdf,118,0,embedded,109.44,912,912,True,1.0,0.8354,46.09,74.88,155.53,184.32
Schiller - The Big Book of Combinations (1994).pdf,118,1,embedded,109.44,912,912,True,1.0,0.7568,46.09,241.91,155.53,351.35
Schiller - The Big Book of Combinations (1994).pdf,118,2,embedded,109.44,912,904,True,1.0,0.8594,45.13,408.96,154.57,517.44
Schiller - The Big Book of Combinations (1994).pdf,118,3,embedded,136.32,912,1136,True,0.5049,0.8136,243.85,48.95,353.29,185.27
Schiller - The Big Book of Combinations (1994).pdf,118,4,embedded,110.4,912,920,True,1.0,0.8371,243.85,241.92,353.29,352.32
Schiller - The Big Book of Combinations (1994).pdf,118,5,embedded,109.44,912,904,True,1.0,0.8361,242.89,408.96,352.33,517.44
Schiller - The Big Book of Combinations (1994).pdf,129,0,embedded,110.86,912,920,True,1.0,0.8074,20.98,74.05,130.88,184.91
Schiller - The Big Book of Combinations (1994).pdf,129,1,embedded,110.86,912,920,True,1.0,0.8602,20.28,241.09,130.18,351.95
Schiller - The Big Book of Combinations (1994).pdf,129,2,embedded,109.9,912,912,True,1.0,0.8149,19.58,408.13,129.48,518.03
Schiller - The Big Book of Combinations (1994).pdf,129,3,embedded,134.86,912,1120,True,0.6857,0.9391,218.75,49.92,328.76,184.78
Schiller - The Big Book of Combinations (1994).pdf,129,4,embedded,110.86,912,920,True,1.0,0.8926,218.05,240.96,327.95,351.82
Schiller - The Big Book of Combinations (1994).pdf,129,5,embedded,109.9,912,904,True,1.0,0.7493,217.36,408.01,327.25,516.95
Schiller - The Big Book of Combinations (1994).pdf,141,0,embedded,110.4,912,920,True,1.0,0.7887,23.04,75.11,132.48,185.51
Schiller - The Big Book of Combinations (1994).pdf,141,1,embedded,110.4,912,920,True,1.0,0.8294,23.04,242.15,132.48,352.55
Schiller - The Big Book of Combinations (1994).pdf,141,2,embedded,109.44,912,912,True,1.0,0.832,23.04,409.19,132.48,518.63
Schiller - The Big Book of Combinations (1994).pdf,141,3,embedded,109.44,912,912,True,1.0,0.7998,220.8,75.11,330.24,184.55
Schiller - The Big Book of Combinations (1994).pdf,141,4,embedded,109.44,896,912,True,1.0,0.8196,222.72,242.15,330.24,351.59
Schiller - The Big Book of Combinations (1994).pdf,141,5,embedded,109.44,912,904,True,1.0,0.7223,220.8,409.19,330.24,517.67
Schiller - The Big Book of Combinations (1994).pdf,153,0,embedded,110.4,904,920,True,1.0,0.7905,21.12,75.11,129.6,185.51
Schiller - The Big Book of Combinations (1994).pdf,153,1,embedded,110.4,912,920,True,1.0,0.9142,20.17,242.15,129.61,352.55
Schiller - The Big Book of Combinations (1994).pdf,153,2,embedded,109.44,912,912,True,1.0,0.8414,20.17,409.19,129.61,518.63
Schiller - The Big Book of Combinations (1994).pdf,153,3,embedded,109.44,912,912,True,1.0,0.9183,217.93,75.11,327.37,184.55
Schiller - The Big Book of Combinations (1994).pdf,153,4,embedded,109.44,912,912,True,1.0,0.9252,217.93,242.15,327.37,351.59
Schiller - The Big Book of Combinations (1994).pdf,153,5,embedded,109.44,912,912,True,1.0,0.7583,217.93,408.23,327.37,517.67
Schiller - The Big Book of Combinations (1994).pdf,165,0,embedded,110.64,904,920,True,1.0,0.8205,26.58,75.12,135.3,185.75
Schiller - The Big Book of Combinations (1994).pdf,165,1,embedded,110.64,912,920,True,1.0,0.8202,25.25,242.15,134.93,352.79
Schiller - The Big Book of Combinations (1994).pdf,165,2,embedded,109.68,912,912,True,1.0,0.7817,24.89,408.23,134.57,517.91
Schiller - The Big Book of Combinations (1994).pdf,165,3,contour,104.69,800,800,False,0.5,0.7731,225.73,77.21,330.1,181.9
Schiller - The Big Book of Combinations (1994).pdf,165,4,embedded,110.64,912,920,True,1.0,0.8476,223.01,241.63,332.69,352.27
Schiller - The Big Book of Combinations (1994).pdf,165,5,embedded,109.68,912,912,True,1.0,0.7929,222.65,407.72,332.33,517.4
Schiller - The Big Book of Combinations (1994).pdf,176,0,embedded,110.4,912,920,True,1.0,0.7913,46.09,74.87,155.53,185.27
Schiller - The Big Book of Combinations (1994).pdf,176,1,embedded,110.4,912,920,True,1.0,0.8317,46.09,241.92,155.53,352.32
Schiller - The Big Book of Combinations (1994).pdf,176,2,embedded,109.44,912,904,True,1.0,0.8078,45.13,408.96,154.57,517.44
Schiller - The Big Book of Combinations (1994).pdf,176,3,embedded,110.4,912,920,True,1.0,0.7805,243.85,74.87,353.29,185.27
Schiller - The Big Book of Combinations (1994).pdf,176,4,embedded,110.4,912,920,True,1.0,0.8823,243.85,241.92,353.29,352.32
Schiller - The Big Book of Combinations (1994).pdf,176,5,embedded,109.44,912,904,True,1.0,0.8084,242.89,408.96,352.33,517.44
Secrets of Chess Training School of Future Champions 1_ao_5.pdf,48,0,embedded,137.28,572,568,True,1.0,0.9354,58.57,314.87,195.85,451.19
Secrets of Chess Training School of Future Champions 1_ao_5.pdf,48,1,embedded,136.32,568,568,True,1.0,0.8878,236.17,382.08,372.49,518.4
Secrets of Chess Training School of Future Champions 1_ao_5.pdf,95,0,embedded,137.28,572,568,True,1.0,0.9306,236.65,342.36,373.93,478.68
Secrets of Chess Training School of Future Champions 1_ao_5.pdf,143,0,embedded,136.32,568,568,True,1.0,1.0,59.05,88.92,195.37,225.24
Secrets of Chess Training School of Future Champions 1_ao_5.pdf,143,1,embedded,153.6,572,640,True,0.8844,1.0,59.05,401.88,196.33,555.48
Secrets of Chess Training School of Future Champions 1_ao_5.pdf,143,2,embedded,137.28,572,572,True,1.0,1.0,236.65,328.91,373.93,466.19
Secrets of Chess Training School of Future Champions 1_ao_5.pdf,237,0,embedded,152.64,1272,1256,True,1.0,0.7722,44.53,227.15,197.17,377.87
Secrets of Chess Training School of Future Champions 1_ao_5.pdf,284,0,embedded,152.64,1272,1264,True,1.0,0.7109,42.25,182.39,194.89,334.07
Secrets of Chess Training School of Future Champions 1_ao_5.pdf,332,0,embedded,152.64,1272,1256,True,1.0,0.7022,44.17,325.43,196.81,476.15
Secrets of Chess Training School of Future Champions 1_ao_5.pdf,379,0,embedded,153.6,1280,1256,True,1.0,0.7498,44.53,104.27,198.13,254.99
Secrets of Chess Training School of Future Champions 1_ao_5.pdf,426,0,embedded,153.6,1280,1264,True,1.0,0.8599,243.25,48.59,396.85,200.27
Secrets of Chess Training School of Future Champions 1_ao_5.pdf,473,0,embedded,151.68,1264,1264,True,1.0,0.8189,44.53,99.47,196.21,251.15
Secrets of Chess Training School of Future Champions 1_ao_5.pdf,473,1,embedded,153.6,1280,1264,True,1.0,0.8835,243.25,155.15,396.85,306.83
Secrets of Chess Training School of Future Champions 1_ao_5.pdf,521,0,embedded,152.64,1272,1264,True,1.0,0.8671,43.57,180.11,196.21,331.79
Secrets of Chess Training School of Future Champions 1_ao_5.pdf,568,0,embedded,151.68,1264,1264,True,1.0,0.8794,43.21,224.63,194.89,376.31
Secrets of Chess Training School of Future Champions 1_ao_5.pdf,568,1,embedded,153.6,1280,1256,True,1.0,0.9083,241.93,48.96,395.53,199.68
Secrets of Chess Training School of Future Champions 1_ao_5.pdf,568,2,embedded,153.6,1280,1256,True,1.0,0.8315,242.89,421.43,396.49,572.15
Secrets of Chess Training School of Future Champions 1_ao_5.pdf,615,0,embedded,153.6,1280,1256,True,1.0,0.8462,244.81,421.43,398.41,572.15
Secrets of Chess Training School of Future Champions 1_ao_5.pdf,662,0,embedded,153.6,1280,1264,True,1.0,0.7923,243.85,140.15,397.45,291.83
Secrets of Chess Training School of Future Champions 1_ao_5.pdf,710,0,embedded,153.6,1280,1256,True,1.0,0.8833,43.21,48.96,196.81,199.68
Secrets of Chess Training School of Future Champions 1_ao_5.pdf,710,1,embedded,153.6,1280,1256,True,1.0,0.7707,44.17,422.39,197.77,573.11
Secrets of Chess Training School of Future Champions 1_ao_5.pdf,804,0,embedded,154.56,1288,1256,True,1.0,0.7374,239.04,223.67,393.6,374.39
Secrets of Chess Training School of Future Champions 1_ao_5.pdf,899,0,embedded,154.56,1288,1264,True,1.0,0.7514,38.41,212.15,192.97,363.83
Secrets of Chess Training School of Future Champions 1_ao_5.pdf,946,0,embedded,151.68,1264,1256,True,1.0,0.8044,41.28,220.79,192.96,371.51
Secrets of Chess Training School of Future Champions 1_ao_5.pdf,1040,0,embedded,153.6,1280,1264,True,1.0,0.7473,240.97,350.4,394.57,502.08
Vishy_Anand_Great_Chess_Combinations.pdf,11,0,contour,76.19,800,800,False,0.5,0.1531,31.07,34.66,107.26,109.88
Vishy_Anand_Great_Chess_Combinations.pdf,11,1,contour,146.5,800,800,False,0.5,0.5759,41.86,45.46,188.36,188.36
Vishy_Anand_Great_Chess_Combinations.pdf,11,2,contour,77.18,800,800,False,0.5,0.1771,121.65,124.27,198.82,200.79
Vishy_Anand_Great_Chess_Combinations.pdf,21,0,contour,88.95,800,800,False,0.5,0.0786,25.51,27.47,114.46,116.42
Vishy_Anand_Great_Chess_Combinations.pdf,21,1,contour,152.39,800,800,False,0.5,0.4424,39.57,42.51,191.96,190.98
Vishy_Anand_Great_Chess_Combinations.pdf,21,2,contour,91.24,800,800,False,0.5,0.1532,117.07,116.74,208.31,207.98
Vishy_Anand_Great_Chess_Combinations.pdf,30,0,contour,147.16,800,800,False,0.5,0.4529,40.55,45.13,187.71,188.03
Vishy_Anand_Great_Chess_Combinations.pdf,30,1,contour,89.27,800,800,False,0.5,0.1869,115.44,117.73,204.71,205.69
Vishy_Anand_Great_Chess_Combinations.pdf,40,0,contour,84.04,800,800,False,0.5,0.1106,23.87,33.36,105.63,117.4
Vishy_Anand_Great_Chess_Combinations.pdf,40,1,contour,146.5,800,800,False,0.5,0.6073,40.88,45.13,187.38,188.36
Vishy_Anand_Great_Chess_Combinations.pdf,40,2,contour,106.93,800,800,False,0.5,0.1662,115.11,117.4,222.04,223.35
Vishy_Anand_Great_Chess_Combinations.pdf,50,0,contour,153.04,800,800,False,0.5,0.5186,37.61,42.84,190.65,191.3
Vishy_Anand_Great_Chess_Combinations.pdf,50,1,contour,106.61,800,800,False,0.5,0.1837,115.11,117.4,221.72,223.35
Vishy_Anand_Great_Chess_Combinations.pdf,60,0,contour,83.06,800,800,False,0.5,0.281,22.56,27.8,105.63,109.88
Vishy_Anand_Great_Chess_Combinations.pdf,60,1,contour,146.83,800,800,False,0.5,0.494,40.55,45.46,187.38,189.34
Vishy_Anand_Great_Chess_Combinations.pdf,60,2,contour,82.73,800,800,False,0.5,0.1272,121.98,117.4,204.71,198.82
Vishy_Anand_Great_Chess_Combinations.pdf,69,0,contour,153.04,800,800,False,0.5,0.5249,38.91,42.51,191.96,191.3
Vishy_Anand_Great_Chess_Combinations.pdf,69,1,contour,75.54,800,800,False,0.5,0.1464,123.61,123.94,199.15,198.82
Vishy_Anand_Great_Chess_Combinations.pdf,79,0,contour,89.27,800,800,False,0.5,0.2702,24.85,28.12,114.13,116.42
Vishy_Anand_Great_Chess_Combinations.pdf,79,1,contour,147.48,800,800,False,0.5,0.5015,41.86,45.46,189.34,189.01
Vishy_Anand_Great_Chess_Combinations.pdf,89,0,contour,147.16,800,800,False,0.5,0.6467,41.86,45.13,189.01,188.69
Vishy_Anand_Great_Chess_Combinations.pdf,89,1,contour,94.83,800,800,False,0.5,0.2523,116.42,117.4,211.25,211.25
Vishy_Anand_Great_Chess_Combinations.pdf,99,0,contour,152.39,800,800,False,0.5,0.5788,39.24,42.51,191.63,190.98
Vishy_Anand_Great_Chess_Combinations.pdf,99,1,contour,94.51,800,800,False,0.5,0.2682,116.42,117.4,210.92,210.92
Vishy_Anand_Great_Chess_Combinations.pdf,108,0,contour,82.73,800,800,False,0.5,0.1457,28.12,29.1,110.86,110.86
Vishy_Anand_Great_Chess_Combinations.pdf,108,1,contour,147.48,800,800,False,0.5,0.6156,39.9,45.13,187.38,188.69
Vishy_Anand_Great_Chess_Combinations.pdf,108,2,contour,78.16,800,800,False,0.5,0.1317,119.69,124.27,197.84,201.77
Vishy_Anand_Great_Chess_Combinations.pdf,118,0,contour,75.87,800,800,False,0.5,0.1188,29.76,34.01,105.63,108.9
Vishy_Anand_Great_Chess_Combinations.pdf,118,1,contour,152.72,800,800,False,0.5,0.5232,37.61,42.84,190.32,191.3
Vishy_Anand_Great_Chess_Combinations.pdf,118,2,contour,77.5,800,800,False,0.5,0.1817,121.65,124.59,199.15,200.46
Vishy_Anand_Great_Chess_Combinations.pdf,128,0,contour,106.61,800,800,False,0.5,0.2213,5.89,10.14,112.49,116.09
Vishy_Anand_Great_Chess_Combinations.pdf,128,1,contour,147.16,800,800,False,0.5,0.5767,40.55,45.46,187.71,188.69
Vishy_Anand_Great_Chess_Combinations.pdf,128,2,contour,58.86,800,800,False,0.5,0.1068,128.52,131.13,187.38,188.36
Vishy_Anand_Great_Chess_Combinations.pdf,138,0,contour,154.35,800,800,False,0.5,0.4643,36.95,41.53,191.3,190.32
Vishy_Anand_Great_Chess_Combinations.pdf,138,1,contour,78.81,800,800,False,0.5,0.1841,121.98,123.28,200.79,200.79
📚Aagaard J. Excelling at chess calculation.pdf,9,0,contour,195.01,800,800,False,0.5,0.7413,78.2,155.09,273.21,345.53
📚Aagaard J. Excelling at chess calculation.pdf,9,1,contour,192.07,800,800,False,0.5,0.7743,80.82,644.59,272.89,832.41
📚Aagaard J. Excelling at chess calculation.pdf,9,2,contour,195.01,800,800,False,0.5,0.7467,359.27,479.35,554.28,670.11
📚Aagaard J. Excelling at chess calculation.pdf,16,0,contour,191.74,800,800,False,0.5,0.8339,368.09,663.88,559.83,851.69
📚Aagaard J. Excelling at chess calculation.pdf,24,0,contour,191.77,800,800,False,0.5,0.7407,76.9,141.37,268.67,328.88
📚Aagaard J. Excelling at chess calculation.pdf,24,1,contour,195.37,800,800,False,0.5,0.6775,355.06,229.73,550.43,419.86
📚Aagaard J. Excelling at chess calculation.pdf,24,2,contour,195.37,800,800,False,0.5,0.6694,355.39,699.65,550.75,890.11
📚Aagaard J. Excelling at chess calculation.pdf,32,0,contour,195.04,800,800,False,0.5,0.6531,352.77,96.86,547.81,287.32
📚Aagaard J. Excelling at chess calculation.pdf,40,0,contour,195.37,800,800,False,0.5,0.6463,79.52,481.7,274.89,672.16
📚Aagaard J. Excelling at chess calculation.pdf,40,1,contour,191.44,800,800,False,0.5,0.6407,360.95,138.1,552.39,325.61
📚Aagaard J. Excelling at chess calculation.pdf,47,0,contour,195.04,800,800,False,0.5,0.6629,83.12,497.09,278.16,687.87
📚Aagaard J. Excelling at chess calculation.pdf,47,1,contour,195.37,800,800,False,0.5,0.6738,362.26,695.72,557.63,885.85
📚Aagaard J. Excelling at chess calculation.pdf,55,0,contour,191.44,800,800,False,0.5,0.6957,365.86,298.77,557.3,486.29
📚Aagaard J. Excelling at chess calculation.pdf,63,0,contour,196.67,800,800,False,0.5,0.6498,91.96,552.72,288.63,744.81
📚Aagaard J. Excelling at chess calculation.pdf,63,1,contour,197.66,800,800,False,0.5,0.7274,369.13,348.84,566.79,541.92
📚Aagaard J. Excelling at chess calculation.pdf,70,0,contour,191.77,800,800,False,0.5,0.693,359.64,102.43,551.41,289.61
📚Aagaard J. Excelling at chess calculation.pdf,78,0,contour,191.77,800,800,False,0.5,0.6661,81.81,610.97,273.58,798.15
📚Aagaard J. Excelling at chess calculation.pdf,78,1,contour,195.04,800,800,False,0.5,0.6665,358.33,263.11,553.37,454.22
📚Aagaard J. Excelling at chess calculation.pdf,86,0,contour,195.03,800,800,False,0.5,0.645,71.66,665.6,266.7,856.05
📚Aagaard J. Excelling at chess calculation.pdf,86,1,contour,195.03,800,800,False,0.5,0.7045,351.45,502.31,546.48,692.1
📚Aagaard J. Excelling at chess calculation.pdf,101,0,contour,191.43,800,800,False,0.5,0.626,373.38,112.57,564.81,300.4
📚Aagaard J. Excelling at chess calculation.pdf,109,0,contour,191.75,800,800,False,0.5,0.7421,76.24,117.8,267.99,305.29
📚Aagaard J. Excelling at chess calculation.pdf,109,1,contour,191.42,800,800,False,0.5,0.7351,73.3,660.65,264.72,847.82
📚Aagaard J. Excelling at chess calculation.pdf,109,2,contour,195.68,800,800,False,0.5,0.6894,351.43,588.01,547.11,777.79
📚Aagaard J. Excelling at chess calculation.pdf,117,0,contour,195.02,800,800,False,0.5,0.6417,76.9,137.1,271.92,327.54
📚Aagaard J. Excelling at chess calculation.pdf,117,1,contour,195.35,800,800,False,0.5,0.641,356.01,607.31,551.36,796.77
📚Aagaard J. Excelling at chess calculation.pdf,125,0,contour,195.02,800,800,False,0.5,0.7442,88.02,331.47,283.04,521.26
📚Aagaard J. Excelling at chess calculation.pdf,125,1,contour,191.75,800,800,False,0.5,0.6696,370.08,187.82,561.83,374.99
📚Aagaard J. Excelling at chess calculation.pdf,132,0,contour,195.02,800,800,False,0.5,0.7449,349.47,385.79,544.49,576.23
📚Aagaard J. Excelling at chess calculation.pdf,140,0,contour,191.42,800,800,False,0.5,0.6609,72.31,106.35,263.74,293.51
📚Aagaard J. Excelling at chess calculation.pdf,140,1,contour,194.69,800,800,False,0.5,0.7053,71.01,375.97,265.7,566.74
📚Aagaard J. Excelling at chess calculation.pdf,140,2,contour,191.75,800,800,False,0.5,0.7289,72.97,648.87,264.72,836.69
📚Aagaard J. Excelling at chess calculation.pdf,140,3,contour,195.02,800,800,False,0.5,0.6759,350.12,103.73,545.14,294.17
📚Aagaard J. Excelling at chess calculation.pdf,140,4,contour,191.75,800,800,False,0.5,0.7468,352.41,375.97,544.16,564.12
📚Aagaard J. Excelling at chess calculation.pdf,140,5,contour,191.75,800,800,False,0.5,0.6872,353.07,647.23,544.82,835.38
📚Aagaard J. Excelling at chess calculation.pdf,148,0,contour,195.68,800,800,False,0.5,0.8017,70.35,105.36,266.03,295.8
📚Aagaard J. Excelling at chess calculation.pdf,148,1,contour,192.08,800,800,False,0.5,0.8022,70.35,378.26,262.43,565.76
📚Aagaard J. Excelling at chess calculation.pdf,148,2,contour,195.02,800,800,False,0.5,0.7473,68.06,648.54,263.08,838.98
📚Aagaard J. Excelling at chess calculation.pdf,148,3,contour,195.35,800,800,False,0.5,0.7984,350.45,106.35,545.8,296.46
📚Aagaard J. Excelling at chess calculation.pdf,148,4,contour,195.35,800,800,False,0.5,0.7774,349.14,377.28,544.49,567.72
📚Aagaard J. Excelling at chess calculation.pdf,148,5,contour,191.75,800,800,False,0.5,0.8365,349.47,650.51,541.22,837.67
📚Aagaard J. Excelling at chess calculation.pdf,163,0,contour,191.42,800,800,False,0.5,0.6858,89.66,474.46,281.08,661.63
📚Aagaard J. Excelling at chess calculation.pdf,163,1,contour,195.02,800,800,False,0.5,0.6654,368.12,364.85,563.14,555.29
📚Aagaard J. Excelling at chess calculation.pdf,171,0,contour,192.73,800,800,False,0.5,0.7941,89.0,136.12,281.73,323.94
📚Aagaard J. Excelling at chess calculation.pdf,171,1,contour,196.66,800,800,False,0.5,0.7168,363.86,462.36,560.52,653.45
📚Aagaard J. Excelling at chess calculation.pdf,179,0,contour,191.75,800,800,False,0.5,0.7721,86.06,225.78,277.81,412.95
📚Aagaard J. Excelling at chess calculation.pdf,179,1,contour,196.0,800,800,False,0.5,0.7942,80.82,712.02,276.83,902.46
📚Aagaard J. Excelling at chess calculation.pdf,179,2,contour,196.0,800,800,False,0.5,0.7858,361.25,605.02,557.25,794.81
📚Aagaard J. Excelling at chess calculation.pdf,186,0,contour,195.02,800,800,False,0.5,0.7011,64.46,104.05,259.48,294.49
📚Aagaard J. Excelling at chess calculation.pdf,186,1,contour,191.75,800,800,False,0.5,0.7272,346.19,230.69,537.94,418.18
📚Silman J. The Complete Book of Chess Strategy.pdf,48,0,contour,205.53,800,800,False,0.5,0.4235,149.56,460.15,353.13,665.67
📚Silman J. The Complete Book of Chess Strategy.pdf,79,0,contour,204.87,800,800,False,0.5,0.5891,150.55,193.42,354.11,398.29
📚Silman J. The Complete Book of Chess Strategy.pdf,94,0,contour,208.8,800,800,False,0.5,0.5229,149.56,249.71,355.75,458.51
📚Silman J. The Complete Book of Chess Strategy.pdf,110,0,contour,204.87,800,800,False,0.5,0.4796,151.85,458.18,355.09,663.05
📚Silman J. The Complete Book of Chess Strategy.pdf,125,0,contour,207.16,800,800,False,0.5,0.464,146.29,30.44,353.45,235.96
📚Silman J. The Complete Book of Chess Strategy.pdf,141,0,contour,203.56,800,800,False,0.5,0.4623,149.56,31.42,353.13,233.02
📚Silman J. The Complete Book of Chess Strategy.pdf,141,1,contour,205.85,800,800,False,0.5,0.4776,150.87,396.0,354.44,601.85
📚Silman J. The Complete Book of Chess Strategy.pdf,156,0,contour,207.49,800,800,False,0.5,0.5359,148.25,83.45,355.09,290.95
📚Silman J. The Complete Book of Chess Strategy.pdf,156,1,contour,208.8,800,800,False,0.5,0.5667,146.62,508.25,353.78,717.05
📚Silman J. The Complete Book of Chess Strategy.pdf,172,0,contour,207.82,800,800,False,0.5,0.4248,147.27,103.42,353.78,311.24
📚Silman J. The Complete Book of Chess Strategy.pdf,172,1,contour,204.87,800,800,False,0.5,0.5228,148.91,428.73,352.15,633.6
📚Silman J. The Complete Book of Chess Strategy.pdf,187,0,contour,209.78,800,800,False,0.5,0.623,146.95,257.24,356.73,465.71
📚Silman J. The Complete Book of Chess Strategy.pdf,218,0,contour,208.47,800,800,False,0.5,0.6184,149.89,392.07,357.05,600.55
📚Silman J. The Complete Book of Chess Strategy.pdf,234,0,contour,208.47,800,800,False,0.5,0.5179,150.22,313.53,357.71,522.0
📚Silman J. The Complete Book of Chess Strategy.pdf,249,0,contour,208.15,800,800,False,0.5,0.5614,148.91,315.49,356.07,523.64
📚Silman J. The Complete Book of Chess Strategy.pdf,265,0,contour,208.47,800,800,False,0.5,0.5304,147.6,232.36,354.44,440.84
📚Silman J. The Complete Book of Chess Strategy.pdf,280,0,contour,208.15,800,800,False,0.5,0.4885,147.93,193.75,355.42,401.89
📚Silman J. The Complete Book of Chess Strategy.pdf,296,0,contour,204.87,800,800,False,0.5,0.6131,153.16,285.05,356.73,489.93
📚Silman J. The Complete Book of Chess Strategy.pdf,311,0,contour,208.47,800,800,False,0.5,0.626,153.16,327.6,360.65,536.07
📚Silman J. The Complete Book of Chess Strategy.pdf,327,0,contour,207.16,800,800,False,0.5,0.6485,150.87,34.04,358.04,238.25
📚Yusupov Artur. Build Up Your Chess (all volumes).pdf,105,0,contour,138.76,800,800,False,0.5,0.6212,289.31,158.07,428.07,296.18
📚Yusupov Artur. Build Up Your Chess (all volumes).pdf,105,1,contour,138.76,800,800,False,0.5,0.6025,288.98,356.4,427.75,494.84
📚Yusupov Artur. Build Up Your Chess (all volumes).pdf,210,0,contour,137.13,800,800,False,0.5,0.6622,60.55,75.27,197.67,212.4
📚Yusupov Artur. Build Up Your Chess (all volumes).pdf,210,1,embedded,167.32,373,419,True,0.7255,0.8519,49.74,250.81,198.79,418.13
📚Yusupov Artur. Build Up Your Chess (all volumes).pdf,210,2,embedded,155.78,376,390,True,0.9103,0.765,49.74,443.13,199.75,598.91
📚Yusupov Artur. Build Up Your Chess (all volumes).pdf,210,3,contour,138.76,800,800,False,0.5,0.6022,261.16,74.62,399.6,213.38
📚Yusupov Artur. Build Up Your Chess (all volumes).pdf,210,4,embedded,156.74,373,392,True,0.8788,0.6395,250.71,249.85,399.76,406.59
📚Yusupov Artur. Build Up Your Chess (all volumes).pdf,210,5,embedded,169.24,371,424,True,0.8375,0.732,250.71,443.14,398.8,612.38
📚Yusupov Artur. Build Up Your Chess (all volumes).pdf,523,0,contour,140.36,800,800,False,0.5,0.7956,303.62,182.56,440.7,322.92
📚Yusupov Artur. Build Up Your Chess (all volumes).pdf,523,1,contour,139.7,800,800,False,0.5,0.7955,302.96,488.8,440.05,628.5
📚Yusupov Artur. Build Up Your Chess (all volumes).pdf,628,0,embedded,170.88,380,428,True,0.8696,0.3323,21.49,155.43,173.17,326.31
📚Yusupov Artur. Build Up Your Chess (all volumes).pdf,941,0,contour,138.44,800,800,False,0.5,0.3627,288.0,113.56,426.44,252.0
📚Yusupov Artur. Build Up Your Chess (all volumes).pdf,941,1,embedded,157.44,375,394,True,1.0,0.3469,278.17,408.0,427.93,565.44
📚Yusupov Artur. Build Up Your Chess (all volumes).pdf,1046,0,contour,139.09,800,800,False,0.5,0.505,42.22,85.42,180.98,224.51
📚Yusupov Artur. Build Up Your Chess (all volumes).pdf,1150,0,contour,142.0,800,800,False,0.5,0.6395,34.35,163.59,176.35,302.97
📚Yusupov Artur. Build Up Your Chess (all volumes).pdf,1150,1,contour,142.0,800,800,False,0.5,0.6717,34.68,387.71,176.68,526.44
📚Yusupov Artur. Build Up Your Chess (all volumes).pdf,1255,0,contour,141.02,800,800,False,0.5,0.7833,267.64,74.6,408.65,213.32
📚Yusupov Artur. Build Up Your Chess (all volumes).pdf,1255,1,contour,141.67,800,800,False,0.5,0.6802,267.31,260.44,408.98,400.15
📚Yusupov Artur. Build Up Your Chess (all volumes).pdf,1255,2,contour,141.67,800,800,False,0.5,0.7061,267.64,456.42,409.31,595.47
📚Yusupov Artur. Build Up Your Chess (all volumes).pdf,1359,0,contour,139.05,800,800,False,0.5,0.7189,38.93,74.27,177.99,211.36
📚Yusupov Artur. Build Up Your Chess (all volumes).pdf,1359,1,contour,137.74,800,800,False,0.5,0.702,39.92,267.96,177.66,405.05
📚Yusupov Artur. Build Up Your Chess (all volumes).pdf,1359,2,contour,141.67,800,800,False,0.5,0.6904,37.95,460.02,179.62,599.07
📚Yusupov Artur. Build Up Your Chess (all volumes).pdf,1359,3,contour,142.0,800,800,False,0.5,0.6495,243.1,73.62,385.1,212.67
📚Yusupov Artur. Build Up Your Chess (all volumes).pdf,1359,4,contour,142.65,800,800,False,0.5,0.7462,243.1,266.98,385.75,406.03
📚Yusupov Artur. Build Up Your Chess (all volumes).pdf,1359,5,contour,142.32,800,800,False,0.5,0.6971,243.75,460.02,386.08,598.75
📚Yusupov Artur. Build Up Your Chess (all volumes).pdf,1464,0,embedded,157.44,351,394,True,0.7272,0.7197,284.93,339.07,425.09,496.51
📚Yusupov Artur. Build Up Your Chess (all volumes).pdf,1568,0,contour,136.47,800,800,False,0.5,0.7391,49.75,73.31,185.89,209.78
📚Yusupov Artur. Build Up Your Chess (all volumes).pdf,1568,1,contour,138.44,800,800,False,0.5,0.7112,49.09,265.09,187.53,403.53
📚Yusupov Artur. Build Up Your Chess (all volumes).pdf,1568,2,contour,138.44,800,800,False,0.5,0.6819,49.42,457.53,187.85,595.64
📚Yusupov Artur. Build Up Your Chess (all volumes).pdf,1568,3,contour,138.44,800,800,False,0.5,0.7094,250.69,72.65,389.13,211.09
📚Yusupov Artur. Build Up Your Chess (all volumes).pdf,1568,4,contour,138.44,800,800,False,0.5,0.6796,250.69,265.42,389.13,403.53
📚Yusupov Artur. Build Up Your Chess (all volumes).pdf,1568,5,contour,138.44,800,800,False,0.5,0.7032,250.69,457.85,389.13,595.96
📚Yusupov Artur. Build Up Your Chess (all volumes).pdf,1673,0,embedded,159.36,360,399,True,0.9056,0.6628,41.17,155.43,185.17,314.79
📚Yusupov Artur. Build Up Your Chess (all volumes).pdf,1673,1,embedded,142.08,351,356,True,0.9649,0.6585,41.17,358.95,181.33,501.03
📚Yusupov Artur. Build Up Your Chess (all volumes).pdf,1777,0,contour,137.1,800,800,False,0.5,0.6003,39.27,308.56,176.04,445.67
📚Yusupov Artur. Build Up Your Chess (all volumes).pdf,1777,1,contour,136.78,800,800,False,0.5,0.591,38.94,487.22,175.39,624.0
📚Yusupov Artur. Build Up Your Chess (all volumes).pdf,1882,0,contour,139.07,800,800,False,0.5,0.8001,273.88,141.36,412.94,280.1
📚Yusupov Artur. Build Up Your Chess (all volumes).pdf,1882,1,embedded,157.44,351,394,True,0.7272,0.7109,272.17,471.04,412.33,628.48
📚Yusupov Artur. Build Up Your Chess (all volumes).pdf,2091,0,contour,139.06,800,800,False,0.5,0.6006,45.81,214.31,184.86,353.04
📚Yusupov Artur. Build Up Your Chess (all volumes).pdf,2091,1,contour,139.06,800,800,False,0.5,0.61,45.48,392.95,184.53,531.68
📚Yusupov Artur. Build Up Your Chess (all volumes).pdf,2300,0,embedded,155.52,292,324,True,0.7531,0.8804,60.84,130.07,201.0,285.59
📚Yusupov Artur. Build Up Your Chess (all volumes).pdf,2300,1,embedded,156.48,308,326,True,0.862,0.8618,52.21,452.64,200.05,609.12
📚Yusupov Artur. Build Up Your Chess (all volumes).pdf,2404,0,embedded,156.48,310,326,True,0.8773,0.8219,46.09,123.83,194.89,280.31
📚Yusupov Artur. Build Up Your Chess (all volumes).pdf,2404,1,embedded,154.56,310,322,True,0.9068,0.7766,45.13,423.36,193.93,577.92
📚Yusupov Artur. Build Up Your Chess (all volumes).pdf,2509,0,embedded,149.76,312,292,True,0.8288,0.8367,289.93,234.23,439.69,374.39
📚Yusupov Artur. Build Up Your Chess (all volumes).pdf,2509,1,embedded,156.48,308,326,True,0.862,0.7966,291.85,477.12,439.69,633.6
