pdf,page,index,source,side_pt,native_width,native_height,trimmed,detector_score,texture,x0,y0,x1,y1
1000 Chess Problems - Yakov Vladimirov 2015 .pdf,18,0,contour,218.87,800,800,False,0.5,0.6606,80.81,142.97,299.02,361.83
1000 Chess Problems - Yakov Vladimirov 2015 .pdf,18,1,contour,220.18,800,800,False,0.5,0.6691,81.13,513.31,299.35,733.48
1000 Chess Problems - Yakov Vladimirov 2015 .pdf,18,2,contour,215.92,800,800,False,0.5,0.7174,324.54,144.28,539.81,360.2
1000 Chess Problems - Yakov Vladimirov 2015 .pdf,18,3,contour,220.18,800,800,False,0.5,0.6459,323.23,513.31,541.44,733.48
1000 Chess Problems - Yakov Vladimirov 2015 .pdf,35,0,contour,219.19,800,800,False,0.5,0.6563,81.13,142.64,300.33,361.51
1000 Chess Problems - Yakov Vladimirov 2015 .pdf,35,1,contour,217.56,800,800,False,0.5,0.5733,83.1,514.29,299.02,731.85
1000 Chess Problems - Yakov Vladimirov 2015 .pdf,35,2,contour,219.19,800,800,False,0.5,0.5518,322.9,142.31,541.44,361.51
1000 Chess Problems - Yakov Vladimirov 2015 .pdf,35,3,contour,219.85,800,800,False,0.5,0.6437,323.56,512.98,541.44,732.83
1000 Chess Problems - Yakov Vladimirov 2015 .pdf,51,0,contour,219.19,800,800,False,0.5,0.5723,81.79,142.64,300.0,361.83
1000 Chess Problems - Yakov Vladimirov 2015 .pdf,51,1,contour,216.25,800,800,False,0.5,0.6826,83.75,515.27,298.69,731.52
1000 Chess Problems - Yakov Vladimirov 2015 .pdf,51,2,contour,218.54,800,800,False,0.5,0.6039,323.23,142.97,541.44,361.51
1000 Chess Problems - Yakov Vladimirov 2015 .pdf,51,3,contour,219.52,800,800,False,0.5,0.5693,323.23,513.31,542.1,732.83
1000 Chess Problems - Yakov Vladimirov 2015 .pdf,68,0,contour,218.87,800,800,False,0.5,0.5377,80.15,143.62,298.69,362.49
1000 Chess Problems - Yakov Vladimirov 2015 .pdf,68,1,contour,219.52,800,800,False,0.5,0.586,80.81,513.96,298.69,733.48
1000 Chess Problems - Yakov Vladimirov 2015 .pdf,68,2,contour,215.92,800,800,False,0.5,0.6328,324.54,144.93,540.13,360.85
1000 Chess Problems - Yakov Vladimirov 2015 .pdf,68,3,contour,216.9,800,800,False,0.5,0.6662,324.54,515.27,540.13,732.18
1000 Chess Problems - Yakov Vladimirov 2015 .pdf,85,0,contour,215.6,800,800,False,0.5,0.6407,83.42,144.6,299.02,360.2
1000 Chess Problems - Yakov Vladimirov 2015 .pdf,85,1,contour,219.85,800,800,False,0.5,0.5578,81.79,513.64,300.33,733.48
1000 Chess Problems - Yakov Vladimirov 2015 .pdf,85,2,contour,218.87,800,800,False,0.5,0.6531,323.56,143.29,541.44,362.16
1000 Chess Problems - Yakov Vladimirov 2015 .pdf,85,3,contour,219.85,800,800,False,0.5,0.6011,323.23,513.64,541.44,733.48
1000 Chess Problems - Yakov Vladimirov 2015 .pdf,102,0,contour,218.21,800,800,False,0.5,0.6576,82.12,144.28,300.33,362.49
1000 Chess Problems - Yakov Vladimirov 2015 .pdf,102,1,contour,219.85,800,800,False,0.5,0.6425,81.79,513.96,300.33,733.81
1000 Chess Problems - Yakov Vladimirov 2015 .pdf,102,2,contour,215.6,800,800,False,0.5,0.6977,324.54,145.58,540.13,360.85
1000 Chess Problems - Yakov Vladimirov 2015 .pdf,102,3,contour,216.9,800,800,False,0.5,0.7167,323.88,515.27,539.81,732.18
1000 Chess Problems - Yakov Vladimirov 2015 .pdf,119,0,contour,215.92,800,800,False,0.5,0.643,83.42,143.95,299.35,359.87
1000 Chess Problems - Yakov Vladimirov 2015 .pdf,119,1,contour,219.52,800,800,False,0.5,0.6262,81.79,512.98,300.33,732.5
1000 Chess Problems - Yakov Vladimirov 2015 .pdf,119,2,contour,218.87,800,800,False,0.5,0.6395,324.87,143.29,543.73,361.83
1000 Chess Problems - Yakov Vladimirov 2015 .pdf,119,3,contour,220.18,800,800,False,0.5,0.578,324.21,513.31,543.08,733.48
1000 Chess Problems - Yakov Vladimirov 2015 .pdf,135,0,contour,218.54,800,800,False,0.5,0.6099,81.79,143.95,300.0,362.49
1000 Chess Problems - Yakov Vladimirov 2015 .pdf,135,1,contour,219.52,800,800,False,0.5,0.5451,81.79,513.64,300.33,733.16
1000 Chess Problems - Yakov Vladimirov 2015 .pdf,135,2,contour,218.87,800,800,False,0.5,0.6109,324.21,143.95,542.75,362.82
1000 Chess Problems - Yakov Vladimirov 2015 .pdf,135,3,contour,219.85,800,800,False,0.5,0.6201,324.87,513.64,542.75,733.48
1000 Chess Problems - Yakov Vladimirov 2015 .pdf,152,0,contour,217.89,800,800,False,0.5,0.5494,82.77,143.95,300.66,361.83
1000 Chess Problems - Yakov Vladimirov 2015 .pdf,152,1,contour,220.18,800,800,False,0.5,0.5504,82.77,513.31,300.66,733.48
1000 Chess Problems - Yakov Vladimirov 2015 .pdf,152,2,contour,215.6,800,800,False,0.5,0.6465,325.19,144.6,540.46,360.2
1000 Chess Problems - Yakov Vladimirov 2015 .pdf,152,3,contour,220.5,800,800,False,0.5,0.614,323.56,513.31,541.77,733.81
1000 Chess Problems - Yakov Vladimirov 2015 .pdf,169,0,contour,215.27,800,800,False,0.5,0.616,82.77,145.58,298.04,360.85
1000 Chess Problems - Yakov Vladimirov 2015 .pdf,169,1,contour,220.5,800,800,False,0.5,0.6078,81.46,513.64,299.68,734.14
1000 Chess Problems - Yakov Vladimirov 2015 .pdf,169,2,contour,218.54,800,800,False,0.5,0.5687,323.88,143.95,541.77,362.49
1000 Chess Problems - Yakov Vladimirov 2015 .pdf,169,3,contour,219.85,800,800,False,0.5,0.6276,323.88,513.96,541.77,733.81
1000 Chess Problems - Yakov Vladimirov 2015 .pdf,186,0,contour,218.54,800,800,False,0.5,0.6267,81.79,144.28,300.33,362.82
1000 Chess Problems - Yakov Vladimirov 2015 .pdf,186,1,contour,216.58,800,800,False,0.5,0.633,83.42,515.6,299.02,732.18
1000 Chess Problems - Yakov Vladimirov 2015 .pdf,186,2,contour,218.87,800,800,False,0.5,0.5716,322.9,143.95,541.44,362.82
1000 Chess Problems - Yakov Vladimirov 2015 .pdf,186,3,contour,220.18,800,800,False,0.5,0.5883,323.23,513.96,541.44,734.14
1000 Chess Problems - Yakov Vladimirov 2015 .pdf,203,0,contour,218.87,800,800,False,0.5,0.6429,81.79,142.64,300.66,361.51
1000 Chess Problems - Yakov Vladimirov 2015 .pdf,203,1,contour,219.19,800,800,False,0.5,0.6502,81.79,513.31,300.33,732.5
1000 Chess Problems - Yakov Vladimirov 2015 .pdf,203,2,contour,215.6,800,800,False,0.5,0.6841,326.17,144.6,541.77,360.2
1000 Chess Problems - Yakov Vladimirov 2015 .pdf,203,3,contour,219.85,800,800,False,0.5,0.6338,324.87,512.98,543.08,732.83
1000 Chess Problems - Yakov Vladimirov 2015 .pdf,219,0,contour,219.19,800,800,False,0.5,0.4908,81.79,142.64,300.33,361.83
1000 Chess Problems - Yakov Vladimirov 2015 .pdf,219,1,contour,216.25,800,800,False,0.5,0.5577,83.42,514.94,298.69,731.19
1000 Chess Problems - Yakov Vladimirov 2015 .pdf,219,2,contour,218.54,800,800,False,0.5,0.6194,324.87,143.29,543.08,361.83
1000 Chess Problems - Yakov Vladimirov 2015 .pdf,219,3,contour,219.52,800,800,False,0.5,0.6748,324.21,513.31,543.08,732.83
1000 Chess Problems - Yakov Vladimirov 2015 .pdf,236,0,contour,215.92,800,800,False,0.5,0.631,84.08,143.95,299.35,359.87
1000 Chess Problems - Yakov Vladimirov 2015 .pdf,236,1,contour,220.5,800,800,False,0.5,0.573,82.44,512.98,300.33,733.48
1000 Chess Problems - Yakov Vladimirov 2015 .pdf,236,2,contour,219.19,800,800,False,0.5,0.6095,323.56,142.31,541.44,361.51
1000 Chess Problems - Yakov Vladimirov 2015 .pdf,236,3,contour,217.23,800,800,False,0.5,0.6538,324.54,514.62,539.81,731.85
1000 Chess Problems - Yakov Vladimirov 2015 .pdf,253,0,contour,215.92,800,800,False,0.5,0.566,83.42,143.62,298.69,359.54
1000 Chess Problems - Yakov Vladimirov 2015 .pdf,253,1,contour,220.18,800,800,False,0.5,0.5103,81.79,512.65,300.33,732.83
1000 Chess Problems - Yakov Vladimirov 2015 .pdf,253,2,contour,218.54,800,800,False,0.5,0.628,323.88,141.99,542.42,360.53
1000 Chess Problems - Yakov Vladimirov 2015 .pdf,253,3,contour,219.85,800,800,False,0.5,0.6586,324.21,512.65,542.75,732.5
"1001_Sacrificios_e__Combinações_Vencedores_Fred_Reinfeld,_Bruce_hq.pdf",46,0,embedded,280.5,350,350,True,1.0,0.3087,165.75,144.75,446.25,425.25
"1001_Sacrificios_e__Combinações_Vencedores_Fred_Reinfeld,_Bruce_hq.pdf",91,0,embedded,280.5,350,350,True,1.0,0.3092,165.75,144.75,446.25,425.25
"1001_Sacrificios_e__Combinações_Vencedores_Fred_Reinfeld,_Bruce_hq.pdf",135,0,embedded,280.5,350,350,True,1.0,0.2752,165.75,144.75,446.25,425.25
"1001_Sacrificios_e__Combinações_Vencedores_Fred_Reinfeld,_Bruce_hq.pdf",180,0,embedded,280.5,350,350,True,1.0,0.312,165.75,144.75,446.25,425.25
"1001_Sacrificios_e__Combinações_Vencedores_Fred_Reinfeld,_Bruce_hq.pdf",225,0,embedded,280.5,350,350,True,1.0,0.3112,165.75,144.75,446.25,425.25
"1001_Sacrificios_e__Combinações_Vencedores_Fred_Reinfeld,_Bruce_hq.pdf",270,0,embedded,280.5,350,350,True,1.0,0.3392,165.75,144.75,446.25,425.25
"1001_Sacrificios_e__Combinações_Vencedores_Fred_Reinfeld,_Bruce_hq.pdf",315,0,embedded,280.5,350,350,True,1.0,0.2586,165.75,144.75,446.25,425.25
"1001_Sacrificios_e__Combinações_Vencedores_Fred_Reinfeld,_Bruce_hq.pdf",359,0,embedded,280.5,350,350,True,1.0,0.3083,165.75,144.75,446.25,425.25
"1001_Sacrificios_e__Combinações_Vencedores_Fred_Reinfeld,_Bruce_hq.pdf",404,0,embedded,280.5,350,350,True,1.0,0.2303,165.75,144.75,446.25,425.25
"1001_Sacrificios_e__Combinações_Vencedores_Fred_Reinfeld,_Bruce_hq.pdf",449,0,embedded,280.5,350,350,True,1.0,0.1708,165.75,144.75,446.25,425.25
"1001_Sacrificios_e__Combinações_Vencedores_Fred_Reinfeld,_Bruce_hq.pdf",494,0,embedded,280.5,350,350,True,1.0,0.4691,165.75,144.75,446.25,425.25
"1001_Sacrificios_e__Combinações_Vencedores_Fred_Reinfeld,_Bruce_hq.pdf",539,0,embedded,280.5,350,350,True,1.0,0.3189,165.75,144.75,446.25,425.25
"1001_Sacrificios_e__Combinações_Vencedores_Fred_Reinfeld,_Bruce_hq.pdf",583,0,embedded,280.5,350,350,True,1.0,0.2505,165.75,144.75,446.25,425.25
"1001_Sacrificios_e__Combinações_Vencedores_Fred_Reinfeld,_Bruce_hq.pdf",628,0,embedded,280.5,350,350,True,1.0,0.5736,165.75,144.75,446.25,425.25
"1001_Sacrificios_e__Combinações_Vencedores_Fred_Reinfeld,_Bruce_hq.pdf",673,0,embedded,280.5,350,350,True,1.0,0.5077,165.75,144.75,446.25,425.25
"1001_Sacrificios_e__Combinações_Vencedores_Fred_Reinfeld,_Bruce_hq.pdf",718,0,embedded,280.5,350,350,True,1.0,0.4187,165.75,144.75,446.25,425.25
"1001_Sacrificios_e__Combinações_Vencedores_Fred_Reinfeld,_Bruce_hq.pdf",763,0,embedded,280.5,350,350,True,1.0,0.1462,165.75,144.75,446.25,425.25
"1001_Sacrificios_e__Combinações_Vencedores_Fred_Reinfeld,_Bruce_hq.pdf",807,0,embedded,280.5,350,350,True,1.0,0.6634,165.75,144.75,446.25,425.25
"1001_Sacrificios_e__Combinações_Vencedores_Fred_Reinfeld,_Bruce_hq.pdf",852,0,embedded,280.5,350,350,True,1.0,0.4722,165.75,144.75,446.25,425.25
"1001_Sacrificios_e__Combinações_Vencedores_Fred_Reinfeld,_Bruce_hq.pdf",897,0,embedded,280.5,350,350,True,1.0,0.2585,165.75,144.75,446.25,425.25
"1001_Sacrificios_e__Combinações_Vencedores_Fred_Reinfeld,_Bruce_hq.pdf",942,0,embedded,280.5,350,350,True,1.0,0.3593,165.75,144.75,446.25,425.25
"1001_Sacrificios_e__Combinações_Vencedores_Fred_Reinfeld,_Bruce_hq.pdf",987,0,embedded,280.5,350,350,True,1.0,0.1883,165.75,144.75,446.25,425.25
"1001_Sacrificios_e__Combinações_Vencedores_Fred_Reinfeld,_Bruce_hq.pdf",1031,0,embedded,280.5,350,350,True,1.0,0.2284,165.75,144.75,446.25,425.25
"1001_Winning_Chess_Sacrifices_and_Combinations,_Fred_Reinfeld,_Bruce.pdf",46,0,embedded,280.5,350,350,True,1.0,0.5965,165.75,144.75,446.25,425.25
"1001_Winning_Chess_Sacrifices_and_Combinations,_Fred_Reinfeld,_Bruce.pdf",91,0,embedded,280.5,350,350,True,1.0,0.5781,165.75,144.75,446.25,425.25
"1001_Winning_Chess_Sacrifices_and_Combinations,_Fred_Reinfeld,_Bruce.pdf",136,0,embedded,280.5,350,350,True,1.0,0.538,165.75,144.75,446.25,425.25
"1001_Winning_Chess_Sacrifices_and_Combinations,_Fred_Reinfeld,_Bruce.pdf",180,0,embedded,280.5,350,350,True,1.0,0.5299,165.75,144.75,446.25,425.25
"1001_Winning_Chess_Sacrifices_and_Combinations,_Fred_Reinfeld,_Bruce.pdf",225,0,embedded,280.5,350,350,True,1.0,0.5463,165.75,144.75,446.25,425.25
"1001_Winning_Chess_Sacrifices_and_Combinations,_Fred_Reinfeld,_Bruce.pdf",270,0,embedded,280.5,350,350,True,1.0,0.6684,165.75,144.75,446.25,425.25
"1001_Winning_Chess_Sacrifices_and_Combinations,_Fred_Reinfeld,_Bruce.pdf",315,0,embedded,280.5,350,350,True,1.0,0.575,165.75,144.75,446.25,425.25
"1001_Winning_Chess_Sacrifices_and_Combinations,_Fred_Reinfeld,_Bruce.pdf",360,0,embedded,280.5,350,350,True,1.0,0.5936,165.75,144.75,446.25,425.25
"1001_Winning_Chess_Sacrifices_and_Combinations,_Fred_Reinfeld,_Bruce.pdf",405,0,embedded,280.5,350,350,True,1.0,0.5212,165.75,144.75,446.25,425.25
"1001_Winning_Chess_Sacrifices_and_Combinations,_Fred_Reinfeld,_Bruce.pdf",449,0,embedded,280.5,350,350,True,1.0,0.571,165.75,144.75,446.25,425.25
"1001_Winning_Chess_Sacrifices_and_Combinations,_Fred_Reinfeld,_Bruce.pdf",494,0,embedded,280.5,350,350,True,1.0,0.5879,165.75,144.75,446.25,425.25
"1001_Winning_Chess_Sacrifices_and_Combinations,_Fred_Reinfeld,_Bruce.pdf",539,0,embedded,280.5,350,350,True,1.0,0.6017,165.75,144.75,446.25,425.25
"1001_Winning_Chess_Sacrifices_and_Combinations,_Fred_Reinfeld,_Bruce.pdf",584,0,embedded,280.5,350,350,True,1.0,0.559,165.75,144.75,446.25,425.25
"1001_Winning_Chess_Sacrifices_and_Combinations,_Fred_Reinfeld,_Bruce.pdf",629,0,embedded,280.5,350,350,True,1.0,0.6878,165.75,144.75,446.25,425.25
"1001_Winning_Chess_Sacrifices_and_Combinations,_Fred_Reinfeld,_Bruce.pdf",674,0,embedded,280.5,350,350,True,1.0,0.6766,165.75,144.75,446.25,425.25
"1001_Winning_Chess_Sacrifices_and_Combinations,_Fred_Reinfeld,_Bruce.pdf",718,0,embedded,280.5,350,350,True,1.0,0.5549,165.75,144.75,446.25,425.25
"1001_Winning_Chess_Sacrifices_and_Combinations,_Fred_Reinfeld,_Bruce.pdf",763,0,embedded,280.5,350,350,True,1.0,0.6212,165.75,144.75,446.25,425.25
"1001_Winning_Chess_Sacrifices_and_Combinations,_Fred_Reinfeld,_Bruce.pdf",808,0,embedded,280.5,350,350,True,1.0,0.6634,165.75,144.75,446.25,425.25
"1001_Winning_Chess_Sacrifices_and_Combinations,_Fred_Reinfeld,_Bruce.pdf",853,0,embedded,280.5,350,350,True,1.0,0.6242,165.75,144.75,446.25,425.25
"1001_Winning_Chess_Sacrifices_and_Combinations,_Fred_Reinfeld,_Bruce.pdf",898,0,embedded,280.5,350,350,True,1.0,0.491,165.75,144.75,446.25,425.25
"1001_Winning_Chess_Sacrifices_and_Combinations,_Fred_Reinfeld,_Bruce.pdf",943,0,embedded,280.5,350,350,True,1.0,0.5821,165.75,144.75,446.25,425.25
"1001_Winning_Chess_Sacrifices_and_Combinations,_Fred_Reinfeld,_Bruce.pdf",987,0,embedded,280.5,350,350,True,1.0,0.5908,165.75,144.75,446.25,425.25
"1001_Winning_Chess_Sacrifices_and_Combinations,_Fred_Reinfeld,_Bruce.pdf",1032,0,embedded,280.5,350,350,True,1.0,0.5846,165.75,144.75,446.25,425.25
"1001_Winning_Chess_Sacrifices_and_Combinations,_Fred_Reinfeld,_Bruce_hq.pdf",46,0,embedded,280.5,350,350,True,0.85,0.3309,165.75,144.75,446.25,425.25
"1001_Winning_Chess_Sacrifices_and_Combinations,_Fred_Reinfeld,_Bruce_hq.pdf",91,0,embedded,280.5,350,350,False,0.7,0.3477,165.75,144.75,446.25,425.25
"1001_Winning_Chess_Sacrifices_and_Combinations,_Fred_Reinfeld,_Bruce_hq.pdf",136,0,embedded,280.5,350,350,True,0.85,0.2052,165.75,144.75,446.25,425.25
"1001_Winning_Chess_Sacrifices_and_Combinations,_Fred_Reinfeld,_Bruce_hq.pdf",180,0,embedded,280.5,350,350,True,0.85,0.2251,165.75,144.75,446.25,425.25
"1001_Winning_Chess_Sacrifices_and_Combinations,_Fred_Reinfeld,_Bruce_hq.pdf",225,0,embedded,280.5,350,350,True,0.85,0.3989,165.75,144.75,446.25,425.25
"1001_Winning_Chess_Sacrifices_and_Combinations,_Fred_Reinfeld,_Bruce_hq.pdf",270,0,embedded,280.5,350,350,True,0.85,0.3947,165.75,144.75,446.25,425.25
"1001_Winning_Chess_Sacrifices_and_Combinations,_Fred_Reinfeld,_Bruce_hq.pdf",315,0,embedded,280.5,350,350,True,0.85,0.3038,165.75,144.75,446.25,425.25
"1001_Winning_Chess_Sacrifices_and_Combinations,_Fred_Reinfeld,_Bruce_hq.pdf",360,0,embedded,280.5,350,350,False,0.7,0.4485,165.75,144.75,446.25,425.25
"1001_Winning_Chess_Sacrifices_and_Combinations,_Fred_Reinfeld,_Bruce_hq.pdf",405,0,embedded,280.5,350,350,True,0.85,0.29,165.75,144.75,446.25,425.25
"1001_Winning_Chess_Sacrifices_and_Combinations,_Fred_Reinfeld,_Bruce_hq.pdf",449,0,embedded,280.5,350,350,True,0.85,0.2027,165.75,144.75,446.25,425.25
"1001_Winning_Chess_Sacrifices_and_Combinations,_Fred_Reinfeld,_Bruce_hq.pdf",494,0,embedded,280.5,350,350,False,0.7,0.402,165.75,144.75,446.25,425.25
"1001_Winning_Chess_Sacrifices_and_Combinations,_Fred_Reinfeld,_Bruce_hq.pdf",539,0,embedded,280.5,350,350,False,0.7,0.4619,165.75,144.75,446.25,425.25
"1001_Winning_Chess_Sacrifices_and_Combinations,_Fred_Reinfeld,_Bruce_hq.pdf",584,0,embedded,280.5,350,350,False,0.7,0.401,165.75,144.75,446.25,425.25
"1001_Winning_Chess_Sacrifices_and_Combinations,_Fred_Reinfeld,_Bruce_hq.pdf",629,0,embedded,280.5,350,350,True,0.85,0.4444,165.75,144.75,446.25,425.25
"1001_Winning_Chess_Sacrifices_and_Combinations,_Fred_Reinfeld,_Bruce_hq.pdf",674,0,embedded,280.5,350,350,True,0.85,0.5423,165.75,144.75,446.25,425.25
"1001_Winning_Chess_Sacrifices_and_Combinations,_Fred_Reinfeld,_Bruce_hq.pdf",718,0,embedded,280.5,350,350,False,0.7,0.4199,165.75,144.75,446.25,425.25
"1001_Winning_Chess_Sacrifices_and_Combinations,_Fred_Reinfeld,_Bruce_hq.pdf",763,0,embedded,280.5,350,350,True,0.85,0.4539,165.75,144.75,446.25,425.25
"1001_Winning_Chess_Sacrifices_and_Combinations,_Fred_Reinfeld,_Bruce_hq.pdf",808,0,embedded,280.5,350,350,True,1.0,0.6634,165.75,144.75,446.25,425.25
"1001_Winning_Chess_Sacrifices_and_Combinations,_Fred_Reinfeld,_Bruce_hq.pdf",853,0,embedded,280.5,350,350,True,0.85,0.3519,165.75,144.75,446.25,425.25
"1001_Winning_Chess_Sacrifices_and_Combinations,_Fred_Reinfeld,_Bruce_hq.pdf",898,0,embedded,280.5,350,350,True,0.85,0.2689,165.75,144.75,446.25,425.25
"1001_Winning_Chess_Sacrifices_and_Combinations,_Fred_Reinfeld,_Bruce_hq.pdf",943,0,embedded,280.5,350,350,True,0.85,0.4528,165.75,144.75,446.25,425.25
"1001_Winning_Chess_Sacrifices_and_Combinations,_Fred_Reinfeld,_Bruce_hq.pdf",987,0,embedded,280.5,350,350,True,0.85,0.4007,165.75,144.75,446.25,425.25
"1001_Winning_Chess_Sacrifices_and_Combinations,_Fred_Reinfeld,_Bruce_hq.pdf",1032,0,embedded,280.5,350,350,False,0.7,0.3384,165.75,144.75,446.25,425.25
1937 Kemeri.pdf,4,0,embedded,141.48,590,579,True,1.0,0.5408,108.9,281.9,250.38,420.86
1937 Kemeri.pdf,13,0,embedded,149.94,590,625,True,1.0,0.5268,44.3,231.3,185.78,381.24
1937 Kemeri.pdf,13,1,embedded,141.84,591,588,True,1.0,0.544,210.4,383.05,352.24,524.17
1937 Kemeri.pdf,59,0,embedded,155.7,590,649,True,0.7727,0.5095,211.3,66.95,352.78,222.65
1937 Kemeri.pdf,70,0,embedded,141.84,591,588,True,0.9872,0.5223,40.3,260.8,182.14,401.92
1937 Kemeri.pdf,93,0,embedded,142.02,592,590,True,0.9915,0.558,205.55,222.85,347.57,364.33
1937 Kemeri.pdf,105,0,embedded,141.84,591,587,True,1.0,0.5183,41.05,155.15,182.89,295.91
1937 Kemeri.pdf,105,1,embedded,153.54,591,640,True,0.9586,0.4964,207.55,353.9,349.39,507.44
1937 Kemeri.pdf,117,0,embedded,141.66,590,588,True,1.0,0.5385,45.7,195.65,187.36,336.77
1937 Kemeri.pdf,128,0,embedded,142.38,593,593,True,1.0,0.4888,40.5,160.2,182.88,302.58
1937 Kemeri.pdf,140,0,embedded,161.82,590,674,True,0.8384,0.5703,209.35,116.45,350.83,278.27
1937 Kemeri.pdf,151,0,embedded,141.84,591,587,True,0.983,0.5227,41.95,128.35,183.79,269.11
1937 Kemeri.pdf,151,1,embedded,142.02,592,589,True,1.0,0.5418,208.6,137.15,350.62,278.45
1937 Kemeri.pdf,221,0,embedded,142.38,593,590,True,1.0,0.5326,43.9,72.0,186.28,213.66
1937 Kemeri.pdf,244,0,embedded,170.82,642,712,True,0.9042,0.5548,33.1,168.3,187.18,339.12
1937 Kemeri.pdf,267,0,contour,137.72,800,800,False,0.5,0.5988,47.43,76.22,185.16,213.29
400 Quebra-cabeças de Estratégia de Xadrez.pdf,5,0,contour,195.36,800,800,False,0.5,0.687,199.29,408.07,394.33,603.43
400 Quebra-cabeças de Estratégia de Xadrez.pdf,53,0,contour,195.36,800,800,False,0.5,0.6711,199.29,87.05,394.33,282.41
400 Quebra-cabeças de Estratégia de Xadrez.pdf,158,0,contour,195.36,800,800,False,0.5,0.6299,199.29,87.05,394.33,282.41
400 Quebra-cabeças de Estratégia de Xadrez.pdf,211,0,contour,195.36,800,800,False,0.5,0.5586,199.29,87.05,394.33,282.41
400 Quebra-cabeças de Estratégia de Xadrez.pdf,263,0,contour,195.36,800,800,False,0.5,0.7143,199.29,87.05,394.33,282.41
400 Quebra-cabeças de Estratégia de Xadrez.pdf,315,0,contour,195.36,800,800,False,0.5,0.7176,199.29,87.05,394.33,282.41
400 Quebra-cabeças de Estratégia de Xadrez.pdf,368,0,contour,195.36,800,800,False,0.5,0.5919,199.29,87.05,394.33,282.41
400 Quebra-cabeças de Estratégia de Xadrez.pdf,420,0,contour,195.36,800,800,False,0.5,0.6291,199.29,87.05,394.33,282.41
400 Quebra-cabeças de Estratégia de Xadrez.pdf,473,0,contour,195.36,800,800,False,0.5,0.6882,199.29,87.05,394.33,282.41
400 Quebra-cabeças de Estratégia de Xadrez.pdf,525,0,contour,195.36,800,800,False,0.5,0.7176,199.29,87.05,394.33,282.41
400 Quebra-cabeças de Estratégia de Xadrez.pdf,525,1,contour,195.36,800,800,False,0.5,0.7387,199.29,524.89,394.33,720.26
400 Quebra-cabeças de Estratégia de Xadrez.pdf,577,0,contour,195.36,800,800,False,0.5,0.7026,199.29,87.05,394.33,282.41
400 Quebra-cabeças de Estratégia de Xadrez.pdf,630,0,contour,195.36,800,800,False,0.5,0.5979,199.29,87.05,394.33,282.41
400 Quebra-cabeças de Estratégia de Xadrez.pdf,682,0,contour,195.36,800,800,False,0.5,0.6563,199.29,87.05,394.33,282.41
400 Quebra-cabeças de Estratégia de Xadrez.pdf,735,0,contour,195.36,800,800,False,0.5,0.6809,199.29,87.05,394.33,282.41
400 Quebra-cabeças de Estratégia de Xadrez.pdf,787,0,contour,195.36,800,800,False,0.5,0.678,199.29,87.05,394.33,282.41
400 Quebra-cabeças de Estratégia de Xadrez.pdf,944,0,contour,195.36,800,800,False,0.5,0.6959,199.29,87.05,394.33,282.41
400 Quebra-cabeças de Estratégia de Xadrez.pdf,997,0,contour,195.36,800,800,False,0.5,0.6651,199.29,87.05,394.33,282.41
400 Quebra-cabeças de Estratégia de Xadrez.pdf,1049,0,contour,195.36,800,800,False,0.5,0.6771,199.29,87.05,394.33,282.41
400 Quebra-cabeças de Estratégia de Xadrez.pdf,1049,1,contour,195.36,800,800,False,0.5,0.6493,199.29,542.24,394.33,737.6
400 Quebra-cabeças de Estratégia de Xadrez.pdf,1101,0,contour,195.36,800,800,False,0.5,0.6449,199.29,87.05,394.33,282.41
400 Quebra-cabeças de Estratégia de Xadrez.pdf,1154,0,contour,195.36,800,800,False,0.5,0.6834,199.29,87.05,394.33,282.41
400 Quebra-cabeças de Estratégia de Xadrez.pdf,1206,0,contour,195.36,800,800,False,0.5,0.6974,199.29,87.05,394.33,282.41
400 Quebra-cabeças de Estratégia de Xadrez.pdf,1206,1,contour,195.36,800,800,False,0.5,0.6837,199.29,426.72,394.33,622.09
400 Quebra-cabeças de Estratégia de Xadrez_Martin_Kravtsiv_hq.pdf,5,0,contour,195.36,800,800,False,0.5,0.2348,199.94,407.09,394.0,602.45
400 Quebra-cabeças de Estratégia de Xadrez_Martin_Kravtsiv_hq.pdf,53,0,contour,193.07,800,800,False,0.5,0.2141,200.6,88.03,393.67,280.45
400 Quebra-cabeças de Estratégia de Xadrez_Martin_Kravtsiv_hq.pdf,157,0,contour,194.05,800,800,False,0.5,0.1807,200.6,87.37,394.65,281.1
400 Quebra-cabeças de Estratégia de Xadrez_Martin_Kravtsiv_hq.pdf,209,0,contour,193.4,800,800,False,0.5,0.1883,200.6,88.03,394.0,280.45
400 Quebra-cabeças de Estratégia de Xadrez_Martin_Kravtsiv_hq.pdf,262,0,contour,190.13,800,800,False,0.5,0.2494,202.56,89.99,392.69,279.14
400 Quebra-cabeças de Estratégia de Xadrez_Martin_Kravtsiv_hq.pdf,314,0,contour,193.07,800,800,False,0.5,0.2415,200.6,87.37,393.67,280.45
400 Quebra-cabeças de Estratégia de Xadrez_Martin_Kravtsiv_hq.pdf,366,0,contour,193.4,800,800,False,0.5,0.1173,200.6,88.68,394.0,281.1
400 Quebra-cabeças de Estratégia de Xadrez_Martin_Kravtsiv_hq.pdf,470,0,contour,193.4,800,800,False,0.5,0.1865,200.6,88.03,394.0,281.1
400 Quebra-cabeças de Estratégia de Xadrez_Martin_Kravtsiv_hq.pdf,522,0,contour,191.76,800,800,False,0.5,0.2856,201.91,88.03,392.69,279.79
400 Quebra-cabeças de Estratégia de Xadrez_Martin_Kravtsiv_hq.pdf,574,0,contour,190.13,800,800,False,0.5,0.2382,202.56,89.99,392.69,279.14
400 Quebra-cabeças de Estratégia de Xadrez_Martin_Kravtsiv_hq.pdf,574,1,contour,189.8,800,800,False,0.5,0.2555,202.56,529.8,392.36,716.0
400 Quebra-cabeças de Estratégia de Xadrez_Martin_Kravtsiv_hq.pdf,626,0,contour,194.71,800,800,False,0.5,0.205,200.6,86.39,394.0,281.1
400 Quebra-cabeças de Estratégia de Xadrez_Martin_Kravtsiv_hq.pdf,626,1,contour,193.07,800,800,False,0.5,0.1828,200.93,497.08,394.0,688.84
400 Quebra-cabeças de Estratégia de Xadrez_Martin_Kravtsiv_hq.pdf,679,0,contour,190.78,800,800,False,0.5,0.3374,201.91,88.36,392.69,279.14
400 Quebra-cabeças de Estratégia de Xadrez_Martin_Kravtsiv_hq.pdf,731,0,contour,193.73,800,800,False,0.5,0.2139,200.6,87.37,394.0,281.1
400 Quebra-cabeças de Estratégia de Xadrez_Martin_Kravtsiv_hq.pdf,783,0,contour,193.4,800,800,False,0.5,0.245,200.6,87.37,394.0,280.45
400 Quebra-cabeças de Estratégia de Xadrez_Martin_Kravtsiv_hq.pdf,939,0,contour,189.47,800,800,False,0.5,0.425,202.56,89.66,392.04,278.48
400 Quebra-cabeças de Estratégia de Xadrez_Martin_Kravtsiv_hq.pdf,939,1,contour,193.07,800,800,False,0.5,0.368,200.93,543.55,394.0,735.97
400 Quebra-cabeças de Estratégia de Xadrez_Martin_Kravtsiv_hq.pdf,991,0,contour,190.78,800,800,False,0.5,0.3146,201.91,88.36,392.69,279.14
400 Quebra-cabeças de Estratégia de Xadrez_Martin_Kravtsiv_hq.pdf,1043,0,contour,194.05,800,800,False,0.5,0.1657,199.94,87.37,394.0,280.77
400 Quebra-cabeças de Estratégia de Xadrez_Martin_Kravtsiv_hq.pdf,1043,1,contour,193.73,800,800,False,0.5,0.1622,200.93,527.19,394.65,716.99
400 Quebra-cabeças de Estratégia de Xadrez_Martin_Kravtsiv_hq.pdf,1096,0,contour,193.73,800,800,False,0.5,0.1582,200.6,87.37,393.67,281.1
400 Quebra-cabeças de Estratégia de Xadrez_Martin_Kravtsiv_hq.pdf,1148,0,contour,190.78,800,800,False,0.5,0.4319,202.56,88.36,392.69,279.14
A Matter of Endgame Technique – Jacob Aagaard.pdf,37,0,contour,122.4,800,800,False,0.5,0.6914,88.36,138.11,210.43,260.5
A Matter of Endgame Technique – Jacob Aagaard.pdf,37,1,contour,122.07,800,800,False,0.5,0.7057,88.36,401.56,210.43,523.63
A Matter of Endgame Technique – Jacob Aagaard.pdf,37,2,contour,146.94,800,800,False,0.5,0.611,277.2,297.49,424.14,444.43
A Matter of Endgame Technique – Jacob Aagaard.pdf,73,0,contour,146.94,800,800,False,0.5,0.6752,75.6,65.45,222.54,212.4
A Matter of Endgame Technique – Jacob Aagaard.pdf,73,1,contour,146.94,800,800,False,0.5,0.578,76.58,478.47,223.52,625.08
A Matter of Endgame Technique – Jacob Aagaard.pdf,73,2,contour,146.94,800,800,False,0.5,0.5851,277.52,355.74,424.47,502.68
A Matter of Endgame Technique – Jacob Aagaard.pdf,109,0,contour,122.4,800,800,False,0.5,0.672,88.69,402.54,210.76,524.94
A Matter of Endgame Technique – Jacob Aagaard.pdf,109,1,contour,146.62,800,800,False,0.5,0.6562,277.52,166.25,424.14,312.87
A Matter of Endgame Technique – Jacob Aagaard.pdf,109,2,contour,122.4,800,800,False,0.5,0.6922,289.3,444.1,411.38,566.5
A Matter of Endgame Technique – Jacob Aagaard.pdf,145,0,contour,144.65,800,800,False,0.5,0.6703,78.22,115.53,222.21,260.18
A Matter of Endgame Technique – Jacob Aagaard.pdf,145,1,contour,146.94,800,800,False,0.5,0.6197,276.87,66.11,423.16,213.05
A Matter of Endgame Technique – Jacob Aagaard.pdf,145,2,contour,144.32,800,800,False,0.5,0.6449,277.85,461.45,422.18,605.77
A Matter of Endgame Technique – Jacob Aagaard.pdf,181,0,contour,146.94,800,800,False,0.5,0.6336,76.91,166.25,223.2,313.2
A Matter of Endgame Technique – Jacob Aagaard.pdf,181,1,contour,146.62,800,800,False,0.5,0.6208,277.52,66.11,423.81,212.72
A Matter of Endgame Technique – Jacob Aagaard.pdf,181,2,contour,146.62,800,800,False,0.5,0.6355,277.2,448.03,423.48,594.65
A Matter of Endgame Technique – Jacob Aagaard.pdf,217,0,contour,122.4,800,800,False,0.5,0.6887,88.69,200.94,211.09,323.34
A Matter of Endgame Technique – Jacob Aagaard.pdf,217,1,contour,146.62,800,800,False,0.5,0.6697,76.25,404.18,222.87,550.79
A Matter of Endgame Technique – Jacob Aagaard.pdf,217,2,contour,146.94,800,800,False,0.5,0.6336,277.52,219.6,424.47,366.54
A Matter of Endgame Technique – Jacob Aagaard.pdf,252,0,contour,146.94,800,800,False,0.5,0.4514,75.27,128.62,222.21,275.23
A Matter of Endgame Technique – Jacob Aagaard.pdf,252,1,contour,146.62,800,800,False,0.5,0.5531,276.87,66.11,423.48,212.72
A Matter of Endgame Technique – Jacob Aagaard.pdf,288,0,contour,146.94,800,800,False,0.5,0.5291,75.27,321.38,222.21,468.32
A Matter of Endgame Technique – Jacob Aagaard.pdf,288,1,contour,146.94,800,800,False,0.5,0.5569,276.87,141.38,423.81,288.0
A Matter of Endgame Technique – Jacob Aagaard.pdf,288,2,contour,122.73,800,800,False,0.5,0.6207,288.98,469.63,411.7,591.37
A Matter of Endgame Technique – Jacob Aagaard.pdf,324,0,contour,122.4,800,800,False,0.5,0.6639,88.03,187.85,210.43,310.25
A Matter of Endgame Technique – Jacob Aagaard.pdf,324,1,contour,146.62,800,800,False,0.5,0.684,75.6,466.68,222.21,613.3
A Matter of Endgame Technique – Jacob Aagaard.pdf,324,2,contour,146.94,800,800,False,0.5,0.6273,276.87,316.79,423.81,463.41
A Matter of Endgame Technique – Jacob Aagaard.pdf,360,0,contour,146.62,800,800,False,0.5,0.5038,75.93,241.85,222.54,388.47
A Matter of Endgame Technique – Jacob Aagaard.pdf,360,1,contour,146.94,800,800,False,0.5,0.5982,277.2,66.76,424.14,213.38
A Matter of Endgame Technique – Jacob Aagaard.pdf,360,2,contour,146.62,800,800,False,0.5,0.5944,276.87,473.56,423.48,619.84
A Matter of Endgame Technique – Jacob Aagaard.pdf,396,0,contour,122.4,800,800,False,0.5,0.6647,87.38,65.78,209.45,188.18
A Matter of Endgame Technique – Jacob Aagaard.pdf,396,1,contour,146.94,800,800,False,0.5,0.5796,74.94,382.25,221.56,529.19
A Matter of Endgame Technique – Jacob Aagaard.pdf,432,0,contour,146.29,800,800,False,0.5,0.6892,75.93,165.92,221.89,312.21
A Matter of Endgame Technique – Jacob Aagaard.pdf,468,0,contour,120.43,800,800,False,0.5,0.6301,89.34,177.05,209.45,297.49
A Matter of Endgame Technique – Jacob Aagaard.pdf,468,1,contour,122.4,800,800,False,0.5,0.6451,88.03,401.56,210.11,523.96
A Matter of Endgame Technique – Jacob Aagaard.pdf,468,2,contour,146.62,800,800,False,0.5,0.5913,276.54,103.42,423.16,250.03
A Matter of Endgame Technique – Jacob Aagaard.pdf,468,3,contour,122.07,800,800,False,0.5,0.6858,288.98,330.87,411.05,452.94
A Matter of Endgame Technique – Jacob Aagaard.pdf,504,0,contour,146.29,800,800,False,0.5,0.6669,75.6,203.89,221.89,350.18
A Matter of Endgame Technique – Jacob Aagaard.pdf,504,1,contour,122.4,800,800,False,0.5,0.7061,91.63,494.17,213.71,616.57
A Matter of Endgame Technique – Jacob Aagaard.pdf,504,2,contour,122.4,800,800,False,0.5,0.702,288.65,150.54,411.05,272.61
A Matter of Endgame Technique – Jacob Aagaard.pdf,504,3,contour,122.4,800,800,False,0.5,0.6811,288.65,350.83,411.05,472.9
A Matter of Endgame Technique – Jacob Aagaard.pdf,540,0,contour,122.73,800,800,False,0.5,0.6091,87.71,65.78,210.11,188.51
A Matter of Endgame Technique – Jacob Aagaard.pdf,540,1,contour,122.4,800,800,False,0.5,0.6243,87.38,329.23,209.78,451.63
A Matter of Endgame Technique – Jacob Aagaard.pdf,540,2,contour,146.94,800,800,False,0.5,0.5955,276.54,90.98,423.48,237.27
A Matter of Endgame Technique – Jacob Aagaard.pdf,576,0,contour,146.94,800,800,False,0.5,0.666,75.27,179.02,222.21,325.63
A Matter of Endgame Technique – Jacob Aagaard.pdf,576,1,contour,147.27,800,800,False,0.5,0.6563,276.54,66.44,423.81,213.05
A Matter of Endgame Technique – Jacob Aagaard.pdf,612,0,contour,147.27,800,800,False,0.5,0.5422,74.94,147.6,222.21,294.54
A Matter of Endgame Technique – Jacob Aagaard.pdf,612,1,contour,122.73,800,800,False,0.5,0.5092,87.38,425.78,210.11,548.17
A Matter of Endgame Technique – Jacob Aagaard.pdf,612,2,contour,120.76,800,800,False,0.5,0.6195,289.63,277.52,410.39,397.96
A Matter of Endgame Technique – Jacob Aagaard.pdf,612,3,contour,122.4,800,800,False,0.5,0.5768,288.65,476.83,411.05,599.23
A Matter of Endgame Technique – Jacob Aagaard.pdf,648,0,contour,146.62,800,800,False,0.5,0.5849,75.6,159.05,222.21,305.67
A Matter of Endgame Technique – Jacob Aagaard.pdf,648,1,contour,122.4,800,800,False,0.5,0.6033,87.71,446.39,210.11,568.46
A Matter of Endgame Technique – Jacob Aagaard.pdf,648,2,contour,122.4,800,800,False,0.5,0.6218,289.3,138.11,411.7,260.18
A Matter of Endgame Technique – Jacob Aagaard.pdf,648,3,contour,146.94,800,800,False,0.5,0.5778,276.87,328.25,423.81,474.87
A Matter of Endgame Technique – Jacob Aagaard.pdf,683,0,contour,146.62,800,800,False,0.5,0.6578,76.58,115.85,222.87,262.47
A Matter of Endgame Technique – Jacob Aagaard.pdf,683,1,contour,144.32,800,800,False,0.5,0.73,77.24,473.23,221.56,617.55
A Matter of Endgame Technique – Jacob Aagaard.pdf,683,2,contour,122.4,800,800,False,0.5,0.7053,289.63,200.94,412.03,323.34
A Matter of Endgame Technique – Jacob Aagaard.pdf,683,3,contour,144.65,800,800,False,0.5,0.6984,278.18,468.32,422.83,612.97
A Matter of Endgame Technique – Jacob Aagaard.pdf,719,0,contour,147.27,800,800,False,0.5,0.5977,76.58,204.21,223.52,351.49
A Matter of Endgame Technique – Jacob Aagaard.pdf,719,1,contour,147.27,800,800,False,0.5,0.4958,277.2,65.45,424.14,212.72
A Matter of Endgame Technique – Jacob Aagaard.pdf,755,0,contour,122.07,800,800,False,0.5,0.6987,89.02,66.11,210.76,188.18
A Matter of Endgame Technique – Jacob Aagaard.pdf,755,1,contour,146.62,800,800,False,0.5,0.6423,76.25,470.61,222.54,617.23
A Matter of Endgame Technique – Jacob Aagaard.pdf,755,2,contour,146.94,800,800,False,0.5,0.6387,277.2,279.49,423.81,426.43
A Matter of Endgame Technique – Jacob Aagaard.pdf,791,0,contour,146.94,800,800,False,0.5,0.4289,176.07,425.12,323.01,571.74
A Matter of Endgame Technique – Jacob Aagaard.pdf,827,0,contour,146.62,800,800,False,0.5,0.5779,76.58,128.29,223.2,274.9
A Matter of Endgame Technique – Jacob Aagaard.pdf,827,1,contour,122.4,800,800,False,0.5,0.6206,88.69,406.14,210.76,528.54
A Matter of Endgame Technique – Jacob Aagaard.pdf,827,2,contour,146.94,800,800,False,0.5,0.5797,277.85,140.73,424.47,287.67
A Matter of Endgame Technique – Jacob Aagaard.pdf,827,3,contour,122.4,800,800,False,0.5,0.6196,289.96,380.94,412.36,503.34
A Matter of Endgame Technique – Jacob Aagaard.pdf,863,0,contour,122.73,800,800,False,0.5,0.6754,88.36,65.78,210.76,188.51
A Matter of Endgame Technique – Jacob Aagaard.pdf,863,1,contour,120.43,800,800,False,0.5,0.7545,89.02,305.34,209.45,425.78
A Matter of Endgame Technique – Jacob Aagaard.pdf,863,2,contour,122.73,800,800,False,0.5,0.6655,289.96,66.11,412.68,188.51
A Matter of Endgame Technique – Jacob Aagaard.pdf,863,3,contour,146.94,800,800,False,0.5,0.6192,277.52,269.34,424.47,416.28
AAGAARD - Practical Chess Defence.pdf,5,0,embedded,147.84,616,616,True,1.0,0.6261,235.21,303.35,383.05,451.19
AAGAARD - Practical Chess Defence.pdf,6,0,embedded,147.84,616,616,True,1.0,0.6288,235.21,278.39,383.05,426.23
AAGAARD - Practical Chess Defence.pdf,7,0,embedded,148.8,620,612,True,1.0,0.6058,33.6,74.88,182.4,221.76
AAGAARD - Practical Chess Defence.pdf,7,1,embedded,148.8,620,616,True,1.0,0.595,235.21,193.92,384.01,341.76
AAGAARD - Practical Chess Defence.pdf,8,0,embedded,147.84,616,612,True,1.0,0.6091,34.57,87.35,182.41,234.23
AAGAARD - Practical Chess Defence.pdf,8,1,embedded,147.84,616,616,True,1.0,0.572,236.17,48.95,384.01,196.79
AAGAARD - Practical Chess Defence.pdf,8,2,embedded,148.8,620,616,True,1.0,0.6073,235.21,408.96,384.01,556.8
AAGAARD - Practical Chess Defence.pdf,13,0,embedded,147.84,616,612,True,1.0,0.4559,236.17,400.31,384.01,547.19
AAGAARD - Practical Chess Defence.pdf,25,0,embedded,147.84,616,616,True,1.0,0.4755,33.6,47.04,181.44,194.88
AAGAARD - Practical Chess Defence.pdf,25,1,embedded,147.84,616,616,True,1.0,0.5796,33.6,370.55,181.44,518.39
AAGAARD - Practical Chess Defence.pdf,25,2,embedded,147.84,616,612,True,1.0,0.5516,235.21,216.95,383.05,363.83
AAGAARD - Practical Chess Defence.pdf,37,0,embedded,147.84,616,608,True,1.0,0.4424,33.6,56.64,181.44,202.56
AAGAARD - Practical Chess Defence.pdf,48,0,embedded,147.84,616,612,True,1.0,0.4716,33.6,386.87,181.44,533.75
AAGAARD - Practical Chess Defence.pdf,48,1,embedded,147.84,616,616,True,1.0,0.4574,235.21,302.39,383.05,450.23
AAGAARD - Practical Chess Defence.pdf,60,0,embedded,147.84,616,616,True,1.0,0.6754,34.57,98.87,182.41,246.71
AAGAARD - Practical Chess Defence.pdf,60,1,embedded,147.84,616,612,True,0.9837,0.6332,235.21,434.88,383.05,581.76
AAGAARD - Practical Chess Defence.pdf,72,0,embedded,131.52,548,548,True,1.0,0.6725,42.25,72.96,173.77,204.48
AAGAARD - Practical Chess Defence.pdf,72,1,embedded,131.52,548,548,True,1.0,0.4777,42.25,352.32,173.77,483.84
AAGAARD - Practical Chess Defence.pdf,72,2,embedded,131.52,548,544,True,1.0,0.5389,243.85,72.95,375.37,203.51
AAGAARD - Practical Chess Defence.pdf,72,3,embedded,131.52,548,548,True,1.0,0.6392,243.85,352.32,375.37,483.84
AAGAARD - Practical Chess Defence.pdf,84,0,embedded,131.52,548,548,True,1.0,0.6239,42.25,72.96,173.77,204.48
AAGAARD - Practical Chess Defence.pdf,84,1,embedded,132.48,552,548,True,1.0,0.5739,41.28,352.32,173.76,483.84
AAGAARD - Practical Chess Defence.pdf,84,2,embedded,131.52,548,548,True,1.0,0.5881,243.85,72.96,375.37,204.48
AAGAARD - Practical Chess Defence.pdf,84,3,embedded,132.48,552,548,True,1.0,0.7109,242.89,352.32,375.37,483.84
AAGAARD - Practical Chess Defence.pdf,96,0,embedded,131.52,548,548,True,1.0,0.5312,42.25,72.96,173.77,204.48
AAGAARD - Practical Chess Defence.pdf,96,1,embedded,132.48,552,548,True,1.0,0.6717,41.28,352.32,173.76,483.84
AAGAARD - Practical Chess Defence.pdf,96,2,embedded,132.48,552,548,True,1.0,0.5207,242.89,72.96,375.37,204.48
AAGAARD - Practical Chess Defence.pdf,96,3,embedded,131.52,548,548,True,1.0,0.6055,242.89,352.32,374.41,483.84
AAGAARD - Practical Chess Defence.pdf,119,0,embedded,131.52,548,548,True,1.0,0.621,42.73,72.6,174.25,204.12
AAGAARD - Practical Chess Defence.pdf,119,1,embedded,132.48,552,548,True,1.0,0.6661,41.77,351.96,174.25,483.48
AAGAARD - Practical Chess Defence.pdf,119,2,embedded,131.52,548,548,True,1.0,0.5162,244.33,72.6,375.85,204.12
AAGAARD - Practical Chess Defence.pdf,119,3,embedded,131.52,548,548,True,1.0,0.5994,243.37,351.96,374.89,483.48
AAGAARD - Practical Chess Defence.pdf,131,0,embedded,131.52,548,544,True,1.0,0.5857,42.25,72.95,173.77,203.51
AAGAARD - Practical Chess Defence.pdf,131,1,embedded,132.48,552,548,True,0.9818,0.6478,41.28,435.83,173.76,567.35
AAGAARD - Practical Chess Defence.pdf,131,2,embedded,131.52,548,548,True,1.0,0.6337,242.89,455.99,374.41,587.51
AAGAARD - Practical Chess Defence.pdf,143,0,embedded,130.56,544,544,True,1.0,0.6156,43.21,39.35,173.77,169.91
AAGAARD - Practical Chess Defence.pdf,143,1,embedded,131.52,548,548,True,1.0,0.7194,243.85,134.39,375.37,265.91
AAGAARD - Practical Chess Defence.pdf,155,0,embedded,131.52,548,548,True,1.0,0.4469,42.25,192.96,173.77,324.48
AAGAARD - Practical Chess Defence.pdf,155,1,embedded,131.52,548,548,True,1.0,0.6278,242.89,168.96,374.41,300.48
AAGAARD - Practical Chess Defence.pdf,167,0,embedded,131.52,548,548,True,1.0,0.6189,42.25,300.47,173.77,431.99
AAGAARD - Practical Chess Defence.pdf,167,1,embedded,131.52,548,544,True,1.0,0.5544,243.85,120.95,375.37,251.51
AAGAARD - Practical Chess Defence.pdf,179,0,embedded,131.52,548,544,True,0.9816,0.6093,42.25,228.47,173.77,359.03
AAGAARD - Practical Chess Defence.pdf,179,1,embedded,131.52,548,548,True,1.0,0.6318,242.89,395.52,374.41,527.04
AAGAARD - Practical Chess Defence.pdf,190,0,embedded,131.52,548,548,True,1.0,0.5271,42.25,39.36,173.77,170.88
AAGAARD - Practical Chess Defence.pdf,190,1,embedded,131.52,548,548,True,1.0,0.4511,243.85,72.96,375.37,204.48
AAGAARD - Practical Chess Defence.pdf,202,0,embedded,131.52,548,544,True,1.0,0.5417,42.25,264.96,173.77,395.52
AAGAARD - Practical Chess Defence.pdf,202,1,embedded,131.52,548,548,True,1.0,0.5292,243.85,84.47,375.37,215.99
AAGAARD - Practical Chess Defence.pdf,202,2,embedded,131.52,548,544,True,1.0,0.3646,243.85,372.48,375.37,503.04
AAGAARD - Practical Chess Defence.pdf,214,0,embedded,131.52,548,544,True,1.0,0.5105,42.25,312.96,173.77,443.52
AAGAARD - Practical Chess Defence.pdf,214,1,embedded,131.52,544,548,True,1.0,0.3751,243.85,156.47,374.41,287.99
AAGAARD - Practical Chess Defence.pdf,226,0,embedded,131.52,548,544,True,1.0,0.3955,42.25,301.43,173.77,431.99
AAGAARD - Practical Chess Defence.pdf,226,1,embedded,131.52,548,548,True,1.0,0.4351,243.85,300.47,375.37,431.99
AAGAARD - Practical Chess Defence.pdf,238,0,embedded,131.52,548,548,True,1.0,0.5225,242.89,86.39,374.41,217.91
AAGAARD - Practical Chess Defence.pdf,250,0,embedded,131.52,548,544,True,0.9816,0.7323,42.25,229.43,173.77,359.99
AAGAARD - Practical Chess Defence.pdf,250,1,embedded,131.52,548,544,True,1.0,0.6816,243.85,288.96,375.37,419.52
AAGAARD - Practical Chess Defence.pdf,261,0,embedded,131.52,548,548,True,1.0,0.5002,42.25,192.96,173.77,324.48
AAGAARD - Practical Chess Defence.pdf,261,1,embedded,131.52,548,548,True,1.0,0.4899,243.85,50.87,375.37,182.39
AAGAARD - Practical Chess Defence.pdf,261,2,embedded,131.52,548,548,True,1.0,0.5734,243.85,303.36,375.37,434.88
AAGAARD - Practical Chess Defence.pdf,273,0,embedded,131.52,548,544,True,1.0,0.7322,42.25,72.95,173.77,203.51
AAGAARD - Practical Chess Defence.pdf,273,1,embedded,131.52,548,548,True,1.0,0.6277,243.85,84.47,375.37,215.99
AAGAARD - Practical Chess Defence.pdf,285,0,embedded,131.52,548,548,True,1.0,0.6636,42.25,47.99,173.77,179.51
AAGAARD - Practical Chess Defence.pdf,285,1,embedded,131.52,548,544,True,1.0,0.449,42.25,411.83,173.77,542.39
AAGAARD - Practical Chess Defence.pdf,285,2,embedded,131.52,548,548,True,1.0,0.6222,243.85,276.47,375.37,407.99
Dvoretsky - Dvoretsky's Endgame Manual (2025).pdf,34,0,contour,198.65,800,800,False,0.5,0.4242,59.89,149.89,258.55,348.55
Dvoretsky - Dvoretsky's Endgame Manual (2025).pdf,34,1,contour,198.33,800,800,False,0.5,0.3768,375.05,50.4,573.38,248.73
Dvoretsky - Dvoretsky's Endgame Manual (2025).pdf,66,0,contour,196.04,800,800,False,0.5,0.5901,61.2,377.67,257.24,573.71
Dvoretsky - Dvoretsky's Endgame Manual (2025).pdf,66,1,contour,195.71,800,800,False,0.5,0.5863,376.36,51.71,572.07,247.42
Dvoretsky - Dvoretsky's Endgame Manual (2025).pdf,99,0,contour,195.71,800,800,False,0.5,0.5943,376.36,51.71,572.07,247.42
Dvoretsky - Dvoretsky's Endgame Manual (2025).pdf,132,0,contour,196.04,800,800,False,0.5,0.5661,61.2,385.53,257.24,581.56
Dvoretsky - Dvoretsky's Endgame Manual (2025).pdf,164,0,contour,195.71,800,800,False,0.5,0.4642,61.2,51.71,256.91,247.42
Dvoretsky - Dvoretsky's Endgame Manual (2025).pdf,164,1,contour,196.04,800,800,False,0.5,0.5901,376.36,146.95,572.07,342.98
Dvoretsky - Dvoretsky's Endgame Manual (2025).pdf,197,0,contour,195.71,800,800,False,0.5,0.565,376.36,51.71,572.07,247.42
Dvoretsky - Dvoretsky's Endgame Manual (2025).pdf,229,0,contour,195.71,800,800,False,0.5,0.5455,61.2,331.2,256.91,526.91
Dvoretsky - Dvoretsky's Endgame Manual (2025).pdf,262,0,contour,196.04,800,800,False,0.5,0.5401,61.2,72.0,257.24,267.71
Dvoretsky - Dvoretsky's Endgame Manual (2025).pdf,262,1,contour,196.04,800,800,False,0.5,0.5213,376.36,89.35,572.07,285.38
Dvoretsky - Dvoretsky's Endgame Manual (2025).pdf,295,0,contour,196.04,800,800,False,0.5,0.5447,61.2,358.69,257.24,554.73
Dvoretsky - Dvoretsky's Endgame Manual (2025).pdf,295,1,contour,195.71,800,800,False,0.5,0.4286,376.36,227.78,572.07,423.49
Dvoretsky - Dvoretsky's Endgame Manual (2025).pdf,327,0,contour,196.04,800,800,False,0.5,0.5597,61.2,438.22,257.24,633.93
Dvoretsky - Dvoretsky's Endgame Manual (2025).pdf,327,1,contour,196.04,800,800,False,0.5,0.5917,376.36,358.04,572.07,554.07
Dvoretsky - Dvoretsky's Endgame Manual (2025).pdf,360,0,contour,195.71,800,800,False,0.5,0.56,61.2,51.71,256.91,247.42
Dvoretsky - Dvoretsky's Endgame Manual (2025).pdf,360,1,contour,198.33,800,800,False,0.5,0.4399,375.05,50.4,573.38,248.73
Dvoretsky - Dvoretsky's Endgame Manual (2025).pdf,393,0,contour,193.09,800,800,False,0.5,0.5408,377.67,171.49,570.76,364.58
Dvoretsky - Dvoretsky's Endgame Manual (2025).pdf,425,0,contour,195.71,800,800,False,0.5,0.5281,61.53,88.04,256.91,283.75
Dvoretsky - Dvoretsky's Endgame Manual (2025).pdf,425,1,contour,196.04,800,800,False,0.5,0.5359,376.36,252.33,572.07,448.36
Dvoretsky - Dvoretsky's Endgame Manual (2025).pdf,458,0,contour,195.71,800,800,False,0.5,0.5001,376.36,51.71,572.07,247.42
Dvoretsky - Dvoretsky's Endgame Manual (2025).pdf,491,0,contour,195.71,800,800,False,0.5,0.4737,376.36,51.71,572.07,247.42
Dvoretsky - Dvoretsky's Endgame Manual (2025).pdf,523,0,contour,195.71,800,800,False,0.5,0.5371,61.2,129.6,256.91,325.31
Dvoretsky - Dvoretsky's Endgame Manual (2025).pdf,523,1,contour,198.65,800,800,False,0.5,0.5012,375.05,149.89,573.38,348.55
Dvoretsky - Dvoretsky's Endgame Manual (2025).pdf,556,0,contour,198.33,800,800,False,0.5,0.4816,375.05,50.4,573.38,248.73
Dvoretsky - Dvoretsky's Endgame Manual (2025).pdf,589,0,contour,195.71,800,800,False,0.5,0.5372,61.2,51.71,256.91,247.42
Dvoretsky - Dvoretsky's Endgame Manual (2025).pdf,589,1,contour,193.09,800,800,False,0.5,0.5786,377.67,309.27,570.76,502.36
Dvoretsky - Dvoretsky's Endgame Manual (2025).pdf,621,0,contour,196.04,800,800,False,0.5,0.494,61.2,51.38,257.24,247.42
Dvoretsky - Dvoretsky's Endgame Manual (2025).pdf,621,1,contour,198.33,800,800,False,0.5,0.3959,375.05,50.4,573.38,248.73
Dvoretsky - Dvoretsky's Endgame Manual (2025).pdf,654,0,contour,196.04,800,800,False,0.5,0.5247,61.2,484.69,257.24,680.73
Dvoretsky - Dvoretsky's Endgame Manual (2025).pdf,686,0,contour,196.04,800,800,False,0.5,0.4395,61.2,112.58,257.24,308.62
Dvoretsky - Dvoretsky's Endgame Manual (2025).pdf,719,0,contour,196.04,800,800,False,0.5,0.5239,61.2,346.25,257.24,542.29
Dvoretsky - Dvoretsky's Endgame Manual (2025).pdf,719,1,contour,198.33,800,800,False,0.5,0.4293,375.05,266.4,573.38,464.73
Dvoretsky - Dvoretsky's Endgame Manual (2025).pdf,752,0,contour,195.71,800,800,False,0.5,0.4239,376.36,51.71,572.07,247.42
Estrin - Bauernopfer in der Eroeffnung (1980).pdf,1,0,contour,293.38,800,800,False,0.5,0.3599,40.56,241.38,333.94,464.44
Estrin - Bauernopfer in der Eroeffnung (1980).pdf,12,0,contour,126.27,800,800,False,0.5,0.7029,44.82,86.69,171.09,211.32
Estrin - Bauernopfer in der Eroeffnung (1980).pdf,15,0,contour,125.62,800,800,False,0.5,0.7245,36.64,46.45,162.26,172.07
Estrin - Bauernopfer in der Eroeffnung (1980).pdf,15,1,contour,125.94,800,800,False,0.5,0.7386,35.98,254.83,161.93,378.81
Estrin - Bauernopfer in der Eroeffnung (1980).pdf,15,2,contour,124.31,800,800,False,0.5,0.8069,190.06,322.22,314.37,445.88
Estrin - Bauernopfer in der Eroeffnung (1980).pdf,19,0,contour,125.94,800,800,False,0.5,0.7232,36.97,154.73,162.91,279.04
Estrin - Bauernopfer in der Eroeffnung (1980).pdf,19,1,contour,125.94,800,800,False,0.5,0.8083,191.37,239.13,317.31,363.44
Estrin - Bauernopfer in der Eroeffnung (1980).pdf,22,0,contour,126.27,800,800,False,0.5,0.7302,44.82,52.99,171.09,178.28
Estrin - Bauernopfer in der Eroeffnung (1980).pdf,26,0,contour,123.33,800,800,False,0.5,0.766,46.45,218.19,169.78,341.19
Estrin - Bauernopfer in der Eroeffnung (1980).pdf,26,1,contour,123.65,800,800,False,0.5,0.8883,202.17,321.57,325.82,444.57
Estrin - Bauernopfer in der Eroeffnung (1980).pdf,29,0,contour,126.6,800,800,False,0.5,0.7081,36.64,241.75,163.24,366.38
Estrin - Bauernopfer in der Eroeffnung (1980).pdf,29,1,contour,124.64,800,800,False,0.5,0.8574,190.72,166.18,315.35,289.51
Estrin - Bauernopfer in der Eroeffnung (1980).pdf,33,0,contour,126.27,800,800,False,0.5,0.7773,36.97,165.53,163.24,290.16
Estrin - Bauernopfer in der Eroeffnung (1980).pdf,33,1,contour,124.64,800,800,False,0.5,0.7766,190.72,45.8,315.35,169.78
Estrin - Bauernopfer in der Eroeffnung (1980).pdf,36,0,contour,125.94,800,800,False,0.5,0.7732,44.82,52.34,170.76,176.98
Estrin - Bauernopfer in der Eroeffnung (1980).pdf,36,1,contour,124.31,800,800,False,0.5,0.7835,199.88,52.99,324.18,176.98
Estrin - Bauernopfer in der Eroeffnung (1980).pdf,40,0,contour,126.6,800,800,False,0.5,0.8249,45.8,210.02,172.4,334.32
Estrin - Bauernopfer in der Eroeffnung (1980).pdf,43,0,contour,123.33,800,800,False,0.5,0.8348,37.95,110.9,161.27,233.57
Estrin - Bauernopfer in der Eroeffnung (1980).pdf,43,1,contour,123.33,800,800,False,0.5,0.8687,191.7,283.62,315.02,405.97
Estrin - Bauernopfer in der Eroeffnung (1980).pdf,47,0,contour,125.94,800,800,False,0.5,0.7151,36.31,239.78,162.26,364.09
Estrin - Bauernopfer in der Eroeffnung (1980).pdf,47,1,contour,123.98,800,800,False,0.5,0.73,190.39,106.32,314.37,229.64
Estrin - Bauernopfer in der Eroeffnung (1980).pdf,50,0,contour,126.93,800,800,False,0.5,0.7385,45.14,112.86,172.07,237.82
Estrin - Bauernopfer in der Eroeffnung (1980).pdf,54,0,contour,125.94,800,800,False,0.5,0.6898,44.82,88.65,170.76,213.29
Estrin - Bauernopfer in der Eroeffnung (1980).pdf,57,0,contour,125.29,800,800,False,0.5,0.7815,45.14,46.78,170.43,171.74
Estrin - Bauernopfer in der Eroeffnung (1980).pdf,57,1,contour,125.62,800,800,False,0.5,0.7271,46.78,320.91,172.4,445.22
Estrin - Bauernopfer in der Eroeffnung (1980).pdf,57,2,contour,123.65,800,800,False,0.5,0.8166,202.17,208.05,325.82,330.4
Estrin - Bauernopfer in der Eroeffnung (1980).pdf,61,0,contour,123.0,800,800,False,0.5,0.8206,38.6,48.09,161.6,170.43
Estrin - Bauernopfer in der Eroeffnung (1980).pdf,61,1,contour,123.33,800,800,False,0.5,0.7853,192.35,101.41,315.68,224.41
Estrin - Bauernopfer in der Eroeffnung (1980).pdf,64,0,contour,123.98,800,800,False,0.5,0.8156,46.78,284.93,170.76,407.93
Estrin - Bauernopfer in der Eroeffnung (1980).pdf,68,0,contour,123.65,800,800,False,0.5,0.751,46.13,47.43,169.78,170.43
Estrin - Bauernopfer in der Eroeffnung (1980).pdf,68,1,contour,123.65,800,800,False,0.5,0.7338,200.86,80.8,324.51,203.8
Estrin - Bauernopfer in der Eroeffnung (1980).pdf,71,0,contour,123.98,800,800,False,0.5,0.7167,36.97,47.11,160.95,170.43
Estrin - Bauernopfer in der Eroeffnung (1980).pdf,71,1,contour,125.94,800,800,False,0.5,0.7258,190.06,132.81,316.01,257.78
Estrin - Bauernopfer in der Eroeffnung (1980).pdf,75,0,contour,123.98,800,800,False,0.5,0.7054,37.62,46.78,161.6,170.43
Estrin - Bauernopfer in der Eroeffnung (1980).pdf,75,1,contour,123.33,800,800,False,0.5,0.7547,191.37,47.76,314.7,170.43
Estrin - Bauernopfer in der Eroeffnung (1980).pdf,75,2,contour,123.65,800,800,False,0.5,0.6427,192.02,261.7,315.68,384.38
Estrin - Bauernopfer in der Eroeffnung (1980).pdf,78,0,contour,126.6,800,800,False,0.5,0.7523,44.82,47.11,171.42,172.07
Estrin - Bauernopfer in der Eroeffnung (1980).pdf,78,1,contour,123.33,800,800,False,0.5,0.7687,201.51,114.17,324.84,235.86
Estrin - Bauernopfer in der Eroeffnung (1980).pdf,82,0,contour,125.94,800,800,False,0.5,0.7826,44.49,46.45,170.43,171.42
Estrin - Bauernopfer in der Eroeffnung (1980).pdf,82,1,contour,123.65,800,800,False,0.5,0.8529,201.18,197.59,324.84,320.26
"Euwe, Kramer - Das Mittelspiel Band 1-2 (1956).pdf",16,0,embedded,107.52,448,444,True,1.0,1.0,228.49,98.88,336.01,205.44
"Euwe, Kramer - Das Mittelspiel Band 1-2 (1956).pdf",26,0,embedded,107.52,448,440,True,1.0,1.0,61.44,364.8,168.96,470.4
"Euwe, Kramer - Das Mittelspiel Band 1-2 (1956).pdf",36,0,embedded,124.8,520,468,True,0.8722,1.0,61.44,240.95,186.24,353.27
"Euwe, Kramer - Das Mittelspiel Band 1-2 (1956).pdf",41,0,embedded,107.52,448,444,True,1.0,0.9909,228.49,40.32,336.01,146.88
"Euwe, Kramer - Das Mittelspiel Band 1-2 (1956).pdf",46,0,embedded,110.4,452,460,True,1.0,0.9845,228.49,99.83,336.97,210.23
"Euwe, Kramer - Das Mittelspiel Band 1-2 (1956).pdf",51,0,embedded,108.48,452,444,True,1.0,1.0,226.57,104.63,335.05,211.19
"Euwe, Kramer - Das Mittelspiel Band 1-2 (1956).pdf",51,1,embedded,108.48,452,444,True,0.955,0.9881,229.45,400.31,337.93,506.87
"Euwe, Kramer - Das Mittelspiel Band 1-2 (1956).pdf",56,0,embedded,107.52,448,444,True,1.0,1.0,227.53,274.55,335.05,381.11
"Euwe, Kramer - Das Mittelspiel Band 1-2 (1956).pdf",61,0,embedded,106.56,444,444,True,1.0,1.0,61.44,96.95,168.0,203.51
"Euwe, Kramer - Das Mittelspiel Band 1-2 (1956).pdf",66,0,embedded,106.56,444,444,True,1.0,0.9352,229.45,410.87,336.01,517.43
"Euwe, Kramer - Das Mittelspiel Band 1-2 (1956).pdf",81,0,embedded,108.71,453,441,True,1.0,0.9623,60.52,291.9,169.23,397.73
"Euwe, Kramer - Das Mittelspiel Band 1-2 (1956).pdf",86,0,embedded,107.52,448,444,True,1.0,0.9102,230.4,315.84,337.92,422.4
"Euwe, Kramer - Das Mittelspiel Band 1-2 (1956).pdf",91,0,embedded,116.16,484,444,True,0.9248,0.9222,52.81,400.31,168.97,506.87
"Euwe, Kramer - Das Mittelspiel Band 1-2 (1956).pdf",96,0,embedded,115.2,452,480,True,0.8542,0.8924,60.49,122.87,168.97,238.07
"Euwe, Kramer - Das Mittelspiel Band 1-2 (1956).pdf",96,1,embedded,106.56,444,444,True,1.0,0.9105,228.49,405.11,335.05,511.67
"Euwe, Kramer - Das Mittelspiel Band 1-2 (1956).pdf",101,0,embedded,105.6,440,440,True,1.0,1.0,62.41,95.03,168.01,200.63
"Euwe, Kramer - Das Mittelspiel Band 1-2 (1956).pdf",106,0,embedded,118.08,492,444,True,0.8797,0.9891,48.97,286.08,167.05,392.64
"Euwe, Kramer - Das Mittelspiel Band 1-2 (1956).pdf",116,0,embedded,106.56,444,444,True,1.0,1.0,229.45,163.19,336.01,269.75
"Euwe, Kramer - Das Mittelspiel Band 1-2 (1956).pdf",121,0,embedded,106.56,444,440,True,1.0,0.9863,60.49,304.31,167.05,409.91
"Euwe, Kramer - Das Mittelspiel Band 7 (1958).pdf",8,0,contour,151.13,800,800,False,0.5,0.7909,97.16,127.25,248.29,278.05
"Euwe, Kramer - Das Mittelspiel Band 7 (1958).pdf",10,0,contour,149.82,800,800,False,0.5,0.9928,102.06,386.99,251.23,536.81
"Euwe, Kramer - Das Mittelspiel Band 7 (1958).pdf",10,1,contour,149.82,800,800,False,0.5,0.9731,340.21,205.76,489.7,355.58
"Euwe, Kramer - Das Mittelspiel Band 7 (1958).pdf",12,0,contour,146.22,800,800,False,0.5,0.8852,101.41,351.66,247.63,497.88
"Euwe, Kramer - Das Mittelspiel Band 7 (1958).pdf",12,1,contour,146.88,800,800,False,0.5,0.8732,339.23,366.05,486.1,512.93
"Euwe, Kramer - Das Mittelspiel Band 7 (1958).pdf",14,0,contour,152.11,800,800,False,0.5,0.877,102.06,165.2,254.17,316.0
"Euwe, Kramer - Das Mittelspiel Band 7 (1958).pdf",17,0,contour,147.21,800,800,False,0.5,0.9572,86.36,316.66,233.57,463.86
"Euwe, Kramer - Das Mittelspiel Band 7 (1958).pdf",17,1,contour,147.21,800,800,False,0.5,1.0,327.45,525.36,474.66,672.57
"Euwe, Kramer - Das Mittelspiel Band 7 (1958).pdf",19,0,contour,150.15,800,800,False,0.5,1.0,81.78,146.55,231.93,296.05
"Euwe, Kramer - Das Mittelspiel Band 7 (1958).pdf",19,1,contour,149.5,800,800,False,0.5,1.0,85.71,559.71,235.2,709.2
"Euwe, Kramer - Das Mittelspiel Band 7 (1958).pdf",19,2,contour,150.15,800,800,False,0.5,0.9879,318.95,370.96,469.09,521.11
"Euwe, Kramer - Das Mittelspiel Band 7 (1958).pdf",21,0,contour,149.82,800,800,False,0.5,0.7946,87.67,249.59,237.49,399.09
"Euwe, Kramer - Das Mittelspiel Band 7 (1958).pdf",21,1,contour,150.48,800,800,False,0.5,0.831,320.91,314.04,471.38,464.51
"Euwe, Kramer - Das Mittelspiel Band 7 (1958).pdf",23,0,contour,146.88,800,800,False,0.5,1.0,88.0,188.1,234.55,334.97
"Euwe, Kramer - Das Mittelspiel Band 7 (1958).pdf",23,1,contour,149.5,800,800,False,0.5,1.0,324.51,141.32,474.0,290.49
"Euwe, Kramer - Das Mittelspiel Band 7 (1958).pdf",26,0,contour,149.17,800,800,False,0.5,1.0,105.33,192.02,254.5,341.19
"Euwe, Kramer - Das Mittelspiel Band 7 (1958).pdf",26,1,contour,149.82,800,800,False,0.5,1.0,105.66,540.41,254.17,690.23
"Euwe, Kramer - Das Mittelspiel Band 7 (1958).pdf",26,2,contour,149.5,800,800,False,0.5,0.9579,342.5,320.91,491.67,470.4
"Euwe, Kramer - Das Mittelspiel Band 7 (1958).pdf",28,0,contour,147.86,800,800,False,0.5,0.975,105.66,274.78,252.87,422.64
"Euwe, Kramer - Das Mittelspiel Band 7 (1958).pdf",28,1,contour,147.86,800,800,False,0.5,0.929,342.5,317.31,490.36,463.53
"Euwe, Kramer - Das Mittelspiel Band 7 (1958).pdf",30,0,contour,149.5,800,800,False,0.5,0.9847,104.68,154.07,253.52,303.57
"Euwe, Kramer - Das Mittelspiel Band 7 (1958).pdf",30,1,contour,150.15,800,800,False,0.5,0.9739,104.68,591.11,254.83,740.28
"Euwe, Kramer - Das Mittelspiel Band 7 (1958).pdf",32,0,contour,146.55,800,800,False,0.5,0.9128,108.93,140.66,255.48,287.21
"Euwe, Kramer - Das Mittelspiel Band 7 (1958).pdf",35,0,contour,149.82,800,800,False,0.5,1.0,81.78,604.2,231.6,754.02
"Euwe, Kramer - Das Mittelspiel Band 7 (1958).pdf",37,0,contour,147.21,800,800,False,0.5,0.9795,80.47,483.16,227.68,630.37
"Euwe, Kramer - Das Mittelspiel Band 7 (1958).pdf",39,0,contour,150.15,800,800,False,0.5,0.9545,80.47,454.05,230.62,604.2
"Euwe, Kramer - Das Mittelspiel Band 7 (1958).pdf",39,1,contour,150.15,800,800,False,0.5,1.0,317.64,600.6,466.8,750.75
"Euwe, Kramer - Das Mittelspiel Band 7 (1958).pdf",41,0,contour,149.82,800,800,False,0.5,0.9093,88.32,221.46,237.82,371.28
"Euwe, Kramer - Das Mittelspiel Band 7 (1958).pdf",41,1,contour,146.55,800,800,False,0.5,0.9375,88.0,599.94,234.22,746.49
"Euwe, Kramer - Das Mittelspiel Band 7 (1958).pdf",44,0,contour,146.55,800,800,False,0.5,0.9311,332.03,263.99,478.58,410.54
"Euwe, Kramer - Das Mittelspiel Band 7 (1958).pdf",46,0,contour,150.48,800,800,False,0.5,0.9809,100.1,137.39,250.25,287.87
"Euwe, Kramer - Das Mittelspiel Band 7 (1958).pdf",46,1,contour,150.48,800,800,False,0.5,1.0,337.92,586.53,487.09,737.01
"Euwe, Kramer - Das Mittelspiel Band 7 (1958).pdf",48,0,contour,146.88,800,800,False,0.5,0.9659,102.72,411.52,249.59,558.4
"Euwe, Kramer - Das Mittelspiel Band 7 (1958).pdf",48,1,contour,147.86,800,800,False,0.5,1.0,340.21,531.57,487.41,679.43
"Euwe, Kramer - Das Mittelspiel Band 7 (1958).pdf",50,0,contour,146.22,800,800,False,0.5,1.0,100.1,122.02,246.32,267.91
"Euwe, Kramer - Das Mittelspiel Band 7 (1958).pdf",53,0,contour,150.15,800,800,False,0.5,1.0,85.71,132.48,235.86,281.33
"Euwe, Kramer - Das Mittelspiel Band 7 (1958).pdf",55,0,contour,146.88,800,800,False,0.5,0.9489,81.78,428.86,228.33,575.74
"Euwe, Kramer - Das Mittelspiel Band 7 (1958).pdf",55,1,contour,149.17,800,800,False,0.5,0.8543,317.96,487.74,467.13,636.91
GALLAGHER - Winning With the King's Gambit.pdf,5,0,embedded,302.44,832,736,False,0.4717,0.2323,23.84,103.83,326.27,371.48
GALLAGHER - Winning With the King's Gambit.pdf,7,0,contour,121.07,800,800,False,0.5,0.6692,109.29,192.41,229.05,313.48
GALLAGHER - Winning With the King's Gambit.pdf,9,0,contour,119.73,800,800,False,0.5,0.7722,26.17,210.34,145.9,329.75
GALLAGHER - Winning With the King's Gambit.pdf,9,1,contour,120.38,800,800,False,0.5,0.7098,184.17,400.08,304.56,520.46
GALLAGHER - Winning With the King's Gambit.pdf,16,0,contour,119.75,800,800,False,0.5,0.5308,58.24,396.88,176.68,516.64
GALLAGHER - Winning With the King's Gambit.pdf,24,0,contour,122.66,800,800,False,0.5,0.7612,222.42,181.86,343.76,304.51
GALLAGHER - Winning With the King's Gambit.pdf,32,0,contour,116.79,800,800,False,0.5,0.8235,218.86,133.48,334.34,250.27
GALLAGHER - Winning With the King's Gambit.pdf,39,0,contour,120.08,800,800,False,0.5,0.5652,40.24,139.06,160.0,259.14
GALLAGHER - Winning With the King's Gambit.pdf,47,0,contour,122.67,800,800,False,0.5,0.4794,39.91,303.24,161.6,425.91
GALLAGHER - Winning With the King's Gambit.pdf,55,0,contour,120.39,800,800,False,0.5,0.5744,49.4,89.64,169.79,209.7
GALLAGHER - Winning With the King's Gambit.pdf,55,1,contour,120.72,800,800,False,0.5,0.6134,207.41,292.47,328.13,413.19
GALLAGHER - Winning With the King's Gambit.pdf,62,0,contour,122.66,800,800,False,0.5,0.5923,211.63,61.82,332.66,184.49
GALLAGHER - Winning With the King's Gambit.pdf,70,0,contour,122.68,800,800,False,0.5,0.765,48.09,55.62,170.45,178.3
GALLAGHER - Winning With the King's Gambit.pdf,70,1,contour,121.05,800,800,False,0.5,0.7422,206.44,415.81,327.48,536.54
GALLAGHER - Winning With the King's Gambit.pdf,78,0,contour,123.36,800,800,False,0.5,0.7071,39.92,183.89,162.3,307.25
GALLAGHER - Winning With the King's Gambit.pdf,85,0,contour,118.44,800,800,False,0.5,0.8927,26.83,135.45,143.63,253.89
GALLAGHER - Winning With the King's Gambit.pdf,85,1,contour,117.79,800,800,False,0.5,0.9211,186.49,424.35,302.97,542.14
GALLAGHER - Winning With the King's Gambit.pdf,93,0,contour,118.1,800,800,False,0.5,0.7491,36.97,169.46,154.09,287.57
GALLAGHER - Winning With the King's Gambit.pdf,93,1,contour,122.68,800,800,False,0.5,0.6584,194.98,311.78,316.03,434.46
GALLAGHER - Winning With the King's Gambit.pdf,101,0,contour,123.66,800,800,False,0.5,0.7119,45.47,362.16,167.17,485.82
GALLAGHER - Winning With the King's Gambit.pdf,109,0,contour,120.39,800,800,False,0.5,0.7575,45.15,205.78,163.9,326.17
GALLAGHER - Winning With the King's Gambit.pdf,116,0,contour,120.37,800,800,False,0.5,0.7567,58.55,255.12,178.91,375.49
GALLAGHER - Winning With the King's Gambit.pdf,124,0,contour,120.37,800,800,False,0.5,0.6879,219.14,261.66,339.51,381.7
GALLAGHER - Winning With the King's Gambit.pdf,132,0,contour,122.0,800,800,False,0.5,0.549,226.01,58.22,347.03,180.22
GALLAGHER - Winning With the King's Gambit.pdf,139,0,contour,123.66,800,800,False,0.5,0.639,40.89,349.72,162.59,473.39
GALLAGHER - Winning With the King's Gambit.pdf,147,0,contour,120.72,800,800,False,0.5,0.7837,44.49,242.09,162.92,362.81
GALLAGHER - Winning With the King's Gambit.pdf,155,0,contour,120.72,800,800,False,0.5,0.6438,206.76,122.03,326.5,242.75
GALLAGHER - Winning With the King's Gambit.pdf,162,0,contour,123.64,800,800,False,0.5,0.5889,63.13,433.06,185.45,556.69
GALLAGHER - Winning With the King's Gambit.pdf,170,0,embedded,124.86,317,344,True,0.7126,0.7233,220.92,56.97,336.18,181.82
GALLAGHER - Winning With the King's Gambit.pdf,178,0,embedded,129.94,290,326,True,0.6567,0.8002,66.9,225.7,182.59,355.64
GALLAGHER - Winning With the King's Gambit.pdf,185,0,contour,121.7,800,800,False,0.5,0.7162,53.65,432.82,174.04,554.52
"Gaprindashvili, Paata - Imagination in Chess. How To Think Creatively And Avoid Foolish Mistakes (Bastford, 2005) 2p 145p_OCR_Aprimorar_Aprimorar.pdf",13,0,contour,112.23,800,800,False,0.5,0.9536,61.84,103.39,173.74,215.62
"Gaprindashvili, Paata - Imagination in Chess. How To Think Creatively And Avoid Foolish Mistakes (Bastford, 2005) 2p 145p_OCR_Aprimorar_Aprimorar.pdf",13,1,contour,117.14,800,800,False,0.5,0.6884,59.55,265.03,176.03,382.17
"Gaprindashvili, Paata - Imagination in Chess. How To Think Creatively And Avoid Foolish Mistakes (Bastford, 2005) 2p 145p_OCR_Aprimorar_Aprimorar.pdf",13,2,contour,116.81,800,800,False,0.5,0.6408,59.88,429.61,176.36,546.42
"Gaprindashvili, Paata - Imagination in Chess. How To Think Creatively And Avoid Foolish Mistakes (Bastford, 2005) 2p 145p_OCR_Aprimorar_Aprimorar.pdf",13,3,contour,111.57,800,800,False,0.5,0.8071,219.88,103.72,331.45,215.3
"Gaprindashvili, Paata - Imagination in Chess. How To Think Creatively And Avoid Foolish Mistakes (Bastford, 2005) 2p 145p_OCR_Aprimorar_Aprimorar.pdf",13,4,contour,117.14,800,800,False,0.5,0.7612,217.59,264.7,333.74,381.84
"Gaprindashvili, Paata - Imagination in Chess. How To Think Creatively And Avoid Foolish Mistakes (Bastford, 2005) 2p 145p_OCR_Aprimorar_Aprimorar.pdf",13,5,contour,112.56,800,800,False,0.5,0.7981,219.88,430.92,332.43,543.48
"Gaprindashvili, Paata - Imagination in Chess. How To Think Creatively And Avoid Foolish Mistakes (Bastford, 2005) 2p 145p_OCR_Aprimorar_Aprimorar.pdf",24,0,contour,116.47,800,800,False,0.5,0.7159,49.07,100.11,165.54,216.58
"Gaprindashvili, Paata - Imagination in Chess. How To Think Creatively And Avoid Foolish Mistakes (Bastford, 2005) 2p 145p_OCR_Aprimorar_Aprimorar.pdf",24,1,contour,116.14,800,800,False,0.5,0.7893,48.75,261.4,164.89,377.54
"Gaprindashvili, Paata - Imagination in Chess. How To Think Creatively And Avoid Foolish Mistakes (Bastford, 2005) 2p 145p_OCR_Aprimorar_Aprimorar.pdf",24,2,contour,116.8,800,800,False,0.5,0.656,48.75,425.96,164.89,542.76
"Gaprindashvili, Paata - Imagination in Chess. How To Think Creatively And Avoid Foolish Mistakes (Bastford, 2005) 2p 145p_OCR_Aprimorar_Aprimorar.pdf",24,3,contour,113.52,800,800,False,0.5,0.7497,208.73,101.09,320.94,214.62
"Gaprindashvili, Paata - Imagination in Chess. How To Think Creatively And Avoid Foolish Mistakes (Bastford, 2005) 2p 145p_OCR_Aprimorar_Aprimorar.pdf",24,4,contour,116.47,800,800,False,0.5,0.7669,206.76,261.07,322.91,377.54
"Gaprindashvili, Paata - Imagination in Chess. How To Think Creatively And Avoid Foolish Mistakes (Bastford, 2005) 2p 145p_OCR_Aprimorar_Aprimorar.pdf",24,5,contour,117.12,800,800,False,0.5,0.6423,206.76,425.31,322.58,542.43
"Gaprindashvili, Paata - Imagination in Chess. How To Think Creatively And Avoid Foolish Mistakes (Bastford, 2005) 2p 145p_OCR_Aprimorar_Aprimorar.pdf",36,0,contour,112.87,800,800,False,0.5,0.8332,58.89,105.35,170.78,218.22
"Gaprindashvili, Paata - Imagination in Chess. How To Think Creatively And Avoid Foolish Mistakes (Bastford, 2005) 2p 145p_OCR_Aprimorar_Aprimorar.pdf",36,1,contour,112.87,800,800,False,0.5,0.8709,57.91,266.63,169.8,379.5
"Gaprindashvili, Paata - Imagination in Chess. How To Think Creatively And Avoid Foolish Mistakes (Bastford, 2005) 2p 145p_OCR_Aprimorar_Aprimorar.pdf",36,2,contour,117.12,800,800,False,0.5,0.6912,55.62,429.23,172.09,546.36
"Gaprindashvili, Paata - Imagination in Chess. How To Think Creatively And Avoid Foolish Mistakes (Bastford, 2005) 2p 145p_OCR_Aprimorar_Aprimorar.pdf",36,3,contour,112.22,800,800,False,0.5,0.9266,216.58,106.33,328.47,218.54
"Gaprindashvili, Paata - Imagination in Chess. How To Think Creatively And Avoid Foolish Mistakes (Bastford, 2005) 2p 145p_OCR_Aprimorar_Aprimorar.pdf",36,4,contour,117.12,800,800,False,0.5,0.6996,213.64,265.0,330.43,382.12
"Gaprindashvili, Paata - Imagination in Chess. How To Think Creatively And Avoid Foolish Mistakes (Bastford, 2005) 2p 145p_OCR_Aprimorar_Aprimorar.pdf",36,5,contour,112.22,800,800,False,0.5,0.9199,216.25,431.85,327.49,544.07
"Gaprindashvili, Paata - Imagination in Chess. How To Think Creatively And Avoid Foolish Mistakes (Bastford, 2005) 2p 145p_OCR_Aprimorar_Aprimorar.pdf",47,0,contour,112.57,800,800,False,0.5,0.9715,60.54,100.46,172.46,213.04
"Gaprindashvili, Paata - Imagination in Chess. How To Think Creatively And Avoid Foolish Mistakes (Bastford, 2005) 2p 145p_OCR_Aprimorar_Aprimorar.pdf",47,1,contour,116.83,800,800,False,0.5,0.7046,57.6,263.1,174.09,379.93
"Gaprindashvili, Paata - Imagination in Chess. How To Think Creatively And Avoid Foolish Mistakes (Bastford, 2005) 2p 145p_OCR_Aprimorar_Aprimorar.pdf",47,2,contour,112.57,800,800,False,0.5,0.9933,59.89,426.73,171.48,539.3
"Gaprindashvili, Paata - Imagination in Chess. How To Think Creatively And Avoid Foolish Mistakes (Bastford, 2005) 2p 145p_OCR_Aprimorar_Aprimorar.pdf",47,3,contour,111.92,800,800,False,0.5,0.8624,217.95,101.12,329.54,213.04
"Gaprindashvili, Paata - Imagination in Chess. How To Think Creatively And Avoid Foolish Mistakes (Bastford, 2005) 2p 145p_OCR_Aprimorar_Aprimorar.pdf",47,4,contour,116.83,800,800,False,0.5,0.6987,215.65,263.1,331.83,379.93
"Gaprindashvili, Paata - Imagination in Chess. How To Think Creatively And Avoid Foolish Mistakes (Bastford, 2005) 2p 145p_OCR_Aprimorar_Aprimorar.pdf",47,5,contour,112.9,800,800,False,0.5,0.9703,217.62,426.73,329.21,539.63
"Gaprindashvili, Paata - Imagination in Chess. How To Think Creatively And Avoid Foolish Mistakes (Bastford, 2005) 2p 145p_OCR_Aprimorar_Aprimorar.pdf",59,0,contour,116.5,800,800,False,0.5,0.6387,132.21,114.86,248.38,231.36
"Gaprindashvili, Paata - Imagination in Chess. How To Think Creatively And Avoid Foolish Mistakes (Bastford, 2005) 2p 145p_OCR_Aprimorar_Aprimorar.pdf",70,0,contour,112.22,800,800,False,0.5,0.8684,60.85,103.38,172.74,215.6
"Gaprindashvili, Paata - Imagination in Chess. How To Think Creatively And Avoid Foolish Mistakes (Bastford, 2005) 2p 145p_OCR_Aprimorar_Aprimorar.pdf",70,1,contour,112.22,800,800,False,0.5,0.9333,60.2,266.96,171.76,379.18
"Gaprindashvili, Paata - Imagination in Chess. How To Think Creatively And Avoid Foolish Mistakes (Bastford, 2005) 2p 145p_OCR_Aprimorar_Aprimorar.pdf",70,2,contour,116.47,800,800,False,0.5,0.745,57.91,428.91,174.38,545.37
"Gaprindashvili, Paata - Imagination in Chess. How To Think Creatively And Avoid Foolish Mistakes (Bastford, 2005) 2p 145p_OCR_Aprimorar_Aprimorar.pdf",70,3,contour,116.47,800,800,False,0.5,0.6905,216.58,101.09,332.72,217.56
"Gaprindashvili, Paata - Imagination in Chess. How To Think Creatively And Avoid Foolish Mistakes (Bastford, 2005) 2p 145p_OCR_Aprimorar_Aprimorar.pdf",70,4,contour,112.22,800,800,False,0.5,0.8865,218.54,266.96,330.1,379.18
"Gaprindashvili, Paata - Imagination in Chess. How To Think Creatively And Avoid Foolish Mistakes (Bastford, 2005) 2p 145p_OCR_Aprimorar_Aprimorar.pdf",70,5,contour,112.87,800,800,False,0.5,0.9222,218.22,430.54,329.78,543.41
"Gaprindashvili, Paata - Imagination in Chess. How To Think Creatively And Avoid Foolish Mistakes (Bastford, 2005) 2p 145p_OCR_Aprimorar_Aprimorar.pdf",82,0,contour,113.2,800,800,False,0.5,0.8382,51.04,103.71,163.58,216.91
"Gaprindashvili, Paata - Imagination in Chess. How To Think Creatively And Avoid Foolish Mistakes (Bastford, 2005) 2p 145p_OCR_Aprimorar_Aprimorar.pdf",82,1,contour,113.52,800,800,False,0.5,0.8278,51.69,267.94,164.23,381.47
"Gaprindashvili, Paata - Imagination in Chess. How To Think Creatively And Avoid Foolish Mistakes (Bastford, 2005) 2p 145p_OCR_Aprimorar_Aprimorar.pdf",82,2,contour,117.45,800,800,False,0.5,0.6514,50.71,430.87,167.18,548.32
"Gaprindashvili, Paata - Imagination in Chess. How To Think Creatively And Avoid Foolish Mistakes (Bastford, 2005) 2p 145p_OCR_Aprimorar_Aprimorar.pdf",82,3,contour,117.45,800,800,False,0.5,0.7214,207.09,100.77,323.56,218.22
"Gaprindashvili, Paata - Imagination in Chess. How To Think Creatively And Avoid Foolish Mistakes (Bastford, 2005) 2p 145p_OCR_Aprimorar_Aprimorar.pdf",82,4,contour,112.87,800,800,False,0.5,0.8369,209.71,267.29,321.92,380.16
"Gaprindashvili, Paata - Imagination in Chess. How To Think Creatively And Avoid Foolish Mistakes (Bastford, 2005) 2p 145p_OCR_Aprimorar_Aprimorar.pdf",82,5,contour,117.45,800,800,False,0.5,0.6595,208.4,430.21,324.87,547.66
"Gaprindashvili, Paata - Imagination in Chess. How To Think Creatively And Avoid Foolish Mistakes (Bastford, 2005) 2p 145p_OCR_Aprimorar_Aprimorar.pdf",93,0,contour,117.48,800,800,False,0.5,0.6899,55.3,96.21,171.48,213.69
"Gaprindashvili, Paata - Imagination in Chess. How To Think Creatively And Avoid Foolish Mistakes (Bastford, 2005) 2p 145p_OCR_Aprimorar_Aprimorar.pdf",93,1,contour,117.81,800,800,False,0.5,0.6944,55.63,260.49,172.13,378.3
"Gaprindashvili, Paata - Imagination in Chess. How To Think Creatively And Avoid Foolish Mistakes (Bastford, 2005) 2p 145p_OCR_Aprimorar_Aprimorar.pdf",93,2,contour,117.48,800,800,False,0.5,0.7379,56.29,425.09,173.11,542.57
"Gaprindashvili, Paata - Imagination in Chess. How To Think Creatively And Avoid Foolish Mistakes (Bastford, 2005) 2p 145p_OCR_Aprimorar_Aprimorar.pdf",93,3,contour,116.17,800,800,False,0.5,0.7442,213.36,96.54,329.21,212.71
"Gaprindashvili, Paata - Imagination in Chess. How To Think Creatively And Avoid Foolish Mistakes (Bastford, 2005) 2p 145p_OCR_Aprimorar_Aprimorar.pdf",93,4,contour,112.9,800,800,False,0.5,0.8984,215.65,262.12,327.57,375.02
"Gaprindashvili, Paata - Imagination in Chess. How To Think Creatively And Avoid Foolish Mistakes (Bastford, 2005) 2p 145p_OCR_Aprimorar_Aprimorar.pdf",93,5,contour,113.23,800,800,False,0.5,0.8611,216.31,426.07,328.55,539.3
"Gaprindashvili, Paata - Imagination in Chess. How To Think Creatively And Avoid Foolish Mistakes (Bastford, 2005) 2p 145p_OCR_Aprimorar_Aprimorar.pdf",105,0,contour,112.25,800,800,False,0.5,0.8803,133.84,223.84,245.43,336.08
"Gaprindashvili, Paata - Imagination in Chess. How To Think Creatively And Avoid Foolish Mistakes (Bastford, 2005) 2p 145p_OCR_Aprimorar_Aprimorar.pdf",117,0,contour,116.5,800,800,False,0.5,0.8086,54.0,99.81,170.49,216.31
"Gaprindashvili, Paata - Imagination in Chess. How To Think Creatively And Avoid Foolish Mistakes (Bastford, 2005) 2p 145p_OCR_Aprimorar_Aprimorar.pdf",117,1,contour,112.57,800,800,False,0.5,0.9213,55.3,262.45,167.22,375.02
"Gaprindashvili, Paata - Imagination in Chess. How To Think Creatively And Avoid Foolish Mistakes (Bastford, 2005) 2p 145p_OCR_Aprimorar_Aprimorar.pdf",117,2,contour,116.83,800,800,False,0.5,0.6896,52.36,424.76,169.19,541.59
"Gaprindashvili, Paata - Imagination in Chess. How To Think Creatively And Avoid Foolish Mistakes (Bastford, 2005) 2p 145p_OCR_Aprimorar_Aprimorar.pdf",117,3,contour,116.83,800,800,False,0.5,0.704,211.73,100.14,328.23,216.96
"Gaprindashvili, Paata - Imagination in Chess. How To Think Creatively And Avoid Foolish Mistakes (Bastford, 2005) 2p 145p_OCR_Aprimorar_Aprimorar.pdf",117,4,contour,111.26,800,800,False,0.5,0.8473,213.69,263.76,324.63,375.02
"Gaprindashvili, Paata - Imagination in Chess. How To Think Creatively And Avoid Foolish Mistakes (Bastford, 2005) 2p 145p_OCR_Aprimorar_Aprimorar.pdf",117,5,contour,112.9,800,800,False,0.5,0.8942,212.38,426.4,324.63,539.3
"Gaprindashvili, Paata - Imagination in Chess. How To Think Creatively And Avoid Foolish Mistakes (Bastford, 2005) 2p 145p_OCR_Aprimorar_Aprimorar.pdf",128,0,contour,112.54,800,800,False,0.5,0.8668,54.64,107.64,166.2,220.18
"Gaprindashvili, Paata - Imagination in Chess. How To Think Creatively And Avoid Foolish Mistakes (Bastford, 2005) 2p 145p_OCR_Aprimorar_Aprimorar.pdf",128,1,contour,112.22,800,800,False,0.5,0.8423,54.31,268.6,165.87,380.81
"Gaprindashvili, Paata - Imagination in Chess. How To Think Creatively And Avoid Foolish Mistakes (Bastford, 2005) 2p 145p_OCR_Aprimorar_Aprimorar.pdf",128,2,contour,116.8,800,800,False,0.5,0.6548,52.02,430.54,168.16,547.34
"Gaprindashvili, Paata - Imagination in Chess. How To Think Creatively And Avoid Foolish Mistakes (Bastford, 2005) 2p 145p_OCR_Aprimorar_Aprimorar.pdf",128,3,contour,116.47,800,800,False,0.5,0.7366,210.04,105.35,325.85,221.81
"Gaprindashvili, Paata - Imagination in Chess. How To Think Creatively And Avoid Foolish Mistakes (Bastford, 2005) 2p 145p_OCR_Aprimorar_Aprimorar.pdf",128,4,contour,116.47,800,800,False,0.5,0.6857,209.71,266.31,325.85,382.78
"Gaprindashvili, Paata - Imagination in Chess. How To Think Creatively And Avoid Foolish Mistakes (Bastford, 2005) 2p 145p_OCR_Aprimorar_Aprimorar.pdf",128,5,contour,116.8,800,800,False,0.5,0.7485,209.71,430.87,325.85,547.66
"Gaprindashvili, Paata - Imagination in Chess. How To Think Creatively And Avoid Foolish Mistakes (Bastford, 2005) 2p 145p_OCR_Aprimorar_Aprimorar.pdf",140,0,contour,112.22,800,800,False,0.5,0.7631,51.36,101.42,163.58,213.64
"Gaprindashvili, Paata - Imagination in Chess. How To Think Creatively And Avoid Foolish Mistakes (Bastford, 2005) 2p 145p_OCR_Aprimorar_Aprimorar.pdf",140,1,contour,112.54,800,800,False,0.5,0.8584,51.69,262.71,163.25,375.25
"Gaprindashvili, Paata - Imagination in Chess. How To Think Creatively And Avoid Foolish Mistakes (Bastford, 2005) 2p 145p_OCR_Aprimorar_Aprimorar.pdf",140,2,contour,117.12,800,800,False,0.5,0.6826,49.73,424.33,166.2,541.45
"Gaprindashvili, Paata - Imagination in Chess. How To Think Creatively And Avoid Foolish Mistakes (Bastford, 2005) 2p 145p_OCR_Aprimorar_Aprimorar.pdf",140,3,contour,116.8,800,800,False,0.5,0.7163,206.44,99.13,322.58,215.93
"Gaprindashvili, Paata - Imagination in Chess. How To Think Creatively And Avoid Foolish Mistakes (Bastford, 2005) 2p 145p_OCR_Aprimorar_Aprimorar.pdf",140,4,contour,117.12,800,800,False,0.5,0.7332,206.76,259.76,322.91,376.89
"Gaprindashvili, Paata - Imagination in Chess. How To Think Creatively And Avoid Foolish Mistakes (Bastford, 2005) 2p 145p_OCR_Aprimorar_Aprimorar.pdf",140,5,contour,113.2,800,800,False,0.5,0.8683,209.71,425.31,321.27,538.5
"Gaprindashvili, Paata - Imagination in Chess. How To Think Creatively And Avoid Foolish Mistakes (Bastford, 2005) 2p 145p_OCR_Aprimorar_Aprimorar.pdf",151,0,contour,112.25,800,800,False,0.5,0.8709,55.63,99.48,167.55,211.73
"Gaprindashvili, Paata - Imagination in Chess. How To Think Creatively And Avoid Foolish Mistakes (Bastford, 2005) 2p 145p_OCR_Aprimorar_Aprimorar.pdf",151,1,contour,116.83,800,800,False,0.5,0.6496,53.34,258.85,169.51,375.68
"Gaprindashvili, Paata - Imagination in Chess. How To Think Creatively And Avoid Foolish Mistakes (Bastford, 2005) 2p 145p_OCR_Aprimorar_Aprimorar.pdf",151,2,contour,116.83,800,800,False,0.5,0.6677,53.67,423.46,169.84,540.28
"Gaprindashvili, Paata - Imagination in Chess. How To Think Creatively And Avoid Foolish Mistakes (Bastford, 2005) 2p 145p_OCR_Aprimorar_Aprimorar.pdf",151,3,contour,116.5,800,800,False,0.5,0.6536,211.4,97.52,327.57,214.02
"Gaprindashvili, Paata - Imagination in Chess. How To Think Creatively And Avoid Foolish Mistakes (Bastford, 2005) 2p 145p_OCR_Aprimorar_Aprimorar.pdf",151,4,contour,116.83,800,800,False,0.5,0.6703,211.4,258.52,327.57,375.35
"Gaprindashvili, Paata - Imagination in Chess. How To Think Creatively And Avoid Foolish Mistakes (Bastford, 2005) 2p 145p_OCR_Aprimorar_Aprimorar.pdf",151,5,contour,112.57,800,800,False,0.5,0.8457,214.02,425.09,325.61,537.66
Gunderam - Neue Eröffnungswege Ein Schach-Praktikum (1961).pdf,13,0,contour,105.03,800,800,False,0.5,0.6338,163.93,73.95,268.3,178.98
Gunderam - Neue Eröffnungswege Ein Schach-Praktikum (1961).pdf,13,1,contour,103.39,800,800,False,0.5,0.5866,164.91,341.27,268.3,444.33
Gunderam - Neue Eröffnungswege Ein Schach-Praktikum (1961).pdf,24,0,contour,103.07,800,800,False,0.5,0.6423,80.82,288.59,183.56,391.65
Gunderam - Neue Eröffnungswege Ein Schach-Praktikum (1961).pdf,30,0,contour,104.7,800,800,False,0.5,0.5693,81.14,213.99,185.19,318.69
Gunderam - Neue Eröffnungswege Ein Schach-Praktikum (1961).pdf,30,1,contour,103.07,800,800,False,0.5,0.6237,249.32,373.33,351.74,476.4
Gunderam - Neue Eröffnungswege Ein Schach-Praktikum (1961).pdf,36,0,contour,106.01,800,800,False,0.5,0.5238,82.78,377.58,188.47,483.6
Gunderam - Neue Eröffnungswege Ein Schach-Praktikum (1961).pdf,36,1,contour,103.07,800,800,False,0.5,0.5941,249.65,167.52,352.72,270.26
Gunderam - Neue Eröffnungswege Ein Schach-Praktikum (1961).pdf,36,2,contour,103.39,800,800,False,0.5,0.5621,250.63,444.66,353.7,548.05
Gunderam - Neue Eröffnungswege Ein Schach-Praktikum (1961).pdf,41,0,contour,106.67,800,800,False,0.5,0.561,82.13,373.33,187.48,480.0
Gunderam - Neue Eröffnungswege Ein Schach-Praktikum (1961).pdf,41,1,contour,104.05,800,800,False,0.5,0.5844,249.32,272.23,353.04,376.28
Gunderam - Neue Eröffnungswege Ein Schach-Praktikum (1961).pdf,47,0,contour,106.67,800,800,False,0.5,0.5284,247.36,73.62,354.03,179.3
Gunderam - Neue Eröffnungswege Ein Schach-Praktikum (1961).pdf,53,0,contour,104.05,800,800,False,0.5,0.6239,83.11,164.25,187.16,267.97
Gunderam - Neue Eröffnungswege Ein Schach-Praktikum (1961).pdf,53,1,contour,103.07,800,800,False,0.5,0.5999,82.45,415.54,184.87,518.61
Gunderam - Neue Eröffnungswege Ein Schach-Praktikum (1961).pdf,53,2,contour,106.67,800,800,False,0.5,0.5871,247.69,205.48,354.03,312.15
Gunderam - Neue Eröffnungswege Ein Schach-Praktikum (1961).pdf,59,0,contour,104.05,800,800,False,0.5,0.5739,83.11,253.58,185.85,357.63
Gunderam - Neue Eröffnungswege Ein Schach-Praktikum (1961).pdf,59,1,contour,103.72,800,800,False,0.5,0.554,247.36,416.19,350.75,519.92
Gunderam - Neue Eröffnungswege Ein Schach-Praktikum (1961).pdf,64,0,contour,106.01,800,800,False,0.5,0.5556,84.74,413.25,190.43,519.26
Gunderam - Neue Eröffnungswege Ein Schach-Praktikum (1961).pdf,64,1,contour,103.39,800,800,False,0.5,0.576,252.92,426.66,355.99,530.06
Gunderam - Neue Eröffnungswege Ein Schach-Praktikum (1961).pdf,70,0,contour,102.09,800,800,False,0.5,0.6204,82.78,247.36,184.87,349.45
Gunderam - Neue Eröffnungswege Ein Schach-Praktikum (1961).pdf,76,0,contour,105.36,800,800,False,0.5,0.5776,81.8,444.01,186.17,549.36
Gunderam - Neue Eröffnungswege Ein Schach-Praktikum (1961).pdf,87,0,contour,105.36,800,800,False,0.5,0.5574,79.18,74.27,184.54,178.98
Gunderam - Neue Eröffnungswege Ein Schach-Praktikum (1961).pdf,87,1,contour,103.39,800,800,False,0.5,0.5653,81.14,274.19,184.21,377.58
Gunderam - Neue Eröffnungswege Ein Schach-Praktikum (1961).pdf,93,0,contour,107.32,800,800,False,0.5,0.5461,80.82,406.71,186.5,514.03
Gunderam - Neue Eröffnungswege Ein Schach-Praktikum (1961).pdf,99,0,contour,106.01,800,800,False,0.5,0.555,249.32,201.88,355.01,307.89
Gunderam - Neue Eröffnungswege Ein Schach-Praktikum (1961).pdf,105,0,contour,106.01,800,800,False,0.5,0.5335,252.6,351.74,356.97,457.75
Gunderam - Neue Eröffnungswege Ein Schach-Praktikum (1961).pdf,110,0,contour,103.07,800,800,False,0.5,0.5584,85.07,75.26,187.48,178.32
Gunderam - Neue Eröffnungswege Ein Schach-Praktikum (1961).pdf,110,1,contour,105.36,800,800,False,0.5,0.5487,84.74,302.33,189.12,407.69
Gunderam - Neue Eröffnungswege Ein Schach-Praktikum (1961).pdf,110,2,contour,105.68,800,800,False,0.5,0.5218,250.63,74.27,355.66,179.96
Gunderam - Neue Eröffnungswege Ein Schach-Praktikum (1961).pdf,110,3,contour,103.07,800,800,False,0.5,0.5855,251.61,368.1,354.68,471.16
Gunderam - Neue Eröffnungswege Ein Schach-Praktikum (1961).pdf,116,0,contour,103.07,800,800,False,0.5,0.5767,97.83,73.95,200.57,177.01
Gunderam - Neue Eröffnungswege Ein Schach-Praktikum (1961).pdf,116,1,contour,105.03,800,800,False,0.5,0.5394,263.39,185.19,368.1,290.22
Gunderam - Neue Eröffnungswege Ein Schach-Praktikum (1961).pdf,122,0,contour,105.36,800,800,False,0.5,0.5294,83.76,194.03,189.12,299.38
Gunderam - Neue Eröffnungswege Ein Schach-Praktikum (1961).pdf,122,1,contour,103.72,800,800,False,0.5,0.5646,250.63,124.01,353.7,227.73
Gunderam - Neue Eröffnungswege Ein Schach-Praktikum (1961).pdf,128,0,contour,105.68,800,800,False,0.5,0.5437,82.13,294.15,187.81,399.51
Gunderam - Neue Eröffnungswege Ein Schach-Praktikum (1961).pdf,128,1,contour,102.74,800,800,False,0.5,0.582,249.98,256.19,352.72,358.93
Gunderam - Neue Eröffnungswege Ein Schach-Praktikum (1961).pdf,133,0,contour,104.7,800,800,False,0.5,0.5322,82.45,70.35,187.16,174.72
Gunderam - Neue Eröffnungswege Ein Schach-Praktikum (1961).pdf,133,1,contour,105.36,800,800,False,0.5,0.5356,81.47,443.68,186.17,549.04
Gunderam - Neue Eröffnungswege Ein Schach-Praktikum (1961).pdf,133,2,contour,103.07,800,800,False,0.5,0.5725,248.67,443.02,351.74,546.09
Gunderam - Neue Eröffnungswege Ein Schach-Praktikum (1961).pdf,139,0,contour,105.68,800,800,False,0.5,0.5885,82.13,262.74,187.81,368.42
Gunderam - Neue Eröffnungswege Ein Schach-Praktikum (1961).pdf,139,1,contour,102.74,800,800,False,0.5,0.5964,250.31,74.93,353.04,177.34
Gunderam - Neue Eröffnungswege Ein Schach-Praktikum (1961).pdf,139,2,contour,106.01,800,800,False,0.5,0.5613,249.32,326.21,354.03,432.23
Karpov A - Chess Combinations -World Champions-1 (2011).pdf,8,0,embedded,153.6,612,640,True,1.0,0.6261,54.73,66.23,201.61,219.83
Karpov A - Chess Combinations -World Champions-1 (2011).pdf,8,1,embedded,171.84,716,660,True,0.9379,0.429,54.73,252.47,226.57,410.87
Karpov A - Chess Combinations -World Champions-1 (2011).pdf,8,2,embedded,160.32,612,668,True,0.9404,0.464,55.69,439.68,202.57,600.0
Karpov A - Chess Combinations -World Champions-1 (2011).pdf,8,3,embedded,171.84,716,644,True,0.8705,0.4299,263.05,66.24,434.89,220.8
Karpov A - Chess Combinations -World Champions-1 (2011).pdf,8,4,embedded,156.48,612,652,True,0.9966,0.5037,264.0,252.47,410.88,408.95
Karpov A - Chess Combinations -World Champions-1 (2011).pdf,8,5,embedded,171.84,716,660,True,0.9379,0.4577,264.0,438.72,435.84,597.12
Karpov A - Chess Combinations -World Champions-1 (2011).pdf,17,0,embedded,146.88,612,588,True,1.0,0.604,54.73,66.24,201.61,207.36
Karpov A - Chess Combinations -World Champions-1 (2011).pdf,17,1,embedded,158.4,612,660,True,0.9682,0.5783,52.81,252.47,199.69,410.87
Karpov A - Chess Combinations -World Champions-1 (2011).pdf,17,2,embedded,154.56,612,644,True,1.0,0.6644,55.69,439.68,202.57,594.24
Karpov A - Chess Combinations -World Champions-1 (2011).pdf,17,3,embedded,158.4,612,660,True,0.9682,0.3773,263.05,66.23,409.93,224.63
Karpov A - Chess Combinations -World Champions-1 (2011).pdf,17,4,embedded,158.4,612,660,True,0.9682,0.4807,264.0,252.47,410.88,410.87
Karpov A - Chess Combinations -World Champions-1 (2011).pdf,17,5,embedded,154.56,616,644,True,1.0,0.5129,264.0,439.68,411.84,594.24
Karpov A - Chess Combinations -World Champions-1 (2011).pdf,33,0,embedded,171.84,716,660,True,0.9379,0.4628,54.73,66.23,226.57,224.63
Karpov A - Chess Combinations -World Champions-1 (2011).pdf,33,1,embedded,146.88,612,592,True,1.0,0.6374,55.69,252.47,202.57,394.55
Karpov A - Chess Combinations -World Champions-1 (2011).pdf,33,2,embedded,156.48,612,652,True,0.9966,0.423,55.69,439.68,202.57,596.16
Karpov A - Chess Combinations -World Champions-1 (2011).pdf,33,3,embedded,170.88,712,660,True,0.953,0.5752,264.0,66.23,434.88,224.63
Karpov A - Chess Combinations -World Champions-1 (2011).pdf,33,4,embedded,146.88,612,592,True,0.9155,0.4541,264.0,252.47,410.88,394.55
Karpov A - Chess Combinations -World Champions-1 (2011).pdf,33,5,embedded,156.48,612,652,True,0.9966,0.4318,264.96,439.68,411.84,596.16
Karpov A - Chess Combinations -World Champions-1 (2011).pdf,49,0,embedded,155.52,612,648,True,1.0,0.4137,54.73,66.24,201.61,221.76
Karpov A - Chess Combinations -World Champions-1 (2011).pdf,49,1,embedded,155.52,616,648,True,0.8765,0.5884,54.73,252.48,202.57,408.0
Karpov A - Chess Combinations -World Champions-1 (2011).pdf,49,2,embedded,170.88,712,652,True,0.9199,0.6599,55.69,439.68,226.57,596.16
Karpov A - Chess Combinations -World Champions-1 (2011).pdf,49,3,contour,145.91,800,800,False,0.5,0.5513,264.01,66.41,409.92,206.76
Karpov A - Chess Combinations -World Champions-1 (2011).pdf,49,4,embedded,146.88,612,592,True,1.0,0.4407,264.0,252.47,410.88,394.55
Karpov A - Chess Combinations -World Champions-1 (2011).pdf,49,5,embedded,157.44,612,656,True,0.8323,0.4356,264.0,438.72,410.88,596.16
Karpov A - Chess Combinations -World Champions-1 (2011).pdf,65,0,embedded,171.84,716,660,True,0.9379,0.5345,54.73,66.23,226.57,224.63
Karpov A - Chess Combinations -World Champions-1 (2011).pdf,65,1,embedded,147.84,616,592,True,1.0,0.5434,54.73,252.47,202.57,394.55
Karpov A - Chess Combinations -World Champions-1 (2011).pdf,65,2,embedded,157.44,612,656,True,0.9823,0.4283,55.69,438.72,202.57,596.16
Karpov A - Chess Combinations -World Champions-1 (2011).pdf,65,3,embedded,170.88,712,660,True,0.953,0.4958,264.0,66.23,434.88,224.63
Karpov A - Chess Combinations -World Champions-1 (2011).pdf,65,4,embedded,170.88,712,660,True,0.953,0.5279,264.0,252.47,434.88,410.87
Karpov A - Chess Combinations -World Champions-1 (2011).pdf,65,5,embedded,171.84,716,652,True,0.9046,0.4799,264.0,439.68,435.84,596.16
Karpov A - Chess Combinations -World Champions-1 (2011).pdf,81,0,embedded,158.4,612,660,True,0.9682,0.6057,54.73,66.23,201.61,224.63
Karpov A - Chess Combinations -World Champions-1 (2011).pdf,81,1,embedded,171.84,716,660,True,0.9379,0.4536,54.73,253.43,226.57,411.83
Karpov A - Chess Combinations -World Champions-1 (2011).pdf,81,2,embedded,157.44,612,656,True,0.9823,0.3802,55.69,439.68,202.57,597.12
Karpov A - Chess Combinations -World Champions-1 (2011).pdf,81,3,embedded,171.84,716,660,True,0.9379,0.4238,263.05,66.23,434.89,224.63
Karpov A - Chess Combinations -World Champions-1 (2011).pdf,81,4,embedded,158.4,612,660,True,0.9682,0.3837,264.0,252.47,410.88,410.87
Karpov A - Chess Combinations -World Champions-1 (2011).pdf,81,5,embedded,156.48,616,652,True,1.0,0.513,264.0,439.68,411.84,596.16
Karpov A - Chess Combinations -World Champions-1 (2011).pdf,97,0,embedded,158.4,612,660,True,0.9682,0.4517,54.73,66.23,201.61,224.63
Karpov A - Chess Combinations -World Champions-1 (2011).pdf,97,1,embedded,159.36,616,664,True,0.9693,0.4093,54.73,252.47,202.57,411.83
Karpov A - Chess Combinations -World Champions-1 (2011).pdf,97,2,embedded,156.48,612,652,True,0.9966,0.3851,55.69,439.68,202.57,596.16
Karpov A - Chess Combinations -World Champions-1 (2011).pdf,97,3,embedded,145.92,608,588,True,1.0,0.502,264.0,66.24,409.92,207.36
Karpov A - Chess Combinations -World Champions-1 (2011).pdf,97,4,embedded,157.44,612,656,True,0.9823,0.6085,264.0,253.43,410.88,410.87
Karpov A - Chess Combinations -World Champions-1 (2011).pdf,97,5,embedded,156.48,612,652,True,0.9966,0.5025,264.0,439.68,410.88,596.16
Karpov A - Chess Combinations -World Champions-1 (2011).pdf,114,0,embedded,158.4,612,660,True,0.9682,0.6882,54.73,66.23,201.61,224.63
Karpov A - Chess Combinations -World Champions-1 (2011).pdf,114,1,embedded,164.16,684,664,True,0.9247,0.5031,159.37,251.51,323.53,410.87
Karpov A - Chess Combinations -World Champions-1 (2011).pdf,114,2,embedded,158.4,616,660,True,0.8333,0.483,263.05,66.23,410.89,224.63
Karpov A - Chess Combinations -World Champions-1 (2011).pdf,130,0,contour,145.91,800,800,False,0.5,0.4641,54.63,66.74,200.55,207.42
Karpov A - Chess Combinations -World Champions-1 (2011).pdf,130,1,embedded,158.4,612,660,True,0.8182,0.6314,54.73,252.47,201.61,410.87
Karpov A - Chess Combinations -World Champions-1 (2011).pdf,130,2,embedded,157.44,608,656,True,0.9671,0.4235,55.69,439.68,201.61,597.12
Karpov A - Chess Combinations -World Champions-1 (2011).pdf,130,3,contour,145.58,800,800,False,0.5,0.3871,263.69,66.74,409.27,207.09
Karpov A - Chess Combinations -World Champions-1 (2011).pdf,130,4,embedded,155.52,616,648,True,1.0,0.5905,263.05,252.48,410.89,408.0
Karpov A - Chess Combinations -World Champions-1 (2011).pdf,130,5,embedded,156.48,612,652,True,0.9966,0.4314,264.0,439.68,410.88,596.16
Karpov A - Chess Combinations -World Champions-1 (2011).pdf,146,0,embedded,145.92,608,588,True,1.0,0.6254,54.73,66.24,200.65,207.36
Karpov A - Chess Combinations -World Champions-1 (2011).pdf,146,1,embedded,146.88,612,588,True,1.0,0.5723,54.73,252.47,201.61,393.59
Karpov A - Chess Combinations -World Champions-1 (2011).pdf,146,2,embedded,171.84,716,656,True,0.9213,0.452,54.73,438.72,226.57,596.16
Karpov A - Chess Combinations -World Champions-1 (2011).pdf,146,3,embedded,158.4,612,660,True,0.9682,0.5079,263.05,66.23,409.93,224.63
Karpov A - Chess Combinations -World Champions-1 (2011).pdf,146,4,embedded,147.84,616,588,True,1.0,0.5398,263.05,252.47,410.89,393.59
Karpov A - Chess Combinations -World Champions-1 (2011).pdf,146,5,embedded,156.48,612,652,True,0.9966,0.5082,264.0,439.68,410.88,596.16
Karpov A - Chess Combinations -World Champions-1 (2011).pdf,162,0,embedded,158.4,612,660,True,0.9682,0.5584,53.76,66.23,200.64,224.63
Karpov A - Chess Combinations -World Champions-1 (2011).pdf,162,1,embedded,146.88,612,592,True,1.0,0.4989,54.73,252.47,201.61,394.55
Karpov A - Chess Combinations -World Champions-1 (2011).pdf,162,2,embedded,156.48,612,652,True,0.9966,0.5632,54.73,439.68,201.61,596.16
Karpov A - Chess Combinations -World Champions-1 (2011).pdf,162,3,embedded,158.4,612,660,True,0.9682,0.4926,263.05,66.23,409.93,224.63
Karpov A - Chess Combinations -World Champions-1 (2011).pdf,162,4,embedded,171.84,716,660,True,0.9379,0.5655,263.05,252.47,434.89,410.87
Karpov A - Chess Combinations -World Champions-1 (2011).pdf,162,5,embedded,170.88,712,652,True,0.9199,0.601,264.0,439.68,434.88,596.16
Karpov A - Chess Combinations -World Champions-1 (2011).pdf,178,0,embedded,155.52,612,648,True,1.0,0.6859,54.73,66.24,201.61,221.76
Karpov A - Chess Combinations -World Champions-1 (2011).pdf,178,1,contour,141.0,800,800,False,0.5,0.5628,57.58,255.18,198.58,391.6
Karpov A - Chess Combinations -World Champions-1 (2011).pdf,178,2,embedded,157.44,616,656,True,0.8476,0.4661,54.73,438.72,202.57,596.16
Karpov A - Chess Combinations -World Champions-1 (2011).pdf,178,3,embedded,158.4,612,660,True,0.9682,0.5392,263.05,66.23,409.93,224.63
Karpov A - Chess Combinations -World Champions-1 (2011).pdf,178,4,contour,140.68,800,800,False,0.5,0.6363,265.98,255.18,406.65,391.93
Karpov A - Chess Combinations -World Champions-1 (2011).pdf,178,5,embedded,171.84,716,660,True,0.9379,0.5967,264.0,438.72,435.84,597.12
Karpov A - Chess Combinations -World Champions-1 (2011).pdf,194,0,embedded,158.4,608,660,True,0.953,0.5447,54.73,66.23,200.65,224.63
Karpov A - Chess Combinations -World Champions-1 (2011).pdf,194,1,contour,145.58,800,800,False,0.5,0.4631,54.96,252.89,200.55,393.24
Karpov A - Chess Combinations -World Champions-1 (2011).pdf,194,2,embedded,157.44,612,656,True,0.8323,0.4861,54.73,438.72,201.61,596.16
Karpov A - Chess Combinations -World Champions-1 (2011).pdf,194,3,embedded,146.88,612,588,True,1.0,0.5766,263.05,66.24,409.93,207.36
Karpov A - Chess Combinations -World Champions-1 (2011).pdf,194,4,embedded,158.4,612,660,True,0.9682,0.6251,263.05,252.47,409.93,410.87
Karpov A - Chess Combinations -World Champions-1 (2011).pdf,194,5,embedded,171.84,716,656,True,0.9213,0.6021,263.05,439.68,434.89,597.12
Karpov A - Chess Combinations -World Champions-1 (2011).pdf,210,0,embedded,158.4,612,660,True,0.8182,0.5204,53.76,66.23,200.64,224.63
Karpov A - Chess Combinations -World Champions-1 (2011).pdf,210,1,embedded,170.88,712,660,True,0.953,0.5984,54.73,252.47,225.61,410.87
Karpov A - Chess Combinations -World Champions-1 (2011).pdf,210,2,embedded,156.48,612,652,True,0.9966,0.5623,54.73,439.68,201.61,596.16
Karpov A - Chess Combinations -World Champions-1 (2011).pdf,210,3,embedded,158.4,612,660,True,0.9682,0.4821,263.05,66.23,409.93,224.63
Karpov A - Chess Combinations -World Champions-1 (2011).pdf,210,4,embedded,159.36,612,664,True,0.9542,0.4342,263.05,252.47,409.93,411.83
Karpov A - Chess Combinations -World Champions-1 (2011).pdf,210,5,embedded,156.48,612,652,True,0.9966,0.5831,264.0,439.68,410.88,596.16
Karpov A - Chess Combinations -World Champions-1 (2011).pdf,226,0,embedded,170.88,712,660,True,0.803,0.5065,54.73,66.23,225.61,224.63
Karpov A - Chess Combinations -World Champions-1 (2011).pdf,226,1,embedded,170.88,712,656,True,0.7866,0.5498,54.73,253.43,225.61,410.87
Karpov A - Chess Combinations -World Champions-1 (2011).pdf,226,2,embedded,170.88,712,656,True,0.9366,0.5268,55.69,439.68,226.57,597.12
Karpov A - Chess Combinations -World Champions-1 (2011).pdf,226,3,embedded,158.4,612,660,True,0.9682,0.4408,263.05,66.23,409.93,224.63
Karpov A - Chess Combinations -World Champions-1 (2011).pdf,226,4,embedded,157.44,612,656,True,0.9823,0.5327,264.0,253.43,410.88,410.87
Karpov A - Chess Combinations -World Champions-1 (2011).pdf,226,5,embedded,156.48,612,652,True,0.9966,0.643,264.0,439.68,410.88,596.16
Karpov A - Chess Combinations -World Champions-1 (2011).pdf,242,0,embedded,157.44,612,656,True,0.9823,0.6254,54.73,66.24,201.61,223.68
Karpov A - Chess Combinations -World Champions-1 (2011).pdf,242,1,contour,145.91,800,800,False,0.5,0.6602,55.29,252.56,201.2,392.91
Karpov A - Chess Combinations -World Champions-1 (2011).pdf,242,2,embedded,157.44,612,656,True,0.9823,0.5139,55.69,438.72,202.57,596.16
Karpov A - Chess Combinations -World Champions-1 (2011).pdf,242,3,embedded,146.88,612,588,True,0.898,0.3639,263.05,66.24,409.93,207.36
Karpov A - Chess Combinations -World Champions-1 (2011).pdf,242,4,contour,145.91,800,800,False,0.5,0.4706,263.69,252.56,409.6,392.91
Karpov A - Chess Combinations -World Champions-1 (2011).pdf,242,5,embedded,171.84,716,656,True,0.9213,0.5184,264.0,438.72,435.84,596.16
Karpov A - Chess Combinations -World Champions-1 (2011).pdf,258,0,embedded,158.4,612,660,True,0.9682,0.4041,54.73,66.23,201.61,224.63
Karpov A - Chess Combinations -World Champions-1 (2011).pdf,258,1,embedded,170.88,712,660,True,0.953,0.5468,54.73,252.47,225.61,410.87
Karpov A - Chess Combinations -World Champions-1 (2011).pdf,258,2,embedded,157.44,612,656,True,0.9823,0.637,55.69,438.72,202.57,596.16
Karpov A - Chess Combinations -World Champions-1 (2011).pdf,258,3,embedded,146.88,612,588,True,1.0,0.6278,263.05,66.24,409.93,207.36
Karpov A - Chess Combinations -World Champions-1 (2011).pdf,258,4,embedded,146.88,612,588,True,1.0,0.5146,264.0,252.47,410.88,393.59
Karpov A - Chess Combinations -World Champions-1 (2011).pdf,258,5,embedded,156.48,612,652,True,0.9966,0.4973,264.0,439.68,410.88,596.16
Karpov A - Chess Combinations -World Champions-2 (2011).pdf,8,0,contour,143.6,800,800,False,0.5,0.4383,55.94,70.0,199.54,206.08
Karpov A - Chess Combinations -World Champions-2 (2011).pdf,8,1,contour,143.93,800,800,False,0.5,0.4367,56.59,256.78,200.52,392.86
Karpov A - Chess Combinations -World Champions-2 (2011).pdf,8,2,contour,148.84,800,800,False,0.5,0.2845,54.95,444.55,203.79,584.88
Karpov A - Chess Combinations -World Champions-2 (2011).pdf,8,3,contour,148.84,800,800,False,0.5,0.4342,262.67,67.39,411.51,208.04
Karpov A - Chess Combinations -World Champions-2 (2011).pdf,8,4,contour,144.26,800,800,False,0.5,0.4244,265.29,256.13,409.55,393.52
Karpov A - Chess Combinations -World Champions-2 (2011).pdf,8,5,contour,149.16,800,800,False,0.5,0.3546,263.65,444.22,412.82,584.88
Karpov A - Chess Combinations -World Champions-2 (2011).pdf,12,0,contour,143.93,800,800,False,0.5,0.5497,56.26,70.33,200.19,206.41
Karpov A - Chess Combinations -World Champions-2 (2011).pdf,12,1,contour,149.16,800,800,False,0.5,0.3752,53.97,254.17,203.14,394.5
Karpov A - Chess Combinations -World Champions-2 (2011).pdf,12,2,contour,149.16,800,800,False,0.5,0.336,54.3,443.89,203.46,584.22
Karpov A - Chess Combinations -World Champions-2 (2011).pdf,12,3,contour,148.84,800,800,False,0.5,0.4069,262.67,67.71,411.51,208.04
Karpov A - Chess Combinations -World Champions-2 (2011).pdf,12,4,contour,148.84,800,800,False,0.5,0.4863,263.33,254.17,412.16,394.5
Karpov A - Chess Combinations -World Champions-2 (2011).pdf,12,5,contour,143.6,800,800,False,0.5,0.569,266.27,445.86,409.87,582.59
Karpov A - Chess Combinations -World Champions-2 (2011).pdf,23,0,contour,149.16,800,800,False,0.5,0.3467,54.3,67.39,203.46,207.72
Karpov A - Chess Combinations -World Champions-2 (2011).pdf,23,1,contour,143.93,800,800,False,0.5,0.4908,57.24,256.13,201.17,392.86
Karpov A - Chess Combinations -World Champions-2 (2011).pdf,23,2,contour,149.16,800,800,False,0.5,0.3897,55.28,443.57,204.45,583.9
Karpov A - Chess Combinations -World Champions-2 (2011).pdf,23,3,contour,143.6,800,800,False,0.5,0.4534,265.62,69.68,409.22,205.75
Karpov A - Chess Combinations -World Champions-2 (2011).pdf,23,4,contour,143.6,800,800,False,0.5,0.4592,266.27,256.13,409.87,392.86
Karpov A - Chess Combinations -World Champions-2 (2011).pdf,23,5,contour,143.6,800,800,False,0.5,0.4235,266.92,445.86,410.53,582.26
Karpov A - Chess Combinations -World Champions-2 (2011).pdf,34,0,contour,148.84,800,800,False,0.5,0.3839,53.65,67.39,202.48,207.72
Karpov A - Chess Combinations -World Champions-2 (2011).pdf,34,1,contour,143.28,800,800,False,0.5,0.6078,56.59,256.13,199.87,391.88
Karpov A - Chess Combinations -World Champions-2 (2011).pdf,34,2,contour,148.84,800,800,False,0.5,0.438,54.95,443.24,203.79,583.57
Karpov A - Chess Combinations -World Champions-2 (2011).pdf,34,3,contour,148.84,800,800,False,0.5,0.4724,262.34,67.71,411.18,207.72
Karpov A - Chess Combinations -World Champions-2 (2011).pdf,34,4,contour,149.16,800,800,False,0.5,0.3493,263.0,253.84,412.16,394.5
Karpov A - Chess Combinations -World Champions-2 (2011).pdf,34,5,contour,148.84,800,800,False,0.5,0.4078,263.65,443.57,412.49,583.57
Karpov A - Chess Combinations -World Champions-2 (2011).pdf,45,0,contour,143.6,800,800,False,0.5,0.5893,56.92,68.69,200.52,206.41
Karpov A - Chess Combinations -World Champions-2 (2011).pdf,45,1,contour,148.84,800,800,False,0.5,0.4697,54.63,254.17,203.46,394.5
Karpov A - Chess Combinations -World Champions-2 (2011).pdf,45,2,contour,143.6,800,800,False,0.5,0.4238,57.57,445.86,201.17,582.26
Karpov A - Chess Combinations -World Champions-2 (2011).pdf,45,3,contour,148.51,800,800,False,0.5,0.3952,263.0,67.71,411.51,208.04
Karpov A - Chess Combinations -World Champions-2 (2011).pdf,45,4,contour,143.6,800,800,False,0.5,0.504,265.94,257.44,409.55,393.84
Karpov A - Chess Combinations -World Champions-2 (2011).pdf,45,5,contour,148.51,800,800,False,0.5,0.3233,263.33,443.89,411.84,583.9
Karpov A - Chess Combinations -World Champions-2 (2011).pdf,56,0,contour,143.28,800,800,False,0.5,0.4023,55.28,70.0,198.56,206.08
Karpov A - Chess Combinations -World Champions-2 (2011).pdf,56,1,contour,149.16,800,800,False,0.5,0.4356,53.65,253.84,202.81,394.5
Karpov A - Chess Combinations -World Champions-2 (2011).pdf,56,2,contour,143.28,800,800,False,0.5,0.5541,56.59,445.53,199.87,581.93
Karpov A - Chess Combinations -World Champions-2 (2011).pdf,56,3,contour,148.51,800,800,False,0.5,0.3717,262.02,67.39,410.53,207.72
Karpov A - Chess Combinations -World Champions-2 (2011).pdf,56,4,contour,144.26,800,800,False,0.5,0.4739,264.96,256.13,409.22,392.86
Karpov A - Chess Combinations -World Champions-2 (2011).pdf,56,5,contour,143.6,800,800,False,0.5,0.5546,265.94,445.53,409.55,582.26
Karpov A - Chess Combinations -World Champions-2 (2011).pdf,67,0,contour,148.84,800,800,False,0.5,0.4439,53.97,67.39,202.81,207.72
Karpov A - Chess Combinations -World Champions-2 (2011).pdf,67,1,contour,149.16,800,800,False,0.5,0.5153,54.3,253.84,203.46,394.5
Karpov A - Chess Combinations -World Champions-2 (2011).pdf,67,2,contour,148.84,800,800,False,0.5,0.3787,54.95,443.57,203.79,583.9
Karpov A - Chess Combinations -World Champions-2 (2011).pdf,67,3,contour,148.51,800,800,False,0.5,0.4011,263.0,67.71,411.51,207.72
Karpov A - Chess Combinations -World Champions-2 (2011).pdf,67,4,contour,148.84,800,800,False,0.5,0.4092,263.33,254.17,412.16,394.5
Karpov A - Chess Combinations -World Champions-2 (2011).pdf,67,5,contour,148.51,800,800,False,0.5,0.4151,263.98,443.89,412.49,583.9
Karpov A - Chess Combinations -World Champions-2 (2011).pdf,78,0,contour,143.28,800,800,False,0.5,0.5204,55.94,70.0,199.21,206.08
Karpov A - Chess Combinations -World Champions-2 (2011).pdf,78,1,contour,144.58,800,800,False,0.5,0.4284,55.94,255.48,200.52,392.54
Karpov A - Chess Combinations -World Champions-2 (2011).pdf,78,2,contour,148.84,800,800,False,0.5,0.4425,54.63,443.57,203.46,583.57
Karpov A - Chess Combinations -World Champions-2 (2011).pdf,78,3,contour,143.93,800,800,False,0.5,0.4857,264.63,69.35,408.56,206.08
Karpov A - Chess Combinations -World Champions-2 (2011).pdf,78,4,contour,148.84,800,800,False,0.5,0.4638,263.0,253.84,411.84,394.17
Karpov A - Chess Combinations -World Champions-2 (2011).pdf,78,5,contour,148.51,800,800,False,0.5,0.4734,263.65,443.57,412.16,583.9
Karpov A - Chess Combinations -World Champions-2 (2011).pdf,89,0,contour,143.6,800,800,False,0.5,0.5122,57.57,70.0,201.17,206.41
Karpov A - Chess Combinations -World Champions-2 (2011).pdf,89,1,contour,143.6,800,800,False,0.5,0.4861,266.27,70.0,409.87,206.41
Karpov A - Chess Combinations -World Champions-2 (2011).pdf,100,0,contour,143.6,800,800,False,0.5,0.5023,55.61,70.0,199.21,206.08
Karpov A - Chess Combinations -World Champions-2 (2011).pdf,100,1,contour,149.16,800,800,False,0.5,0.4444,53.97,253.84,203.14,394.5
Karpov A - Chess Combinations -World Champions-2 (2011).pdf,100,2,contour,149.16,800,800,False,0.5,0.5124,54.63,443.57,203.79,583.57
Karpov A - Chess Combinations -World Champions-2 (2011).pdf,100,3,contour,144.26,800,800,False,0.5,0.5024,264.63,69.35,408.89,206.08
Karpov A - Chess Combinations -World Champions-2 (2011).pdf,100,4,contour,148.84,800,800,False,0.5,0.4071,263.0,253.84,411.84,394.5
Karpov A - Chess Combinations -World Champions-2 (2011).pdf,100,5,contour,148.51,800,800,False,0.5,0.4474,263.65,443.57,412.16,583.57
Karpov A - Chess Combinations -World Champions-2 (2011).pdf,111,0,contour,148.51,800,800,False,0.5,0.3552,53.65,67.39,202.16,207.72
Karpov A - Chess Combinations -World Champions-2 (2011).pdf,111,1,contour,142.95,800,800,False,0.5,0.4558,57.24,256.13,200.19,392.86
Karpov A - Chess Combinations -World Champions-2 (2011).pdf,111,2,contour,148.51,800,800,False,0.5,0.4727,54.95,443.57,203.46,583.57
Karpov A - Chess Combinations -World Champions-2 (2011).pdf,111,3,contour,149.16,800,800,False,0.5,0.4217,262.02,67.39,411.18,207.72
Karpov A - Chess Combinations -World Champions-2 (2011).pdf,111,4,contour,143.93,800,800,False,0.5,0.4215,265.29,256.13,409.22,392.86
Karpov A - Chess Combinations -World Champions-2 (2011).pdf,111,5,contour,143.6,800,800,False,0.5,0.491,265.94,445.53,409.55,581.61
Karpov A - Chess Combinations -World Champions-2 (2011).pdf,122,0,contour,148.51,800,800,False,0.5,0.4683,53.65,67.39,202.16,207.39
Karpov A - Chess Combinations -World Champions-2 (2011).pdf,122,1,contour,143.6,800,800,False,0.5,0.5512,56.26,255.8,199.87,392.54
Karpov A - Chess Combinations -World Champions-2 (2011).pdf,122,2,contour,148.51,800,800,False,0.5,0.4322,54.95,443.24,203.46,583.57
Karpov A - Chess Combinations -World Champions-2 (2011).pdf,122,3,contour,144.91,800,800,False,0.5,0.6037,264.96,69.68,409.87,205.75
Karpov A - Chess Combinations -World Champions-2 (2011).pdf,122,4,contour,143.93,800,800,False,0.5,0.4001,265.29,255.8,409.22,392.54
Karpov A - Chess Combinations -World Champions-2 (2011).pdf,122,5,contour,143.28,800,800,False,0.5,0.4862,266.27,445.2,409.55,580.95
Karpov A - Chess Combinations -World Champions-2 (2011).pdf,133,0,contour,148.84,800,800,False,0.5,0.4207,53.97,67.39,202.81,207.72
Karpov A - Chess Combinations -World Champions-2 (2011).pdf,133,1,contour,143.6,800,800,False,0.5,0.6046,57.24,256.13,200.85,392.86
Karpov A - Chess Combinations -World Champions-2 (2011).pdf,133,2,contour,148.84,800,800,False,0.5,0.4224,55.28,443.57,204.12,583.9
Karpov A - Chess Combinations -World Champions-2 (2011).pdf,133,3,contour,149.16,800,800,False,0.5,0.4095,262.67,67.39,411.84,207.72
Karpov A - Chess Combinations -World Champions-2 (2011).pdf,133,4,contour,143.28,800,800,False,0.5,0.5102,266.27,256.13,409.55,392.86
Karpov A - Chess Combinations -World Champions-2 (2011).pdf,133,5,contour,148.84,800,800,False,0.5,0.4487,263.98,443.57,412.82,583.9
Karpov A - Chess Combinations -World Champions-2 (2011).pdf,143,0,contour,148.51,800,800,False,0.5,0.3971,53.97,67.39,202.48,207.39
Karpov A - Chess Combinations -World Champions-2 (2011).pdf,143,1,contour,143.6,800,800,False,0.5,0.5631,57.24,256.13,200.85,392.54
Karpov A - Chess Combinations -World Champions-2 (2011).pdf,143,2,contour,143.28,800,800,False,0.5,0.4704,57.9,445.53,201.17,582.26
Karpov A - Chess Combinations -World Champions-2 (2011).pdf,143,3,contour,148.84,800,800,False,0.5,0.3892,262.34,67.39,411.18,207.39
Karpov A - Chess Combinations -World Champions-2 (2011).pdf,143,4,contour,143.6,800,800,False,0.5,0.5708,265.94,256.13,409.55,392.54
Karpov A - Chess Combinations -World Champions-2 (2011).pdf,143,5,contour,148.84,800,800,False,0.5,0.4848,263.98,443.24,412.82,583.24
Karpov A - Chess Combinations -World Champions-2 (2011).pdf,154,0,contour,148.84,800,800,False,0.5,0.4259,53.97,66.73,202.81,206.74
Karpov A - Chess Combinations -World Champions-2 (2011).pdf,154,1,contour,149.16,800,800,False,0.5,0.3715,54.3,250.24,203.46,390.25
Karpov A - Chess Combinations -World Champions-2 (2011).pdf,154,2,contour,144.26,800,800,False,0.5,0.4452,57.24,445.53,201.5,582.26
Karpov A - Chess Combinations -World Champions-2 (2011).pdf,154,3,contour,148.18,800,800,False,0.5,0.4226,263.0,66.73,411.18,207.06
Karpov A - Chess Combinations -World Champions-2 (2011).pdf,154,4,contour,143.6,800,800,False,0.5,0.4124,265.62,252.53,409.22,388.94
Karpov A - Chess Combinations -World Champions-2 (2011).pdf,154,5,contour,143.6,800,800,False,0.5,0.4147,266.92,441.93,410.53,578.66
Karpov A - Chess Combinations -World Champions-2 (2011).pdf,165,0,contour,149.16,800,800,False,0.5,0.3666,53.97,66.73,203.14,207.06
Karpov A - Chess Combinations -World Champions-2 (2011).pdf,165,1,contour,143.28,800,800,False,0.5,0.5045,56.92,252.86,200.19,389.26
Karpov A - Chess Combinations -World Champions-2 (2011).pdf,165,2,contour,148.51,800,800,False,0.5,0.469,55.28,439.64,203.79,579.97
Karpov A - Chess Combinations -World Champions-2 (2011).pdf,165,3,contour,148.84,800,800,False,0.5,0.4366,262.67,66.73,411.51,207.06
Karpov A - Chess Combinations -World Champions-2 (2011).pdf,165,4,contour,148.84,800,800,False,0.5,0.4194,262.67,250.57,411.51,390.57
Karpov A - Chess Combinations -World Champions-2 (2011).pdf,165,5,contour,148.51,800,800,False,0.5,0.459,263.98,439.64,412.49,579.97
Kmoch - Internationaal meestertournooi Zandvoort 1936 (1936).pdf,44,0,contour,135.42,800,800,False,0.5,0.5216,232.9,103.04,368.32,238.46
Kmoch - Internationaal meestertournooi Zandvoort 1936 (1936).pdf,49,0,contour,136.79,800,800,False,0.5,0.5029,207.48,374.04,344.27,509.53
Kmoch - Internationaal meestertournooi Zandvoort 1936 (1936).pdf,60,0,contour,135.12,800,800,False,0.5,0.5167,88.99,98.15,223.79,233.28
Kmoch - Internationaal meestertournooi Zandvoort 1936 (1936).pdf,76,0,contour,131.87,800,800,False,0.5,0.5748,245.08,132.19,376.95,264.06
Koblenz - El dominio del arte de la combinacion (1978).pdf,7,0,contour,153.8,800,800,False,0.5,0.7091,60.87,278.8,212.7,432.6
Koblenz - El dominio del arte de la combinacion (1978).pdf,7,1,contour,149.22,800,800,False,0.5,0.7151,247.39,134.82,395.95,284.04
Koblenz - El dominio del arte de la combinacion (1978).pdf,8,0,contour,156.74,800,800,False,0.5,0.6951,58.9,214.67,210.08,371.41
Koblenz - El dominio del arte de la combinacion (1978).pdf,8,1,contour,151.51,800,800,False,0.5,0.646,248.04,245.1,399.22,396.61
Koblenz - El dominio del arte de la combinacion (1978).pdf,9,0,contour,149.22,800,800,False,0.5,0.6625,63.16,74.28,211.72,223.5
Koblenz - El dominio del arte de la combinacion (1978).pdf,9,1,contour,150.85,800,800,False,0.5,0.7014,252.95,45.16,403.81,196.01
Koblenz - El dominio del arte de la combinacion (1978).pdf,12,0,contour,151.51,800,800,False,0.5,0.7021,66.76,68.72,216.3,220.23
Koblenz - El dominio del arte de la combinacion (1978).pdf,12,1,contour,155.76,800,800,False,0.5,0.5461,60.87,336.07,214.99,491.83
Koblenz - El dominio del arte de la combinacion (1978).pdf,12,2,contour,150.85,800,800,False,0.5,0.6419,253.28,69.7,403.15,220.56
Koblenz - El dominio del arte de la combinacion (1978).pdf,12,3,contour,154.78,800,800,False,0.5,0.6418,247.06,353.08,401.84,507.87
Koblenz - El dominio del arte de la combinacion (1978).pdf,18,0,contour,155.44,800,800,False,0.5,0.5108,247.39,84.75,401.19,240.19
Koblenz - El dominio del arte de la combinacion (1978).pdf,18,1,contour,155.11,800,800,False,0.5,0.5281,245.75,376.97,400.86,531.75
Koblenz - El dominio del arte de la combinacion (1978).pdf,21,0,contour,151.84,800,800,False,0.5,0.6079,63.81,378.94,215.65,530.77
Koblenz - El dominio del arte de la combinacion (1978).pdf,21,1,contour,155.76,800,800,False,0.5,0.5573,250.33,270.95,403.48,426.71
Koblenz - El dominio del arte de la combinacion (1978).pdf,23,0,contour,159.69,800,800,False,0.5,0.4601,53.67,69.37,213.36,227.43
Koblenz - El dominio del arte de la combinacion (1978).pdf,23,1,contour,151.51,800,800,False,0.5,0.6434,246.41,45.49,396.93,196.99
Koblenz - El dominio del arte de la combinacion (1978).pdf,26,0,contour,155.76,800,800,False,0.5,0.6047,62.17,71.34,215.65,227.1
Koblenz - El dominio del arte de la combinacion (1978).pdf,26,1,contour,150.53,800,800,False,0.5,0.6442,64.79,370.43,215.32,520.96
Koblenz - El dominio del arte de la combinacion (1978).pdf,29,0,contour,155.44,800,800,False,0.5,0.5699,55.63,90.32,209.76,245.75
Koblenz - El dominio del arte de la combinacion (1978).pdf,29,1,contour,153.15,800,800,False,0.5,0.6104,57.59,353.08,208.77,506.23
Koblenz - El dominio del arte de la combinacion (1978).pdf,29,2,contour,154.78,800,800,False,0.5,0.5075,242.48,91.95,396.61,246.73
Koblenz - El dominio del arte de la combinacion (1978).pdf,29,3,contour,153.15,800,800,False,0.5,0.4938,247.06,352.1,399.22,505.25
Koblenz - El dominio del arte de la combinacion (1978).pdf,32,0,contour,151.84,800,800,False,0.5,0.6203,62.5,70.68,214.01,222.52
Koblenz - El dominio del arte de la combinacion (1978).pdf,32,1,contour,155.44,800,800,False,0.5,0.5665,61.19,381.55,215.65,536.99
Koblenz - El dominio del arte de la combinacion (1978).pdf,32,2,contour,156.09,800,800,False,0.5,0.5769,248.7,262.77,401.84,418.86
Koblenz - El dominio del arte de la combinacion (1978).pdf,35,0,contour,148.56,800,800,False,0.5,0.6022,65.12,76.9,213.36,225.46
Koblenz - El dominio del arte de la combinacion (1978).pdf,35,1,contour,155.76,800,800,False,0.5,0.54,60.21,377.3,214.34,533.06
Koblenz - El dominio del arte de la combinacion (1978).pdf,35,2,contour,155.76,800,800,False,0.5,0.5141,247.06,214.99,401.52,370.76
Koblenz - El dominio del arte de la combinacion (1978).pdf,37,0,contour,150.53,800,800,False,0.5,0.6229,58.25,81.81,208.45,232.34
Koblenz - El dominio del arte de la combinacion (1978).pdf,37,1,contour,156.74,800,800,False,0.5,0.5935,54.65,359.3,208.45,516.05
Koblenz - El dominio del arte de la combinacion (1978).pdf,37,2,contour,155.44,800,800,False,0.5,0.5724,245.43,76.9,395.63,232.34
Koblenz - El dominio del arte de la combinacion (1978).pdf,37,3,contour,153.8,800,800,False,0.5,0.6062,242.81,348.83,396.61,502.63
Koblenz - El dominio del arte de la combinacion (1978).pdf,40,0,contour,154.13,800,800,False,0.5,0.5384,57.27,375.66,211.39,529.46
Koblenz - El dominio del arte de la combinacion (1978).pdf,40,1,contour,158.38,800,800,False,0.5,0.5613,246.73,262.11,399.55,420.5
Koblenz - El dominio del arte de la combinacion (1978).pdf,43,0,contour,155.76,800,800,False,0.5,0.5316,58.9,193.72,214.67,349.49
Koblenz - El dominio del arte de la combinacion (1978).pdf,43,1,contour,151.18,800,800,False,0.5,0.5697,251.64,75.92,401.52,227.1
Koblenz - El dominio del arte de la combinacion (1978).pdf,46,0,contour,155.44,800,800,False,0.5,0.5858,61.52,74.28,211.39,229.72
Koblenz - El dominio del arte de la combinacion (1978).pdf,46,1,contour,156.09,800,800,False,0.5,0.4839,247.06,126.97,401.19,283.06
Koblenz - El dominio del arte de la combinacion (1978).pdf,49,0,contour,159.04,800,800,False,0.5,0.4686,57.27,159.69,216.3,316.43
Koblenz - El dominio del arte de la combinacion (1978).pdf,49,1,contour,149.22,800,800,False,0.5,0.6861,250.33,118.13,399.55,266.04
Koblenz - El dominio del arte de la combinacion (1978).pdf,51,0,contour,152.49,800,800,False,0.5,0.6349,61.52,324.29,214.01,475.8
Koblenz - El dominio del arte de la combinacion (1978).pdf,51,1,contour,154.78,800,800,False,0.5,0.5725,248.04,181.61,402.82,336.4
Koblenz - El dominio del arte de la combinacion (1978).pdf,54,0,contour,152.82,800,800,False,0.5,0.6342,60.21,277.17,213.03,429.98
Koblenz - El dominio del arte de la combinacion (1978).pdf,54,1,contour,155.11,800,800,False,0.5,0.6143,248.7,168.2,401.19,323.31
Koblenz - El dominio del arte de la combinacion (1978).pdf,57,0,contour,156.42,800,800,False,0.5,0.6356,62.17,361.27,216.96,517.68
Koblenz - El dominio del arte de la combinacion (1978).pdf,57,1,contour,156.74,800,800,False,0.5,0.601,251.64,62.5,405.77,219.25
Koblenz - El dominio del arte de la combinacion (1978).pdf,57,2,contour,158.05,800,800,False,0.5,0.5215,252.3,347.19,404.46,505.25
Koblenz - El dominio del arte de la combinacion (1978).pdf,60,0,contour,167.22,800,800,False,0.5,0.4521,246.73,334.76,403.15,501.98
Koblenz - El dominio del arte de la combinacion (1978).pdf,63,0,contour,153.15,800,800,False,0.5,0.5802,247.72,61.52,400.86,214.01
La_casa_del_Ajedrez_El_metodo_Yusupov_4_Yusupov_Artur_Fundamentos.pdf,18,0,contour,146.9,800,800,False,0.5,0.4118,67.73,73.29,214.3,220.19
La_casa_del_Ajedrez_El_metodo_Yusupov_4_Yusupov_Artur_Fundamentos.pdf,18,1,contour,146.9,800,800,False,0.5,0.2705,67.73,256.18,214.63,402.43
La_casa_del_Ajedrez_El_metodo_Yusupov_4_Yusupov_Artur_Fundamentos.pdf,18,2,contour,146.58,800,800,False,0.5,0.4082,67.73,437.76,214.3,584.34
La_casa_del_Ajedrez_El_metodo_Yusupov_4_Yusupov_Artur_Fundamentos.pdf,18,3,contour,146.9,800,800,False,0.5,0.3801,272.21,73.94,419.11,220.52
La_casa_del_Ajedrez_El_metodo_Yusupov_4_Yusupov_Artur_Fundamentos.pdf,18,4,contour,146.9,800,800,False,0.5,0.2985,271.88,255.85,418.79,402.76
La_casa_del_Ajedrez_El_metodo_Yusupov_4_Yusupov_Artur_Fundamentos.pdf,18,5,contour,147.23,800,800,False,0.5,0.54,271.56,437.44,418.79,584.67
La_casa_del_Ajedrez_El_metodo_Yusupov_4_Yusupov_Artur_Fundamentos.pdf,26,0,contour,147.21,800,800,False,0.5,0.3083,68.7,74.26,215.91,220.82
La_casa_del_Ajedrez_El_metodo_Yusupov_4_Yusupov_Artur_Fundamentos.pdf,26,1,contour,146.23,800,800,False,0.5,0.2607,69.35,256.48,215.59,402.71
La_casa_del_Ajedrez_El_metodo_Yusupov_4_Yusupov_Artur_Fundamentos.pdf,26,2,contour,146.56,800,800,False,0.5,0.3089,69.35,438.04,215.59,584.6
La_casa_del_Ajedrez_El_metodo_Yusupov_4_Yusupov_Artur_Fundamentos.pdf,26,3,contour,147.21,800,800,False,0.5,0.4719,272.84,74.26,420.05,220.49
La_casa_del_Ajedrez_El_metodo_Yusupov_4_Yusupov_Artur_Fundamentos.pdf,26,4,contour,146.89,800,800,False,0.5,0.4878,273.16,256.15,420.05,402.71
La_casa_del_Ajedrez_El_metodo_Yusupov_4_Yusupov_Artur_Fundamentos.pdf,26,5,contour,146.89,800,800,False,0.5,0.2972,272.84,438.04,419.72,584.6
La_casa_del_Ajedrez_El_metodo_Yusupov_4_Yusupov_Artur_Fundamentos.pdf,35,0,contour,147.88,800,800,False,0.5,0.3883,49.08,76.23,196.96,223.13
La_casa_del_Ajedrez_El_metodo_Yusupov_4_Yusupov_Artur_Fundamentos.pdf,35,1,contour,147.23,800,800,False,0.5,0.3288,49.08,258.8,196.3,405.7
La_casa_del_Ajedrez_El_metodo_Yusupov_4_Yusupov_Artur_Fundamentos.pdf,35,2,contour,146.9,800,800,False,0.5,0.3326,49.08,440.7,195.98,587.61
La_casa_del_Ajedrez_El_metodo_Yusupov_4_Yusupov_Artur_Fundamentos.pdf,35,3,contour,147.56,800,800,False,0.5,0.5028,254.21,76.23,401.77,223.13
La_casa_del_Ajedrez_El_metodo_Yusupov_4_Yusupov_Artur_Fundamentos.pdf,35,4,contour,146.9,800,800,False,0.5,0.5954,254.21,258.8,400.79,405.7
La_casa_del_Ajedrez_El_metodo_Yusupov_4_Yusupov_Artur_Fundamentos.pdf,35,5,contour,146.9,800,800,False,0.5,0.4933,254.21,440.7,400.46,587.61
La_casa_del_Ajedrez_El_metodo_Yusupov_4_Yusupov_Artur_Fundamentos.pdf,77,0,contour,147.21,800,800,False,0.5,0.3954,49.73,76.88,196.94,223.44
La_casa_del_Ajedrez_El_metodo_Yusupov_4_Yusupov_Artur_Fundamentos.pdf,77,1,contour,147.21,800,800,False,0.5,0.4678,49.73,259.1,196.61,406.31
La_casa_del_Ajedrez_El_metodo_Yusupov_4_Yusupov_Artur_Fundamentos.pdf,77,2,contour,147.21,800,800,False,0.5,0.4569,49.73,440.99,196.94,587.87
La_casa_del_Ajedrez_El_metodo_Yusupov_4_Yusupov_Artur_Fundamentos.pdf,77,3,contour,147.54,800,800,False,0.5,0.2962,254.84,76.88,402.38,224.09
La_casa_del_Ajedrez_El_metodo_Yusupov_4_Yusupov_Artur_Fundamentos.pdf,77,4,contour,146.89,800,800,False,0.5,0.3545,254.84,259.42,401.07,406.31
La_casa_del_Ajedrez_El_metodo_Yusupov_4_Yusupov_Artur_Fundamentos.pdf,77,5,contour,147.21,800,800,False,0.5,0.3634,255.17,440.99,401.07,588.2
La_casa_del_Ajedrez_El_metodo_Yusupov_4_Yusupov_Artur_Fundamentos.pdf,85,0,contour,147.21,800,800,False,0.5,0.3437,50.71,76.55,197.92,223.44
La_casa_del_Ajedrez_El_metodo_Yusupov_4_Yusupov_Artur_Fundamentos.pdf,85,1,contour,146.89,800,800,False,0.5,0.4688,51.03,259.1,197.27,405.98
La_casa_del_Ajedrez_El_metodo_Yusupov_4_Yusupov_Artur_Fundamentos.pdf,85,2,contour,146.89,800,800,False,0.5,0.3442,51.36,440.99,197.59,587.87
La_casa_del_Ajedrez_El_metodo_Yusupov_4_Yusupov_Artur_Fundamentos.pdf,85,3,contour,147.54,800,800,False,0.5,0.3495,255.5,76.55,403.04,223.76
La_casa_del_Ajedrez_El_metodo_Yusupov_4_Yusupov_Artur_Fundamentos.pdf,85,4,contour,147.21,800,800,False,0.5,0.2822,255.5,259.1,402.06,406.31
La_casa_del_Ajedrez_El_metodo_Yusupov_4_Yusupov_Artur_Fundamentos.pdf,85,5,contour,146.89,800,800,False,0.5,0.471,255.82,440.99,402.38,587.87
La_casa_del_Ajedrez_El_metodo_Yusupov_4_Yusupov_Artur_Fundamentos.pdf,93,0,contour,147.25,800,800,False,0.5,0.6318,50.07,76.9,197.32,224.15
La_casa_del_Ajedrez_El_metodo_Yusupov_4_Yusupov_Artur_Fundamentos.pdf,93,1,contour,146.93,800,800,False,0.5,0.4181,50.07,259.82,196.99,406.75
La_casa_del_Ajedrez_El_metodo_Yusupov_4_Yusupov_Artur_Fundamentos.pdf,93,2,contour,146.6,800,800,False,0.5,0.4458,50.72,441.76,196.99,588.36
La_casa_del_Ajedrez_El_metodo_Yusupov_4_Yusupov_Artur_Fundamentos.pdf,93,3,contour,148.24,800,800,False,0.5,0.4979,254.58,76.9,402.82,224.15
La_casa_del_Ajedrez_El_metodo_Yusupov_4_Yusupov_Artur_Fundamentos.pdf,93,4,contour,147.58,800,800,False,0.5,0.3272,254.58,259.49,402.17,406.75
La_casa_del_Ajedrez_El_metodo_Yusupov_4_Yusupov_Artur_Fundamentos.pdf,93,5,contour,147.25,800,800,False,0.5,0.4556,254.91,441.43,401.84,588.69
La_casa_del_Ajedrez_El_metodo_Yusupov_4_Yusupov_Artur_Fundamentos.pdf,144,0,contour,147.21,800,800,False,0.5,0.403,70.66,76.88,217.87,223.44
La_casa_del_Ajedrez_El_metodo_Yusupov_4_Yusupov_Artur_Fundamentos.pdf,144,1,contour,146.56,800,800,False,0.5,0.3261,71.64,259.09,218.2,405.65
La_casa_del_Ajedrez_El_metodo_Yusupov_4_Yusupov_Artur_Fundamentos.pdf,144,2,contour,146.88,800,800,False,0.5,0.2908,71.32,440.65,217.87,587.54
La_casa_del_Ajedrez_El_metodo_Yusupov_4_Yusupov_Artur_Fundamentos.pdf,144,3,contour,146.88,800,800,False,0.5,0.2941,275.45,76.88,422.33,223.11
La_casa_del_Ajedrez_El_metodo_Yusupov_4_Yusupov_Artur_Fundamentos.pdf,144,4,contour,144.27,800,800,False,0.5,0.3497,276.76,260.07,420.7,404.34
La_casa_del_Ajedrez_El_metodo_Yusupov_4_Yusupov_Artur_Fundamentos.pdf,144,5,contour,146.88,800,800,False,0.5,0.2595,275.45,440.65,422.33,587.54
La_casa_del_Ajedrez_El_metodo_Yusupov_4_Yusupov_Artur_Fundamentos.pdf,152,0,contour,144.28,800,800,False,0.5,0.6078,72.31,76.89,216.59,220.84
La_casa_del_Ajedrez_El_metodo_Yusupov_4_Yusupov_Artur_Fundamentos.pdf,152,1,contour,146.9,800,800,False,0.5,0.6262,71.65,258.14,218.23,405.04
La_casa_del_Ajedrez_El_metodo_Yusupov_4_Yusupov_Artur_Fundamentos.pdf,152,2,contour,147.56,800,800,False,0.5,0.4981,70.67,440.05,218.23,586.95
La_casa_del_Ajedrez_El_metodo_Yusupov_4_Yusupov_Artur_Fundamentos.pdf,152,3,contour,147.23,800,800,False,0.5,0.575,275.81,75.58,423.04,222.81
La_casa_del_Ajedrez_El_metodo_Yusupov_4_Yusupov_Artur_Fundamentos.pdf,152,4,contour,146.9,800,800,False,0.5,0.5209,275.81,258.14,422.71,405.04
La_casa_del_Ajedrez_El_metodo_Yusupov_4_Yusupov_Artur_Fundamentos.pdf,152,5,contour,147.23,800,800,False,0.5,0.2958,275.15,440.05,422.38,587.28
La_casa_del_Ajedrez_El_metodo_Yusupov_4_Yusupov_Artur_Fundamentos.pdf,161,0,contour,147.23,800,800,False,0.5,0.422,50.39,78.2,197.62,224.77
La_casa_del_Ajedrez_El_metodo_Yusupov_4_Yusupov_Artur_Fundamentos.pdf,161,1,contour,146.9,800,800,False,0.5,0.4159,50.39,260.76,196.96,407.66
La_casa_del_Ajedrez_El_metodo_Yusupov_4_Yusupov_Artur_Fundamentos.pdf,161,2,contour,146.9,800,800,False,0.5,0.3261,51.04,442.67,197.29,589.57
La_casa_del_Ajedrez_El_metodo_Yusupov_4_Yusupov_Artur_Fundamentos.pdf,161,3,contour,148.21,800,800,False,0.5,0.2824,254.87,78.2,403.08,225.1
La_casa_del_Ajedrez_El_metodo_Yusupov_4_Yusupov_Artur_Fundamentos.pdf,161,4,contour,147.23,800,800,False,0.5,0.3346,254.87,260.76,402.1,407.34
La_casa_del_Ajedrez_El_metodo_Yusupov_4_Yusupov_Artur_Fundamentos.pdf,161,5,contour,147.23,800,800,False,0.5,0.4922,255.2,442.34,402.43,589.57
"La_Combinacion_En_El_Ajedrez_Constantin_Dobonov_83p,1974_OCR.pdf",11,0,embedded,142.18,312,312,True,1.0,0.4172,116.66,331.74,258.84,473.92
"La_Combinacion_En_El_Ajedrez_Constantin_Dobonov_83p,1974_OCR.pdf",14,0,embedded,139.68,840,832,True,1.0,0.5325,121.06,287.33,260.74,425.67
"La_Combinacion_En_El_Ajedrez_Constantin_Dobonov_83p,1974_OCR.pdf",18,0,embedded,141.28,312,312,True,1.0,0.4504,134.04,65.2,275.32,206.49
"La_Combinacion_En_El_Ajedrez_Constantin_Dobonov_83p,1974_OCR.pdf",21,0,embedded,154.57,928,936,True,1.0,0.4607,117.58,340.84,270.83,495.41
"La_Combinacion_En_El_Ajedrez_Constantin_Dobonov_83p,1974_OCR.pdf",24,0,embedded,160.41,352,352,True,1.0,0.4269,116.66,94.77,277.07,255.18
"La_Combinacion_En_El_Ajedrez_Constantin_Dobonov_83p,1974_OCR.pdf",41,0,embedded,160.41,352,352,True,1.0,0.3781,116.66,331.74,277.07,492.15
"La_Combinacion_En_El_Ajedrez_Constantin_Dobonov_83p,1974_OCR.pdf",44,0,embedded,160.41,352,352,True,1.0,0.2819,116.66,317.15,277.07,477.56
"La_Combinacion_En_El_Ajedrez_Constantin_Dobonov_83p,1974_OCR.pdf",47,0,embedded,167.7,352,368,True,1.0,0.3575,116.66,76.55,277.07,244.25
"La_Combinacion_En_El_Ajedrez_Constantin_Dobonov_83p,1974_OCR.pdf",54,0,embedded,160.41,352,352,True,1.0,0.4719,116.66,189.56,277.07,349.97
"La_Combinacion_En_El_Ajedrez_Constantin_Dobonov_83p,1974_OCR.pdf",57,0,embedded,160.41,352,352,True,1.0,0.2964,116.66,331.74,277.07,492.15
"La_Combinacion_En_El_Ajedrez_Constantin_Dobonov_83p,1974_OCR.pdf",61,0,embedded,164.05,352,360,True,0.9444,0.3287,113.02,91.13,273.43,255.18
"La_Combinacion_En_El_Ajedrez_Constantin_Dobonov_83p,1974_OCR.pdf",64,0,embedded,160.41,352,352,True,1.0,0.4093,116.66,320.8,277.07,481.21
"La_Combinacion_En_El_Ajedrez_Constantin_Dobonov_83p,1974_OCR.pdf",67,0,embedded,160.41,352,352,True,1.0,0.493,116.66,324.45,277.07,484.86
"La_Combinacion_En_El_Ajedrez_Constantin_Dobonov_83p,1974_OCR.pdf",71,0,embedded,160.41,352,352,True,1.0,0.4385,116.66,320.8,277.07,481.21
"La_Combinacion_En_El_Ajedrez_Constantin_Dobonov_83p,1974_OCR.pdf",74,0,embedded,171.34,352,376,True,0.9904,0.3754,116.66,32.81,277.07,204.15
"La_Combinacion_En_El_Ajedrez_Constantin_Dobonov_83p,1974_OCR.pdf",77,0,embedded,160.41,352,352,True,1.0,0.4081,116.66,328.09,277.07,488.5
"La_Combinacion_En_El_Ajedrez_Constantin_Dobonov_83p,1974_OCR.pdf",81,0,embedded,160.41,352,352,True,1.0,0.515,113.02,269.76,273.43,430.17
Levenfis - Cartea sahistului inceparator (1962).pdf,13,0,contour,142.27,800,800,False,0.5,0.5173,49.06,380.04,191.33,521.99
Levenfis - Cartea sahistului inceparator (1962).pdf,13,1,contour,139.65,800,800,False,0.5,0.7042,216.51,199.18,356.17,338.18
Levenfis - Cartea sahistului inceparator (1962).pdf,25,0,contour,142.27,800,800,False,0.5,0.5398,44.15,81.11,186.42,222.4
Levenfis - Cartea sahistului inceparator (1962).pdf,25,1,contour,139.65,800,800,False,0.5,0.5995,212.26,104.33,351.92,243.99
Levenfis - Cartea sahistului inceparator (1962).pdf,38,0,contour,141.62,800,800,False,0.5,0.6024,32.38,157.64,174.0,298.28
Levenfis - Cartea sahistului inceparator (1962).pdf,50,0,contour,139.0,800,800,False,0.5,0.6163,200.81,133.77,339.49,272.77
Levenfis - Cartea sahistului inceparator (1962).pdf,74,0,contour,139.98,800,800,False,0.5,0.6112,199.83,384.29,339.49,524.28
Levenfis - Cartea sahistului inceparator (1962).pdf,87,0,contour,141.62,800,800,False,0.5,0.6508,48.08,82.75,189.37,224.36
Levenfis - Cartea sahistului inceparator (1962).pdf,87,1,contour,142.27,800,800,False,0.5,0.6513,212.59,384.62,354.86,526.89
Levenfis - Cartea sahistului inceparator (1962).pdf,99,0,contour,140.31,800,800,False,0.5,0.7248,48.73,299.91,187.08,440.22
Levenfis - Cartea sahistului inceparator (1962).pdf,99,1,contour,141.94,800,800,False,0.5,0.6857,213.9,146.52,355.51,288.47
Levenfis - Cartea sahistului inceparator (1962).pdf,111,0,contour,141.94,800,800,False,0.5,0.6422,41.86,282.25,183.48,424.2
Levenfis - Cartea sahistului inceparator (1962).pdf,111,1,contour,138.67,800,800,False,0.5,0.6577,210.3,84.05,348.97,221.75
Levenfis - Cartea sahistului inceparator (1962).pdf,136,0,contour,140.64,800,800,False,0.5,0.5825,33.03,224.69,173.01,365.33
Levenfis - Cartea sahistului inceparator (1962).pdf,148,0,contour,140.96,800,800,False,0.5,0.5306,197.54,157.64,338.51,298.6
Levenfis - Cartea sahistului inceparator (1962).pdf,160,0,contour,140.96,800,800,False,0.5,0.5857,196.24,78.49,337.2,218.8
Levenfis - Cartea sahistului inceparator (1962).pdf,185,0,contour,138.35,800,800,False,0.5,0.6522,50.04,87.98,188.39,225.67
Levenfis - Cartea sahistului inceparator (1962).pdf,197,0,contour,141.94,800,800,False,0.5,0.5887,46.44,89.94,188.39,231.88
Levenfis - Cartea sahistului inceparator (1962).pdf,197,1,contour,141.94,800,800,False,0.5,0.5662,46.77,381.35,188.71,523.29
Levenfis - Cartea sahistului inceparator (1962).pdf,197,2,contour,138.35,800,800,False,0.5,0.6366,215.86,147.18,354.21,284.87
Levenfis - Cartea sahistului inceparator (1962).pdf,197,3,contour,142.27,800,800,False,0.5,0.5606,214.22,353.22,355.84,495.49
Levenfis - Cartea sahistului inceparator (1962).pdf,209,0,contour,139.65,800,800,False,0.5,0.6565,215.2,370.89,354.86,510.54
Levenfis - Cartea sahistului inceparator (1962).pdf,221,0,contour,138.67,800,800,False,0.5,0.5882,45.13,83.73,183.81,222.07
Levenfis - Cartea sahistului inceparator (1962).pdf,221,1,contour,140.96,800,800,False,0.5,0.6103,210.95,227.31,351.26,368.27
Levenfis - Cartea sahistului inceparator (1962).pdf,246,0,contour,139.33,800,800,False,0.5,0.6354,29.76,119.05,168.76,258.38
Levenfis - Cartea sahistului inceparator (1962).pdf,246,1,contour,139.65,800,800,False,0.5,0.6485,29.76,344.07,167.45,483.72
Levenfis - Cartea sahistului inceparator (1962).pdf,246,2,contour,141.62,800,800,False,0.5,0.6147,194.93,250.53,336.54,392.14
Levenfis - Cartea sahistului inceparator (1962).pdf,258,0,contour,139.33,800,800,False,0.5,0.6902,29.44,82.75,168.76,221.75
Levenfis - Cartea sahistului inceparator (1962).pdf,258,1,contour,139.65,800,800,False,0.5,0.7186,194.27,261.65,333.93,401.3
Levenfis - Cartea sahistului inceparator (1962).pdf,270,0,contour,139.33,800,800,False,0.5,0.7306,30.09,231.23,169.09,370.56
Levenfis - Cartea sahistului inceparator (1962).pdf,270,1,contour,139.65,800,800,False,0.5,0.7023,197.87,83.07,337.53,222.07
"Mauricio Flores Rios - Chess Structures - A Grandmaster Guide[Quality Chess, 2015].pdf",20,0,contour,148.55,800,800,False,0.5,0.6905,51.7,356.97,200.24,503.55
"Mauricio Flores Rios - Chess Structures - A Grandmaster Guide[Quality Chess, 2015].pdf",20,1,contour,148.87,800,800,False,0.5,0.6948,255.21,272.55,404.09,419.46
"Mauricio Flores Rios - Chess Structures - A Grandmaster Guide[Quality Chess, 2015].pdf",38,0,contour,146.26,800,800,False,0.5,0.6919,53.01,438.11,199.26,582.41
"Mauricio Flores Rios - Chess Structures - A Grandmaster Guide[Quality Chess, 2015].pdf",38,1,contour,124.66,800,800,False,0.5,0.6666,267.97,354.68,392.63,476.4
"Mauricio Flores Rios - Chess Structures - A Grandmaster Guide[Quality Chess, 2015].pdf",57,0,contour,146.58,800,800,False,0.5,0.5789,52.68,295.78,199.26,440.4
"Mauricio Flores Rios - Chess Structures - A Grandmaster Guide[Quality Chess, 2015].pdf",57,1,contour,122.37,800,800,False,0.5,0.6013,268.95,271.9,391.32,392.31
"Mauricio Flores Rios - Chess Structures - A Grandmaster Guide[Quality Chess, 2015].pdf",76,0,contour,148.87,800,800,False,0.5,0.6092,51.04,369.4,199.92,515.66
"Mauricio Flores Rios - Chess Structures - A Grandmaster Guide[Quality Chess, 2015].pdf",76,1,contour,148.87,800,800,False,0.5,0.6429,254.88,318.03,403.76,464.62
"Mauricio Flores Rios - Chess Structures - A Grandmaster Guide[Quality Chess, 2015].pdf",94,0,contour,149.2,800,800,False,0.5,0.5395,50.39,165.56,199.59,312.47
"Mauricio Flores Rios - Chess Structures - A Grandmaster Guide[Quality Chess, 2015].pdf",94,1,contour,146.26,800,800,False,0.5,0.6257,256.19,262.08,402.45,406.7
"Mauricio Flores Rios - Chess Structures - A Grandmaster Guide[Quality Chess, 2015].pdf",113,0,contour,146.26,800,800,False,0.5,0.6802,53.99,466.25,200.24,610.22
"Mauricio Flores Rios - Chess Structures - A Grandmaster Guide[Quality Chess, 2015].pdf",131,0,contour,146.58,800,800,False,0.5,0.7779,256.19,189.45,402.78,333.74
"Mauricio Flores Rios - Chess Structures - A Grandmaster Guide[Quality Chess, 2015].pdf",150,0,contour,149.53,800,800,False,0.5,0.6455,50.72,289.89,200.24,436.8
"Mauricio Flores Rios - Chess Structures - A Grandmaster Guide[Quality Chess, 2015].pdf",150,1,contour,149.2,800,800,False,0.5,0.6504,255.21,464.94,404.41,611.53
"Mauricio Flores Rios - Chess Structures - A Grandmaster Guide[Quality Chess, 2015].pdf",169,0,contour,149.53,800,800,False,0.5,0.6776,51.37,345.19,200.9,492.1
"Mauricio Flores Rios - Chess Structures - A Grandmaster Guide[Quality Chess, 2015].pdf",169,1,contour,146.26,800,800,False,0.5,0.7006,256.85,310.18,403.1,454.8
"Mauricio Flores Rios - Chess Structures - A Grandmaster Guide[Quality Chess, 2015].pdf",187,0,contour,149.53,800,800,False,0.5,0.6966,51.7,357.3,201.22,503.88
"Mauricio Flores Rios - Chess Structures - A Grandmaster Guide[Quality Chess, 2015].pdf",206,0,contour,149.2,800,800,False,0.5,0.6968,275.5,36.97,424.7,182.9
"Mauricio Flores Rios - Chess Structures - A Grandmaster Guide[Quality Chess, 2015].pdf",225,0,contour,146.26,800,800,False,0.5,0.6734,52.35,221.84,198.61,366.13
"Mauricio Flores Rios - Chess Structures - A Grandmaster Guide[Quality Chess, 2015].pdf",225,1,contour,149.2,800,800,False,0.5,0.5742,255.87,225.76,405.07,372.35
"Mauricio Flores Rios - Chess Structures - A Grandmaster Guide[Quality Chess, 2015].pdf",243,0,contour,148.22,800,800,False,0.5,0.7328,275.82,36.65,424.04,183.23
"Mauricio Flores Rios - Chess Structures - A Grandmaster Guide[Quality Chess, 2015].pdf",262,0,contour,149.53,800,800,False,0.5,0.7095,275.5,36.65,425.03,183.23
"Mauricio Flores Rios - Chess Structures - A Grandmaster Guide[Quality Chess, 2015].pdf",281,0,contour,148.87,800,800,False,0.5,0.7014,51.7,165.89,200.57,312.14
"Mauricio Flores Rios - Chess Structures - A Grandmaster Guide[Quality Chess, 2015].pdf",281,1,contour,148.22,800,800,False,0.5,0.701,255.54,57.59,403.76,204.17
"Mauricio Flores Rios - Chess Structures - A Grandmaster Guide[Quality Chess, 2015].pdf",299,0,contour,146.26,800,800,False,0.5,0.7742,255.54,141.68,401.79,286.3
"Mauricio Flores Rios - Chess Structures - A Grandmaster Guide[Quality Chess, 2015].pdf",318,0,contour,148.87,800,800,False,0.5,0.6363,254.56,152.47,403.43,299.06
"Mauricio Flores Rios - Chess Structures - A Grandmaster Guide[Quality Chess, 2015].pdf",337,0,contour,146.26,800,800,False,0.5,0.683,53.99,437.46,200.24,581.75
"Mauricio Flores Rios - Chess Structures - A Grandmaster Guide[Quality Chess, 2015].pdf",337,1,contour,149.53,800,800,False,0.5,0.6243,255.87,436.8,405.39,583.71
"Mauricio Flores Rios - Chess Structures - A Grandmaster Guide[Quality Chess, 2015].pdf",355,0,contour,145.93,800,800,False,0.5,0.6357,255.87,58.24,401.79,202.86
"Mauricio Flores Rios - Chess Structures - A Grandmaster Guide[Quality Chess, 2015].pdf",374,0,contour,121.39,800,800,False,0.5,0.7636,65.11,259.79,186.5,379.22
"Mauricio Flores Rios - Chess Structures - A Grandmaster Guide[Quality Chess, 2015].pdf",392,0,contour,146.91,800,800,False,0.5,0.5915,52.35,245.07,199.26,390.67
"Mauricio Flores Rios - Chess Structures - A Grandmaster Guide[Quality Chess, 2015].pdf",392,1,contour,149.53,800,800,False,0.5,0.6013,254.56,141.02,404.09,287.93
"Mauricio Flores Rios - Chess Structures - A Grandmaster Guide[Quality Chess, 2015].pdf",411,0,contour,149.53,800,800,False,0.5,0.6153,254.56,57.91,404.09,204.5
"Mauricio Flores Rios - Chess Structures - A Grandmaster Guide[Quality Chess, 2015].pdf",430,0,contour,148.55,800,800,False,0.5,0.614,54.97,386.09,203.51,532.67
"Mauricio Flores Rios - Chess Structures - A Grandmaster Guide[Quality Chess, 2015].pdf",430,1,contour,146.26,800,800,False,0.5,0.7274,157.05,103.39,303.31,248.34
"Mauricio Flores Rios - Chess Structures - A Grandmaster Guide[Quality Chess, 2015].pdf",430,2,contour,148.55,800,800,False,0.5,0.721,258.16,386.09,406.7,532.35
"Mauricio Flores Rios - Chess Structures - A Grandmaster Guide[Quality Chess, 2015].pdf",448,0,contour,146.26,800,800,False,0.5,0.7294,53.33,338.32,199.59,482.61
Melhores Finais de Capablanca - Irving Chernev pt-br - Copia.pdf,103,0,embedded,243.0,251,261,True,1.0,0.746,45.0,447.45,279.0,690.45
Melhores Finais de Capablanca - Irving Chernev pt-br - Copia.pdf,170,0,embedded,239.5,254,260,True,1.0,0.984,45.0,36.0,279.0,275.5
Melhores Finais de Capablanca - Irving Chernev pt-br - Copia.pdf,255,0,embedded,246.0,251,264,True,1.0,1.0,45.0,299.75,279.0,545.75
Melhores Finais de Capablanca - Irving Chernev pt-br - Copia.pdf,306,0,embedded,246.0,251,264,True,1.0,0.8606,45.0,138.3,279.0,384.3
Melhores Finais de Capablanca - Irving Chernev pt-br - Copia.pdf,356,0,embedded,242.0,254,263,True,1.0,0.9233,45.0,36.0,279.0,278.0
Melhores Finais de Capablanca - Irving Chernev pt-br - Copia.pdf,390,0,embedded,243.0,254,264,True,1.0,0.937,45.0,138.3,279.0,381.3
Melhores Finais de Capablanca - Irving Chernev pt-br - Copia.pdf,407,0,embedded,245.0,251,263,True,1.0,0.8646,45.0,236.45,279.0,481.45
Mieses - Blind Schaken (1938).pdf,5,0,contour,79.51,800,800,False,0.5,0.9465,119.76,362.88,198.62,442.4
Mieses - Blind Schaken (1938).pdf,30,0,contour,146.22,800,800,False,0.5,0.4964,54.95,46.12,201.17,191.69
Mieses - Blind Schaken (1938).pdf,33,0,contour,144.63,800,800,False,0.5,0.5118,160.99,339.66,305.63,482.33
Mieses - Blind Schaken (1938).pdf,38,0,contour,144.9,800,800,False,0.5,0.4853,62.8,145.89,207.71,290.46
Mieses - Blind Schaken (1938).pdf,41,0,contour,140.98,800,800,False,0.5,0.4963,10.79,155.37,151.44,296.34
Mieses - Blind Schaken (1938).pdf,44,0,contour,143.0,800,800,False,0.5,0.5558,210.41,246.74,353.09,389.74
Mieses - Blind Schaken (1938).pdf,50,0,contour,145.62,800,800,False,0.5,0.4759,208.45,50.07,353.42,195.69
Mieses - Blind Schaken (1938).pdf,56,0,contour,146.88,800,800,False,0.5,0.4916,206.09,342.51,352.98,487.1
Mieses - Blind Schaken (1938).pdf,59,0,contour,92.93,800,800,False,0.5,0.4804,19.63,74.93,112.56,167.53
Mieses - Blind Schaken (1938).pdf,59,1,contour,90.31,800,800,False,0.5,0.5346,121.72,73.3,212.04,163.28
Mieses - Blind Schaken (1938).pdf,59,2,contour,92.6,800,800,False,0.5,0.4554,221.52,69.37,314.13,161.97
Mieses - Blind Schaken (1938).pdf,61,0,contour,145.91,800,800,False,0.5,0.4899,161.94,293.46,307.85,439.37
Mieses - Blind Schaken (1938).pdf,64,0,contour,141.31,800,800,False,0.5,0.5162,204.45,329.08,345.76,469.74
Mieses - Blind Schaken (1938).pdf,67,0,contour,145.96,800,800,False,0.5,0.4927,164.94,226.46,310.9,372.42
Minhas 60 partidas memoráveis Bobby Fischer pt-br algébrico.pdf,21,0,contour,143.02,800,800,False,0.5,0.5484,156.11,476.84,299.13,618.55
Minhas 60 partidas memoráveis Bobby Fischer pt-br algébrico.pdf,41,0,contour,143.35,800,800,False,0.5,0.5461,159.05,298.15,302.4,439.85
Minhas 60 partidas memoráveis Bobby Fischer pt-br algébrico.pdf,82,0,contour,143.35,800,800,False,0.5,0.5711,152.18,72.0,295.53,213.38
Minhas 60 partidas memoráveis Bobby Fischer pt-br algébrico.pdf,102,0,contour,143.67,800,800,False,0.5,0.5008,156.76,158.73,300.44,300.44
Minhas 60 partidas memoráveis Bobby Fischer pt-br algébrico.pdf,122,0,contour,143.02,800,800,False,0.5,0.5902,167.89,72.0,310.91,213.38
Minhas 60 partidas memoráveis Bobby Fischer pt-br algébrico.pdf,143,0,contour,143.35,800,800,False,0.5,0.5781,154.15,389.13,297.49,530.84
Minhas 60 partidas memoráveis Bobby Fischer pt-br algébrico.pdf,163,0,contour,143.02,800,800,False,0.5,0.5867,157.09,71.67,300.11,213.38
Minhas 60 partidas memoráveis Bobby Fischer pt-br algébrico.pdf,183,0,contour,143.35,800,800,False,0.5,0.5471,131.56,377.02,274.91,518.73
Minhas 60 partidas memoráveis Bobby Fischer pt-br algébrico.pdf,203,0,contour,143.35,800,800,False,0.5,0.4494,161.02,528.55,304.36,670.25
Minhas 60 partidas memoráveis Bobby Fischer pt-br algébrico.pdf,224,0,contour,143.35,800,800,False,0.5,0.5912,165.27,270.33,308.62,412.04
Minhas 60 partidas memoráveis Bobby Fischer pt-br algébrico.pdf,305,0,contour,143.35,800,800,False,0.5,0.591,160.36,289.64,303.71,431.35
Minhas 60 partidas memoráveis Bobby Fischer pt-br algébrico.pdf,386,0,contour,143.35,800,800,False,0.5,0.4454,163.64,187.2,306.98,328.91
Minhas 60 partidas memoráveis Bobby Fischer pt-br algébrico.pdf,406,0,contour,143.35,800,800,False,0.5,0.4843,162.33,480.44,305.67,622.15
Minhas 60 partidas memoráveis Bobby Fischer pt-br algébrico.pdf,467,0,contour,143.35,800,800,False,0.5,0.58,156.11,206.51,299.45,348.22
Neumann - Traité élémentaire du jeu des échecs (1870).pdf,1,0,embedded,148.8,592,620,True,1.0,0.6422,136.32,300.48,278.4,449.28
Neumann - Traité élémentaire du jeu des échecs (1870).pdf,9,0,embedded,141.12,588,580,True,1.0,0.6889,144.96,446.4,286.08,585.6
Neumann - Traité élémentaire du jeu des échecs (1870).pdf,11,0,embedded,147.84,600,616,True,1.0,0.5261,156.48,296.64,300.48,444.48
Neumann - Traité élémentaire du jeu des échecs (1870).pdf,14,0,embedded,144.96,592,604,True,1.0,0.6066,50.88,108.48,192.96,253.44
Neumann - Traité élémentaire du jeu des échecs (1870).pdf,14,1,embedded,144.96,596,604,True,1.0,0.6114,49.92,437.76,192.96,582.72
Neumann - Traité élémentaire du jeu des échecs (1870).pdf,16,0,embedded,148.8,584,620,True,1.0,0.6228,55.68,117.12,195.84,265.92
Neumann - Traité élémentaire du jeu des échecs (1870).pdf,16,1,embedded,147.84,592,616,True,0.7818,0.6072,56.64,313.92,198.72,461.76
Neumann - Traité élémentaire du jeu des échecs (1870).pdf,16,2,embedded,148.8,592,620,True,1.0,0.6337,220.8,117.12,362.88,265.92
Neumann - Traité élémentaire du jeu des échecs (1870).pdf,24,0,embedded,148.8,596,620,True,1.0,0.6023,56.64,78.72,199.68,227.52
Neumann - Traité élémentaire du jeu des échecs (1870).pdf,24,1,embedded,148.8,592,620,True,1.0,0.6162,58.56,340.8,200.64,489.6
Neumann - Traité élémentaire du jeu des échecs (1870).pdf,24,2,embedded,149.76,588,624,True,1.0,0.6271,224.64,77.76,365.76,227.52
Neumann - Traité élémentaire du jeu des échecs (1870).pdf,24,3,embedded,149.76,588,624,True,1.0,0.5446,225.6,327.36,366.72,477.12
Neumann - Traité élémentaire du jeu des échecs (1870).pdf,27,0,embedded,148.8,596,620,True,1.0,0.6938,75.84,72.0,218.88,220.8
Neumann - Traité élémentaire du jeu des échecs (1870).pdf,27,1,embedded,148.8,604,620,True,1.0,0.733,75.84,301.44,220.8,450.24
Neumann - Traité élémentaire du jeu des échecs (1870).pdf,27,2,embedded,148.8,596,620,True,0.9032,0.5632,242.88,72.96,385.92,221.76
Neumann - Traité élémentaire du jeu des échecs (1870).pdf,27,3,embedded,147.84,588,616,True,1.0,0.6768,243.84,340.8,384.96,488.64
Neumann - Traité élémentaire du jeu des échecs (1870).pdf,29,0,embedded,141.12,588,584,True,0.838,0.678,73.92,91.2,215.04,231.36
Neumann - Traité élémentaire du jeu des échecs (1870).pdf,29,1,embedded,145.92,592,608,True,0.8039,0.722,69.12,407.04,211.2,552.96
Neumann - Traité élémentaire du jeu des échecs (1870).pdf,29,2,embedded,145.92,588,608,True,0.7924,0.7153,238.08,215.04,379.2,360.96
Neumann - Traité élémentaire du jeu des échecs (1870).pdf,32,0,embedded,147.84,584,616,True,1.0,0.6876,51.84,402.24,192.0,550.08
Neumann - Traité élémentaire du jeu des échecs (1870).pdf,32,1,embedded,146.88,580,612,True,1.0,0.7323,218.88,70.08,358.08,216.96
Neumann - Traité élémentaire du jeu des échecs (1870).pdf,34,0,embedded,149.76,608,624,True,1.0,0.7122,60.48,86.4,206.4,236.16
Neumann - Traité élémentaire du jeu des échecs (1870).pdf,34,1,embedded,148.8,604,620,True,1.0,0.7328,226.56,133.44,371.52,282.24
Neumann - Traité élémentaire du jeu des échecs (1870).pdf,34,2,embedded,146.88,612,604,True,1.0,0.698,227.52,431.04,374.4,576.0
Neumann - Traité élémentaire du jeu des échecs (1870).pdf,37,0,embedded,145.92,588,608,True,0.9178,0.6335,55.68,144.0,196.8,289.92
Neumann - Traité élémentaire du jeu des échecs (1870).pdf,37,1,embedded,147.84,588,616,True,1.0,0.641,220.8,90.24,361.92,238.08
Neumann - Traité élémentaire du jeu des échecs (1870).pdf,37,2,embedded,147.84,600,616,True,1.0,0.654,220.8,429.12,364.8,576.96
Neumann - Traité élémentaire du jeu des échecs (1870).pdf,39,0,embedded,157.44,576,656,True,0.8451,0.6568,66.24,418.56,204.48,576.0
Neumann - Traité élémentaire du jeu des échecs (1870).pdf,39,1,embedded,148.8,592,620,True,1.0,0.675,228.48,386.88,370.56,535.68
Neumann - Traité élémentaire du jeu des échecs (1870).pdf,42,0,embedded,150.72,608,628,True,1.0,0.6352,51.84,191.04,197.76,341.76
Neumann - Traité élémentaire du jeu des échecs (1870).pdf,42,1,embedded,149.76,608,624,True,1.0,0.6446,217.92,238.08,363.84,387.84
Neumann - Traité élémentaire du jeu des échecs (1870).pdf,45,0,embedded,144.96,584,604,True,1.0,0.72,71.04,429.12,211.2,574.08
Neumann - Traité élémentaire du jeu des échecs (1870).pdf,47,0,embedded,139.2,580,580,True,1.0,0.5768,238.08,237.12,377.28,376.32
Neumann - Traité élémentaire du jeu des échecs (1870).pdf,50,0,embedded,145.92,592,608,True,1.0,0.6066,63.36,84.48,205.44,230.4
Neumann - Traité élémentaire du jeu des échecs (1870).pdf,50,1,embedded,144.96,588,604,True,1.0,0.6223,232.32,395.52,373.44,540.48
Neumann - Traité élémentaire du jeu des échecs (1870).pdf,52,0,embedded,148.8,588,620,True,0.7597,0.6248,226.56,69.12,367.68,217.92
Neumann - Traité élémentaire du jeu des échecs (1870).pdf,52,1,embedded,144.96,596,604,True,0.8268,0.6589,228.48,379.2,371.52,524.16
Neumann - Traité élémentaire du jeu des échecs (1870).pdf,55,0,embedded,147.84,584,616,True,0.7591,0.629,57.6,419.52,197.76,567.36
Neumann - Traité élémentaire du jeu des échecs (1870).pdf,55,1,embedded,148.8,592,620,True,1.0,0.6918,223.68,360.0,365.76,508.8
Neumann - Traité élémentaire du jeu des échecs (1870).pdf,57,0,embedded,145.92,588,608,True,1.0,0.5796,72.0,311.04,213.12,456.96
Neumann - Traité élémentaire du jeu des échecs (1870).pdf,57,1,embedded,144.96,588,604,True,1.0,0.5809,237.12,357.12,378.24,502.08
Neumann - Traité élémentaire du jeu des échecs (1870).pdf,60,0,embedded,148.8,588,620,True,0.7597,0.5675,50.88,116.16,192.0,264.96
Neumann - Traité élémentaire du jeu des échecs (1870).pdf,60,1,embedded,148.8,592,620,True,0.771,0.5498,217.92,252.48,360.0,401.28
Neumann - Traité élémentaire du jeu des échecs (1870).pdf,62,0,embedded,143.04,592,596,True,0.9832,0.5813,226.56,129.6,368.64,272.64
Niemeijer - Zwarte Magie 100 zwarte dame‑problemen (1945).pdf,6,0,contour,278.44,800,800,False,0.5,0.5612,145.6,231.98,420.77,510.42
Niemeijer - Zwarte Magie 100 zwarte dame‑problemen (1945).pdf,7,0,contour,278.47,800,800,False,0.5,0.5676,114.85,219.24,393.32,497.7
Niemeijer - Zwarte Magie 100 zwarte dame‑problemen (1945).pdf,7,1,contour,279.45,800,800,False,0.5,0.5765,117.8,661.97,397.25,940.76
Niemeijer - Zwarte Magie 100 zwarte dame‑problemen (1945).pdf,7,2,contour,266.36,800,800,False,0.5,0.6685,410.99,665.89,677.35,928.33
Niemeijer - Zwarte Magie 100 zwarte dame‑problemen (1945).pdf,8,0,contour,279.42,800,800,False,0.5,0.5793,144.95,237.22,423.06,516.64
Niemeijer - Zwarte Magie 100 zwarte dame‑problemen (1945).pdf,8,1,contour,278.44,800,800,False,0.5,0.5795,147.24,696.59,425.35,975.04
Niemeijer - Zwarte Magie 100 zwarte dame‑problemen (1945).pdf,8,2,contour,275.5,800,800,False,0.5,0.5532,437.78,693.65,713.28,969.15
Niemeijer - Zwarte Magie 100 zwarte dame‑problemen (1945).pdf,9,0,contour,282.41,800,800,False,0.5,0.5748,109.63,226.12,392.03,507.88
Niemeijer - Zwarte Magie 100 zwarte dame‑problemen (1945).pdf,9,1,contour,282.08,800,800,False,0.5,0.531,408.39,698.33,690.47,979.75
Niemeijer - Zwarte Magie 100 zwarte dame‑problemen (1945).pdf,10,0,contour,278.79,800,800,False,0.5,0.5506,144.3,249.01,423.09,525.5
Niemeijer - Zwarte Magie 100 zwarte dame‑problemen (1945).pdf,10,1,contour,280.09,800,800,False,0.5,0.5309,140.05,680.6,419.16,960.7
Niemeijer - Zwarte Magie 100 zwarte dame‑problemen (1945).pdf,10,2,contour,279.11,800,800,False,0.5,0.5262,433.56,250.32,712.01,529.43
Niemeijer - Zwarte Magie 100 zwarte dame‑problemen (1945).pdf,10,3,contour,279.11,800,800,False,0.5,0.5041,429.3,681.91,708.09,961.02
Niemeijer - Zwarte Magie 100 zwarte dame‑problemen (1945).pdf,11,0,contour,278.78,800,800,False,0.5,0.5055,110.59,694.32,385.12,973.1
Niemeijer - Zwarte Magie 100 zwarte dame‑problemen (1945).pdf,11,1,contour,280.74,800,800,False,0.5,0.5377,397.88,249.65,678.62,525.81
Niemeijer - Zwarte Magie 100 zwarte dame‑problemen (1945).pdf,11,2,contour,283.36,800,800,False,0.5,0.503,396.9,690.07,680.25,970.15
Niemeijer - Zwarte Magie 100 zwarte dame‑problemen (1945).pdf,13,0,contour,279.76,800,800,False,0.5,0.5545,401.47,248.35,677.63,528.1
Niemeijer - Zwarte Magie 100 zwarte dame‑problemen (1945).pdf,14,0,contour,278.82,800,800,False,0.5,0.5252,150.86,250.67,429.68,526.87
Niemeijer - Zwarte Magie 100 zwarte dame‑problemen (1945).pdf,14,1,contour,277.51,800,800,False,0.5,0.5192,148.24,691.81,423.13,969.31
Niemeijer - Zwarte Magie 100 zwarte dame‑problemen (1945).pdf,15,0,contour,279.1,800,800,False,0.5,0.5571,106.34,695.29,383.8,974.39
Niemeijer - Zwarte Magie 100 zwarte dame‑problemen (1945).pdf,15,1,contour,277.46,800,800,False,0.5,0.5666,395.25,697.26,668.46,974.72
Niemeijer - Zwarte Magie 100 zwarte dame‑problemen (1945).pdf,16,0,contour,277.83,800,800,False,0.5,0.5339,152.17,247.72,429.01,525.54
Niemeijer - Zwarte Magie 100 zwarte dame‑problemen (1945).pdf,16,1,contour,278.15,800,800,False,0.5,0.5513,440.79,247.72,714.69,525.87
Niemeijer - Zwarte Magie 100 zwarte dame‑problemen (1945).pdf,18,0,contour,277.5,800,800,False,0.5,0.5595,146.6,222.2,424.1,499.37
Niemeijer - Zwarte Magie 100 zwarte dame‑problemen (1945).pdf,18,1,contour,277.5,800,800,False,0.5,0.5505,147.58,703.24,425.08,977.79
Niemeijer - Zwarte Magie 100 zwarte dame‑problemen (1945).pdf,18,2,contour,278.15,800,800,False,0.5,0.5667,434.25,701.93,712.4,977.14
Niemeijer - Zwarte Magie 100 zwarte dame‑problemen (1945).pdf,19,0,contour,276.15,800,800,False,0.5,0.525,114.52,243.1,389.36,519.25
Niemeijer - Zwarte Magie 100 zwarte dame‑problemen (1945).pdf,19,1,contour,276.8,800,800,False,0.5,0.5426,114.52,685.79,391.32,961.28
Niemeijer - Zwarte Magie 100 zwarte dame‑problemen (1945).pdf,19,2,contour,276.15,800,800,False,0.5,0.5524,401.13,242.12,677.28,517.94
Niemeijer - Zwarte Magie 100 zwarte dame‑problemen (1945).pdf,20,0,contour,279.46,800,800,False,0.5,0.5328,432.6,692.75,707.8,972.21
Niemeijer - Zwarte Magie 100 zwarte dame‑problemen (1945).pdf,21,0,contour,277.13,800,800,False,0.5,0.5267,395.57,244.41,672.69,521.53
Niemeijer - Zwarte Magie 100 zwarte dame‑problemen (1945).pdf,23,0,contour,278.45,800,800,False,0.5,0.5265,106.01,255.54,384.46,529.41
Niemeijer - Zwarte Magie 100 zwarte dame‑problemen (1945).pdf,23,1,contour,278.12,800,800,False,0.5,0.4803,392.96,254.56,671.08,530.71
Niemeijer - Zwarte Magie 100 zwarte dame‑problemen (1945).pdf,23,2,contour,275.83,800,800,False,0.5,0.52,391.33,696.6,665.52,972.43
Niemeijer - Zwarte Magie 100 zwarte dame‑problemen (1945).pdf,24,0,contour,282.09,800,800,False,0.5,0.5349,149.55,667.25,430.98,949.34
Niemeijer - Zwarte Magie 100 zwarte dame‑problemen (1945).pdf,25,0,contour,279.75,800,800,False,0.5,0.5293,395.25,680.23,671.07,959.98
Niemeijer - Zwarte Magie 100 zwarte dame‑problemen (1945).pdf,27,0,contour,278.44,800,800,False,0.5,0.5202,101.76,273.53,377.25,551.97
Niemeijer - Zwarte Magie 100 zwarte dame‑problemen (1945).pdf,28,0,contour,279.09,800,800,False,0.5,0.544,153.45,719.17,432.55,995.64
Niemeijer - Zwarte Magie 100 zwarte dame‑problemen (1945).pdf,28,1,contour,276.15,800,800,False,0.5,0.5368,441.38,712.3,717.53,987.14
Niemeijer - Zwarte Magie 100 zwarte dame‑problemen (1945).pdf,29,0,contour,278.82,800,800,False,0.5,0.5187,387.47,668.57,663.67,947.39
Niemeijer - Zwarte Magie 100 zwarte dame‑problemen (1945).pdf,30,0,contour,278.78,800,800,False,0.5,0.5815,147.9,649.18,426.68,927.96
Niemeijer - Zwarte Magie 100 zwarte dame‑problemen (1945).pdf,30,1,contour,278.78,800,800,False,0.5,0.5409,435.51,220.86,713.31,499.64
"Polgar,_Laszlo_Chess_5334_Problems,_Combinations,_and_Games.pdf",2,0,contour,239.24,800,800,False,0.5,0.3548,197.67,332.18,436.25,571.42
"Polgar,_Laszlo_Chess_5334_Problems,_Combinations,_and_Games.pdf",48,0,contour,241.85,800,800,False,0.5,0.5226,45.82,107.02,287.67,348.87
"Polgar,_Laszlo_Chess_5334_Problems,_Combinations,_and_Games.pdf",48,1,contour,241.85,800,800,False,0.5,0.5348,45.82,398.62,287.67,640.47
"Polgar,_Laszlo_Chess_5334_Problems,_Combinations,_and_Games.pdf",48,2,contour,241.85,800,800,False,0.5,0.5277,45.82,690.22,287.67,931.75
"Polgar,_Laszlo_Chess_5334_Problems,_Combinations,_and_Games.pdf",48,3,contour,238.91,800,800,False,0.5,0.5435,354.44,108.65,593.35,347.56
"Polgar,_Laszlo_Chess_5334_Problems,_Combinations,_and_Games.pdf",48,4,contour,241.85,800,800,False,0.5,0.541,352.8,398.62,594.65,640.47
"Polgar,_Laszlo_Chess_5334_Problems,_Combinations,_and_Games.pdf",48,5,contour,241.85,800,800,False,0.5,0.4947,352.8,690.22,594.65,931.75
"Polgar,_Laszlo_Chess_5334_Problems,_Combinations,_and_Games.pdf",96,0,contour,241.85,800,800,False,0.5,0.158,45.82,107.02,287.67,348.87
"Polgar,_Laszlo_Chess_5334_Problems,_Combinations,_and_Games.pdf",96,1,contour,239.24,800,800,False,0.5,0.4021,47.13,399.93,286.36,638.84
"Polgar,_Laszlo_Chess_5334_Problems,_Combinations,_and_Games.pdf",96,2,contour,239.24,800,800,False,0.5,0.429,47.13,691.53,286.36,930.44
"Polgar,_Laszlo_Chess_5334_Problems,_Combinations,_and_Games.pdf",96,3,contour,238.91,800,800,False,0.5,0.4824,354.44,108.65,593.35,347.56
"Polgar,_Laszlo_Chess_5334_Problems,_Combinations,_and_Games.pdf",96,4,contour,241.85,800,800,False,0.5,0.2477,352.8,398.62,594.65,640.47
"Polgar,_Laszlo_Chess_5334_Problems,_Combinations,_and_Games.pdf",96,5,contour,241.85,800,800,False,0.5,0.3251,352.8,690.22,594.65,931.75
"Polgar,_Laszlo_Chess_5334_Problems,_Combinations,_and_Games.pdf",143,0,contour,241.85,800,800,False,0.5,0.4902,45.82,107.02,287.67,348.87
"Polgar,_Laszlo_Chess_5334_Problems,_Combinations,_and_Games.pdf",143,1,contour,241.85,800,800,False,0.5,0.4164,45.82,398.62,287.67,640.47
"Polgar,_Laszlo_Chess_5334_Problems,_Combinations,_and_Games.pdf",143,2,contour,241.85,800,800,False,0.5,0.3764,45.82,690.22,287.67,931.75
"Polgar,_Laszlo_Chess_5334_Problems,_Combinations,_and_Games.pdf",143,3,contour,238.91,800,800,False,0.5,0.5825,354.44,108.65,593.35,347.56
"Polgar,_Laszlo_Chess_5334_Problems,_Combinations,_and_Games.pdf",143,4,contour,238.91,800,800,False,0.5,0.4186,354.44,399.93,593.35,638.84
"Polgar,_Laszlo_Chess_5334_Problems,_Combinations,_and_Games.pdf",143,5,contour,238.91,800,800,False,0.5,0.4544,354.44,691.53,593.35,930.44
"Polgar,_Laszlo_Chess_5334_Problems,_Combinations,_and_Games.pdf",190,0,contour,239.24,800,800,False,0.5,0.2654,47.13,108.65,286.36,347.56
"Polgar,_Laszlo_Chess_5334_Problems,_Combinations,_and_Games.pdf",190,1,contour,241.85,800,800,False,0.5,0.4627,45.82,398.62,287.67,640.47
"Polgar,_Laszlo_Chess_5334_Problems,_Combinations,_and_Games.pdf",190,2,contour,241.85,800,800,False,0.5,0.1527,45.82,690.22,287.67,931.75
"Polgar,_Laszlo_Chess_5334_Problems,_Combinations,_and_Games.pdf",190,3,contour,241.85,800,800,False,0.5,0.2649,352.8,107.02,594.65,348.87
"Polgar,_Laszlo_Chess_5334_Problems,_Combinations,_and_Games.pdf",190,4,contour,241.85,800,800,False,0.5,0.4521,352.8,398.62,594.65,640.47
"Polgar,_Laszlo_Chess_5334_Problems,_Combinations,_and_Games.pdf",190,5,contour,241.85,800,800,False,0.5,0.3306,352.8,690.22,594.65,931.75
"Polgar,_Laszlo_Chess_5334_Problems,_Combinations,_and_Games.pdf",238,0,contour,241.85,800,800,False,0.5,0.5289,45.82,107.02,287.67,348.87
"Polgar,_Laszlo_Chess_5334_Problems,_Combinations,_and_Games.pdf",238,1,contour,241.85,800,800,False,0.5,0.2425,45.82,398.62,287.67,640.47
"Polgar,_Laszlo_Chess_5334_Problems,_Combinations,_and_Games.pdf",238,2,contour,239.24,800,800,False,0.5,0.5352,47.13,691.53,286.36,930.44
"Polgar,_Laszlo_Chess_5334_Problems,_Combinations,_and_Games.pdf",238,3,contour,241.85,800,800,False,0.5,0.3013,352.8,107.02,594.65,348.87
"Polgar,_Laszlo_Chess_5334_Problems,_Combinations,_and_Games.pdf",238,4,contour,238.91,800,800,False,0.5,0.3508,354.44,399.93,593.35,638.84
"Polgar,_Laszlo_Chess_5334_Problems,_Combinations,_and_Games.pdf",238,5,contour,241.85,800,800,False,0.5,0.1506,352.8,690.22,594.65,931.75
"Polgar,_Laszlo_Chess_5334_Problems,_Combinations,_and_Games.pdf",285,0,contour,241.85,800,800,False,0.5,0.5304,45.82,107.02,287.67,348.87
"Polgar,_Laszlo_Chess_5334_Problems,_Combinations,_and_Games.pdf",285,1,contour,241.85,800,800,False,0.5,0.4439,45.82,398.62,287.67,640.47
"Polgar,_Laszlo_Chess_5334_Problems,_Combinations,_and_Games.pdf",285,2,contour,241.85,800,800,False,0.5,0.5294,45.82,690.22,287.67,931.75
"Polgar,_Laszlo_Chess_5334_Problems,_Combinations,_and_Games.pdf",285,3,contour,241.85,800,800,False,0.5,0.4668,352.8,107.02,594.65,348.87
"Polgar,_Laszlo_Chess_5334_Problems,_Combinations,_and_Games.pdf",285,4,contour,241.85,800,800,False,0.5,0.4518,352.8,398.62,594.65,640.47
"Polgar,_Laszlo_Chess_5334_Problems,_Combinations,_and_Games.pdf",285,5,contour,241.85,800,800,False,0.5,0.4667,352.8,690.22,594.65,931.75
"Polgar,_Laszlo_Chess_5334_Problems,_Combinations,_and_Games.pdf",333,0,contour,241.85,800,800,False,0.5,0.5719,45.82,107.02,287.67,348.87
"Polgar,_Laszlo_Chess_5334_Problems,_Combinations,_and_Games.pdf",333,1,contour,241.85,800,800,False,0.5,0.5556,45.82,398.62,287.67,640.47
"Polgar,_Laszlo_Chess_5334_Problems,_Combinations,_and_Games.pdf",333,2,contour,241.85,800,800,False,0.5,0.5731,45.82,690.22,287.67,931.75
"Polgar,_Laszlo_Chess_5334_Problems,_Combinations,_and_Games.pdf",333,3,contour,241.85,800,800,False,0.5,0.5525,352.8,107.02,594.65,348.87
"Polgar,_Laszlo_Chess_5334_Problems,_Combinations,_and_Games.pdf",333,4,contour,241.85,800,800,False,0.5,0.5685,352.8,398.62,594.65,640.47
"Polgar,_Laszlo_Chess_5334_Problems,_Combinations,_and_Games.pdf",333,5,contour,241.85,800,800,False,0.5,0.5219,352.8,690.22,594.65,931.75
"Polgar,_Laszlo_Chess_5334_Problems,_Combinations,_and_Games.pdf",380,0,contour,241.85,800,800,False,0.5,0.5481,45.82,107.02,287.67,348.87
"Polgar,_Laszlo_Chess_5334_Problems,_Combinations,_and_Games.pdf",380,1,contour,241.85,800,800,False,0.5,0.5248,45.82,398.62,287.67,640.47
"Polgar,_Laszlo_Chess_5334_Problems,_Combinations,_and_Games.pdf",380,2,contour,241.85,800,800,False,0.5,0.4943,45.82,690.22,287.67,931.75
"Polgar,_Laszlo_Chess_5334_Problems,_Combinations,_and_Games.pdf",380,3,contour,241.85,800,800,False,0.5,0.49,352.8,107.02,594.65,348.87
"Polgar,_Laszlo_Chess_5334_Problems,_Combinations,_and_Games.pdf",380,4,contour,241.85,800,800,False,0.5,0.5274,352.8,398.62,594.65,640.47
"Polgar,_Laszlo_Chess_5334_Problems,_Combinations,_and_Games.pdf",380,5,contour,241.85,800,800,False,0.5,0.4303,352.8,690.22,594.65,931.75
"Polgar,_Laszlo_Chess_5334_Problems,_Combinations,_and_Games.pdf",427,0,contour,241.85,800,800,False,0.5,0.5449,45.82,107.02,287.67,348.87
"Polgar,_Laszlo_Chess_5334_Problems,_Combinations,_and_Games.pdf",427,1,contour,241.85,800,800,False,0.5,0.5059,45.82,398.62,287.67,640.47
"Polgar,_Laszlo_Chess_5334_Problems,_Combinations,_and_Games.pdf",427,2,contour,241.85,800,800,False,0.5,0.5322,45.82,690.22,287.67,931.75
"Polgar,_Laszlo_Chess_5334_Problems,_Combinations,_and_Games.pdf",427,3,contour,241.85,800,800,False,0.5,0.514,352.8,107.02,594.65,348.87
"Polgar,_Laszlo_Chess_5334_Problems,_Combinations,_and_Games.pdf",427,4,contour,241.85,800,800,False,0.5,0.4635,352.8,398.62,594.65,640.47
"Polgar,_Laszlo_Chess_5334_Problems,_Combinations,_and_Games.pdf",427,5,contour,241.85,800,800,False,0.5,0.5141,352.8,690.22,594.65,931.75
"Polgar,_Laszlo_Chess_5334_Problems,_Combinations,_and_Games.pdf",475,0,contour,241.85,800,800,False,0.5,0.468,45.82,107.02,287.67,348.87
"Polgar,_Laszlo_Chess_5334_Problems,_Combinations,_and_Games.pdf",475,1,contour,241.85,800,800,False,0.5,0.4544,45.82,398.62,287.67,640.47
"Polgar,_Laszlo_Chess_5334_Problems,_Combinations,_and_Games.pdf",475,2,contour,241.85,800,800,False,0.5,0.5313,45.82,690.22,287.67,931.75
"Polgar,_Laszlo_Chess_5334_Problems,_Combinations,_and_Games.pdf",475,3,contour,241.85,800,800,False,0.5,0.4775,352.8,107.02,594.65,348.87
"Polgar,_Laszlo_Chess_5334_Problems,_Combinations,_and_Games.pdf",475,4,contour,241.85,800,800,False,0.5,0.4841,352.8,398.62,594.65,640.47
"Polgar,_Laszlo_Chess_5334_Problems,_Combinations,_and_Games.pdf",475,5,contour,241.85,800,800,False,0.5,0.5209,352.8,690.22,594.65,931.75
"Polgar,_Laszlo_Chess_5334_Problems,_Combinations,_and_Games.pdf",522,0,contour,241.85,800,800,False,0.5,0.533,45.82,107.02,287.67,348.87
"Polgar,_Laszlo_Chess_5334_Problems,_Combinations,_and_Games.pdf",522,1,contour,241.85,800,800,False,0.5,0.5504,45.82,398.62,287.67,640.47
"Polgar,_Laszlo_Chess_5334_Problems,_Combinations,_and_Games.pdf",522,2,contour,241.85,800,800,False,0.5,0.5483,45.82,690.22,287.67,931.75
"Polgar,_Laszlo_Chess_5334_Problems,_Combinations,_and_Games.pdf",522,3,contour,241.85,800,800,False,0.5,0.5144,352.8,107.02,594.65,348.87
"Polgar,_Laszlo_Chess_5334_Problems,_Combinations,_and_Games.pdf",522,4,contour,241.85,800,800,False,0.5,0.5311,352.8,398.62,594.65,640.47
"Polgar,_Laszlo_Chess_5334_Problems,_Combinations,_and_Games.pdf",522,5,contour,241.85,800,800,False,0.5,0.5727,352.8,690.22,594.65,931.75
"Polgar,_Laszlo_Chess_5334_Problems,_Combinations,_and_Games.pdf",569,0,contour,241.85,800,800,False,0.5,0.4863,45.82,107.02,287.67,348.87
"Polgar,_Laszlo_Chess_5334_Problems,_Combinations,_and_Games.pdf",569,1,contour,241.85,800,800,False,0.5,0.491,45.82,398.62,287.67,640.47
"Polgar,_Laszlo_Chess_5334_Problems,_Combinations,_and_Games.pdf",569,2,contour,241.85,800,800,False,0.5,0.4936,45.82,690.22,287.67,931.75
"Polgar,_Laszlo_Chess_5334_Problems,_Combinations,_and_Games.pdf",569,3,contour,241.85,800,800,False,0.5,0.5715,352.8,107.02,594.65,348.87
"Polgar,_Laszlo_Chess_5334_Problems,_Combinations,_and_Games.pdf",569,4,contour,241.85,800,800,False,0.5,0.5488,352.8,398.62,594.65,640.47
"Polgar,_Laszlo_Chess_5334_Problems,_Combinations,_and_Games.pdf",569,5,contour,241.85,800,800,False,0.5,0.4997,352.8,690.22,594.65,931.75
"Polgar,_Laszlo_Chess_5334_Problems,_Combinations,_and_Games.pdf",617,0,contour,241.85,800,800,False,0.5,0.4381,45.82,107.02,287.67,348.87
"Polgar,_Laszlo_Chess_5334_Problems,_Combinations,_and_Games.pdf",617,1,contour,241.85,800,800,False,0.5,0.5817,45.82,398.62,287.67,640.47
"Polgar,_Laszlo_Chess_5334_Problems,_Combinations,_and_Games.pdf",617,2,contour,239.24,800,800,False,0.5,0.4518,47.13,691.53,286.36,930.44
"Polgar,_Laszlo_Chess_5334_Problems,_Combinations,_and_Games.pdf",617,3,contour,241.85,800,800,False,0.5,0.5642,352.8,107.02,594.65,348.87
"Polgar,_Laszlo_Chess_5334_Problems,_Combinations,_and_Games.pdf",617,4,contour,241.85,800,800,False,0.5,0.5711,352.8,398.62,594.65,640.47
"Polgar,_Laszlo_Chess_5334_Problems,_Combinations,_and_Games.pdf",617,5,contour,241.85,800,800,False,0.5,0.5693,352.8,690.22,594.65,931.75
"Polgar,_Laszlo_Chess_5334_Problems,_Combinations,_and_Games.pdf",664,0,contour,238.91,800,800,False,0.5,0.4342,47.13,108.65,286.04,347.24
"Polgar,_Laszlo_Chess_5334_Problems,_Combinations,_and_Games.pdf",664,1,contour,241.85,800,800,False,0.5,0.3613,45.82,398.62,287.67,640.47
"Polgar,_Laszlo_Chess_5334_Problems,_Combinations,_and_Games.pdf",664,2,contour,241.85,800,800,False,0.5,0.4224,45.82,690.22,287.67,931.75
"Polgar,_Laszlo_Chess_5334_Problems,_Combinations,_and_Games.pdf",664,3,contour,238.91,800,800,False,0.5,0.5421,354.44,108.65,593.35,347.56
"Polgar,_Laszlo_Chess_5334_Problems,_Combinations,_and_Games.pdf",664,4,contour,241.85,800,800,False,0.5,0.3599,352.8,398.62,594.65,640.47
"Polgar,_Laszlo_Chess_5334_Problems,_Combinations,_and_Games.pdf",664,5,contour,238.91,800,800,False,0.5,0.5046,354.11,691.2,593.02,930.11
"Polgar,_Laszlo_Chess_5334_Problems,_Combinations,_and_Games.pdf",711,0,contour,241.85,800,800,False,0.5,0.3717,45.82,107.02,287.67,348.87
"Polgar,_Laszlo_Chess_5334_Problems,_Combinations,_and_Games.pdf",711,1,contour,241.85,800,800,False,0.5,0.2998,45.82,398.62,287.67,640.47
"Polgar,_Laszlo_Chess_5334_Problems,_Combinations,_and_Games.pdf",711,2,contour,239.24,800,800,False,0.5,0.4331,47.13,691.53,286.36,930.44
"Polgar,_Laszlo_Chess_5334_Problems,_Combinations,_and_Games.pdf",711,3,contour,241.85,800,800,False,0.5,0.236,352.8,107.02,594.65,348.87
"Polgar,_Laszlo_Chess_5334_Problems,_Combinations,_and_Games.pdf",711,4,contour,241.85,800,800,False,0.5,0.1849,352.8,398.62,594.65,640.47
"Polgar,_Laszlo_Chess_5334_Problems,_Combinations,_and_Games.pdf",711,5,contour,238.91,800,800,False,0.5,0.5044,354.44,691.53,593.35,930.44
"Polgar,_Laszlo_Chess_5334_Problems,_Combinations,_and_Games.pdf",759,0,contour,241.85,800,800,False,0.5,0.2494,45.82,107.02,287.67,348.87
"Polgar,_Laszlo_Chess_5334_Problems,_Combinations,_and_Games.pdf",759,1,contour,238.91,800,800,False,0.5,0.5741,47.13,399.6,286.04,638.51
"Polgar,_Laszlo_Chess_5334_Problems,_Combinations,_and_Games.pdf",759,2,contour,239.24,800,800,False,0.5,0.5323,47.13,691.53,286.36,930.44
"Polgar,_Laszlo_Chess_5334_Problems,_Combinations,_and_Games.pdf",759,3,contour,241.85,800,800,False,0.5,0.2679,352.8,107.02,594.65,348.87
"Polgar,_Laszlo_Chess_5334_Problems,_Combinations,_and_Games.pdf",759,4,contour,241.85,800,800,False,0.5,0.4084,352.8,398.62,594.65,640.47
"Polgar,_Laszlo_Chess_5334_Problems,_Combinations,_and_Games.pdf",759,5,contour,238.91,800,800,False,0.5,0.4943,354.44,691.53,593.35,930.44
"Polgar,_Laszlo_Chess_5334_Problems,_Combinations,_and_Games.pdf",853,0,contour,239.24,800,800,False,0.5,0.5314,47.13,108.65,286.36,347.56
"Polgar,_Laszlo_Chess_5334_Problems,_Combinations,_and_Games.pdf",853,1,contour,239.24,800,800,False,0.5,0.43,47.13,399.93,286.36,638.84
"Polgar,_Laszlo_Chess_5334_Problems,_Combinations,_and_Games.pdf",853,2,contour,239.24,800,800,False,0.5,0.4874,47.13,691.53,286.36,930.44
"Polgar,_Laszlo_Chess_5334_Problems,_Combinations,_and_Games.pdf",853,3,contour,238.91,800,800,False,0.5,0.4009,354.44,108.65,593.35,347.56
"Polgar,_Laszlo_Chess_5334_Problems,_Combinations,_and_Games.pdf",853,4,contour,238.91,800,800,False,0.5,0.5531,354.44,399.93,593.35,638.84
"Polgar,_Laszlo_Chess_5334_Problems,_Combinations,_and_Games.pdf",853,5,contour,241.85,800,800,False,0.5,0.1491,352.8,690.22,594.65,931.75
"Polgar,_Laszlo_Chess_5334_Problems,_Combinations,_and_Games.pdf",901,0,contour,241.85,800,800,False,0.5,0.2467,45.82,107.02,287.67,348.87
"Polgar,_Laszlo_Chess_5334_Problems,_Combinations,_and_Games.pdf",901,1,contour,241.85,800,800,False,0.5,0.2064,45.82,398.62,287.67,640.47
"Polgar,_Laszlo_Chess_5334_Problems,_Combinations,_and_Games.pdf",901,2,contour,241.85,800,800,False,0.5,0.2499,45.82,690.22,287.67,931.75
"Polgar,_Laszlo_Chess_5334_Problems,_Combinations,_and_Games.pdf",901,3,contour,238.91,800,800,False,0.5,0.3987,354.44,108.65,593.35,347.56
"Polgar,_Laszlo_Chess_5334_Problems,_Combinations,_and_Games.pdf",901,4,contour,238.91,800,800,False,0.5,0.3249,354.44,399.93,593.35,638.84
"Polgar,_Laszlo_Chess_5334_Problems,_Combinations,_and_Games.pdf",901,5,contour,241.85,800,800,False,0.5,0.3374,352.8,690.22,594.65,931.75
"Polgar,_Laszlo_Chess_5334_Problems,_Combinations,_and_Games.pdf",948,0,contour,241.85,800,800,False,0.5,0.3711,45.82,107.02,287.67,348.87
"Polgar,_Laszlo_Chess_5334_Problems,_Combinations,_and_Games.pdf",948,1,contour,238.91,800,800,False,0.5,0.3681,47.13,399.6,286.04,638.51
"Polgar,_Laszlo_Chess_5334_Problems,_Combinations,_and_Games.pdf",948,2,contour,238.91,800,800,False,0.5,0.4001,47.13,691.2,286.04,930.11
"Polgar,_Laszlo_Chess_5334_Problems,_Combinations,_and_Games.pdf",948,3,contour,241.85,800,800,False,0.5,0.2332,352.8,107.02,594.65,348.87
"Polgar,_Laszlo_Chess_5334_Problems,_Combinations,_and_Games.pdf",948,4,contour,238.91,800,800,False,0.5,0.4804,354.44,399.93,593.35,638.84
"Polgar,_Laszlo_Chess_5334_Problems,_Combinations,_and_Games.pdf",948,5,contour,238.91,800,800,False,0.5,0.5567,354.44,691.53,593.35,930.44
Reinfeld_1001_Sacrificios_y_Combinaciones_Brillantes_1977.pdf,7,0,contour,115.82,800,800,False,0.5,0.607,34.03,45.8,149.84,161.62
Reinfeld_1001_Sacrificios_y_Combinaciones_Brillantes_1977.pdf,7,1,contour,116.15,800,800,False,0.5,0.6466,31.08,189.43,147.23,305.58
Reinfeld_1001_Sacrificios_y_Combinaciones_Brillantes_1977.pdf,7,2,contour,116.15,800,800,False,0.5,0.6621,28.14,332.4,144.28,448.55
Reinfeld_1001_Sacrificios_y_Combinaciones_Brillantes_1977.pdf,7,3,contour,116.15,800,800,False,0.5,0.6414,163.26,47.11,279.4,163.26
Reinfeld_1001_Sacrificios_y_Combinaciones_Brillantes_1977.pdf,7,4,contour,116.15,800,800,False,0.5,0.667,164.89,189.43,281.04,305.58
Reinfeld_1001_Sacrificios_y_Combinaciones_Brillantes_1977.pdf,7,5,contour,116.15,800,800,False,0.5,0.6665,163.26,333.06,279.4,449.2
Reinfeld_1001_Sacrificios_y_Combinaciones_Brillantes_1977.pdf,8,0,contour,116.15,800,800,False,0.5,0.6178,31.41,47.44,147.55,163.58
Reinfeld_1001_Sacrificios_y_Combinaciones_Brillantes_1977.pdf,8,1,contour,116.15,800,800,False,0.5,0.5856,27.16,191.07,143.3,307.21
Reinfeld_1001_Sacrificios_y_Combinaciones_Brillantes_1977.pdf,8,2,contour,116.15,800,800,False,0.5,0.6111,26.5,333.71,142.65,449.86
Reinfeld_1001_Sacrificios_y_Combinaciones_Brillantes_1977.pdf,8,3,contour,116.15,800,800,False,0.5,0.6666,162.28,48.09,278.42,163.91
Reinfeld_1001_Sacrificios_y_Combinaciones_Brillantes_1977.pdf,8,4,contour,116.15,800,800,False,0.5,0.6711,163.91,191.07,280.06,307.21
Reinfeld_1001_Sacrificios_y_Combinaciones_Brillantes_1977.pdf,8,5,contour,116.15,800,800,False,0.5,0.634,161.62,333.39,277.77,449.53
Reinfeld_1001_Sacrificios_y_Combinaciones_Brillantes_1977.pdf,14,0,contour,116.15,800,800,False,0.5,0.6765,26.83,46.79,142.97,162.93
Reinfeld_1001_Sacrificios_y_Combinaciones_Brillantes_1977.pdf,14,1,contour,116.15,800,800,False,0.5,0.6652,28.14,189.43,144.28,305.58
Reinfeld_1001_Sacrificios_y_Combinaciones_Brillantes_1977.pdf,14,2,contour,116.15,800,800,False,0.5,0.5955,26.5,333.71,142.65,449.86
Reinfeld_1001_Sacrificios_y_Combinaciones_Brillantes_1977.pdf,14,3,contour,116.15,800,800,False,0.5,0.6905,164.89,46.79,281.04,162.93
Reinfeld_1001_Sacrificios_y_Combinaciones_Brillantes_1977.pdf,14,4,contour,116.15,800,800,False,0.5,0.6618,163.91,188.45,280.06,304.59
Reinfeld_1001_Sacrificios_y_Combinaciones_Brillantes_1977.pdf,14,5,contour,116.15,800,800,False,0.5,0.6522,160.64,334.37,276.79,450.51
Reinfeld_1001_Sacrificios_y_Combinaciones_Brillantes_1977.pdf,27,0,contour,116.15,800,800,False,0.5,0.7073,29.12,47.44,145.26,163.58
Reinfeld_1001_Sacrificios_y_Combinaciones_Brillantes_1977.pdf,27,1,contour,116.47,800,800,False,0.5,0.6732,30.1,189.76,146.24,306.23
Reinfeld_1001_Sacrificios_y_Combinaciones_Brillantes_1977.pdf,27,2,contour,116.15,800,800,False,0.5,0.6592,29.77,330.44,145.92,446.59
Reinfeld_1001_Sacrificios_y_Combinaciones_Brillantes_1977.pdf,27,3,contour,116.15,800,800,False,0.5,0.6952,160.31,48.09,276.46,163.91
Reinfeld_1001_Sacrificios_y_Combinaciones_Brillantes_1977.pdf,27,4,contour,116.15,800,800,False,0.5,0.6215,161.29,188.78,277.44,304.92
Reinfeld_1001_Sacrificios_y_Combinaciones_Brillantes_1977.pdf,27,5,contour,116.15,800,800,False,0.5,0.6238,160.97,332.08,277.11,447.9
Reinfeld_1001_Sacrificios_y_Combinaciones_Brillantes_1977.pdf,39,0,contour,115.82,800,800,False,0.5,0.6202,29.12,48.42,144.94,164.24
Reinfeld_1001_Sacrificios_y_Combinaciones_Brillantes_1977.pdf,39,1,contour,116.15,800,800,False,0.5,0.6753,31.08,333.39,147.23,449.53
Reinfeld_1001_Sacrificios_y_Combinaciones_Brillantes_1977.pdf,39,2,contour,116.15,800,800,False,0.5,0.6567,160.64,49.4,276.79,165.55
Reinfeld_1001_Sacrificios_y_Combinaciones_Brillantes_1977.pdf,39,3,contour,116.15,800,800,False,0.5,0.6499,160.31,192.05,276.46,308.19
Reinfeld_1001_Sacrificios_y_Combinaciones_Brillantes_1977.pdf,39,4,contour,116.15,800,800,False,0.5,0.6296,161.29,336.33,277.44,452.48
Reinfeld_1001_Sacrificios_y_Combinaciones_Brillantes_1977.pdf,52,0,contour,116.1,800,800,False,0.5,0.6328,30.41,46.77,146.51,162.86
Reinfeld_1001_Sacrificios_y_Combinaciones_Brillantes_1977.pdf,52,1,contour,116.1,800,800,False,0.5,0.6168,30.74,190.66,146.84,306.43
Reinfeld_1001_Sacrificios_y_Combinaciones_Brillantes_1977.pdf,52,2,contour,116.42,800,800,False,0.5,0.6747,31.4,333.25,147.49,449.67
Reinfeld_1001_Sacrificios_y_Combinaciones_Brillantes_1977.pdf,52,3,contour,116.42,800,800,False,0.5,0.6199,157.63,48.4,274.06,164.5
Reinfeld_1001_Sacrificios_y_Combinaciones_Brillantes_1977.pdf,52,4,contour,116.1,800,800,False,0.5,0.6446,160.57,191.32,276.67,307.41
Reinfeld_1001_Sacrificios_y_Combinaciones_Brillantes_1977.pdf,52,5,contour,116.1,800,800,False,0.5,0.6146,159.27,334.23,275.36,450.33
Reinfeld_1001_Sacrificios_y_Combinaciones_Brillantes_1977.pdf,65,0,contour,116.1,800,800,False,0.5,0.6038,30.41,48.07,146.51,164.17
Reinfeld_1001_Sacrificios_y_Combinaciones_Brillantes_1977.pdf,65,1,contour,116.42,800,800,False,0.5,0.6414,30.09,190.33,146.18,306.76
Reinfeld_1001_Sacrificios_y_Combinaciones_Brillantes_1977.pdf,65,2,contour,116.1,800,800,False,0.5,0.6221,30.41,334.56,146.51,450.66
Reinfeld_1001_Sacrificios_y_Combinaciones_Brillantes_1977.pdf,65,3,contour,116.1,800,800,False,0.5,0.6728,160.25,46.44,276.35,162.54
Reinfeld_1001_Sacrificios_y_Combinaciones_Brillantes_1977.pdf,65,4,contour,116.42,800,800,False,0.5,0.6377,160.9,189.68,277.33,305.78
Reinfeld_1001_Sacrificios_y_Combinaciones_Brillantes_1977.pdf,65,5,contour,116.1,800,800,False,0.5,0.6487,159.92,335.54,276.02,451.64
Reinfeld_1001_Sacrificios_y_Combinaciones_Brillantes_1977.pdf,78,0,contour,116.1,800,800,False,0.5,0.5873,31.4,49.38,147.49,165.48
Reinfeld_1001_Sacrificios_y_Combinaciones_Brillantes_1977.pdf,78,1,contour,116.1,800,800,False,0.5,0.6173,30.09,190.66,146.18,306.76
Reinfeld_1001_Sacrificios_y_Combinaciones_Brillantes_1977.pdf,78,2,contour,116.1,800,800,False,0.5,0.6242,31.07,334.23,147.17,450.33
Reinfeld_1001_Sacrificios_y_Combinaciones_Brillantes_1977.pdf,78,3,contour,116.1,800,800,False,0.5,0.5766,159.27,46.11,275.36,162.21
Reinfeld_1001_Sacrificios_y_Combinaciones_Brillantes_1977.pdf,78,4,contour,116.1,800,800,False,0.5,0.581,158.94,189.35,275.04,305.45
Reinfeld_1001_Sacrificios_y_Combinaciones_Brillantes_1977.pdf,78,5,contour,116.1,800,800,False,0.5,0.6672,160.25,335.21,276.35,451.31
Reinfeld_1001_Sacrificios_y_Combinaciones_Brillantes_1977.pdf,91,0,contour,116.1,800,800,False,0.5,0.6123,27.14,48.73,143.24,164.83
Reinfeld_1001_Sacrificios_y_Combinaciones_Brillantes_1977.pdf,91,1,contour,116.1,800,800,False,0.5,0.648,30.09,189.35,146.18,305.45
Reinfeld_1001_Sacrificios_y_Combinaciones_Brillantes_1977.pdf,91,2,contour,116.42,800,800,False,0.5,0.5971,32.7,332.6,149.13,448.69
Reinfeld_1001_Sacrificios_y_Combinaciones_Brillantes_1977.pdf,91,3,contour,116.1,800,800,False,0.5,0.5836,159.59,47.75,275.69,163.84
Reinfeld_1001_Sacrificios_y_Combinaciones_Brillantes_1977.pdf,91,4,contour,116.1,800,800,False,0.5,0.5816,162.21,191.32,278.31,307.41
Reinfeld_1001_Sacrificios_y_Combinaciones_Brillantes_1977.pdf,91,5,contour,116.1,800,800,False,0.5,0.6258,163.19,334.56,279.29,450.66
Reinfeld_1001_Sacrificios_y_Combinaciones_Brillantes_1977.pdf,103,0,contour,115.85,800,800,False,0.5,0.5814,29.45,50.4,145.3,166.25
Reinfeld_1001_Sacrificios_y_Combinaciones_Brillantes_1977.pdf,103,1,contour,116.18,800,800,False,0.5,0.6216,27.82,191.12,143.99,307.29
Reinfeld_1001_Sacrificios_y_Combinaciones_Brillantes_1977.pdf,103,2,contour,116.18,800,800,False,0.5,0.597,26.83,335.11,143.01,451.29
Reinfeld_1001_Sacrificios_y_Combinaciones_Brillantes_1977.pdf,103,3,contour,116.18,800,800,False,0.5,0.6264,161.34,50.72,277.51,166.57
Reinfeld_1001_Sacrificios_y_Combinaciones_Brillantes_1977.pdf,103,4,contour,116.18,800,800,False,0.5,0.6257,164.28,191.44,280.46,307.62
Reinfeld_1001_Sacrificios_y_Combinaciones_Brillantes_1977.pdf,103,5,contour,116.18,800,800,False,0.5,0.6231,166.9,334.78,283.08,450.96
Reinfeld_1001_Sacrificios_y_Combinaciones_Brillantes_1977.pdf,116,0,contour,116.18,800,800,False,0.5,0.6032,31.42,48.76,147.59,164.94
Reinfeld_1001_Sacrificios_y_Combinaciones_Brillantes_1977.pdf,116,1,contour,116.18,800,800,False,0.5,0.6705,29.13,192.75,144.97,308.93
Reinfeld_1001_Sacrificios_y_Combinaciones_Brillantes_1977.pdf,116,2,contour,116.18,800,800,False,0.5,0.6337,29.13,337.73,145.3,453.9
Reinfeld_1001_Sacrificios_y_Combinaciones_Brillantes_1977.pdf,116,3,contour,116.18,800,800,False,0.5,0.646,161.01,49.74,277.19,165.92
Reinfeld_1001_Sacrificios_y_Combinaciones_Brillantes_1977.pdf,116,4,contour,116.18,800,800,False,0.5,0.6425,161.34,192.75,277.51,308.93
Reinfeld_1001_Sacrificios_y_Combinaciones_Brillantes_1977.pdf,116,5,contour,116.18,800,800,False,0.5,0.6739,162.32,337.07,278.17,453.25
Reinfeld_1001_Sacrificios_y_Combinaciones_Brillantes_1977.pdf,129,0,contour,115.85,800,800,False,0.5,0.6522,30.11,48.11,145.96,163.95
Reinfeld_1001_Sacrificios_y_Combinaciones_Brillantes_1977.pdf,129,1,contour,116.18,800,800,False,0.5,0.6272,30.76,192.75,146.94,308.93
Reinfeld_1001_Sacrificios_y_Combinaciones_Brillantes_1977.pdf,129,2,contour,116.18,800,800,False,0.5,0.6638,29.13,336.09,145.3,451.94
Reinfeld_1001_Sacrificios_y_Combinaciones_Brillantes_1977.pdf,129,3,contour,116.5,800,800,False,0.5,0.6802,159.05,48.43,275.55,164.61
Reinfeld_1001_Sacrificios_y_Combinaciones_Brillantes_1977.pdf,129,4,contour,115.85,800,800,False,0.5,0.645,161.34,192.1,277.19,307.95
Reinfeld_1001_Sacrificios_y_Combinaciones_Brillantes_1977.pdf,129,5,contour,116.18,800,800,False,0.5,0.6471,162.32,337.4,278.17,453.58
Reinfeld_1001_Sacrificios_y_Combinaciones_Brillantes_1977.pdf,142,0,contour,116.18,800,800,False,0.5,0.606,32.4,48.76,148.57,164.94
Reinfeld_1001_Sacrificios_y_Combinaciones_Brillantes_1977.pdf,142,1,contour,116.18,800,800,False,0.5,0.5566,30.76,192.43,146.94,308.6
Reinfeld_1001_Sacrificios_y_Combinaciones_Brillantes_1977.pdf,142,2,contour,116.18,800,800,False,0.5,0.6431,31.09,339.04,147.26,455.21
Reinfeld_1001_Sacrificios_y_Combinaciones_Brillantes_1977.pdf,142,3,contour,116.83,800,800,False,0.5,0.6711,161.34,48.43,277.51,165.26
Reinfeld_1001_Sacrificios_y_Combinaciones_Brillantes_1977.pdf,142,4,contour,116.18,800,800,False,0.5,0.6019,163.63,192.43,279.8,308.6
Reinfeld_1001_Sacrificios_y_Combinaciones_Brillantes_1977.pdf,142,5,contour,116.18,800,800,False,0.5,0.6653,160.03,337.07,276.2,453.25
Reinfeld_1001_Sacrificios_y_Combinaciones_Brillantes_1977.pdf,155,0,contour,116.13,800,800,False,0.5,0.6165,35.66,48.74,151.79,164.87
Reinfeld_1001_Sacrificios_y_Combinaciones_Brillantes_1977.pdf,155,1,contour,116.13,800,800,False,0.5,0.69,33.69,192.68,149.82,308.81
Reinfeld_1001_Sacrificios_y_Combinaciones_Brillantes_1977.pdf,155,2,contour,116.13,800,800,False,0.5,0.6627,34.35,336.94,150.48,453.07
Reinfeld_1001_Sacrificios_y_Combinaciones_Brillantes_1977.pdf,155,3,contour,116.13,800,800,False,0.5,0.678,162.91,46.78,279.04,162.91
Reinfeld_1001_Sacrificios_y_Combinaciones_Brillantes_1977.pdf,155,4,contour,116.13,800,800,False,0.5,0.5722,163.24,190.39,279.37,306.52
Reinfeld_1001_Sacrificios_y_Combinaciones_Brillantes_1977.pdf,155,5,contour,116.13,800,800,False,0.5,0.5445,163.24,334.32,279.37,450.45
Reinfeld_1001_Sacrificios_y_Combinaciones_Brillantes_1977.pdf,167,0,contour,116.13,800,800,False,0.5,0.6623,31.08,47.11,147.21,162.91
Reinfeld_1001_Sacrificios_y_Combinaciones_Brillantes_1977.pdf,167,1,contour,116.13,800,800,False,0.5,0.7024,31.73,189.73,147.86,305.54
Reinfeld_1001_Sacrificios_y_Combinaciones_Brillantes_1977.pdf,167,2,contour,116.13,800,800,False,0.5,0.6761,31.4,332.03,147.53,447.84
Reinfeld_1001_Sacrificios_y_Combinaciones_Brillantes_1977.pdf,167,3,contour,116.46,800,800,False,0.5,0.6424,161.27,50.05,277.73,166.18
Reinfeld_1001_Sacrificios_y_Combinaciones_Brillantes_1977.pdf,167,4,contour,116.13,800,800,False,0.5,0.6731,160.62,190.06,276.42,306.19
Reinfeld_1001_Sacrificios_y_Combinaciones_Brillantes_1977.pdf,167,5,contour,116.46,800,800,False,0.5,0.6796,160.95,334.65,277.4,450.78
Reinfeld_1001_Sacrificios_y_Combinaciones_Brillantes_1977.pdf,180,0,contour,116.13,800,800,False,0.5,0.6343,31.73,44.16,147.86,159.96
Reinfeld_1001_Sacrificios_y_Combinaciones_Brillantes_1977.pdf,180,1,contour,116.13,800,800,False,0.5,0.6348,32.06,185.48,148.19,301.61
Reinfeld_1001_Sacrificios_y_Combinaciones_Brillantes_1977.pdf,180,2,contour,116.13,800,800,False,0.5,0.6309,33.37,330.72,149.5,446.85
Reinfeld_1001_Sacrificios_y_Combinaciones_Brillantes_1977.pdf,180,3,contour,116.46,800,800,False,0.5,0.5896,160.95,44.16,277.4,159.96
Reinfeld_1001_Sacrificios_y_Combinaciones_Brillantes_1977.pdf,180,4,contour,116.13,800,800,False,0.5,0.6133,163.56,185.81,279.69,301.94
Reinfeld_1001_Sacrificios_y_Combinaciones_Brillantes_1977.pdf,180,5,contour,116.46,800,800,False,0.5,0.6184,161.27,332.36,277.73,448.49
Schiller - The Big Book of Combinations (1994).pdf,24,0,embedded,110.4,912,920,True,1.0,0.8888,46.09,74.87,155.53,185.27
Schiller - The Big Book of Combinations (1994).pdf,24,1,embedded,110.4,912,920,True,1.0,0.8893,45.13,241.92,154.57,352.32
Schiller - The Big Book of Combinations (1994).pdf,24,2,embedded,110.4,920,904,True,1.0,0.8503,44.17,408.96,154.57,517.44
Schiller - The Big Book of Combinations (1994).pdf,24,3,embedded,110.4,920,912,True,1.0,0.7848,243.85,74.88,354.25,184.32
Schiller - The Big Book of Combinations (1994).pdf,24,4,embedded,110.4,920,920,True,1.0,0.791,242.89,241.92,353.29,352.32
Schiller - The Big Book of Combinations (1994).pdf,24,5,embedded,110.4,920,904,True,1.0,0.8361,241.93,408.96,352.33,517.44
Schiller - The Big Book of Combinations (1994).pdf,36,0,embedded,111.03,912,920,True,1.0,0.7079,43.68,74.27,153.76,185.31
Schiller - The Big Book of Combinations (1994).pdf,36,1,embedded,111.03,912,920,True,1.0,0.8059,42.71,241.31,152.79,352.35
Schiller - The Big Book of Combinations (1994).pdf,36,2,embedded,110.06,912,896,True,1.0,0.7777,41.75,408.35,151.82,516.51
Schiller - The Big Book of Combinations (1994).pdf,36,3,embedded,111.03,912,920,True,1.0,0.8292,241.44,74.46,351.52,185.5
Schiller - The Big Book of Combinations (1994).pdf,36,4,embedded,111.99,912,928,True,1.0,0.7922,240.47,241.5,350.55,353.5
Schiller - The Big Book of Combinations (1994).pdf,36,5,embedded,110.07,912,904,True,1.0,0.8299,239.51,408.54,349.58,517.66
Schiller - The Big Book of Combinations (1994).pdf,48,0,embedded,111.66,928,920,True,1.0,0.707,45.57,74.0,157.23,184.7
Schiller - The Big Book of Combinations (1994).pdf,48,1,embedded,111.66,928,912,True,1.0,0.8616,45.07,241.99,156.72,351.73
Schiller - The Big Book of Combinations (1994).pdf,48,2,embedded,111.66,928,912,True,1.0,0.8681,44.55,408.09,156.21,517.83
Schiller - The Big Book of Combinations (1994).pdf,48,3,embedded,110.7,912,920,True,1.0,0.8627,245.24,73.47,354.98,184.16
Schiller - The Big Book of Combinations (1994).pdf,48,4,embedded,110.7,920,912,True,1.0,0.7879,244.75,241.46,355.44,351.19
Schiller - The Big Book of Combinations (1994).pdf,48,5,embedded,111.66,928,912,True,1.0,0.818,244.23,407.55,355.89,517.29
Schiller - The Big Book of Combinations (1994).pdf,59,0,embedded,110.4,912,920,True,1.0,0.8217,21.13,74.87,130.57,185.27
Schiller - The Big Book of Combinations (1994).pdf,59,1,embedded,110.4,904,920,True,1.0,0.7575,21.13,241.92,129.61,352.32
Schiller - The Big Book of Combinations (1994).pdf,59,2,embedded,109.44,912,912,True,1.0,0.7504,20.16,408.0,129.6,517.44
Schiller - The Big Book of Combinations (1994).pdf,59,3,embedded,110.4,912,920,True,1.0,0.9025,218.89,74.87,328.33,185.27
Schiller - The Big Book of Combinations (1994).pdf,59,4,embedded,110.4,920,920,True,1.0,0.8426,217.93,241.92,328.33,352.32
Schiller - The Big Book of Combinations (1994).pdf,59,5,embedded,110.4,920,904,True,1.0,0.8215,216.97,408.96,327.37,517.44
Schiller - The Big Book of Combinations (1994).pdf,71,0,embedded,111.61,904,928,True,1.0,0.8173,21.3,74.74,130.04,186.35
Schiller - The Big Book of Combinations (1994).pdf,71,1,embedded,110.65,904,920,True,1.0,0.7144,20.92,241.77,129.65,352.42
Schiller - The Big Book of Combinations (1994).pdf,71,2,embedded,108.73,904,904,True,1.0,0.8032,20.54,408.81,129.27,517.54
Schiller - The Big Book of Combinations (1994).pdf,71,3,embedded,110.65,904,920,True,1.0,0.8168,219.08,74.22,327.81,184.87
Schiller - The Big Book of Combinations (1994).pdf,71,4,embedded,110.65,904,920,True,1.0,0.8281,218.69,241.26,327.43,351.91
Schiller - The Big Book of Combinations (1994).pdf,71,5,embedded,108.73,904,904,True,1.0,0.7506,218.31,408.3,327.04,517.03
Schiller - The Big Book of Combinations (1994).pdf,83,0,embedded,111.61,904,928,True,1.0,0.8265,21.3,74.74,130.04,186.35
Schiller - The Big Book of Combinations (1994).pdf,83,1,embedded,110.65,904,920,True,1.0,0.866,20.92,241.77,129.65,352.42
Schiller - The Big Book of Combinations (1994).pdf,83,2,embedded,109.69,904,912,True,1.0,0.754,20.54,408.81,129.27,518.5
Schiller - The Big Book of Combinations (1994).pdf,83,3,embedded,110.65,912,920,True,1.0,0.7967,218.12,74.22,327.81,184.87
Schiller - The Big Book of Combinations (1994).pdf,83,4,embedded,109.69,912,912,True,1.0,0.8041,217.73,242.22,327.42,351.91
Schiller - The Big Book of Combinations (1994).pdf,83,5,embedded,109.69,912,912,True,1.0,0.8097,217.35,408.3,327.04,517.99
Schiller - The Big Book of Combinations (1994).pdf,94,0,embedded,111.36,912,928,True,1.0,0.7715,45.61,74.76,155.05,186.12
Schiller - The Big Book of Combinations (1994).pdf,94,1,embedded,110.4,896,920,True,1.0,0.8179,47.53,242.75,155.05,353.15
Schiller - The Big Book of Combinations (1994).pdf,94,2,embedded,110.4,920,904,True,1.0,0.8325,45.61,409.79,156.01,518.27
Schiller - The Big Book of Combinations (1994).pdf,94,3,embedded,110.4,912,920,True,1.0,0.8163,244.32,73.79,353.76,184.19
Schiller - The Big Book of Combinations (1994).pdf,94,4,embedded,110.4,912,920,True,1.0,0.8631,244.32,241.79,353.76,352.19
Schiller - The Big Book of Combinations (1994).pdf,94,5,embedded,111.36,928,912,True,1.0,0.7361,244.32,407.88,355.68,517.32
Schiller - The Big Book of Combinations (1994).pdf,106,0,embedded,109.44,912,912,True,1.0,0.8969,47.05,74.88,156.49,184.32
Schiller - The Big Book of Combinations (1994).pdf,106,1,embedded,134.4,912,1120,True,0.6857,0.8529,46.09,216.95,155.53,351.35
Schiller - The Big Book of Combinations (1994).pdf,106,2,embedded,109.44,912,904,True,1.0,0.8529,45.13,408.96,154.57,517.44
Schiller - The Big Book of Combinations (1994).pdf,106,3,embedded,110.4,912,920,True,1.0,0.8816,244.81,74.87,354.25,185.27
Schiller - The Big Book of Combinations (1994).pdf,106,4,embedded,110.4,912,920,True,1.0,0.8005,243.85,241.92,353.29,352.32
Schiller - The Big Book of Combinations (1994).pdf,106,5,embedded,109.44,912,904,True,1.0,0.7665,242.89,408.96,352.33,517.44
Schiller - The Big Book of Combinations (1994).pdf,118,0,embedded,109.44,912,912,True,1.0,0.8354,46.09,74.88,155.53,184.32
Schiller - The Big Book of Combinations (1994).pdf,118,1,embedded,109.44,912,912,True,1.0,0.7568,46.09,241.91,155.53,351.35
Schiller - The Big Book of Combinations (1994).pdf,118,2,embedded,109.44,912,904,True,1.0,0.8559,45.13,408.96,154.57,517.44
Schiller - The Big Book of Combinations (1994).pdf,118,3,embedded,136.32,912,1136,True,0.5049,0.8212,243.85,48.95,353.29,185.27
Schiller - The Big Book of Combinations (1994).pdf,118,4,embedded,110.4,912,920,True,1.0,0.835,243.85,241.92,353.29,352.32
Schiller - The Big Book of Combinations (1994).pdf,118,5,embedded,109.44,912,904,True,1.0,0.8111,242.89,408.96,352.33,517.44
Schiller - The Big Book of Combinations (1994).pdf,129,0,embedded,110.86,912,920,True,1.0,0.7992,20.98,74.05,130.88,184.91
Schiller - The Big Book of Combinations (1994).pdf,129,1,embedded,110.86,912,920,True,1.0,0.8821,20.28,241.09,130.18,351.95
Schiller - The Big Book of Combinations (1994).pdf,129,2,embedded,109.9,912,912,True,1.0,0.8149,19.58,408.13,129.48,518.03
Schiller - The Big Book of Combinations (1994).pdf,129,3,embedded,134.86,912,1120,True,0.6857,0.8431,218.75,49.92,328.76,184.78
Schiller - The Big Book of Combinations (1994).pdf,129,4,embedded,110.86,912,920,True,1.0,0.8909,218.05,240.96,327.95,351.82
Schiller - The Big Book of Combinations (1994).pdf,129,5,embedded,109.9,912,904,True,1.0,0.745,217.36,408.01,327.25,516.95
Schiller - The Big Book of Combinations (1994).pdf,141,0,embedded,110.4,912,920,True,1.0,0.7887,23.04,75.11,132.48,185.51
Schiller - The Big Book of Combinations (1994).pdf,141,1,embedded,110.4,912,920,True,1.0,0.8294,23.04,242.15,132.48,352.55
Schiller - The Big Book of Combinations (1994).pdf,141,2,embedded,109.44,912,912,True,1.0,0.8112,23.04,409.19,132.48,518.63
Schiller - The Big Book of Combinations (1994).pdf,141,3,embedded,109.44,912,912,True,1.0,0.7998,220.8,75.11,330.24,184.55
Schiller - The Big Book of Combinations (1994).pdf,141,4,embedded,109.44,896,912,True,1.0,0.8196,222.72,242.15,330.24,351.59
Schiller - The Big Book of Combinations (1994).pdf,141,5,embedded,109.44,912,904,True,1.0,0.7213,220.8,409.19,330.24,517.67
Schiller - The Big Book of Combinations (1994).pdf,153,0,embedded,110.4,904,920,True,1.0,0.7501,21.12,75.11,129.6,185.51
Schiller - The Big Book of Combinations (1994).pdf,153,1,embedded,110.4,912,920,True,1.0,0.866,20.17,242.15,129.61,352.55
Schiller - The Big Book of Combinations (1994).pdf,153,2,embedded,109.44,912,912,True,1.0,0.8354,20.17,409.19,129.61,518.63
Schiller - The Big Book of Combinations (1994).pdf,153,3,embedded,109.44,912,912,True,1.0,0.9183,217.93,75.11,327.37,184.55
Schiller - The Big Book of Combinations (1994).pdf,153,4,embedded,109.44,912,912,True,1.0,0.9252,217.93,242.15,327.37,351.59
Schiller - The Big Book of Combinations (1994).pdf,153,5,embedded,109.44,912,912,True,1.0,0.7643,217.93,408.23,327.37,517.67
Schiller - The Big Book of Combinations (1994).pdf,165,0,embedded,110.64,904,920,True,1.0,0.8022,26.58,75.12,135.3,185.75
Schiller - The Big Book of Combinations (1994).pdf,165,1,embedded,110.64,912,920,True,1.0,0.8202,25.25,242.15,134.93,352.79
Schiller - The Big Book of Combinations (1994).pdf,165,2,embedded,109.68,912,912,True,1.0,0.7817,24.89,408.23,134.57,517.91
Schiller - The Big Book of Combinations (1994).pdf,165,3,contour,104.69,800,800,False,0.5,0.7731,225.73,77.21,330.1,181.9
Schiller - The Big Book of Combinations (1994).pdf,165,4,embedded,110.64,912,920,True,1.0,0.8476,223.01,241.63,332.69,352.27
Schiller - The Big Book of Combinations (1994).pdf,165,5,embedded,109.68,912,912,True,1.0,0.7929,222.65,407.72,332.33,517.4
Schiller - The Big Book of Combinations (1994).pdf,176,0,embedded,110.4,912,920,True,1.0,0.8105,46.09,74.87,155.53,185.27
Schiller - The Big Book of Combinations (1994).pdf,176,1,embedded,110.4,912,920,True,1.0,0.7874,46.09,241.92,155.53,352.32
Schiller - The Big Book of Combinations (1994).pdf,176,2,embedded,109.44,912,904,True,1.0,0.8078,45.13,408.96,154.57,517.44
Schiller - The Big Book of Combinations (1994).pdf,176,3,embedded,110.4,912,920,True,1.0,0.7805,243.85,74.87,353.29,185.27
Schiller - The Big Book of Combinations (1994).pdf,176,4,embedded,110.4,912,920,True,1.0,0.8823,243.85,241.92,353.29,352.32
Schiller - The Big Book of Combinations (1994).pdf,176,5,embedded,109.44,912,904,True,1.0,0.8084,242.89,408.96,352.33,517.44
Secrets of Chess Training School of Future Champions 1_ao_5.pdf,48,0,embedded,137.28,572,568,True,1.0,0.9354,58.57,314.87,195.85,451.19
Secrets of Chess Training School of Future Champions 1_ao_5.pdf,48,1,embedded,136.32,568,568,True,1.0,0.8878,236.17,382.08,372.49,518.4
Secrets of Chess Training School of Future Champions 1_ao_5.pdf,95,0,embedded,137.28,572,568,True,1.0,0.9306,236.65,342.36,373.93,478.68
Secrets of Chess Training School of Future Champions 1_ao_5.pdf,143,0,embedded,136.32,568,568,True,1.0,1.0,59.05,88.92,195.37,225.24
Secrets of Chess Training School of Future Champions 1_ao_5.pdf,143,1,embedded,153.6,572,640,True,0.8844,1.0,59.05,401.88,196.33,555.48
Secrets of Chess Training School of Future Champions 1_ao_5.pdf,143,2,embedded,137.28,572,572,True,1.0,1.0,236.65,328.91,373.93,466.19
Secrets of Chess Training School of Future Champions 1_ao_5.pdf,237,0,embedded,152.64,1272,1256,True,1.0,0.7722,44.53,227.15,197.17,377.87
Secrets of Chess Training School of Future Champions 1_ao_5.pdf,284,0,embedded,152.64,1272,1264,True,1.0,0.7109,42.25,182.39,194.89,334.07
Secrets of Chess Training School of Future Champions 1_ao_5.pdf,332,0,embedded,152.64,1272,1256,True,1.0,0.7022,44.17,325.43,196.81,476.15
Secrets of Chess Training School of Future Champions 1_ao_5.pdf,379,0,embedded,153.6,1280,1256,True,1.0,0.7498,44.53,104.27,198.13,254.99
Secrets of Chess Training School of Future Champions 1_ao_5.pdf,426,0,embedded,153.6,1280,1264,True,1.0,0.8599,243.25,48.59,396.85,200.27
Secrets of Chess Training School of Future Champions 1_ao_5.pdf,473,0,embedded,151.68,1264,1264,True,1.0,0.8189,44.53,99.47,196.21,251.15
Secrets of Chess Training School of Future Champions 1_ao_5.pdf,473,1,embedded,153.6,1280,1264,True,1.0,0.8835,243.25,155.15,396.85,306.83
Secrets of Chess Training School of Future Champions 1_ao_5.pdf,521,0,embedded,152.64,1272,1264,True,1.0,0.8671,43.57,180.11,196.21,331.79
Secrets of Chess Training School of Future Champions 1_ao_5.pdf,568,0,embedded,151.68,1264,1264,True,1.0,0.8794,43.21,224.63,194.89,376.31
Secrets of Chess Training School of Future Champions 1_ao_5.pdf,568,1,embedded,153.6,1280,1256,True,1.0,0.9083,241.93,48.96,395.53,199.68
Secrets of Chess Training School of Future Champions 1_ao_5.pdf,568,2,embedded,153.6,1280,1256,True,1.0,0.8315,242.89,421.43,396.49,572.15
Secrets of Chess Training School of Future Champions 1_ao_5.pdf,615,0,embedded,153.6,1280,1256,True,1.0,0.8462,244.81,421.43,398.41,572.15
Secrets of Chess Training School of Future Champions 1_ao_5.pdf,662,0,embedded,153.6,1280,1264,True,1.0,0.7923,243.85,140.15,397.45,291.83
Secrets of Chess Training School of Future Champions 1_ao_5.pdf,710,0,embedded,153.6,1280,1256,True,1.0,0.8833,43.21,48.96,196.81,199.68
Secrets of Chess Training School of Future Champions 1_ao_5.pdf,710,1,embedded,153.6,1280,1256,True,1.0,0.7707,44.17,422.39,197.77,573.11
Secrets of Chess Training School of Future Champions 1_ao_5.pdf,804,0,embedded,154.56,1288,1256,True,1.0,0.7374,239.04,223.67,393.6,374.39
Secrets of Chess Training School of Future Champions 1_ao_5.pdf,899,0,embedded,154.56,1288,1264,True,1.0,0.7514,38.41,212.15,192.97,363.83
Secrets of Chess Training School of Future Champions 1_ao_5.pdf,946,0,embedded,151.68,1264,1256,True,1.0,0.8044,41.28,220.79,192.96,371.51
Secrets of Chess Training School of Future Champions 1_ao_5.pdf,1040,0,embedded,153.6,1280,1264,True,1.0,0.7473,240.97,350.4,394.57,502.08
"Simple Chess - Stean, M_.pdf",7,0,contour,205.85,800,800,False,0.5,0.6529,199.96,249.38,405.82,455.24
"Simple Chess - Stean, M_.pdf",14,0,contour,203.56,800,800,False,0.5,0.6409,212.4,295.2,415.64,498.76
"Simple Chess - Stean, M_.pdf",34,0,contour,203.24,800,800,False,0.5,0.7174,228.76,385.85,432.0,589.09
"Simple Chess - Stean, M_.pdf",41,0,contour,206.18,800,800,False,0.5,0.7437,198.98,263.13,404.84,469.31
"Simple Chess - Stean, M_.pdf",47,0,contour,204.55,800,800,False,0.5,0.6536,206.18,73.31,410.73,277.53
"Simple Chess - Stean, M_.pdf",54,0,contour,202.91,800,800,False,0.5,0.6876,216.65,84.44,419.56,287.02
"Simple Chess - Stean, M_.pdf",61,0,contour,207.16,800,800,False,0.5,0.6648,193.75,352.8,400.91,559.64
"Simple Chess - Stean, M_.pdf",74,0,contour,200.29,800,800,False,0.5,0.7744,219.27,496.47,419.56,696.44
"Simple Chess - Stean, M_.pdf",127,0,contour,205.53,800,800,False,0.5,0.6604,186.55,75.27,392.07,280.8
"Simple Chess - Stean, M_.pdf",147,0,contour,203.56,800,800,False,0.5,0.6999,190.15,79.85,393.71,283.42
"Simple Chess - Stean, M_.pdf",160,0,contour,204.22,800,800,False,0.5,0.6875,216.33,82.47,420.55,286.69
Stefaniu - Problematica Deschideriliol in sah (1992).pdf,60,0,contour,140.37,800,800,False,0.5,0.6995,195.34,319.68,335.71,459.39
Stefaniu - Problematica Deschideriliol in sah (1992).pdf,70,0,contour,139.72,800,800,False,0.5,0.5541,206.47,166.22,346.18,303.97
Stefaniu - Problematica Deschideriliol in sah (1992).pdf,99,0,contour,141.35,800,800,False,0.5,0.6124,43.19,232.31,184.54,373.67
Stefaniu - Problematica Deschideriliol in sah (1992).pdf,119,0,contour,143.32,800,800,False,0.5,0.6157,39.26,255.55,182.58,397.23
Stefaniu - Problematica Deschideriliol in sah (1992).pdf,129,0,contour,141.68,800,800,False,0.5,0.5958,224.46,116.48,366.14,256.53
Stefaniu - Problematica Deschideriliol in sah (1992).pdf,139,0,contour,141.68,800,800,False,0.5,0.6167,225.77,147.24,367.45,288.27
Stefaniu - Problematica Deschideriliol in sah (1992).pdf,188,0,contour,141.68,800,800,False,0.5,0.3214,204.83,31.08,346.51,171.45
Stefaniu - Problematica Deschideriliol in sah (1992).pdf,198,0,contour,139.72,800,800,False,0.5,0.5956,19.31,174.07,159.02,313.79
Stefaniu - Problematica Deschideriliol in sah (1992).pdf,198,1,contour,142.33,800,800,False,0.5,0.5856,202.21,27.49,344.55,168.18
Stefaniu - Problematica Deschideriliol in sah (1992).pdf,208,0,contour,142.01,800,800,False,0.5,0.6914,204.83,352.4,346.84,494.4
Stefaniu - Problematica Deschideriliol in sah (1992).pdf,217,0,contour,141.68,800,800,False,0.5,0.644,39.92,73.62,181.6,213.99
Stefaniu - Problematica Deschideriliol in sah (1992).pdf,217,1,contour,141.02,800,800,False,0.5,0.6632,226.42,26.83,367.45,167.53
Stefaniu - Problematica Deschideriliol in sah (1992).pdf,227,0,contour,143.32,800,800,False,0.5,0.6499,222.83,354.69,366.14,497.68
Vishy_Anand_Great_Chess_Combinations.pdf,11,0,contour,146.5,800,800,False,0.5,0.5759,41.86,45.46,188.36,188.36
Vishy_Anand_Great_Chess_Combinations.pdf,21,0,contour,152.39,800,800,False,0.5,0.4424,39.57,42.51,191.96,190.98
Vishy_Anand_Great_Chess_Combinations.pdf,30,0,contour,147.16,800,800,False,0.5,0.4529,40.55,45.13,187.71,188.03
Vishy_Anand_Great_Chess_Combinations.pdf,40,0,contour,146.5,800,800,False,0.5,0.6073,40.88,45.13,187.38,188.36
Vishy_Anand_Great_Chess_Combinations.pdf,50,0,contour,153.04,800,800,False,0.5,0.5186,37.61,42.84,190.65,191.3
Vishy_Anand_Great_Chess_Combinations.pdf,60,0,contour,146.83,800,800,False,0.5,0.494,40.55,45.46,187.38,189.34
Vishy_Anand_Great_Chess_Combinations.pdf,69,0,contour,153.04,800,800,False,0.5,0.5249,38.91,42.51,191.96,191.3
Vishy_Anand_Great_Chess_Combinations.pdf,79,0,contour,147.48,800,800,False,0.5,0.5015,41.86,45.46,189.34,189.01
Vishy_Anand_Great_Chess_Combinations.pdf,89,0,contour,147.16,800,800,False,0.5,0.6467,41.86,45.13,189.01,188.69
Vishy_Anand_Great_Chess_Combinations.pdf,99,0,contour,152.39,800,800,False,0.5,0.5788,39.24,42.51,191.63,190.98
Vishy_Anand_Great_Chess_Combinations.pdf,108,0,contour,147.48,800,800,False,0.5,0.6156,39.9,45.13,187.38,188.69
Vishy_Anand_Great_Chess_Combinations.pdf,118,0,contour,152.72,800,800,False,0.5,0.5232,37.61,42.84,190.32,191.3
Vishy_Anand_Great_Chess_Combinations.pdf,128,0,contour,147.16,800,800,False,0.5,0.5767,40.55,45.46,187.71,188.69
Vishy_Anand_Great_Chess_Combinations.pdf,138,0,contour,154.35,800,800,False,0.5,0.4643,36.95,41.53,191.3,190.32
Xadrez Vitorioso - Finais - Yasser Seirawan.pdf,26,0,contour,155.08,800,800,False,0.5,0.6403,215.93,464.59,370.69,619.67
Xadrez Vitorioso - Finais - Yasser Seirawan.pdf,38,0,contour,170.78,800,800,False,0.5,0.5888,87.03,296.09,257.49,466.88
Xadrez Vitorioso - Finais - Yasser Seirawan.pdf,38,1,contour,164.9,800,800,False,0.5,0.6651,330.77,298.71,495.34,463.61
Xadrez Vitorioso - Finais - Yasser Seirawan.pdf,50,0,contour,170.78,800,800,False,0.5,0.5978,208.08,528.06,378.54,698.84
Xadrez Vitorioso - Finais - Yasser Seirawan.pdf,63,0,contour,155.08,800,800,False,0.5,0.5786,215.93,531.33,370.69,686.41
Xadrez Vitorioso - Finais - Yasser Seirawan.pdf,87,0,contour,171.11,800,800,False,0.5,0.5424,208.08,300.02,378.54,471.13
Xadrez Vitorioso - Finais - Yasser Seirawan.pdf,100,0,contour,157.7,800,800,False,0.5,0.5871,214.63,511.37,372.0,669.07
Xadrez Vitorioso - Finais - Yasser Seirawan.pdf,112,0,contour,157.7,800,800,False,0.5,0.61,214.63,556.2,372.0,713.89
Xadrez Vitorioso - Finais - Yasser Seirawan.pdf,124,0,contour,171.44,800,800,False,0.5,0.5539,208.08,560.78,378.54,732.21
Xadrez Vitorioso - Finais - Yasser Seirawan.pdf,137,0,contour,171.44,800,800,False,0.5,0.5751,208.08,303.29,378.54,474.73
Xadrez Vitorioso - Finais - Yasser Seirawan.pdf,149,0,contour,155.08,800,800,False,0.5,0.6469,215.93,101.42,370.69,256.5
Xadrez Vitorioso - Finais - Yasser Seirawan.pdf,149,1,contour,157.7,800,800,False,0.5,0.561,214.63,496.65,372.0,654.35
Xadrez Vitorioso - Finais - Yasser Seirawan.pdf,161,0,contour,155.08,800,800,False,0.5,0.5839,219.53,213.97,374.29,369.05
Xadrez Vitorioso - Finais - Yasser Seirawan.pdf,186,0,contour,170.78,800,800,False,0.5,0.6027,211.68,259.12,382.14,429.91
Xadrez Vitorioso - Finais - Yasser Seirawan.pdf,198,0,contour,164.9,800,800,False,0.5,0.6322,214.63,246.69,379.19,411.58
Xadrez Vitorioso - Finais - Yasser Seirawan.pdf,210,0,contour,170.78,800,800,False,0.5,0.5997,211.68,214.3,382.14,385.08
Xadrez Vitorioso - Finais - Yasser Seirawan.pdf,223,0,contour,155.08,800,800,False,0.5,0.6096,219.53,292.49,374.29,447.57
Xadrez Vitorioso - Finais - Yasser Seirawan.pdf,272,0,contour,170.78,800,800,False,0.5,0.6101,211.68,288.89,382.14,459.68
Xadrez Vitorioso - Finais - Yasser Seirawan.pdf,284,0,contour,170.78,800,800,False,0.5,0.5654,211.68,414.2,382.14,584.99
Xadrez Vitorioso - Finais - Yasser Seirawan.pdf,297,0,contour,170.78,800,800,False,0.5,0.6008,211.68,468.19,382.14,638.97
Журавлев_Н_The_Manual_of_Chess_Combinations_5_2021.pdf,8,0,embedded,165.12,1376,1304,True,0.862,0.5561,37.44,398.39,202.56,554.87
Журавлев_Н_The_Manual_of_Chess_Combinations_5_2021.pdf,11,0,embedded,166.08,1376,1384,True,1.0,0.5479,37.44,371.52,202.56,537.6
Журавлев_Н_The_Manual_of_Chess_Combinations_5_2021.pdf,16,0,contour,156.73,800,800,False,0.5,0.5887,44.5,50.72,201.22,204.82
Журавлев_Н_The_Manual_of_Chess_Combinations_5_2021.pdf,16,1,contour,157.05,800,800,False,0.5,0.401,44.17,248.99,201.22,403.43
Журавлев_Н_The_Manual_of_Chess_Combinations_5_2021.pdf,16,2,contour,156.73,800,800,False,0.5,0.7726,44.5,440.4,201.22,595.17
Журавлев_Н_The_Manual_of_Chess_Combinations_5_2021.pdf,16,3,contour,153.45,800,800,False,0.5,0.6838,255.21,52.02,408.67,203.84
Журавлев_Н_The_Manual_of_Chess_Combinations_5_2021.pdf,16,4,contour,156.4,800,800,False,0.5,0.5563,253.9,248.99,410.3,403.43
Журавлев_Н_The_Manual_of_Chess_Combinations_5_2021.pdf,16,5,contour,156.07,800,800,False,0.5,0.6724,254.23,440.73,410.3,595.17
Журавлев_Н_The_Manual_of_Chess_Combinations_5_2021.pdf,21,0,embedded,156.48,1304,1288,True,0.9689,0.5225,44.17,49.92,200.65,204.48
Журавлев_Н_The_Manual_of_Chess_Combinations_5_2021.pdf,21,1,embedded,166.08,1384,1272,True,0.9299,0.5158,36.49,246.71,202.57,399.35
Журавлев_Н_The_Manual_of_Chess_Combinations_5_2021.pdf,21,2,embedded,165.12,1376,1288,True,0.9792,0.5165,37.44,440.63,202.56,595.19
Журавлев_Н_The_Manual_of_Chess_Combinations_5_2021.pdf,21,3,embedded,163.2,1360,1296,True,1.0,0.4602,246.73,49.91,409.93,205.43
Журавлев_Н_The_Manual_of_Chess_Combinations_5_2021.pdf,21,4,embedded,163.2,1360,1288,True,1.0,0.4232,246.73,244.79,409.93,399.35
Журавлев_Н_The_Manual_of_Chess_Combinations_5_2021.pdf,21,5,embedded,163.2,1360,1281,True,0.7421,0.3878,246.73,442.43,409.93,596.15
Журавлев_Н_The_Manual_of_Chess_Combinations_5_2021.pdf,25,0,contour,156.4,800,800,False,0.5,0.5755,44.83,51.04,201.22,205.48
Журавлев_Н_The_Manual_of_Chess_Combinations_5_2021.pdf,25,1,contour,156.73,800,800,False,0.5,0.6377,44.83,245.72,201.55,400.49
Журавлев_Н_The_Manual_of_Chess_Combinations_5_2021.pdf,25,2,contour,156.73,800,800,False,0.5,0.6887,44.83,441.39,201.55,595.82
Журавлев_Н_The_Manual_of_Chess_Combinations_5_2021.pdf,25,3,contour,156.07,800,800,False,0.5,0.5375,254.56,51.04,410.63,205.48
Журавлев_Н_The_Manual_of_Chess_Combinations_5_2021.pdf,25,4,contour,156.4,800,800,False,0.5,0.57,254.23,245.4,410.63,400.16
Журавлев_Н_The_Manual_of_Chess_Combinations_5_2021.pdf,25,5,contour,156.4,800,800,False,0.5,0.7656,254.23,441.39,410.63,595.82
Журавлев_Н_The_Manual_of_Chess_Combinations_5_2021.pdf,30,0,contour,157.05,800,800,False,0.5,0.6156,44.83,51.04,201.88,205.48
Журавлев_Н_The_Manual_of_Chess_Combinations_5_2021.pdf,30,1,contour,154.11,800,800,False,0.5,0.568,46.46,246.7,200.57,398.85
Журавлев_Н_The_Manual_of_Chess_Combinations_5_2021.pdf,30,2,contour,156.73,800,800,False,0.5,0.6046,45.15,441.06,201.88,595.82
Журавлев_Н_The_Manual_of_Chess_Combinations_5_2021.pdf,30,3,embedded,164.16,1368,1296,True,0.8611,0.52,246.73,50.87,410.89,206.39
Журавлев_Н_The_Manual_of_Chess_Combinations_5_2021.pdf,30,4,embedded,163.2,1360,1296,True,1.0,0.4722,246.73,245.75,409.93,401.27
Журавлев_Н_The_Manual_of_Chess_Combinations_5_2021.pdf,30,5,embedded,179.52,1376,1496,True,0.9495,0.3786,246.73,442.56,411.85,622.08
Журавлев_Н_The_Manual_of_Chess_Combinations_5_2021.pdf,35,0,contour,156.73,800,800,False,0.5,0.5813,44.83,50.72,201.55,205.15
Журавлев_Н_The_Manual_of_Chess_Combinations_5_2021.pdf,35,1,contour,156.73,800,800,False,0.5,0.4495,44.83,245.4,201.55,400.16
Журавлев_Н_The_Manual_of_Chess_Combinations_5_2021.pdf,35,2,contour,156.4,800,800,False,0.5,0.4565,45.15,441.06,201.55,595.49
Журавлев_Н_The_Manual_of_Chess_Combinations_5_2021.pdf,35,3,contour,156.07,800,800,False,0.5,0.6551,254.23,51.04,410.3,205.15
Журавлев_Н_The_Manual_of_Chess_Combinations_5_2021.pdf,35,4,contour,156.4,800,800,False,0.5,0.6185,254.56,245.4,410.96,400.16
Журавлев_Н_The_Manual_of_Chess_Combinations_5_2021.pdf,35,5,contour,156.4,800,800,False,0.5,0.4484,254.56,441.06,410.96,595.49
Журавлев_Н_The_Manual_of_Chess_Combinations_5_2021.pdf,40,0,contour,156.4,800,800,False,0.5,0.7006,45.81,51.04,202.21,205.48
Журавлев_Н_The_Manual_of_Chess_Combinations_5_2021.pdf,40,1,contour,157.05,800,800,False,0.5,0.4084,45.15,245.4,202.21,400.16
Журавлев_Н_The_Manual_of_Chess_Combinations_5_2021.pdf,40,2,contour,157.05,800,800,False,0.5,0.4184,45.15,440.73,202.21,595.49
Журавлев_Н_The_Manual_of_Chess_Combinations_5_2021.pdf,40,3,embedded,163.2,1360,1288,True,0.8602,0.4692,247.08,50.52,410.28,205.08
Журавлев_Н_The_Manual_of_Chess_Combinations_5_2021.pdf,40,4,embedded,163.2,1360,1304,True,0.8926,0.5361,247.08,245.39,410.28,401.87
Журавлев_Н_The_Manual_of_Chess_Combinations_5_2021.pdf,40,5,embedded,180.48,1368,1504,True,0.9239,0.6443,247.08,441.24,411.24,621.72
Журавлев_Н_The_Manual_of_Chess_Combinations_5_2021.pdf,45,0,contour,156.73,800,800,False,0.5,0.4381,44.83,51.04,201.55,205.48
Журавлев_Н_The_Manual_of_Chess_Combinations_5_2021.pdf,45,1,contour,156.73,800,800,False,0.5,0.5359,44.83,245.72,201.55,400.16
Журавлев_Н_The_Manual_of_Chess_Combinations_5_2021.pdf,45,2,contour,156.73,800,800,False,0.5,0.451,44.83,441.06,201.55,595.82
Журавлев_Н_The_Manual_of_Chess_Combinations_5_2021.pdf,45,3,contour,156.4,800,800,False,0.5,0.7658,254.56,51.04,410.96,205.48
Журавлев_Н_The_Manual_of_Chess_Combinations_5_2021.pdf,45,4,contour,156.73,800,800,False,0.5,0.5961,254.56,245.72,411.28,400.16
Журавлев_Н_The_Manual_of_Chess_Combinations_5_2021.pdf,45,5,contour,153.78,800,800,False,0.5,0.7226,255.87,442.37,409.65,594.51
Журавлев_Н_The_Manual_of_Chess_Combinations_5_2021.pdf,50,0,contour,156.73,800,800,False,0.5,0.6529,44.83,50.72,201.55,205.48
Журавлев_Н_The_Manual_of_Chess_Combinations_5_2021.pdf,50,1,contour,156.73,800,800,False,0.5,0.7416,44.83,245.4,201.55,400.16
Журавлев_Н_The_Manual_of_Chess_Combinations_5_2021.pdf,50,2,contour,156.73,800,800,False,0.5,0.689,44.83,440.73,201.55,595.82
Журавлев_Н_The_Manual_of_Chess_Combinations_5_2021.pdf,50,3,contour,155.74,800,800,False,0.5,0.7395,254.23,51.04,409.97,205.15
Журавлев_Н_The_Manual_of_Chess_Combinations_5_2021.pdf,50,4,contour,156.4,800,800,False,0.5,0.5493,254.23,245.4,410.63,400.16
Журавлев_Н_The_Manual_of_Chess_Combinations_5_2021.pdf,50,5,contour,156.07,800,800,False,0.5,0.57,254.56,441.06,410.63,595.49
Журавлев_Н_The_Manual_of_Chess_Combinations_5_2021.pdf,55,0,contour,157.05,800,800,False,0.5,0.521,44.17,50.72,201.22,205.48
Журавлев_Н_The_Manual_of_Chess_Combinations_5_2021.pdf,55,1,contour,157.05,800,800,False,0.5,0.6719,44.5,245.72,201.55,400.49
Журавлев_Н_The_Manual_of_Chess_Combinations_5_2021.pdf,55,2,contour,157.05,800,800,False,0.5,0.5762,44.5,441.06,201.55,595.49
Журавлев_Н_The_Manual_of_Chess_Combinations_5_2021.pdf,55,3,contour,156.4,800,800,False,0.5,0.6074,253.9,50.72,410.3,205.48
Журавлев_Н_The_Manual_of_Chess_Combinations_5_2021.pdf,55,4,contour,156.73,800,800,False,0.5,0.6128,253.9,245.72,410.63,400.49
Журавлев_Н_The_Manual_of_Chess_Combinations_5_2021.pdf,55,5,contour,156.4,800,800,False,0.5,0.6537,253.9,441.39,410.3,595.49
Журавлев_Н_The_Manual_of_Chess_Combinations_5_2021.pdf,60,0,contour,156.73,800,800,False,0.5,0.5229,45.15,50.72,201.88,205.48
Журавлев_Н_The_Manual_of_Chess_Combinations_5_2021.pdf,60,1,contour,154.44,800,800,False,0.5,0.7816,46.13,247.03,200.57,399.18
Журавлев_Н_The_Manual_of_Chess_Combinations_5_2021.pdf,60,2,contour,156.73,800,800,False,0.5,0.4934,45.15,441.06,201.88,595.82
Журавлев_Н_The_Manual_of_Chess_Combinations_5_2021.pdf,60,3,contour,156.4,800,800,False,0.5,0.7244,254.56,50.72,410.96,205.48
Журавлев_Н_The_Manual_of_Chess_Combinations_5_2021.pdf,60,4,contour,156.4,800,800,False,0.5,0.4961,254.56,245.72,410.96,400.49
Журавлев_Н_The_Manual_of_Chess_Combinations_5_2021.pdf,60,5,contour,153.78,800,800,False,0.5,0.7056,255.87,442.69,409.65,594.84
Журавлев_Н_The_Manual_of_Chess_Combinations_5_2021.pdf,64,0,contour,156.4,800,800,False,0.5,0.6292,44.83,49.73,201.22,204.17
Журавлев_Н_The_Manual_of_Chess_Combinations_5_2021.pdf,64,1,contour,157.05,800,800,False,0.5,0.5492,44.5,244.09,201.55,398.85
Журавлев_Н_The_Manual_of_Chess_Combinations_5_2021.pdf,64,2,contour,156.73,800,800,False,0.5,0.6304,44.83,439.75,201.55,594.51
Журавлев_Н_The_Manual_of_Chess_Combinations_5_2021.pdf,64,3,contour,156.4,800,800,False,0.5,0.7533,253.9,49.73,410.3,204.5
Журавлев_Н_The_Manual_of_Chess_Combinations_5_2021.pdf,64,4,contour,156.4,800,800,False,0.5,0.7739,254.23,244.41,410.63,399.18
Журавлев_Н_The_Manual_of_Chess_Combinations_5_2021.pdf,64,5,contour,156.4,800,800,False,0.5,0.5194,254.23,440.08,410.63,594.51
Журавлев_Н_The_Manual_of_Chess_Combinations_5_2021.pdf,69,0,embedded,165.12,1376,1296,True,0.9957,0.5292,36.49,50.87,201.61,206.39
Журавлев_Н_The_Manual_of_Chess_Combinations_5_2021.pdf,69,1,contour,156.4,800,800,False,0.5,0.7311,44.83,245.4,201.22,400.16
Журавлев_Н_The_Manual_of_Chess_Combinations_5_2021.pdf,69,2,contour,156.73,800,800,False,0.5,0.5009,44.83,441.06,201.55,595.49
Журавлев_Н_The_Manual_of_Chess_Combinations_5_2021.pdf,69,3,contour,156.73,800,800,False,0.5,0.558,253.9,51.04,410.63,205.48
Журавлев_Н_The_Manual_of_Chess_Combinations_5_2021.pdf,69,4,contour,156.4,800,800,False,0.5,0.725,254.23,245.72,410.63,400.16
Журавлев_Н_The_Manual_of_Chess_Combinations_5_2021.pdf,69,5,contour,156.73,800,800,False,0.5,0.5168,254.23,441.06,410.96,595.49
Журавлев_Н_The_Manual_of_Chess_Combinations_5_2021.pdf,79,0,contour,157.38,800,800,False,0.5,0.5243,43.84,50.72,201.22,205.15
Журавлев_Н_The_Manual_of_Chess_Combinations_5_2021.pdf,79,1,contour,157.38,800,800,False,0.5,0.5929,44.17,245.4,201.55,400.16
Журавлев_Н_The_Manual_of_Chess_Combinations_5_2021.pdf,79,2,contour,157.05,800,800,False,0.5,0.5163,44.5,441.06,201.55,595.49
Журавлев_Н_The_Manual_of_Chess_Combinations_5_2021.pdf,79,3,contour,156.07,800,800,False,0.5,0.7295,253.9,50.72,409.97,205.15
Журавлев_Н_The_Manual_of_Chess_Combinations_5_2021.pdf,79,4,contour,154.11,800,800,False,0.5,0.7466,255.21,246.38,409.32,398.85
Журавлев_Н_The_Manual_of_Chess_Combinations_5_2021.pdf,79,5,contour,157.05,800,800,False,0.5,0.7401,254.23,441.06,411.28,595.82
Журавлев_Н_The_Manual_of_Chess_Combinations_5_2021.pdf,84,0,embedded,166.08,1384,1296,True,0.9802,0.4176,36.49,50.87,202.57,206.39
Журавлев_Н_The_Manual_of_Chess_Combinations_5_2021.pdf,84,1,contour,157.05,800,800,False,0.5,0.6392,44.83,245.4,201.88,399.83
Журавлев_Н_The_Manual_of_Chess_Combinations_5_2021.pdf,84,2,contour,157.05,800,800,False,0.5,0.4652,44.83,440.73,201.88,595.17
Журавлев_Н_The_Manual_of_Chess_Combinations_5_2021.pdf,84,3,contour,156.07,800,800,False,0.5,0.6626,254.56,51.04,410.63,205.15
Журавлев_Н_The_Manual_of_Chess_Combinations_5_2021.pdf,84,4,contour,156.4,800,800,False,0.5,0.5866,254.88,245.4,411.28,400.16
Журавлев_Н_The_Manual_of_Chess_Combinations_5_2021.pdf,84,5,contour,156.73,800,800,False,0.5,0.5023,254.88,440.73,411.61,595.17
Журавлев_Н_The_Manual_of_Chess_Combinations_5_2021.pdf,89,0,embedded,165.12,1376,1296,True,0.9957,0.5341,36.49,50.87,201.61,206.39
Журавлев_Н_The_Manual_of_Chess_Combinations_5_2021.pdf,89,1,contour,157.05,800,800,False,0.5,0.6625,44.5,245.4,201.55,399.83
Журавлев_Н_The_Manual_of_Chess_Combinations_5_2021.pdf,89,2,contour,157.05,800,800,False,0.5,0.5967,44.5,440.4,201.55,595.17
Журавлев_Н_The_Manual_of_Chess_Combinations_5_2021.pdf,89,3,embedded,165.12,1376,1296,True,0.9957,0.5111,245.76,50.87,410.88,206.39
Журавлев_Н_The_Manual_of_Chess_Combinations_5_2021.pdf,89,4,contour,156.73,800,800,False,0.5,0.551,254.23,245.07,410.96,399.83
Журавлев_Н_The_Manual_of_Chess_Combinations_5_2021.pdf,89,5,contour,154.11,800,800,False,0.5,0.5502,255.87,441.71,409.97,593.86
📚Aagaard J. Excelling at chess calculation.pdf,7,0,contour,192.4,800,800,False,0.5,0.6062,78.86,207.45,271.25,394.93
📚Aagaard J. Excelling at chess calculation.pdf,7,1,contour,192.07,800,800,False,0.5,0.6837,359.27,151.82,551.34,339.64
📚Aagaard J. Excelling at chess calculation.pdf,7,2,contour,195.67,800,800,False,0.5,0.7069,357.63,711.99,553.3,901.77
📚Aagaard J. Excelling at chess calculation.pdf,8,0,contour,195.34,800,800,False,0.5,0.6778,86.05,680.91,281.39,871.67
📚Aagaard J. Excelling at chess calculation.pdf,9,0,contour,195.01,800,800,False,0.5,0.7413,78.2,155.09,273.21,345.53
📚Aagaard J. Excelling at chess calculation.pdf,9,1,contour,192.07,800,800,False,0.5,0.7743,80.82,644.59,272.89,832.41
📚Aagaard J. Excelling at chess calculation.pdf,9,2,contour,195.01,800,800,False,0.5,0.7467,359.27,479.35,554.28,670.11
📚Aagaard J. Excelling at chess calculation.pdf,16,0,contour,191.74,800,800,False,0.5,0.8339,368.09,663.88,559.83,851.69
📚Aagaard J. Excelling at chess calculation.pdf,24,0,contour,192.42,800,800,False,0.5,0.7391,76.58,141.37,269.0,329.21
📚Aagaard J. Excelling at chess calculation.pdf,24,1,contour,192.75,800,800,False,0.5,0.7019,356.37,230.71,549.12,418.55
📚Aagaard J. Excelling at chess calculation.pdf,24,2,contour,192.09,800,800,False,0.5,0.6967,357.02,701.29,549.12,888.8
📚Aagaard J. Excelling at chess calculation.pdf,32,0,contour,193.07,800,800,False,0.5,0.6755,353.42,97.52,546.5,285.68
📚Aagaard J. Excelling at chess calculation.pdf,40,0,contour,191.44,800,800,False,0.5,0.6705,81.48,483.34,272.92,670.53
📚Aagaard J. Excelling at chess calculation.pdf,40,1,contour,192.09,800,800,False,0.5,0.6415,360.62,138.1,552.72,325.94
📚Aagaard J. Excelling at chess calculation.pdf,47,0,contour,195.04,800,800,False,0.5,0.6629,83.12,497.09,278.16,687.87
📚Aagaard J. Excelling at chess calculation.pdf,47,1,contour,195.37,800,800,False,0.5,0.6738,362.26,695.72,557.63,885.85
📚Aagaard J. Excelling at chess calculation.pdf,55,0,contour,191.44,800,800,False,0.5,0.6957,365.86,298.77,557.3,486.29
📚Aagaard J. Excelling at chess calculation.pdf,63,0,contour,194.71,800,800,False,0.5,0.6739,92.94,553.7,287.65,743.5
📚Aagaard J. Excelling at chess calculation.pdf,63,1,contour,194.71,800,800,False,0.5,0.7546,370.44,349.83,565.15,540.28
📚Aagaard J. Excelling at chess calculation.pdf,70,0,contour,195.04,800,800,False,0.5,0.6678,358.01,101.12,553.04,290.92
📚Aagaard J. Excelling at chess calculation.pdf,78,0,contour,191.77,800,800,False,0.5,0.6661,81.81,610.97,273.58,798.15
📚Aagaard J. Excelling at chess calculation.pdf,78,1,contour,191.77,800,800,False,0.5,0.6954,360.3,264.74,552.06,452.91
📚Aagaard J. Excelling at chess calculation.pdf,86,0,contour,195.03,800,800,False,0.5,0.645,71.66,665.6,266.7,856.05
📚Aagaard J. Excelling at chess calculation.pdf,86,1,contour,195.03,800,800,False,0.5,0.7045,351.45,502.31,546.48,692.1
📚Aagaard J. Excelling at chess calculation.pdf,101,0,contour,191.43,800,800,False,0.5,0.626,373.38,112.57,564.81,300.4
📚Aagaard J. Excelling at chess calculation.pdf,109,0,contour,195.68,800,800,False,0.5,0.7156,73.95,116.49,269.63,306.93
📚Aagaard J. Excelling at chess calculation.pdf,109,1,contour,191.42,800,800,False,0.5,0.7351,73.3,660.65,264.72,847.82
📚Aagaard J. Excelling at chess calculation.pdf,109,2,contour,195.68,800,800,False,0.5,0.6894,351.43,588.01,547.11,777.79
📚Aagaard J. Excelling at chess calculation.pdf,117,0,contour,192.73,800,800,False,0.5,0.6668,77.88,137.76,270.61,326.23
📚Aagaard J. Excelling at chess calculation.pdf,117,1,contour,195.35,800,800,False,0.5,0.641,356.01,607.31,551.36,796.77
📚Aagaard J. Excelling at chess calculation.pdf,125,0,contour,195.02,800,800,False,0.5,0.7442,88.02,331.47,283.04,521.26
📚Aagaard J. Excelling at chess calculation.pdf,125,1,contour,192.4,800,800,False,0.5,0.6695,369.75,187.82,562.16,375.32
📚Aagaard J. Excelling at chess calculation.pdf,132,0,contour,195.02,800,800,False,0.5,0.7449,349.47,385.79,544.49,576.23
📚Aagaard J. Excelling at chess calculation.pdf,140,0,contour,191.42,800,800,False,0.5,0.6609,72.31,106.35,263.74,293.51
📚Aagaard J. Excelling at chess calculation.pdf,140,1,contour,194.69,800,800,False,0.5,0.7053,71.01,375.97,265.7,566.74
📚Aagaard J. Excelling at chess calculation.pdf,140,2,contour,191.75,800,800,False,0.5,0.7276,72.97,648.87,264.72,836.69
📚Aagaard J. Excelling at chess calculation.pdf,140,3,contour,193.06,800,800,False,0.5,0.7,351.1,104.38,544.16,292.53
📚Aagaard J. Excelling at chess calculation.pdf,140,4,contour,191.75,800,800,False,0.5,0.7468,352.41,375.97,544.16,564.12
📚Aagaard J. Excelling at chess calculation.pdf,140,5,contour,193.38,800,800,False,0.5,0.6863,351.76,646.58,545.14,835.38
📚Aagaard J. Excelling at chess calculation.pdf,148,0,contour,195.68,800,800,False,0.5,0.8017,70.35,105.36,266.03,295.8
📚Aagaard J. Excelling at chess calculation.pdf,148,1,contour,193.06,800,800,False,0.5,0.8034,69.7,377.28,262.75,566.08
📚Aagaard J. Excelling at chess calculation.pdf,148,2,contour,195.02,800,800,False,0.5,0.7473,68.06,648.54,263.08,838.98
📚Aagaard J. Excelling at chess calculation.pdf,148,3,contour,195.35,800,800,False,0.5,0.7984,350.45,106.35,545.8,296.46
📚Aagaard J. Excelling at chess calculation.pdf,148,4,contour,195.35,800,800,False,0.5,0.7774,349.14,377.28,544.49,567.72
📚Aagaard J. Excelling at chess calculation.pdf,148,5,contour,195.68,800,800,False,0.5,0.8037,347.5,649.2,543.18,838.98
📚Aagaard J. Excelling at chess calculation.pdf,163,0,contour,193.38,800,800,False,0.5,0.6927,88.68,473.48,282.06,661.63
📚Aagaard J. Excelling at chess calculation.pdf,163,1,contour,195.02,800,800,False,0.5,0.6654,368.12,364.85,563.14,555.29
📚Aagaard J. Excelling at chess calculation.pdf,171,0,contour,194.04,800,800,False,0.5,0.7927,88.02,135.14,282.06,324.6
📚Aagaard J. Excelling at chess calculation.pdf,171,1,contour,192.73,800,800,False,0.5,0.7367,365.83,463.67,558.56,651.49
📚Aagaard J. Excelling at chess calculation.pdf,179,0,contour,191.75,800,800,False,0.5,0.7721,86.06,225.78,277.81,412.95
📚Aagaard J. Excelling at chess calculation.pdf,179,1,contour,196.0,800,800,False,0.5,0.7942,80.82,712.02,276.83,902.46
📚Aagaard J. Excelling at chess calculation.pdf,179,2,contour,193.71,800,800,False,0.5,0.8123,362.56,605.35,556.27,793.83
📚Aagaard J. Excelling at chess calculation.pdf,186,0,contour,192.08,800,800,False,0.5,0.7255,66.1,105.36,258.17,293.51
📚Aagaard J. Excelling at chess calculation.pdf,186,1,contour,191.75,800,800,False,0.5,0.7252,346.19,230.69,537.94,418.18
📚Burgess G. The Gambit Book of Instructive.pdf,14,0,embedded,122.88,508,512,True,1.0,0.6603,49.92,28.8,171.84,151.68
📚Burgess G. The Gambit Book of Instructive.pdf,14,1,embedded,121.92,504,508,True,1.0,0.5425,49.92,185.27,170.88,307.19
📚Burgess G. The Gambit Book of Instructive.pdf,14,2,embedded,121.92,508,508,True,1.0,0.3829,49.92,341.76,171.84,463.68
📚Burgess G. The Gambit Book of Instructive.pdf,14,3,embedded,121.92,508,508,True,1.0,0.4172,203.53,28.8,325.45,150.72
📚Burgess G. The Gambit Book of Instructive.pdf,14,4,embedded,122.88,512,508,True,1.0,0.5705,202.57,185.27,325.45,307.19
📚Burgess G. The Gambit Book of Instructive.pdf,14,5,embedded,121.92,508,508,True,1.0,0.5271,203.53,341.76,325.45,463.68
📚Burgess G. The Gambit Book of Instructive.pdf,20,0,embedded,121.92,504,508,True,1.0,0.482,50.89,29.76,171.85,151.68
📚Burgess G. The Gambit Book of Instructive.pdf,20,1,embedded,121.92,504,508,True,1.0,0.4659,49.92,185.27,170.88,307.19
📚Burgess G. The Gambit Book of Instructive.pdf,20,2,embedded,136.92,508,571,True,0.8742,0.5415,49.92,326.76,171.84,463.68
📚Burgess G. The Gambit Book of Instructive.pdf,20,3,embedded,121.92,508,508,True,1.0,0.4835,203.53,29.76,325.45,151.68
📚Burgess G. The Gambit Book of Instructive.pdf,20,4,embedded,121.92,508,508,True,1.0,0.3715,203.53,185.27,325.45,307.19
📚Burgess G. The Gambit Book of Instructive.pdf,20,5,embedded,121.92,508,508,True,1.0,0.5993,203.53,341.76,325.45,463.68
📚Burgess G. The Gambit Book of Instructive.pdf,27,0,embedded,122.88,508,512,True,1.0,0.785,45.13,28.8,167.05,151.68
📚Burgess G. The Gambit Book of Instructive.pdf,27,1,embedded,121.92,508,508,True,1.0,0.6998,46.09,269.76,168.01,391.68
📚Burgess G. The Gambit Book of Instructive.pdf,27,2,embedded,122.88,504,512,True,1.0,0.6159,199.68,28.8,320.64,151.68
📚Burgess G. The Gambit Book of Instructive.pdf,27,3,embedded,121.92,504,508,True,1.0,0.7415,199.68,269.76,320.64,391.68
📚Burgess G. The Gambit Book of Instructive.pdf,33,0,embedded,122.88,512,512,True,1.0,0.5891,36.49,28.8,159.37,151.68
📚Burgess G. The Gambit Book of Instructive.pdf,33,1,embedded,122.88,512,508,True,1.0,0.5637,36.49,197.76,159.37,319.68
📚Burgess G. The Gambit Book of Instructive.pdf,33,2,embedded,122.88,512,508,True,1.0,0.6974,36.49,365.75,159.37,487.67
📚Burgess G. The Gambit Book of Instructive.pdf,40,0,embedded,122.88,504,512,True,1.0,0.5769,45.13,28.8,166.09,151.68
📚Burgess G. The Gambit Book of Instructive.pdf,40,1,embedded,121.92,504,508,True,1.0,0.6104,46.09,269.76,167.05,391.68
📚Burgess G. The Gambit Book of Instructive.pdf,40,2,embedded,121.92,508,508,True,1.0,0.6633,198.73,29.76,320.65,151.68
📚Burgess G. The Gambit Book of Instructive.pdf,40,3,embedded,122.88,512,508,True,1.0,0.6936,198.73,269.76,321.61,391.68
📚Burgess G. The Gambit Book of Instructive.pdf,46,0,embedded,122.88,512,508,True,1.0,0.7427,207.37,29.76,330.25,151.68
📚Burgess G. The Gambit Book of Instructive.pdf,46,1,embedded,122.88,512,512,True,1.0,0.5545,207.37,197.75,330.25,320.63
📚Burgess G. The Gambit Book of Instructive.pdf,46,2,embedded,121.92,508,508,True,1.0,0.638,208.33,365.75,330.25,487.67
📚Burgess G. The Gambit Book of Instructive.pdf,53,0,embedded,122.88,512,512,True,1.0,0.5808,49.92,185.27,172.8,308.15
📚Burgess G. The Gambit Book of Instructive.pdf,53,1,embedded,122.88,512,508,True,1.0,0.4242,49.92,341.76,172.8,463.68
📚Burgess G. The Gambit Book of Instructive.pdf,53,2,embedded,121.92,504,508,True,1.0,0.6832,204.49,29.76,325.45,151.68
📚Burgess G. The Gambit Book of Instructive.pdf,53,3,embedded,122.88,504,512,True,1.0,0.6539,204.49,185.27,325.45,308.15
📚Burgess G. The Gambit Book of Instructive.pdf,53,4,embedded,121.92,504,508,True,1.0,0.3975,204.49,341.76,325.45,463.68
📚Burgess G. The Gambit Book of Instructive.pdf,59,0,embedded,121.92,508,508,True,1.0,0.5852,37.44,28.8,159.36,150.72
📚Burgess G. The Gambit Book of Instructive.pdf,59,1,embedded,121.92,508,508,True,1.0,0.6158,37.44,197.76,159.36,319.68
📚Burgess G. The Gambit Book of Instructive.pdf,59,2,embedded,122.88,512,508,True,1.0,0.6696,36.49,365.75,159.37,487.67
📚Burgess G. The Gambit Book of Instructive.pdf,66,0,embedded,122.88,504,512,True,1.0,0.5508,49.92,28.8,170.88,151.68
📚Burgess G. The Gambit Book of Instructive.pdf,66,1,embedded,121.92,504,508,True,1.0,0.6387,49.92,185.27,170.88,307.19
📚Burgess G. The Gambit Book of Instructive.pdf,66,2,embedded,121.92,504,508,True,1.0,0.4659,49.92,341.76,170.88,463.68
📚Burgess G. The Gambit Book of Instructive.pdf,66,3,embedded,121.92,508,508,True,1.0,0.4682,203.53,29.76,325.45,151.68
📚Burgess G. The Gambit Book of Instructive.pdf,66,4,embedded,122.88,512,508,True,1.0,0.7104,202.57,185.27,325.45,307.19
📚Burgess G. The Gambit Book of Instructive.pdf,66,5,embedded,122.88,512,508,True,1.0,0.6661,202.57,341.76,325.45,463.68
📚Burgess G. The Gambit Book of Instructive.pdf,72,0,embedded,121.92,504,508,True,1.0,0.6503,45.13,29.76,166.09,151.68
📚Burgess G. The Gambit Book of Instructive.pdf,72,1,embedded,122.88,508,512,True,1.0,0.4939,45.13,281.27,167.05,404.15
📚Burgess G. The Gambit Book of Instructive.pdf,72,2,embedded,122.88,512,508,True,1.0,0.4583,197.76,29.76,320.64,151.68
📚Burgess G. The Gambit Book of Instructive.pdf,72,3,embedded,122.88,512,512,True,1.0,0.6137,197.76,281.27,320.64,404.15
📚Burgess G. The Gambit Book of Instructive.pdf,79,0,embedded,122.88,512,508,True,1.0,0.5712,36.49,29.76,159.37,151.68
📚Burgess G. The Gambit Book of Instructive.pdf,79,1,embedded,121.92,508,508,True,1.0,0.353,37.44,197.76,159.36,319.68
📚Burgess G. The Gambit Book of Instructive.pdf,79,2,embedded,121.92,508,508,True,1.0,0.5055,37.44,365.75,159.36,487.67
📚Nunn J. Secrets of Minor Piece Endings.pdf,13,0,contour,130.57,800,800,False,0.5,0.5543,45.81,273.57,175.07,404.14
📚Nunn J. Secrets of Minor Piece Endings.pdf,13,1,contour,130.24,800,800,False,0.5,0.3409,203.87,262.45,333.13,392.69
📚Nunn J. Secrets of Minor Piece Endings.pdf,24,0,embedded,132.48,552,552,True,1.0,0.2831,44.17,193.92,176.65,326.4
📚Nunn J. Secrets of Minor Piece Endings.pdf,36,0,embedded,134.4,544,560,True,1.0,0.5254,46.09,61.43,176.65,195.83
📚Nunn J. Secrets of Minor Piece Endings.pdf,36,1,embedded,132.48,544,552,True,1.0,0.4259,203.53,303.35,334.09,435.83
📚Nunn J. Secrets of Minor Piece Endings.pdf,48,0,contour,130.57,800,800,False,0.5,0.4488,45.16,239.54,174.75,370.11
📚Nunn J. Secrets of Minor Piece Endings.pdf,48,1,contour,130.57,800,800,False,0.5,0.5214,202.89,217.29,332.8,347.86
📚Nunn J. Secrets of Minor Piece Endings.pdf,59,0,embedded,132.48,536,552,True,1.0,0.2343,203.53,293.75,332.17,426.23
📚Nunn J. Secrets of Minor Piece Endings.pdf,71,0,contour,131.88,800,800,False,0.5,0.5988,45.49,62.83,175.07,194.71
📚Nunn J. Secrets of Minor Piece Endings.pdf,71,1,contour,132.21,800,800,False,0.5,0.5589,203.54,62.83,332.8,195.04
📚Nunn J. Secrets of Minor Piece Endings.pdf,94,0,contour,131.55,800,800,False,0.5,0.3961,47.12,62.83,176.71,194.38
📚Nunn J. Secrets of Minor Piece Endings.pdf,94,1,contour,132.21,800,800,False,0.5,0.6861,205.18,62.5,334.44,194.71
📚Nunn J. Secrets of Minor Piece Endings.pdf,106,0,contour,128.93,800,800,False,0.5,0.5701,46.47,64.79,173.77,193.73
📚Nunn J. Secrets of Minor Piece Endings.pdf,117,0,contour,131.22,800,800,False,0.5,0.5711,46.47,62.83,175.73,194.05
📚Nunn J. Secrets of Minor Piece Endings.pdf,117,1,contour,130.9,800,800,False,0.5,0.4784,204.2,63.16,333.46,194.05
📚Nunn J. Secrets of Minor Piece Endings.pdf,129,0,contour,130.9,800,800,False,0.5,0.5958,45.16,339.35,174.42,470.25
📚Nunn J. Secrets of Minor Piece Endings.pdf,129,1,contour,129.91,800,800,False,0.5,0.6114,203.22,251.32,332.48,381.24
📚Nunn J. Secrets of Minor Piece Endings.pdf,141,0,embedded,132.48,544,552,True,1.0,0.4827,203.53,284.16,334.09,416.64
📚Nunn J. Secrets of Minor Piece Endings.pdf,164,0,embedded,134.4,552,560,True,1.0,0.597,203.53,61.43,336.01,195.83
📚Nunn J. Secrets of Minor Piece Endings.pdf,187,0,contour,128.28,800,800,False,0.5,0.7311,45.16,285.35,173.44,413.63
📚Nunn J. Secrets of Minor Piece Endings.pdf,187,1,contour,130.57,800,800,False,0.5,0.6128,202.89,217.94,332.8,348.51
📚Nunn J. Secrets of Minor Piece Endings.pdf,199,0,contour,131.88,800,800,False,0.5,0.48,45.16,62.83,175.07,194.71
📚Nunn J. Secrets of Minor Piece Endings.pdf,211,0,contour,131.55,800,800,False,0.5,0.3782,45.49,63.16,175.4,194.71
📚Nunn J. Secrets of Minor Piece Endings.pdf,211,1,embedded,155.52,544,648,True,0.7488,0.1704,201.61,360.96,332.17,516.48
📚Nunn J. Secrets of Minor Piece Endings.pdf,222,0,embedded,134.4,544,560,True,1.0,0.4179,203.53,61.43,334.09,195.83
📚Nunn J. Secrets of Minor Piece Endings.pdf,234,0,contour,130.24,800,800,False,0.5,0.5006,46.14,206.82,176.06,337.06
📚Nunn J. Secrets of Minor Piece Endings.pdf,234,1,contour,131.22,800,800,False,0.5,0.3276,203.87,294.19,332.8,425.41
📚Nunn J. Secrets of Minor Piece Endings.pdf,245,0,contour,130.9,800,800,False,0.5,0.3889,45.49,173.77,175.07,304.66
📚Nunn J. Secrets of Minor Piece Endings.pdf,245,1,contour,131.22,800,800,False,0.5,0.2595,203.54,63.48,333.46,194.71
📚Nunn J. Secrets of Minor Piece Endings.pdf,257,0,embedded,132.48,544,552,True,0.8246,0.4759,47.04,62.64,177.6,195.12
📚Nunn J. Secrets of Minor Piece Endings.pdf,280,0,embedded,132.48,536,552,True,0.7993,0.5043,205.45,63.35,334.09,195.83
📚Nunn J. Secrets of Pawnless Endings.pdf,16,0,embedded,132.48,552,544,True,0.9632,0.8421,45.61,168.71,178.09,299.27
📚Nunn J. Secrets of Pawnless Endings.pdf,32,0,embedded,132.48,552,544,True,0.8243,0.8549,205.45,63.36,337.93,193.92
📚Nunn J. Secrets of Pawnless Endings.pdf,47,0,contour,130.88,800,800,False,0.5,0.8063,43.85,62.5,174.73,193.38
📚Nunn J. Secrets of Pawnless Endings.pdf,47,1,contour,130.88,800,800,False,0.5,0.8009,204.83,95.22,335.39,226.1
📚Nunn J. Secrets of Pawnless Endings.pdf,63,0,contour,131.21,800,800,False,0.5,0.7732,206.14,194.36,337.35,325.57
📚Nunn J. Secrets of Pawnless Endings.pdf,78,0,embedded,132.48,552,552,True,0.85,0.8943,43.69,61.2,176.17,193.68
📚Nunn J. Secrets of Pawnless Endings.pdf,78,1,contour,130.56,800,800,False,0.5,0.8869,44.5,249.33,175.06,379.89
📚Nunn J. Secrets of Pawnless Endings.pdf,78,2,contour,129.57,800,800,False,0.5,0.9267,205.81,261.11,335.06,390.69
📚Nunn J. Secrets of Pawnless Endings.pdf,94,0,contour,130.88,800,800,False,0.5,0.8366,205.16,62.82,336.04,193.71
📚Nunn J. Secrets of Pawnless Endings.pdf,94,1,embedded,132.48,544,552,True,0.8246,0.8991,205.45,249.59,336.01,382.07
📚Nunn J. Secrets of Pawnless Endings.pdf,140,0,embedded,132.48,552,552,True,1.0,0.752,44.17,182.39,176.65,314.87
📚Nunn J. Secrets of Pawnless Endings.pdf,171,0,embedded,142.08,552,592,True,0.8311,0.7415,44.17,370.55,176.65,512.63
📚Nunn J. Secrets of Pawnless Endings.pdf,187,0,contour,131.54,800,800,False,0.5,0.8272,44.83,62.5,176.04,194.04
📚Nunn J. Secrets of Pawnless Endings.pdf,187,1,embedded,132.48,552,544,True,0.8243,0.8452,204.97,360.72,337.45,491.28
📚Nunn J. Secrets of Pawnless Endings.pdf,202,0,embedded,130.56,544,544,True,0.85,0.8614,46.09,337.92,176.65,468.48
📚Nunn J. Secrets of Pawnless Endings.pdf,218,0,contour,131.21,800,800,False,0.5,0.8188,45.48,139.39,176.37,270.6
📚Nunn J. Secrets of Pawnless Endings.pdf,218,1,contour,129.25,800,800,False,0.5,0.8536,206.8,151.83,336.04,281.07
📚Nunn J. Secrets of Pawnless Endings.pdf,233,0,embedded,130.56,544,544,True,0.85,0.8503,205.45,63.36,336.01,193.92
📚Nunn J. Secrets of Pawnless Endings.pdf,249,0,contour,130.56,800,800,False,0.5,0.7907,45.48,172.44,176.04,303.0
📚Nunn J. Secrets of Pawnless Endings.pdf,249,1,contour,131.54,800,800,False,0.5,0.8088,206.14,62.5,334.74,194.04
📚Nunn J. Secrets of Pawnless Endings.pdf,264,0,embedded,142.08,552,592,False,0.5818,0.3331,205.45,128.63,337.93,270.71
📚Nunn J. Secrets of Pawnless Endings.pdf,295,0,contour,131.21,800,800,False,0.5,0.8419,44.5,237.88,175.38,369.09
📚Nunn J. Secrets of Pawnless Endings.pdf,295,1,contour,130.88,800,800,False,0.5,0.8359,205.49,348.48,336.37,479.36
📚Nunn J. Secrets of Pawnless Endings.pdf,311,0,embedded,132.48,552,552,False,0.7,0.7379,203.53,61.44,336.01,193.92
📚Nunn J. Secrets of Pawnless Endings.pdf,342,0,embedded,132.72,552,553,False,0.6968,0.5996,44.17,63.11,176.65,195.83
📚Nunn J. Secrets of Pawnless Endings.pdf,342,1,embedded,132.48,552,552,False,0.7,0.5926,205.45,347.52,337.93,480.0
📚Nunn J. Secrets of Pawnless Endings.pdf,357,0,embedded,132.48,544,552,True,0.8246,0.8263,205.45,61.44,336.01,193.92
📚Nunn J. Secrets of Pawnless Endings.pdf,373,0,embedded,144.0,552,600,False,0.56,0.4219,44.17,61.43,176.65,205.43
📚Silman J. The Complete Book of Chess Strategy.pdf,2,0,embedded,135.03,450,450,False,0.7,0.2629,184.49,346.48,319.52,481.52
📚Silman J. The Complete Book of Chess Strategy.pdf,48,0,contour,205.53,800,800,False,0.5,0.4235,149.56,460.15,353.13,665.67
📚Silman J. The Complete Book of Chess Strategy.pdf,79,0,contour,204.87,800,800,False,0.5,0.5891,150.55,193.42,354.11,398.29
📚Silman J. The Complete Book of Chess Strategy.pdf,94,0,contour,208.8,800,800,False,0.5,0.5229,149.56,249.71,355.75,458.51
📚Silman J. The Complete Book of Chess Strategy.pdf,110,0,contour,204.87,800,800,False,0.5,0.4796,151.85,458.18,355.09,663.05
📚Silman J. The Complete Book of Chess Strategy.pdf,125,0,contour,207.16,800,800,False,0.5,0.464,146.29,30.44,353.45,235.96
📚Silman J. The Complete Book of Chess Strategy.pdf,141,0,contour,203.89,800,800,False,0.5,0.4668,149.24,30.76,353.13,233.02
📚Silman J. The Complete Book of Chess Strategy.pdf,141,1,contour,205.85,800,800,False,0.5,0.4776,150.87,396.0,354.44,601.85
📚Silman J. The Complete Book of Chess Strategy.pdf,156,0,contour,207.49,800,800,False,0.5,0.5359,148.25,83.45,355.09,290.95
📚Silman J. The Complete Book of Chess Strategy.pdf,156,1,contour,208.8,800,800,False,0.5,0.5667,146.62,508.25,353.78,717.05
📚Silman J. The Complete Book of Chess Strategy.pdf,172,0,contour,207.82,800,800,False,0.5,0.4248,147.27,103.42,353.78,311.24
📚Silman J. The Complete Book of Chess Strategy.pdf,172,1,contour,204.87,800,800,False,0.5,0.5228,148.91,428.73,352.15,633.6
📚Silman J. The Complete Book of Chess Strategy.pdf,187,0,contour,209.78,800,800,False,0.5,0.623,146.95,257.24,356.73,465.71
📚Silman J. The Complete Book of Chess Strategy.pdf,218,0,contour,204.87,800,800,False,0.5,0.6485,151.53,393.38,355.42,598.25
📚Silman J. The Complete Book of Chess Strategy.pdf,234,0,contour,204.87,800,800,False,0.5,0.5443,152.51,315.16,355.75,520.04
📚Silman J. The Complete Book of Chess Strategy.pdf,249,0,contour,208.15,800,800,False,0.5,0.5614,148.91,315.49,356.07,523.64
📚Silman J. The Complete Book of Chess Strategy.pdf,265,0,contour,208.47,800,800,False,0.5,0.5304,147.6,232.36,354.44,440.84
📚Silman J. The Complete Book of Chess Strategy.pdf,280,0,contour,208.15,800,800,False,0.5,0.4885,147.93,193.75,355.42,401.89
📚Silman J. The Complete Book of Chess Strategy.pdf,296,0,contour,204.87,800,800,False,0.5,0.6131,153.16,285.05,356.73,489.93
📚Silman J. The Complete Book of Chess Strategy.pdf,311,0,contour,204.55,800,800,False,0.5,0.6625,155.13,329.24,359.02,533.78
📚Silman J. The Complete Book of Chess Strategy.pdf,327,0,contour,207.16,800,800,False,0.5,0.6485,150.87,34.04,358.04,238.25
📚Yusupov Artur. Build Up Your Chess (all volumes).pdf,3,0,embedded,435.4,965,1089,False,0.5007,0.2951,45.55,112.82,431.33,548.23
📚Yusupov Artur. Build Up Your Chess (all volumes).pdf,105,0,contour,138.76,800,800,False,0.5,0.6212,289.31,158.07,428.07,296.18
📚Yusupov Artur. Build Up Your Chess (all volumes).pdf,105,1,contour,138.76,800,800,False,0.5,0.6025,288.98,356.4,427.75,494.84
📚Yusupov Artur. Build Up Your Chess (all volumes).pdf,210,0,contour,137.13,800,800,False,0.5,0.6622,60.55,75.27,197.67,212.4
📚Yusupov Artur. Build Up Your Chess (all volumes).pdf,210,1,embedded,167.32,373,419,True,0.7255,0.8519,49.74,250.81,198.79,418.13
📚Yusupov Artur. Build Up Your Chess (all volumes).pdf,210,2,embedded,155.78,376,390,True,0.9103,0.765,49.74,443.13,199.75,598.91
📚Yusupov Artur. Build Up Your Chess (all volumes).pdf,210,3,contour,138.76,800,800,False,0.5,0.6022,261.16,74.62,399.6,213.38
📚Yusupov Artur. Build Up Your Chess (all volumes).pdf,210,4,embedded,156.74,373,392,True,0.8788,0.6395,250.71,249.85,399.76,406.59
📚Yusupov Artur. Build Up Your Chess (all volumes).pdf,210,5,embedded,169.24,371,424,True,0.8375,0.732,250.71,443.14,398.8,612.38
📚Yusupov Artur. Build Up Your Chess (all volumes).pdf,523,0,contour,140.36,800,800,False,0.5,0.7956,303.62,182.56,440.7,322.92
📚Yusupov Artur. Build Up Your Chess (all volumes).pdf,523,1,contour,139.7,800,800,False,0.5,0.7955,302.96,488.8,440.05,628.5
📚Yusupov Artur. Build Up Your Chess (all volumes).pdf,628,0,embedded,170.88,380,428,True,0.8696,0.3323,21.49,155.43,173.17,326.31
📚Yusupov Artur. Build Up Your Chess (all volumes).pdf,941,0,contour,138.44,800,800,False,0.5,0.3627,288.0,113.56,426.44,252.0
📚Yusupov Artur. Build Up Your Chess (all volumes).pdf,941,1,embedded,157.44,375,394,True,1.0,0.3469,278.17,408.0,427.93,565.44
📚Yusupov Artur. Build Up Your Chess (all volumes).pdf,1046,0,contour,139.09,800,800,False,0.5,0.505,42.22,85.42,180.98,224.51
📚Yusupov Artur. Build Up Your Chess (all volumes).pdf,1150,0,contour,142.0,800,800,False,0.5,0.6395,34.35,163.59,176.35,302.97
📚Yusupov Artur. Build Up Your Chess (all volumes).pdf,1150,1,contour,142.0,800,800,False,0.5,0.6717,34.68,387.71,176.68,526.44
📚Yusupov Artur. Build Up Your Chess (all volumes).pdf,1255,0,contour,141.02,800,800,False,0.5,0.7833,267.64,74.6,408.65,213.32
📚Yusupov Artur. Build Up Your Chess (all volumes).pdf,1255,1,contour,141.67,800,800,False,0.5,0.6802,267.31,260.44,408.98,400.15
📚Yusupov Artur. Build Up Your Chess (all volumes).pdf,1255,2,contour,141.67,800,800,False,0.5,0.7061,267.64,456.42,409.31,595.47
📚Yusupov Artur. Build Up Your Chess (all volumes).pdf,1359,0,contour,139.05,800,800,False,0.5,0.7189,38.93,74.27,177.99,211.36
📚Yusupov Artur. Build Up Your Chess (all volumes).pdf,1359,1,contour,137.74,800,800,False,0.5,0.702,39.92,267.96,177.66,405.05
📚Yusupov Artur. Build Up Your Chess (all volumes).pdf,1359,2,contour,141.67,800,800,False,0.5,0.6904,37.95,460.02,179.62,599.07
📚Yusupov Artur. Build Up Your Chess (all volumes).pdf,1359,3,contour,142.0,800,800,False,0.5,0.6495,243.1,73.62,385.1,212.67
📚Yusupov Artur. Build Up Your Chess (all volumes).pdf,1359,4,contour,142.65,800,800,False,0.5,0.7462,243.1,266.98,385.75,406.03
📚Yusupov Artur. Build Up Your Chess (all volumes).pdf,1359,5,contour,142.32,800,800,False,0.5,0.6971,243.75,460.02,386.08,598.75
📚Yusupov Artur. Build Up Your Chess (all volumes).pdf,1464,0,embedded,157.44,351,394,True,0.7272,0.7197,284.93,339.07,425.09,496.51
📚Yusupov Artur. Build Up Your Chess (all volumes).pdf,1568,0,contour,136.47,800,800,False,0.5,0.7391,49.75,73.31,185.89,209.78
📚Yusupov Artur. Build Up Your Chess (all volumes).pdf,1568,1,contour,138.44,800,800,False,0.5,0.7112,49.09,265.09,187.53,403.53
📚Yusupov Artur. Build Up Your Chess (all volumes).pdf,1568,2,contour,138.44,800,800,False,0.5,0.6819,49.42,457.53,187.85,595.64
📚Yusupov Artur. Build Up Your Chess (all volumes).pdf,1568,3,contour,138.44,800,800,False,0.5,0.7094,250.69,72.65,389.13,211.09
📚Yusupov Artur. Build Up Your Chess (all volumes).pdf,1568,4,contour,138.44,800,800,False,0.5,0.6796,250.69,265.42,389.13,403.53
📚Yusupov Artur. Build Up Your Chess (all volumes).pdf,1568,5,contour,138.44,800,800,False,0.5,0.7032,250.69,457.85,389.13,595.96
📚Yusupov Artur. Build Up Your Chess (all volumes).pdf,1673,0,embedded,159.36,360,399,True,0.7556,0.6704,41.17,155.43,185.17,314.79
📚Yusupov Artur. Build Up Your Chess (all volumes).pdf,1673,1,embedded,142.08,351,356,True,0.9649,0.6585,41.17,358.95,181.33,501.03
📚Yusupov Artur. Build Up Your Chess (all volumes).pdf,1777,0,contour,137.1,800,800,False,0.5,0.6003,39.27,308.56,176.04,445.67
📚Yusupov Artur. Build Up Your Chess (all volumes).pdf,1777,1,contour,136.78,800,800,False,0.5,0.591,38.94,487.22,175.39,624.0
📚Yusupov Artur. Build Up Your Chess (all volumes).pdf,1882,0,contour,139.07,800,800,False,0.5,0.8001,273.88,141.36,412.94,280.1
📚Yusupov Artur. Build Up Your Chess (all volumes).pdf,1882,1,embedded,157.44,351,394,True,0.8772,0.7063,272.17,471.04,412.33,628.48
📚Yusupov Artur. Build Up Your Chess (all volumes).pdf,2091,0,contour,139.06,800,800,False,0.5,0.6006,45.81,214.31,184.86,353.04
📚Yusupov Artur. Build Up Your Chess (all volumes).pdf,2091,1,contour,139.06,800,800,False,0.5,0.61,45.48,392.95,184.53,531.68
📚Yusupov Artur. Build Up Your Chess (all volumes).pdf,2300,0,embedded,155.52,292,324,True,0.7531,0.8804,60.84,130.07,201.0,285.59
📚Yusupov Artur. Build Up Your Chess (all volumes).pdf,2300,1,embedded,156.48,308,326,True,0.862,0.8618,52.21,452.64,200.05,609.12
📚Yusupov Artur. Build Up Your Chess (all volumes).pdf,2404,0,embedded,156.48,310,326,True,0.8773,0.8219,46.09,123.83,194.89,280.31
📚Yusupov Artur. Build Up Your Chess (all volumes).pdf,2404,1,embedded,154.56,310,322,True,0.9068,0.7766,45.13,423.36,193.93,577.92
📚Yusupov Artur. Build Up Your Chess (all volumes).pdf,2509,0,embedded,149.76,312,292,True,0.8288,0.8367,289.93,234.23,439.69,374.39
📚Yusupov Artur. Build Up Your Chess (all volumes).pdf,2509,1,embedded,156.48,308,326,True,0.862,0.7966,291.85,477.12,439.69,633.6
📚Болеславский_И_Избранные_партии.pdf,6,0,embedded,143.28,1162,1194,True,1.0,0.6496,25.9,312.0,165.34,455.28
📚Болеславский_И_Избранные_партии.pdf,7,0,embedded,143.28,1164,1194,True,0.9372,0.6869,178.3,209.3,317.98,352.58
📚Болеславский_И_Избранные_партии.pdf,8,0,embedded,143.04,1174,1192,True,1.0,0.7085,24.95,246.7,165.83,389.74
📚Болеславский_И_Избранные_партии.pdf,11,0,embedded,143.28,1174,1194,True,0.9581,0.6028,24.25,324.95,165.13,468.23
📚Болеславский_И_Избранные_партии.pdf,11,1,embedded,143.28,1176,1194,True,0.9623,0.6221,176.65,283.7,317.77,426.98
📚Болеславский_И_Избранные_партии.pdf,22,0,embedded,143.28,1170,1194,True,1.0,0.6385,24.5,300.7,164.9,443.98
📚Болеславский_И_Избранные_партии.pdf,32,0,embedded,142.08,1166,1184,True,0.962,0.6789,25.45,29.3,165.37,171.38
📚Болеславский_И_Избранные_партии.pdf,32,1,embedded,142.32,1170,1186,True,0.9663,0.7275,178.55,54.95,318.95,197.27
📚Болеславский_И_Избранные_партии.pdf,42,0,embedded,142.32,1174,1186,True,0.9747,0.6689,177.85,363.85,318.73,506.17
📚Болеславский_И_Избранные_партии.pdf,53,0,embedded,143.52,1166,1196,True,0.9373,0.6712,176.9,28.8,316.82,172.32
📚Болеславский_И_Избранные_партии.pdf,63,0,embedded,141.84,1164,1182,True,0.9619,0.671,24.95,29.05,164.63,170.89
📚Болеславский_И_Избранные_партии.pdf,63,1,embedded,142.08,1164,1184,True,0.9578,0.6646,178.3,197.3,317.98,339.38
📚Болеславский_И_Избранные_партии.pdf,73,0,embedded,142.8,1170,1190,True,0.958,0.6521,176.65,306.0,317.05,448.8
📚Болеславский_И_Избранные_партии.pdf,84,0,embedded,157.92,1172,1316,True,0.8764,0.7364,26.15,55.19,166.78,213.11
📚Болеславский_И_Избранные_партии.pdf,94,0,embedded,142.56,1172,1188,True,1.0,0.8183,25.9,26.4,166.53,168.96
📚Болеславский_И_Избранные_партии.pdf,104,0,embedded,143.28,1178,1194,True,0.9665,0.6343,176.65,300.0,318.01,443.28
📚Болеславский_И_Избранные_партии.pdf,115,0,embedded,142.8,1164,1190,True,1.0,0.6527,28.3,25.19,167.98,167.99
📚Болеславский_И_Избранные_партии.pdf,115,1,embedded,143.04,1172,1192,True,0.9581,0.5391,26.65,257.04,167.28,400.08
📚Болеславский_И_Избранные_партии.pdf,135,0,embedded,142.08,1178,1184,True,0.9873,0.5928,24.5,31.45,165.86,173.53
📚Болеславский_И_Избранные_партии.pdf,135,1,embedded,155.28,1180,1294,True,0.9298,0.7001,178.1,335.75,319.7,491.03
📚Болеславский_И_Избранные_партии.pdf,145,0,embedded,143.76,1162,1198,True,0.9249,0.6858,177.35,28.3,316.79,172.06
📚Болеславский_И_Избранные_партии.pdf,156,0,embedded,142.56,1166,1188,True,0.9537,0.6412,26.4,175.7,166.32,318.26
📚Болеславский_И_Избранные_партии.pdf,166,0,embedded,143.04,1170,1192,True,0.9539,0.6627,177.35,128.91,317.75,271.95
📚Болеславский_И_Избранные_партии.pdf,176,0,embedded,142.8,1172,1190,True,1.0,0.7098,175.9,30.0,316.53,172.8
📚Болеславский_И_Избранные_партии.pdf,187,0,embedded,143.04,1166,1192,True,1.0,0.6506,177.6,27.6,317.52,170.64
📚Болеславский_И_Избранные_партии.pdf,197,0,embedded,143.28,1160,1194,True,0.9288,0.5747,176.4,28.8,315.6,172.08
📚Болеславский_И_Избранные_партии.pdf,207,0,embedded,143.04,1166,1192,True,1.0,0.6688,23.75,28.55,163.67,171.59
📚Болеславский_И_Избранные_партии.pdf,207,1,embedded,143.52,1162,1196,True,1.0,0.6514,176.9,169.2,316.34,312.72
📚Болеславский_И_Избранные_партии.pdf,218,0,embedded,142.8,1164,1190,True,1.0,0.6155,176.15,29.3,315.83,172.1
📚Болеславский_И_Избранные_партии.pdf,228,0,embedded,142.08,1174,1184,True,0.9789,0.5789,25.2,223.45,166.08,365.53
📚Болеславский_И_Избранные_партии.pdf,249,0,embedded,157.92,1174,1316,True,0.6612,0.6989,25.7,265.2,166.58,423.12
